source_repo,source_commit,source_path,source_sha256,disposition,destination,reason
wedge1-aip,6bb69176e691199bc232da489374c042441471f0,.gitignore,1fed0419e7209148b991fce0e94d5a307f4163d4456b1f75077d64db701a2abb,CONSOLIDATED_REPOSITORY_SUPPORT,.gitignore,"replaced by lean repository-specific ignore rules"
wedge1-aip,6bb69176e691199bc232da489374c042441471f0,AGENTS.md,53631383f2bd8a97db0c17ccb7894fb8081f3925fdf9a31f87976b920f2a2985,CONSOLIDATED_CONSTITUTION,AGENTS.md,"durable principles distilled; platform and stale state bindings removed"
wedge1-aip,6bb69176e691199bc232da489374c042441471f0,BUILD_STATE.md,42f0d100d32d68ca6bc6efc1251686bf4b9f0c99912bbf2a56af042bce7e5388,EXCLUDED_INVENTORIED,,superseded or mixed authority consolidated into the new constitution/current-state owner
wedge1-aip,6bb69176e691199bc232da489374c042441471f0,DECISIONS_ARCHITECTURE.md,f9751a32fd4f16d7da6134b4ead02a8ca63e7b699b59457708e885bf6ba65d86,EXCLUDED_INVENTORIED,,"assessed legacy artifact with no surviving authority, evidence, or production role"
wedge1-aip,6bb69176e691199bc232da489374c042441471f0,DOMAIN_DECISIONS.md,e4370c5ac87d027c6da30842178d8560aaba524405473d5f89c38492b5b3b977,EXCLUDED_INVENTORIED,,"assessed legacy artifact with no surviving authority, evidence, or production role"
wedge1-aip,6bb69176e691199bc232da489374c042441471f0,FIRST_PRINCIPLES_DESIGN.md,8f0440dc81927e4270285dc630244fbeb61a3fba42bee47e3c5314d1d2527392,EXCLUDED_INVENTORIED,,"assessed legacy artifact with no surviving authority, evidence, or production role"
wedge1-aip,6bb69176e691199bc232da489374c042441471f0,MASTER_PLAN.md,79d21d29f839ba8251fe36cf62203e4f35bc462514e63f5b3ab0370d239d748b,EXCLUDED_INVENTORIED,,superseded or mixed authority consolidated into the new constitution/current-state owner
wedge1-aip,6bb69176e691199bc232da489374c042441471f0,OWNER_GUIDE.md,640db22ad4dd5cbe2e255293b795762b37cec91244240c67a4b9f6f02dcb6330,EXCLUDED_INVENTORIED,,"assessed legacy artifact with no surviving authority, evidence, or production role"
wedge1-aip,6bb69176e691199bc232da489374c042441471f0,REDESIGN_SEQUENCE.md,7e96bc8e7dd6b71bb08899503822a9bb60ac5cbda822f0b8c09baffcc2a62a25,EXCLUDED_INVENTORIED,,superseded or mixed authority consolidated into the new constitution/current-state owner
wedge1-aip,6bb69176e691199bc232da489374c042441471f0,RID_LEDGER.md,4c0b83ba2dcad5533469585a51d383a08d5c9cfebcf76870a6f7c34c05a9ce8c,EXCLUDED_INVENTORIED,,superseded or mixed authority consolidated into the new constitution/current-state owner
wedge1-aip,6bb69176e691199bc232da489374c042441471f0,SPECS/NAMING.md,2c01b21690ee0f48bbbcb8ad6635a322d1668ccc5167204c524e59cc4736d787,EXCLUDED_INVENTORIED,,development-stage or historical implementation record
wedge1-aip,6bb69176e691199bc232da489374c042441471f0,SPECS/ONTOLOGY.md,2999c07fe95b86bd2d5a2d522c29223a3f05a74b82be96a0a35c5c4e65ef1bd4,EXCLUDED_INVENTORIED,,development-stage or historical implementation record
wedge1-aip,6bb69176e691199bc232da489374c042441471f0,SPECS/TIER-E-engine.md,3feda39c4a2af6a27a2dc105d12890bb648588fd92974274ac4a6403f3411038,EXCLUDED_INVENTORIED,,development-stage or historical implementation record
wedge1-aip,6bb69176e691199bc232da489374c042441471f0,SPECS/TIER-G-geography.md,f3a42fb8c2fd7c30ed472f63727aa5c1ae403d46e745f5a019bd3f296ca59b6a,EXCLUDED_INVENTORIED,,development-stage or historical implementation record
wedge1-aip,6bb69176e691199bc232da489374c042441471f0,SPECS/TIER-L-legal-corpus.md,cfdf6741d892c882e5a72295e19102e1a6843af6037c93023c8df32cd5fc25d7,EXCLUDED_INVENTORIED,,development-stage or historical implementation record
wedge1-aip,6bb69176e691199bc232da489374c042441471f0,SPECS/TIER-P-product.md,36e224006a44e5e9280fb71a9037fece7a07336c934f829a0fc3e1f5501c37b5,EXCLUDED_INVENTORIED,,development-stage or historical implementation record
wedge1-aip,6bb69176e691199bc232da489374c042441471f0,data-tmp/DET_3_12_1_2026_FITO.pdf,aa98c288b761055f4da4be515ea2c77883bb590185f0fe10149f59e4800af057,EXCLUDED_INVENTORIED,,derived or regenerable bulk excluded from lean authority
wedge1-aip,6bb69176e691199bc232da489374c042441471f0,data-tmp/DET_3_12_1_2026_FITO.txt,2db986cea68c5fcd377ba3673885a708773170608c40aa3145861add451b3a09,EXCLUDED_INVENTORIED,,derived or regenerable bulk excluded from lean authority
wedge1-aip,6bb69176e691199bc232da489374c042441471f0,data-tmp/DET_51_24_3_2026.txt,01cd9ea1fe2280d710bd10c2b3ff58dd08ca3cadec7ff3091f5a095f3b746bc1,EXCLUDED_INVENTORIED,,derived or regenerable bulk excluded from lean authority
wedge1-aip,6bb69176e691199bc232da489374c042441471f0,data-tmp/b1/curated/holdings.csv,2efe29a6c3d9a5180f135e82102408bb6fe744a328d276ca7287afb8f45c4c59,EXCLUDED_INVENTORIED,,derived or regenerable bulk excluded from lean authority
wedge1-aip,6bb69176e691199bc232da489374c042441471f0,data-tmp/b1/curated/holdings.parquet,b0896abc0b28d0e734ee665339d799ff549ed71abd3250a599333d69948863f6,EXCLUDED_INVENTORIED,,derived or regenerable bulk excluded from lean authority
wedge1-aip,6bb69176e691199bc232da489374c042441471f0,data-tmp/b1/curated/instruments.csv,9dd2c2f285016e6b779fa0847fb1b46200b188a8a6b258093e616128e9bf3147,EXCLUDED_INVENTORIED,,derived or regenerable bulk excluded from lean authority
wedge1-aip,6bb69176e691199bc232da489374c042441471f0,data-tmp/b1/curated/instruments.parquet,2db6f6fe9768f7b3de2c5d7b163d6416051138ec5bc4c3986ee3b6b6b8f1b3f2,EXCLUDED_INVENTORIED,,derived or regenerable bulk excluded from lean authority
wedge1-aip,6bb69176e691199bc232da489374c042441471f0,data-tmp/b1/curated/interventions.parquet,27f6f017a54717abe352840c296afd036f820c1527e36e4cbdf658a5d8ff7564,EXCLUDED_INVENTORIED,,derived or regenerable bulk excluded from lean authority
wedge1-aip,6bb69176e691199bc232da489374c042441471f0,data-tmp/b1/curated/official_areas.csv,c7a8ce5aeaf904cbba2fa6f548158580304e25f962e9234fa046ae5caa760cde,EXCLUDED_INVENTORIED,,derived or regenerable bulk excluded from lean authority
wedge1-aip,6bb69176e691199bc232da489374c042441471f0,data-tmp/b1/curated/official_areas.parquet,da0857b9d6376b4b46608201c76f01ef0ae2935fc62ab4e9a52a94707fb76b86,EXCLUDED_INVENTORIED,,derived or regenerable bulk excluded from lean authority
wedge1-aip,6bb69176e691199bc232da489374c042441471f0,data-tmp/b1/curated/parcels.csv,4c02a508c0cb5f1f3788e95961af177f4513386853ce89d10f45c15bb5582c1f,EXCLUDED_INVENTORIED,,derived or regenerable bulk excluded from lean authority
wedge1-aip,6bb69176e691199bc232da489374c042441471f0,data-tmp/b1/curated/parcels.parquet,d7d32cbf6c6494cf755dfd1b538661933c28a87e5e0b320eac481144ffed8e6c,EXCLUDED_INVENTORIED,,derived or regenerable bulk excluded from lean authority
wedge1-aip,6bb69176e691199bc232da489374c042441471f0,data-tmp/b1/curated/parties.parquet,4cc19ea0e14b1ea696fa3392d90d1a2f4d8d503db7c87736833ccabd2a4344b0,EXCLUDED_INVENTORIED,,derived or regenerable bulk excluded from lean authority
wedge1-aip,6bb69176e691199bc232da489374c042441471f0,data-tmp/b1/curated/plants.csv,89699d8514947ffe71760185ff3fdbb30105f55a1db5e6b214c605868ea87dbd,EXCLUDED_INVENTORIED,,derived or regenerable bulk excluded from lean authority
wedge1-aip,6bb69176e691199bc232da489374c042441471f0,data-tmp/b1/curated/plants.parquet,820908e33a9f06ffe9e693d9196831b5a81e01d46abc42c82024f9aaccb85e86,EXCLUDED_INVENTORIED,,derived or regenerable bulk excluded from lean authority
wedge1-aip,6bb69176e691199bc232da489374c042441471f0,data-tmp/b1/evidence/curation_report.json,91ea3fa9eb7693b8d333a64fc6a2a82214ac1e2f09a2050f904a7407b5ca0b7b,EXCLUDED_INVENTORIED,,derived or regenerable bulk excluded from lean authority
wedge1-aip,6bb69176e691199bc232da489374c042441471f0,data-tmp/b1/evidence/extract_manifest.csv,ebea79cc69ee12e481a343262e08ec2aa2ea4de4d3a23c436ff3610a340f4797,EXCLUDED_INVENTORIED,,derived or regenerable bulk excluded from lean authority
wedge1-aip,6bb69176e691199bc232da489374c042441471f0,data-tmp/b1/evidence/extract_manifest.parquet,79babd5317e8e3348987aa16ecf56398f8ed3c0703a98cfd65a2df083fb063ee,EXCLUDED_INVENTORIED,,derived or regenerable bulk excluded from lean authority
wedge1-aip,6bb69176e691199bc232da489374c042441471f0,data-tmp/b1/evidence/post_extract_counts.json,3f99b5039a89e5649349856f7dc25a0c5383bab5a29f80f9d20a598cc24e0191,EXCLUDED_INVENTORIED,,derived or regenerable bulk excluded from lean authority
wedge1-aip,6bb69176e691199bc232da489374c042441471f0,data-tmp/b1/evidence/rid_ledger.csv,f493be9cfb92888db44d4256c088417dd22e285e65331a89e9405a01294266be,EXCLUDED_INVENTORIED,,derived or regenerable bulk excluded from lean authority
wedge1-aip,6bb69176e691199bc232da489374c042441471f0,data-tmp/b1/evidence/upload_partial.json,bc741769074d2eff17722bd21bc57685ccabd649ed8abb15b63d2017d8c09c4c,EXCLUDED_INVENTORIED,,derived or regenerable bulk excluded from lean authority
wedge1-aip,6bb69176e691199bc232da489374c042441471f0,data-tmp/b1/evidence/upload_remaining.json,4c79f2694d1212cf42b0b50e9189c6b5126345cec509af4db2e71c4ac4a5c983,EXCLUDED_INVENTORIED,,derived or regenerable bulk excluded from lean authority
wedge1-aip,6bb69176e691199bc232da489374c042441471f0,data-tmp/b1/quarantine/quarantine.csv,ed2e8ad52c95ad6f0aeed6296dbb9dfd1a3832ab90b4f216f0754976414e6ca8,EXCLUDED_INVENTORIED,,derived or regenerable bulk excluded from lean authority
wedge1-aip,6bb69176e691199bc232da489374c042441471f0,data-tmp/b1/quarantine/quarantine.parquet,44d2df44cc52f013dead3a9d11b5e1507a09de3e3d104ea40824d7451ec1d92a,EXCLUDED_INVENTORIED,,derived or regenerable bulk excluded from lean authority
wedge1-aip,6bb69176e691199bc232da489374c042441471f0,data-tmp/b1/raw/_small_all.json,d9ec3b5d514fe8d5ca272d66ef87b908ca95b1e0761923d72caf7f4aca69ec31,EXCLUDED_INVENTORIED,,derived or regenerable bulk excluded from lean authority
wedge1-aip,6bb69176e691199bc232da489374c042441471f0,data-tmp/b1/raw/acts/DDS_167_2025.done.json,88f5ae7a8637c572a7be37dffe87968917dffbeceab1fbc28790fb86338ee399,EXCLUDED_INVENTORIED,,derived or regenerable bulk excluded from lean authority
wedge1-aip,6bb69176e691199bc232da489374c042441471f0,data-tmp/b1/raw/acts/DDS_167_2025.manifest.json,e0ab063c43f4e0a65a2bac88f7d753142e6f8467284c305355900d49cc1b0f79,EXCLUDED_INVENTORIED,,derived or regenerable bulk excluded from lean authority
wedge1-aip,6bb69176e691199bc232da489374c042441471f0,data-tmp/b1/raw/acts/DDS_167_2025.pdf,af68e7dd91574e7231ce287170f47a80758b901b877404885b8d1c6e28557a7d,EXCLUDED_INVENTORIED,,derived or regenerable bulk excluded from lean authority
wedge1-aip,6bb69176e691199bc232da489374c042441471f0,data-tmp/b1/raw/acts/DDS_39_2026_leverano.pdf,32c4433e31fa61588c90382bbc092ebba57fa9d024f2b5aa7e8b85acd58782a0,EXCLUDED_INVENTORIED,,derived or regenerable bulk excluded from lean authority
wedge1-aip,6bb69176e691199bc232da489374c042441471f0,data-tmp/b1/raw/acts/DDS_39_2026_rutigliano.manifest.json,b80b9537c9869cbaf791f13708d1e4e37054faef9a0d59dee82d75a8dcd3e9a3,EXCLUDED_INVENTORIED,,derived or regenerable bulk excluded from lean authority
wedge1-aip,6bb69176e691199bc232da489374c042441471f0,data-tmp/b1/raw/acts/DDS_39_2026_rutigliano.pdf,699b9799468a0d1a5b4f964eee6ad8a2156fa222ccc6cdd87f71203855da2db8,EXCLUDED_INVENTORIED,,derived or regenerable bulk excluded from lean authority
wedge1-aip,6bb69176e691199bc232da489374c042441471f0,data-tmp/b1/raw/acts/DDS_79_2026.done.json,0d93fd54e5ff3c33dd825dd5902505e4b1e1e59f679771c23123feea28d09b89,EXCLUDED_INVENTORIED,,derived or regenerable bulk excluded from lean authority
wedge1-aip,6bb69176e691199bc232da489374c042441471f0,data-tmp/b1/raw/acts/DDS_79_2026.manifest.json,fbc72947d50cbb4b9bda60ca88401e72752a66cbec04bdaebe681acd75030bd4,EXCLUDED_INVENTORIED,,derived or regenerable bulk excluded from lean authority
wedge1-aip,6bb69176e691199bc232da489374c042441471f0,data-tmp/b1/raw/acts/DDS_79_2026.pdf,f1b02c2afbc2800495fbc4e80b045c6f062d52a2db15bedfa6420afbcc6262dc,EXCLUDED_INVENTORIED,,derived or regenerable bulk excluded from lean authority
wedge1-aip,6bb69176e691199bc232da489374c042441471f0,data-tmp/b1/raw/acts/DDS_92_2024.manifest.json,27e3f4a248683469988083b06cd14c6602c3c3d1e71c3f80389dc41d5d898d8c,EXCLUDED_INVENTORIED,,derived or regenerable bulk excluded from lean authority
wedge1-aip,6bb69176e691199bc232da489374c042441471f0,data-tmp/b1/raw/acts/DDS_92_2024.pdf,083e74fe2c57a73f710ff7f479dd2d960a6bb2df985e7340ca4d496a21c0a5fc,EXCLUDED_INVENTORIED,,derived or regenerable bulk excluded from lean authority
wedge1-aip,6bb69176e691199bc232da489374c042441471f0,data-tmp/b1/raw/acts/DDS_93_2024.done.json,1b391055cfd595855ffa299b19e964ea4d2336a7b4f6a2b9fb59358b11ca3def,EXCLUDED_INVENTORIED,,derived or regenerable bulk excluded from lean authority
wedge1-aip,6bb69176e691199bc232da489374c042441471f0,data-tmp/b1/raw/acts/DDS_93_2024.manifest.json,78693d60638d5a3921ef296e31dc073daccf09354ed4577402fb05603e3661a3,EXCLUDED_INVENTORIED,,derived or regenerable bulk excluded from lean authority
wedge1-aip,6bb69176e691199bc232da489374c042441471f0,data-tmp/b1/raw/acts/DDS_93_2024.pdf,896ef6a0969d1d6dce8592601e6f3e2ca1aa1745f14e8f4d0b2e94e89c986756,EXCLUDED_INVENTORIED,,derived or regenerable bulk excluded from lean authority
wedge1-aip,6bb69176e691199bc232da489374c042441471f0,data-tmp/b1/raw/acts/DET_2_2026.done.json,504e49cd9c47a8aa530fa8b376280c7b76cab9d92f6865dc1d3ef374b48f6411,EXCLUDED_INVENTORIED,,derived or regenerable bulk excluded from lean authority
wedge1-aip,6bb69176e691199bc232da489374c042441471f0,data-tmp/b1/raw/acts/DET_2_2026.manifest.json,fdcc3aded0608126620de108f389ea93fed88c11e8ccd3d0874a5b89789c150d,EXCLUDED_INVENTORIED,,derived or regenerable bulk excluded from lean authority
wedge1-aip,6bb69176e691199bc232da489374c042441471f0,data-tmp/b1/raw/acts/DET_2_2026.pdf,ad2fb7bd8931dee043c398bdac6e04ff1a6f918a5c8cd6901677af8401b35504,EXCLUDED_INVENTORIED,,derived or regenerable bulk excluded from lean authority
wedge1-aip,6bb69176e691199bc232da489374c042441471f0,data-tmp/b1/raw/acts/DET_3_2026.done.json,8392b01dbe5f85f7fa1c4baff1a1ec29ce634b78b4bc546a42323deafbf40200,EXCLUDED_INVENTORIED,,derived or regenerable bulk excluded from lean authority
wedge1-aip,6bb69176e691199bc232da489374c042441471f0,data-tmp/b1/raw/acts/DET_3_2026.manifest.json,86bdd23a1ec2dda224a4fc698af9678244ed0339f81678107cb05b43210fa201,EXCLUDED_INVENTORIED,,derived or regenerable bulk excluded from lean authority
wedge1-aip,6bb69176e691199bc232da489374c042441471f0,data-tmp/b1/raw/acts/DET_3_2026.pdf,aa98c288b761055f4da4be515ea2c77883bb590185f0fe10149f59e4800af057,EXCLUDED_INVENTORIED,,derived or regenerable bulk excluded from lean authority
wedge1-aip,6bb69176e691199bc232da489374c042441471f0,data-tmp/b1/raw/monitoring/fastidiosa_positivi.done.json,e0557893ab87ec51e268c5e5f6e348c0a7359d90b72e7a4015b6252da02fc794,EXCLUDED_INVENTORIED,,derived or regenerable bulk excluded from lean authority
wedge1-aip,6bb69176e691199bc232da489374c042441471f0,data-tmp/b1/raw/monitoring/fastidiosa_positivi.jsonl,55ee9000bd1ac733e256dc62bfbd3a1df84f37e02c69651562bde8340e03db59,EXCLUDED_INVENTORIED,,derived or regenerable bulk excluded from lean authority
wedge1-aip,6bb69176e691199bc232da489374c042441471f0,data-tmp/b1/raw/monitoring/fastidiosa_positivi.manifest.json,e83e5ff37c10cfee28d4a0b7ecca8d3530e23e91f70ca06a0e8803ec62c5b41b,EXCLUDED_INVENTORIED,,derived or regenerable bulk excluded from lean authority
wedge1-aip,6bb69176e691199bc232da489374c042441471f0,data-tmp/b1/raw/monitoring/multiplex_positivi.done.json,fa300af2fe4cf9e90ec23175fc2a334e248a6dc85d764d4bb4884af23cad3042,EXCLUDED_INVENTORIED,,derived or regenerable bulk excluded from lean authority
wedge1-aip,6bb69176e691199bc232da489374c042441471f0,data-tmp/b1/raw/monitoring/multiplex_positivi.jsonl,065f181ef263055425c76391547b66d3d16d5760f5482f320a99adee593c4d8c,EXCLUDED_INVENTORIED,,derived or regenerable bulk excluded from lean authority
wedge1-aip,6bb69176e691199bc232da489374c042441471f0,data-tmp/b1/raw/monitoring/multiplex_positivi.manifest.json,dec528b6a21723f4f4ad6fa97ac6826b9aa9a6a11d8d11a1707b4fd4ab0e1b21,EXCLUDED_INVENTORIED,,derived or regenerable bulk excluded from lean authority
wedge1-aip,6bb69176e691199bc232da489374c042441471f0,data-tmp/b1/raw/monitoring/pauca_positivi.done.json,6ff2cb5e4ead621c794177b3102837250c79fb71d37553c05d2ee5535b0ec704,EXCLUDED_INVENTORIED,,derived or regenerable bulk excluded from lean authority
wedge1-aip,6bb69176e691199bc232da489374c042441471f0,data-tmp/b1/raw/monitoring/pauca_positivi.jsonl,3ec41d812bbce76ab560c826de05ecd3516f592b9e5421683edd5d25eed9ade7,EXCLUDED_INVENTORIED,,derived or regenerable bulk excluded from lean authority
wedge1-aip,6bb69176e691199bc232da489374c042441471f0,data-tmp/b1/raw/monitoring/pauca_positivi.manifest.json,cbd8b53d5330fe5775ca8f96edf75b6a08594288a771dcf446218b0615825ddc,EXCLUDED_INVENTORIED,,derived or regenerable bulk excluded from lean authority
wedge1-aip,6bb69176e691199bc232da489374c042441471f0,data-tmp/b1/raw/monumental/bari_empty.done.json,7c3ac84fce1f517c023dc6f6af0198381e87c45567bd663160e1f863fd96f1b6,EXCLUDED_INVENTORIED,,derived or regenerable bulk excluded from lean authority
wedge1-aip,6bb69176e691199bc232da489374c042441471f0,data-tmp/b1/raw/monumental/bari_empty.jsonl,e3b0c44298fc1c149afbf4c8996fb92427ae41e4649b934ca495991b7852b855,EXCLUDED_INVENTORIED,,derived or regenerable bulk excluded from lean authority
wedge1-aip,6bb69176e691199bc232da489374c042441471f0,data-tmp/b1/raw/monumental/bari_empty.manifest.json,deda527def9af7ca04c7aa11725fec8b6d4e5bf2cd787f21a37e9ac885ee2489,EXCLUDED_INVENTORIED,,derived or regenerable bulk excluded from lean authority
wedge1-aip,6bb69176e691199bc232da489374c042441471f0,data-tmp/b1/raw/monumental/bitonto_empty.done.json,ebe13df6899762c418cc21ee5ff958925aeecfeb5eab01653c0b8a513f88ad4e,EXCLUDED_INVENTORIED,,derived or regenerable bulk excluded from lean authority
wedge1-aip,6bb69176e691199bc232da489374c042441471f0,data-tmp/b1/raw/monumental/bitonto_empty.jsonl,e3b0c44298fc1c149afbf4c8996fb92427ae41e4649b934ca495991b7852b855,EXCLUDED_INVENTORIED,,derived or regenerable bulk excluded from lean authority
wedge1-aip,6bb69176e691199bc232da489374c042441471f0,data-tmp/b1/raw/monumental/bitonto_empty.manifest.json,698046e6631f60f46db1b10f0731c65809574adf32ac5c7d07a3a47881c9f2e8,EXCLUDED_INVENTORIED,,derived or regenerable bulk excluded from lean authority
wedge1-aip,6bb69176e691199bc232da489374c042441471f0,data-tmp/b1/raw/monumental/capurso_empty.done.json,0cb0eb1b6a127b9170ae007e9923e4b1abd227c5cb549bb1fe8f9ef4caa614d7,EXCLUDED_INVENTORIED,,derived or regenerable bulk excluded from lean authority
wedge1-aip,6bb69176e691199bc232da489374c042441471f0,data-tmp/b1/raw/monumental/capurso_empty.jsonl,e3b0c44298fc1c149afbf4c8996fb92427ae41e4649b934ca495991b7852b855,EXCLUDED_INVENTORIED,,derived or regenerable bulk excluded from lean authority
wedge1-aip,6bb69176e691199bc232da489374c042441471f0,data-tmp/b1/raw/monumental/capurso_empty.manifest.json,87e02613b078acae741c3fe4d3a422341f9804a287dd45b8fcb8a220c44287cd,EXCLUDED_INVENTORIED,,derived or regenerable bulk excluded from lean authority
wedge1-aip,6bb69176e691199bc232da489374c042441471f0,data-tmp/b1/raw/monumental/crispiano.done.json,f1b1e9153c9fd99ffbb3f5c161339498415f0639b4e584dca5dec5c2eb5d4d70,EXCLUDED_INVENTORIED,,derived or regenerable bulk excluded from lean authority
wedge1-aip,6bb69176e691199bc232da489374c042441471f0,data-tmp/b1/raw/monumental/crispiano.jsonl,8ced21ee609b8682e06ce0ca1f049c1d91e1080c95130eb6e28ab6626a1e160e,EXCLUDED_INVENTORIED,,derived or regenerable bulk excluded from lean authority
wedge1-aip,6bb69176e691199bc232da489374c042441471f0,data-tmp/b1/raw/monumental/crispiano.manifest.json,7764e62c90348ffe55c9df04ca3ab7e07467c1713a3d383413b2a8bedb781525,EXCLUDED_INVENTORIED,,derived or regenerable bulk excluded from lean authority
wedge1-aip,6bb69176e691199bc232da489374c042441471f0,data-tmp/b1/raw/monumental/modugno_empty.done.json,098de04ae1366bfa823f044a88e54f1543399c7c9428d0f372ba8da397711afc,EXCLUDED_INVENTORIED,,derived or regenerable bulk excluded from lean authority
wedge1-aip,6bb69176e691199bc232da489374c042441471f0,data-tmp/b1/raw/monumental/modugno_empty.jsonl,e3b0c44298fc1c149afbf4c8996fb92427ae41e4649b934ca495991b7852b855,EXCLUDED_INVENTORIED,,derived or regenerable bulk excluded from lean authority
wedge1-aip,6bb69176e691199bc232da489374c042441471f0,data-tmp/b1/raw/monumental/modugno_empty.manifest.json,3df980305c0de2991cc55cfa4a1c5cf79a7b7df45201eab5e28cf35c79d2bf5e,EXCLUDED_INVENTORIED,,derived or regenerable bulk excluded from lean authority
wedge1-aip,6bb69176e691199bc232da489374c042441471f0,data-tmp/b1/raw/monumental/noicattaro_empty.done.json,b1eda6bcdc8f551af4f36e375e5f3f593a27a03f74694b5b6b215472cf21a6a9,EXCLUDED_INVENTORIED,,derived or regenerable bulk excluded from lean authority
wedge1-aip,6bb69176e691199bc232da489374c042441471f0,data-tmp/b1/raw/monumental/noicattaro_empty.jsonl,e3b0c44298fc1c149afbf4c8996fb92427ae41e4649b934ca495991b7852b855,EXCLUDED_INVENTORIED,,derived or regenerable bulk excluded from lean authority
wedge1-aip,6bb69176e691199bc232da489374c042441471f0,data-tmp/b1/raw/monumental/noicattaro_empty.manifest.json,06eacd7cebb66d32515cfdfd75f51119fe1bc50d20728182647d825a402f7071,EXCLUDED_INVENTORIED,,derived or regenerable bulk excluded from lean authority
wedge1-aip,6bb69176e691199bc232da489374c042441471f0,data-tmp/b1/raw/monumental/triggiano_empty.done.json,3d3dc8505be1a72445d48966f0e39063bfa729eff59da2a0cb6e517073c6c3c0,EXCLUDED_INVENTORIED,,derived or regenerable bulk excluded from lean authority
wedge1-aip,6bb69176e691199bc232da489374c042441471f0,data-tmp/b1/raw/monumental/triggiano_empty.jsonl,e3b0c44298fc1c149afbf4c8996fb92427ae41e4649b934ca495991b7852b855,EXCLUDED_INVENTORIED,,derived or regenerable bulk excluded from lean authority
wedge1-aip,6bb69176e691199bc232da489374c042441471f0,data-tmp/b1/raw/monumental/triggiano_empty.manifest.json,793db41c9cfdce5eef63ad7258d1b026dccd14799e12174f0baf79e8433c557d,EXCLUDED_INVENTORIED,,derived or regenerable bulk excluded from lean authority
wedge1-aip,6bb69176e691199bc232da489374c042441471f0,data-tmp/b1/raw/monumental/valenzano_empty.done.json,eb574f94fc7874fc5bb7650869759489d9b6c651d0600f2b34d7e0619ef69ad4,EXCLUDED_INVENTORIED,,derived or regenerable bulk excluded from lean authority
wedge1-aip,6bb69176e691199bc232da489374c042441471f0,data-tmp/b1/raw/monumental/valenzano_empty.jsonl,e3b0c44298fc1c149afbf4c8996fb92427ae41e4649b934ca495991b7852b855,EXCLUDED_INVENTORIED,,derived or regenerable bulk excluded from lean authority
wedge1-aip,6bb69176e691199bc232da489374c042441471f0,data-tmp/b1/raw/monumental/valenzano_empty.manifest.json,1d1453b212b137a040f4df6f0ee8be27a676411646de48542a5f447cb6c1bb50,EXCLUDED_INVENTORIED,,derived or regenerable bulk excluded from lean authority
wedge1-aip,6bb69176e691199bc232da489374c042441471f0,data-tmp/b1/raw/official_areas_raw.csv,10611afc508a4edc1d72379738e71a956138e3af269777eee3c72daf9e374868,EXCLUDED_INVENTORIED,,derived or regenerable bulk excluded from lean authority
wedge1-aip,6bb69176e691199bc232da489374c042441471f0,data-tmp/b1/raw/official_areas_raw.parquet,3bbbc4ccee996c3857b11dc7dea82836479b46894739a15f7eabdae79cd30646,EXCLUDED_INVENTORIED,,derived or regenerable bulk excluded from lean authority
wedge1-aip,6bb69176e691199bc232da489374c042441471f0,data-tmp/b1/raw/parcels/_summary.json,d163106fcbf9bd7d87ef40d21498470ecc74bd8bb511b56bb58aff3e82efba93,EXCLUDED_INVENTORIED,,derived or regenerable bulk excluded from lean authority
wedge1-aip,6bb69176e691199bc232da489374c042441471f0,data-tmp/b1/raw/parcels/bari.done.json,537d5c6fdb97e93a6db4e224eadfd2aa9c7a291396377e1f5aedf81a9896a340,EXCLUDED_INVENTORIED,,derived or regenerable bulk excluded from lean authority
wedge1-aip,6bb69176e691199bc232da489374c042441471f0,data-tmp/b1/raw/parcels/bari.ids.json,c53a1c551156041d39929c390a35b196ef82aa5ab9ddb4fcc78a6bed3ca57f0a,EXCLUDED_INVENTORIED,,derived or regenerable bulk excluded from lean authority
wedge1-aip,6bb69176e691199bc232da489374c042441471f0,data-tmp/b1/raw/parcels/bari.jsonl,460e02564283c635d141fc47f6fe74740ede479d1c57ba154cb6829caec33e8f,EXCLUDED_INVENTORIED,,derived or regenerable bulk excluded from lean authority
wedge1-aip,6bb69176e691199bc232da489374c042441471f0,data-tmp/b1/raw/parcels/bari.manifest.json,cccd1443c1dc827d9a6e4b393234b5a35e43a6dc9887eb8e8d36de4cb23c2196,EXCLUDED_INVENTORIED,,derived or regenerable bulk excluded from lean authority
wedge1-aip,6bb69176e691199bc232da489374c042441471f0,data-tmp/b1/raw/parcels/bitonto.done.json,a7f131c521c4930086eef22b3f39b53b9e6d53474eb993a1718e1e0469da11fd,EXCLUDED_INVENTORIED,,derived or regenerable bulk excluded from lean authority
wedge1-aip,6bb69176e691199bc232da489374c042441471f0,data-tmp/b1/raw/parcels/bitonto.ids.json,6d19dc6ee4e00cf18f7811077732a48e6c9eae5eb7154230764e836bef1e53d4,EXCLUDED_INVENTORIED,,derived or regenerable bulk excluded from lean authority
wedge1-aip,6bb69176e691199bc232da489374c042441471f0,data-tmp/b1/raw/parcels/bitonto.jsonl,cea6e854057f272e84823b20f21061eef9518b78ecb487e7fb14f53c2105c89e,EXCLUDED_INVENTORIED,,derived or regenerable bulk excluded from lean authority
wedge1-aip,6bb69176e691199bc232da489374c042441471f0,data-tmp/b1/raw/parcels/bitonto.manifest.json,aebb3f80d423a693ce649b4ca89cfc592c3b81dbc796cc8140bd9560d4352b72,EXCLUDED_INVENTORIED,,derived or regenerable bulk excluded from lean authority
wedge1-aip,6bb69176e691199bc232da489374c042441471f0,data-tmp/b1/raw/parcels/capurso.done.json,8e85d82e2a26914c983b06be34051b71b2a8aea7f6eb0c566409f8d425c85fb2,EXCLUDED_INVENTORIED,,derived or regenerable bulk excluded from lean authority
wedge1-aip,6bb69176e691199bc232da489374c042441471f0,data-tmp/b1/raw/parcels/capurso.ids.json,d04cbf894c5d5515b19a846a222bfa2099872adb5259041b553f0a35c7f618a3,EXCLUDED_INVENTORIED,,derived or regenerable bulk excluded from lean authority
wedge1-aip,6bb69176e691199bc232da489374c042441471f0,data-tmp/b1/raw/parcels/capurso.jsonl,56e20dfce21957dc41c91b8e09d792a8066dea206d9b396903e4aa8eddd01cbc,EXCLUDED_INVENTORIED,,derived or regenerable bulk excluded from lean authority
wedge1-aip,6bb69176e691199bc232da489374c042441471f0,data-tmp/b1/raw/parcels/capurso.manifest.json,2173665296e2ff355b770c8b303af25ffb51e7ae942596486132c51507eeb6c3,EXCLUDED_INVENTORIED,,derived or regenerable bulk excluded from lean authority
wedge1-aip,6bb69176e691199bc232da489374c042441471f0,data-tmp/b1/raw/parcels/crispiano.done.json,cb8d059c8edce2495cc867dcb3f20c3b6440a2c3cfe814ab5d348eec0c374748,EXCLUDED_INVENTORIED,,derived or regenerable bulk excluded from lean authority
wedge1-aip,6bb69176e691199bc232da489374c042441471f0,data-tmp/b1/raw/parcels/crispiano.ids.json,ceeafb5a1ffaa6af849efde298cac537faa9b33de1e76998815991c7d21c9e7d,EXCLUDED_INVENTORIED,,derived or regenerable bulk excluded from lean authority
wedge1-aip,6bb69176e691199bc232da489374c042441471f0,data-tmp/b1/raw/parcels/crispiano.jsonl,369319580eccef1ce734c2b4b0867315fff222dcd28ece15db7aec6c9c09e6f7,EXCLUDED_INVENTORIED,,derived or regenerable bulk excluded from lean authority
wedge1-aip,6bb69176e691199bc232da489374c042441471f0,data-tmp/b1/raw/parcels/crispiano.manifest.json,d5742357e7b5bde6f68bb5490fee7dafd92ad47f13a2a48ff12bde350344fd69,EXCLUDED_INVENTORIED,,derived or regenerable bulk excluded from lean authority
wedge1-aip,6bb69176e691199bc232da489374c042441471f0,data-tmp/b1/raw/parcels/modugno.done.json,f77e9d7311134269f57ce46e3a84573f99688f3d84fad4b1d8248e572f24e071,EXCLUDED_INVENTORIED,,derived or regenerable bulk excluded from lean authority
wedge1-aip,6bb69176e691199bc232da489374c042441471f0,data-tmp/b1/raw/parcels/modugno.ids.json,875dfc2332e79adee17058c70f4052dc55d4a94d38324d89fc7e45dc82623de3,EXCLUDED_INVENTORIED,,derived or regenerable bulk excluded from lean authority
wedge1-aip,6bb69176e691199bc232da489374c042441471f0,data-tmp/b1/raw/parcels/modugno.jsonl,abb11e3a35caee382a5ad04c1357dbb1907d8e3585c3435936b2d656a8ed11e0,EXCLUDED_INVENTORIED,,derived or regenerable bulk excluded from lean authority
wedge1-aip,6bb69176e691199bc232da489374c042441471f0,data-tmp/b1/raw/parcels/modugno.manifest.json,481b496656bf0301422bea73ca6dd1fb56f5bdae27119a5962ef9614f391cb90,EXCLUDED_INVENTORIED,,derived or regenerable bulk excluded from lean authority
wedge1-aip,6bb69176e691199bc232da489374c042441471f0,data-tmp/b1/raw/parcels/noicattaro.done.json,b60a390fadae1627c43b8108ed00ffec31c11b60f8f36140dece52c8ee689252,EXCLUDED_INVENTORIED,,derived or regenerable bulk excluded from lean authority
wedge1-aip,6bb69176e691199bc232da489374c042441471f0,data-tmp/b1/raw/parcels/noicattaro.ids.json,346b34a3a8f6e62478533fcead38fa606485725177753c98a46e741d6e889e67,EXCLUDED_INVENTORIED,,derived or regenerable bulk excluded from lean authority
wedge1-aip,6bb69176e691199bc232da489374c042441471f0,data-tmp/b1/raw/parcels/noicattaro.jsonl,daacf6d94bc4d22cd7fbdde2dc0365f47fe08c244d79d28cf0aefdcc2f51afa0,EXCLUDED_INVENTORIED,,derived or regenerable bulk excluded from lean authority
wedge1-aip,6bb69176e691199bc232da489374c042441471f0,data-tmp/b1/raw/parcels/noicattaro.manifest.json,0189216da010391df9f0dc606648239cb125916a3957d8fd5a62297adb85b5f4,EXCLUDED_INVENTORIED,,derived or regenerable bulk excluded from lean authority
wedge1-aip,6bb69176e691199bc232da489374c042441471f0,data-tmp/b1/raw/parcels/triggiano.done.json,666bca5160107aa1185f4aad5769bf68ab9e49a99aba4490fbd66d0d2847156c,EXCLUDED_INVENTORIED,,derived or regenerable bulk excluded from lean authority
wedge1-aip,6bb69176e691199bc232da489374c042441471f0,data-tmp/b1/raw/parcels/triggiano.ids.json,095058d5a0035f2d59b4d755b77d256cf3679dfe9d44f9bffd1e2a99e1293194,EXCLUDED_INVENTORIED,,derived or regenerable bulk excluded from lean authority
wedge1-aip,6bb69176e691199bc232da489374c042441471f0,data-tmp/b1/raw/parcels/triggiano.jsonl,e9c35fd4fdedde815ee1c73ed53aa06c03942ff7b8d8a630b4c884955b3efc29,EXCLUDED_INVENTORIED,,derived or regenerable bulk excluded from lean authority
wedge1-aip,6bb69176e691199bc232da489374c042441471f0,data-tmp/b1/raw/parcels/triggiano.manifest.json,81dea0baf8c3e6d8d9663228ee9858242bbff18ef770bf7224ab7e9bee77724e,EXCLUDED_INVENTORIED,,derived or regenerable bulk excluded from lean authority
wedge1-aip,6bb69176e691199bc232da489374c042441471f0,data-tmp/b1/raw/parcels/valenzano.done.json,e5558ed91916c3ee4e152d27a3f8e393a111a36a15d83e2fb57f493cfacec8ed,EXCLUDED_INVENTORIED,,derived or regenerable bulk excluded from lean authority
wedge1-aip,6bb69176e691199bc232da489374c042441471f0,data-tmp/b1/raw/parcels/valenzano.ids.json,31e7d63933382bf7874947069b6eabe502a285c2dd178a18c8285c87cff33dd6,EXCLUDED_INVENTORIED,,derived or regenerable bulk excluded from lean authority
wedge1-aip,6bb69176e691199bc232da489374c042441471f0,data-tmp/b1/raw/parcels/valenzano.jsonl,10c662223051aa586294ff7a953502ef151947fca20086a8f504bac4c654695c,EXCLUDED_INVENTORIED,,derived or regenerable bulk excluded from lean authority
wedge1-aip,6bb69176e691199bc232da489374c042441471f0,data-tmp/b1/raw/parcels/valenzano.manifest.json,7206c6adbec74e6411b05a08b7bde502685396b6dcbff03b0a445ded0309c754,EXCLUDED_INVENTORIED,,derived or regenerable bulk excluded from lean authority
wedge1-aip,6bb69176e691199bc232da489374c042441471f0,data-tmp/b1/raw/parcels_raw.csv,668e982ca6c2dcbbd65d8d6aaac5a5024886bcdf67acb3bd882811f8fb6e1d6b,EXCLUDED_INVENTORIED,,derived or regenerable bulk excluded from lean authority
wedge1-aip,6bb69176e691199bc232da489374c042441471f0,data-tmp/b1/raw/parcels_raw.parquet,3a4318a760791417d39957bb5d7586b1026414731bf05010310b3ed8dc982696,EXCLUDED_INVENTORIED,,derived or regenerable bulk excluded from lean authority
wedge1-aip,6bb69176e691199bc232da489374c042441471f0,data-tmp/b1/raw/plants_raw.csv,df484b56a2cbaaf475229ca508cf902f83e072dfc144bb1f28043738fef10f8e,EXCLUDED_INVENTORIED,,derived or regenerable bulk excluded from lean authority
wedge1-aip,6bb69176e691199bc232da489374c042441471f0,data-tmp/b1/raw/plants_raw.parquet,f3f3670d686f9beceede3ad82b79bd1351a8bc85b2c5cf37444b320f63cd54a8,EXCLUDED_INVENTORIED,,derived or regenerable bulk excluded from lean authority
wedge1-aip,6bb69176e691199bc232da489374c042441471f0,data-tmp/b1/raw/zones/fastidiosa_zc.done.json,e64d5821031a79ef3efcf4733970fd35a35a2fb6babc3ea3c956bcb6e22b460e,EXCLUDED_INVENTORIED,,derived or regenerable bulk excluded from lean authority
wedge1-aip,6bb69176e691199bc232da489374c042441471f0,data-tmp/b1/raw/zones/fastidiosa_zc.jsonl,61a1a9881b70d2c18cf22909eb1ac52346e65e6a586187a3f8ea012458da8ea2,EXCLUDED_INVENTORIED,,derived or regenerable bulk excluded from lean authority
wedge1-aip,6bb69176e691199bc232da489374c042441471f0,data-tmp/b1/raw/zones/fastidiosa_zc.manifest.json,c4128302ba315cc9d2087f6ede5893ae7a0dc6d32907b3486c3681e9840997d9,EXCLUDED_INVENTORIED,,derived or regenerable bulk excluded from lean authority
wedge1-aip,6bb69176e691199bc232da489374c042441471f0,data-tmp/b1/raw/zones/fastidiosa_zi.done.json,3aab2cfb6e24ece8f660ce498ff967a334693e92b24319bb4ac80a18cd947b90,EXCLUDED_INVENTORIED,,derived or regenerable bulk excluded from lean authority
wedge1-aip,6bb69176e691199bc232da489374c042441471f0,data-tmp/b1/raw/zones/fastidiosa_zi.jsonl,08edfc4e8474c7710093529a66a76d5c409da15269a31bd53a27223700e9e82f,EXCLUDED_INVENTORIED,,derived or regenerable bulk excluded from lean authority
wedge1-aip,6bb69176e691199bc232da489374c042441471f0,data-tmp/b1/raw/zones/fastidiosa_zi.manifest.json,b4ff2b6ada2652c3d103752c17ff8ea5b3d745bbdfcdb730716a5fd521ad522d,EXCLUDED_INVENTORIED,,derived or regenerable bulk excluded from lean authority
wedge1-aip,6bb69176e691199bc232da489374c042441471f0,data-tmp/b1/raw/zones/multiplex_zc.done.json,b30922a70939d1014bd2d187944c9e12d004d3930338afeceb5e457fcdfcc32d,EXCLUDED_INVENTORIED,,derived or regenerable bulk excluded from lean authority
wedge1-aip,6bb69176e691199bc232da489374c042441471f0,data-tmp/b1/raw/zones/multiplex_zc.jsonl,1b2e2dbc516e7bdb880f2c07d2add5ef7d9c701a8167245b2ca372e1b84c523d,EXCLUDED_INVENTORIED,,derived or regenerable bulk excluded from lean authority
wedge1-aip,6bb69176e691199bc232da489374c042441471f0,data-tmp/b1/raw/zones/multiplex_zc.manifest.json,b1669cad6472ab541fc71341b16221bc042f9338f627e8e6f5fd801fc2646098,EXCLUDED_INVENTORIED,,derived or regenerable bulk excluded from lean authority
wedge1-aip,6bb69176e691199bc232da489374c042441471f0,data-tmp/b1/raw/zones/multiplex_zc_basilicata.done.json,0c322ae9913021ef70c9c1ff5fc210115b25613f37f378fceaafb4d2db865943,EXCLUDED_INVENTORIED,,derived or regenerable bulk excluded from lean authority
wedge1-aip,6bb69176e691199bc232da489374c042441471f0,data-tmp/b1/raw/zones/multiplex_zc_basilicata.jsonl,9db036ee22ef78265a63aafd833e26e51fe815db5091a61e6f1446ab3f703733,EXCLUDED_INVENTORIED,,derived or regenerable bulk excluded from lean authority
wedge1-aip,6bb69176e691199bc232da489374c042441471f0,data-tmp/b1/raw/zones/multiplex_zc_basilicata.manifest.json,59dd9acd7e3aba73379ae39e5606f10465c7844fe79a03dec642a0f02d9793dd,EXCLUDED_INVENTORIED,,derived or regenerable bulk excluded from lean authority
wedge1-aip,6bb69176e691199bc232da489374c042441471f0,data-tmp/b1/raw/zones/multiplex_zi.done.json,979cf8375dc24050e24d056ed6d92521def511f1449e778ad507dfe89a35340c,EXCLUDED_INVENTORIED,,derived or regenerable bulk excluded from lean authority
wedge1-aip,6bb69176e691199bc232da489374c042441471f0,data-tmp/b1/raw/zones/multiplex_zi.jsonl,fac68f1d6c64508861c760539c20b75d1d8a51c6fbc3f24b808b38687a106c55,EXCLUDED_INVENTORIED,,derived or regenerable bulk excluded from lean authority
wedge1-aip,6bb69176e691199bc232da489374c042441471f0,data-tmp/b1/raw/zones/multiplex_zi.manifest.json,febd2fa472f6cb6713e4805663a5e5a1bb40c7a019192562535da9172ec31734,EXCLUDED_INVENTORIED,,derived or regenerable bulk excluded from lean authority
wedge1-aip,6bb69176e691199bc232da489374c042441471f0,data-tmp/b1/raw/zones/pauca_L0.done.json,b0466acf6a317eaf40dc2b10abe87e9a482b52a199787ae0af2c864d5408b42b,EXCLUDED_INVENTORIED,,derived or regenerable bulk excluded from lean authority
wedge1-aip,6bb69176e691199bc232da489374c042441471f0,data-tmp/b1/raw/zones/pauca_L0.jsonl,2164a2e2098550ecebb0ec424b2e4a24ef1d732c1ecf2a6a7f1821d2d0ae45e2,EXCLUDED_INVENTORIED,,derived or regenerable bulk excluded from lean authority
wedge1-aip,6bb69176e691199bc232da489374c042441471f0,data-tmp/b1/raw/zones/pauca_L0.manifest.json,9f6b38666bda9702fff40cd1eee980b1b7a33ffdd03addf5a0d157c09831f6fc,EXCLUDED_INVENTORIED,,derived or regenerable bulk excluded from lean authority
wedge1-aip,6bb69176e691199bc232da489374c042441471f0,data-tmp/b1/raw/zones/pauca_L1.done.json,cb8f090f957e416787c7fab85319ea3add84cb33df53b4e712c3add89b3773ca,EXCLUDED_INVENTORIED,,derived or regenerable bulk excluded from lean authority
wedge1-aip,6bb69176e691199bc232da489374c042441471f0,data-tmp/b1/raw/zones/pauca_L1.jsonl,01dc5b08d7034d68c1517b6eba8ff31a7aaa1a02aaf7168702c9f00962bacc59,EXCLUDED_INVENTORIED,,derived or regenerable bulk excluded from lean authority
wedge1-aip,6bb69176e691199bc232da489374c042441471f0,data-tmp/b1/raw/zones/pauca_L1.manifest.json,965f655caab7d18b424b01ace70e3a33d615d209c3ffd207369aacd6c5001b87,EXCLUDED_INVENTORIED,,derived or regenerable bulk excluded from lean authority
wedge1-aip,6bb69176e691199bc232da489374c042441471f0,data-tmp/b1/raw/zones/pauca_L10.done.json,44c9e176ec3ecbc49ce1a4ce407c2ec029cb21766d6c659f20e58c07d4a405bb,EXCLUDED_INVENTORIED,,derived or regenerable bulk excluded from lean authority
wedge1-aip,6bb69176e691199bc232da489374c042441471f0,data-tmp/b1/raw/zones/pauca_L10.jsonl,6a0d5a3c0049137b7efd726416ff8afe87367c16db08d47e92615d5a70c81c42,EXCLUDED_INVENTORIED,,derived or regenerable bulk excluded from lean authority
wedge1-aip,6bb69176e691199bc232da489374c042441471f0,data-tmp/b1/raw/zones/pauca_L10.manifest.json,d8487e5d7faefe9f64d188aea0430f09caa19c844a99eba8a91c8116800f5f51,EXCLUDED_INVENTORIED,,derived or regenerable bulk excluded from lean authority
wedge1-aip,6bb69176e691199bc232da489374c042441471f0,data-tmp/b1/raw/zones/pauca_L11.done.json,9a0669cf75226f9d40ac45126f119b3a5f256625668b188d3dd4ec474734eb72,EXCLUDED_INVENTORIED,,derived or regenerable bulk excluded from lean authority
wedge1-aip,6bb69176e691199bc232da489374c042441471f0,data-tmp/b1/raw/zones/pauca_L11.jsonl,cb39b0336b08bf59a0a2fbeb55e9dcc47497878bfe470360fdbdc9c4f2c49fde,EXCLUDED_INVENTORIED,,derived or regenerable bulk excluded from lean authority
wedge1-aip,6bb69176e691199bc232da489374c042441471f0,data-tmp/b1/raw/zones/pauca_L11.manifest.json,2fecf8ecc50b9e93f28cea8132bcbc4d66b93dda6dc90291cc31438c9d74bcbf,EXCLUDED_INVENTORIED,,derived or regenerable bulk excluded from lean authority
wedge1-aip,6bb69176e691199bc232da489374c042441471f0,data-tmp/b1/raw/zones/pauca_L12.done.json,b498e70879f52a45c91c68c5683c555e007ab43fce7fadee22ed4b3e72eef6fe,EXCLUDED_INVENTORIED,,derived or regenerable bulk excluded from lean authority
wedge1-aip,6bb69176e691199bc232da489374c042441471f0,data-tmp/b1/raw/zones/pauca_L12.jsonl,9e17c6fbfd56478d1e6e158c5615cd3f9653565748ee98ba6812aac6fd78469d,EXCLUDED_INVENTORIED,,derived or regenerable bulk excluded from lean authority
wedge1-aip,6bb69176e691199bc232da489374c042441471f0,data-tmp/b1/raw/zones/pauca_L12.manifest.json,032336a598b021ecb163c93c72c6df647cc8beacfb452fd9cd1f0e7f514cc71d,EXCLUDED_INVENTORIED,,derived or regenerable bulk excluded from lean authority
wedge1-aip,6bb69176e691199bc232da489374c042441471f0,data-tmp/b1/raw/zones/pauca_L13.done.json,8088bc7c77b9e08a5ec2e282f3348db19b67f4730c9153af17b0f277e8c90f18,EXCLUDED_INVENTORIED,,derived or regenerable bulk excluded from lean authority
wedge1-aip,6bb69176e691199bc232da489374c042441471f0,data-tmp/b1/raw/zones/pauca_L13.jsonl,12a53e528d34336a9e6d71ffb88831385b19c31b95b6e176c0f59699c34b0e1d,EXCLUDED_INVENTORIED,,derived or regenerable bulk excluded from lean authority
wedge1-aip,6bb69176e691199bc232da489374c042441471f0,data-tmp/b1/raw/zones/pauca_L13.manifest.json,1b820bb761d929886f68dfd9834ada3d7ea9359613f77bf0e4841fe4dbfe1619,EXCLUDED_INVENTORIED,,derived or regenerable bulk excluded from lean authority
wedge1-aip,6bb69176e691199bc232da489374c042441471f0,data-tmp/b1/raw/zones/pauca_L14.done.json,9f30b77aab3368f7616ff2a42671aaefa2e75b41e99b2312757a1dee983dfa13,EXCLUDED_INVENTORIED,,derived or regenerable bulk excluded from lean authority
wedge1-aip,6bb69176e691199bc232da489374c042441471f0,data-tmp/b1/raw/zones/pauca_L14.jsonl,e96047b3380e6c1014bc24d2d54959fe9e27158ab0be2940ffd8734f0977dd66,EXCLUDED_INVENTORIED,,derived or regenerable bulk excluded from lean authority
wedge1-aip,6bb69176e691199bc232da489374c042441471f0,data-tmp/b1/raw/zones/pauca_L14.manifest.json,7318dc1ce5a7ee0fce88f2aa618f53bba901d4092a36dc57272ff8671deff0a4,EXCLUDED_INVENTORIED,,derived or regenerable bulk excluded from lean authority
wedge1-aip,6bb69176e691199bc232da489374c042441471f0,data-tmp/b1/raw/zones/pauca_L15.done.json,27498a4e237362c58d35a5e4d5b5fa2cb78d77c8c4f70ca5eb1f49c54ba16de0,EXCLUDED_INVENTORIED,,derived or regenerable bulk excluded from lean authority
wedge1-aip,6bb69176e691199bc232da489374c042441471f0,data-tmp/b1/raw/zones/pauca_L15.jsonl,f4292e407b1bb79e2751c3cb567fbe7b9b4d6e6bfdecdec9b2e988983dfd0b37,EXCLUDED_INVENTORIED,,derived or regenerable bulk excluded from lean authority
wedge1-aip,6bb69176e691199bc232da489374c042441471f0,data-tmp/b1/raw/zones/pauca_L15.manifest.json,dcde29ec183761ab25716145a0becf793c160a3647b8e676fd3cf165d37acff3,EXCLUDED_INVENTORIED,,derived or regenerable bulk excluded from lean authority
wedge1-aip,6bb69176e691199bc232da489374c042441471f0,data-tmp/b1/raw/zones/pauca_L2.done.json,21542f168bb450ed17972c4bb6df40ccef4bdcf0575bd33767d493d7fb166ae0,EXCLUDED_INVENTORIED,,derived or regenerable bulk excluded from lean authority
wedge1-aip,6bb69176e691199bc232da489374c042441471f0,data-tmp/b1/raw/zones/pauca_L2.jsonl,60559859d35130cdda7e3f70cf707c548423d804032f25f62751b60df7ecbd3c,EXCLUDED_INVENTORIED,,derived or regenerable bulk excluded from lean authority
wedge1-aip,6bb69176e691199bc232da489374c042441471f0,data-tmp/b1/raw/zones/pauca_L2.manifest.json,76f50186fc2b152ba6da217e37ab7b3ca4670a1303b2d57780a6136fc8fba036,EXCLUDED_INVENTORIED,,derived or regenerable bulk excluded from lean authority
wedge1-aip,6bb69176e691199bc232da489374c042441471f0,data-tmp/b1/raw/zones/pauca_L3.done.json,df0886d3f9d6b787e76fbe4e8436ae1f17ecd0632f17802253b2811c244f67f9,EXCLUDED_INVENTORIED,,derived or regenerable bulk excluded from lean authority
wedge1-aip,6bb69176e691199bc232da489374c042441471f0,data-tmp/b1/raw/zones/pauca_L3.jsonl,e89c5fcdabc36e47f1bd79c66fa24a0d80e9089c3565d94f0b062b0cf655d56a,EXCLUDED_INVENTORIED,,derived or regenerable bulk excluded from lean authority
wedge1-aip,6bb69176e691199bc232da489374c042441471f0,data-tmp/b1/raw/zones/pauca_L3.manifest.json,4e296c52ecd0758fd9bd3f31baaa7bb3f06b18d3f5b80f9c13c103ccbb83b18b,EXCLUDED_INVENTORIED,,derived or regenerable bulk excluded from lean authority
wedge1-aip,6bb69176e691199bc232da489374c042441471f0,data-tmp/b1/raw/zones/pauca_L4.done.json,819af25f3ebaafb7d9555f61dbb343eff7c99fb4278a0b7a60130237c7f52d9e,EXCLUDED_INVENTORIED,,derived or regenerable bulk excluded from lean authority
wedge1-aip,6bb69176e691199bc232da489374c042441471f0,data-tmp/b1/raw/zones/pauca_L4.jsonl,862a17c6c8375facc7c9b95b70c5b47c0b66cd4994110d3a3ae44f261cfa91ca,EXCLUDED_INVENTORIED,,derived or regenerable bulk excluded from lean authority
wedge1-aip,6bb69176e691199bc232da489374c042441471f0,data-tmp/b1/raw/zones/pauca_L4.manifest.json,0b10c4371c15a4b91b3f17b43774a92234c77a289d6fdc8fc20d8ed083b02cb2,EXCLUDED_INVENTORIED,,derived or regenerable bulk excluded from lean authority
wedge1-aip,6bb69176e691199bc232da489374c042441471f0,data-tmp/b1/raw/zones/pauca_L5.done.json,f3b3a6b91cc3cab87ac365db9d939a1567af55b90bdc9d1331f0380611165440,EXCLUDED_INVENTORIED,,derived or regenerable bulk excluded from lean authority
wedge1-aip,6bb69176e691199bc232da489374c042441471f0,data-tmp/b1/raw/zones/pauca_L5.jsonl,0d3ccd20ffd1158f7851efb5f46d31374ef3f3bf18754fef98cca4bd517eae21,EXCLUDED_INVENTORIED,,derived or regenerable bulk excluded from lean authority
wedge1-aip,6bb69176e691199bc232da489374c042441471f0,data-tmp/b1/raw/zones/pauca_L5.manifest.json,f6c32f6f3aa2e4a255c70c7d82af8af824065c0bc0ffb656f501ad01f154391d,EXCLUDED_INVENTORIED,,derived or regenerable bulk excluded from lean authority
wedge1-aip,6bb69176e691199bc232da489374c042441471f0,data-tmp/b1/raw/zones/pauca_L6.done.json,c81fd68e356417f8858f55d8c857fd1fba7e2536fcfa62aeef5352f0a774e071,EXCLUDED_INVENTORIED,,derived or regenerable bulk excluded from lean authority
wedge1-aip,6bb69176e691199bc232da489374c042441471f0,data-tmp/b1/raw/zones/pauca_L6.jsonl,1c36d7205f840a981982700994761051d18fe12cc79ab63970da813e4b893f22,EXCLUDED_INVENTORIED,,derived or regenerable bulk excluded from lean authority
wedge1-aip,6bb69176e691199bc232da489374c042441471f0,data-tmp/b1/raw/zones/pauca_L6.manifest.json,2a6f72c4829f1e650ce1795613bcc677e21f4eccae9a14bed9065e7724e2dc7c,EXCLUDED_INVENTORIED,,derived or regenerable bulk excluded from lean authority
wedge1-aip,6bb69176e691199bc232da489374c042441471f0,data-tmp/b1/raw/zones/pauca_L7.done.json,45962d88bcaa21cb9098a19bb5c31857b191341d3f51a93d1eda2ee89369411a,EXCLUDED_INVENTORIED,,derived or regenerable bulk excluded from lean authority
wedge1-aip,6bb69176e691199bc232da489374c042441471f0,data-tmp/b1/raw/zones/pauca_L7.jsonl,ced3ccb1c939f70aec54c80e0b4968cfbca323df97d432ce210f589da7659125,EXCLUDED_INVENTORIED,,derived or regenerable bulk excluded from lean authority
wedge1-aip,6bb69176e691199bc232da489374c042441471f0,data-tmp/b1/raw/zones/pauca_L7.manifest.json,8ccc56c3d2041475d3b84aa0298115abc46a5686ea53ba4b8e5e6b583adace47,EXCLUDED_INVENTORIED,,derived or regenerable bulk excluded from lean authority
wedge1-aip,6bb69176e691199bc232da489374c042441471f0,data-tmp/b1/raw/zones/pauca_L8.done.json,394ad0ee833f81b0bd533acd5c93d8f99b228f80698e4aa1d75a54ad925fa99c,EXCLUDED_INVENTORIED,,derived or regenerable bulk excluded from lean authority
wedge1-aip,6bb69176e691199bc232da489374c042441471f0,data-tmp/b1/raw/zones/pauca_L8.jsonl,3f76f96c9ef541ef96c7d99c3758b76f7b31f2d1ad648409d22fd66375add42b,EXCLUDED_INVENTORIED,,derived or regenerable bulk excluded from lean authority
wedge1-aip,6bb69176e691199bc232da489374c042441471f0,data-tmp/b1/raw/zones/pauca_L8.manifest.json,ce4af53f869a40dac0c2f80df90325b4896331728c9234060fa40522029cfcf0,EXCLUDED_INVENTORIED,,derived or regenerable bulk excluded from lean authority
wedge1-aip,6bb69176e691199bc232da489374c042441471f0,data-tmp/b1/raw/zones/pauca_L9.done.json,87e4c0f737ba3af4833f360d819df3fd4916b253d9f085a85ebeab0f500ef173,EXCLUDED_INVENTORIED,,derived or regenerable bulk excluded from lean authority
wedge1-aip,6bb69176e691199bc232da489374c042441471f0,data-tmp/b1/raw/zones/pauca_L9.jsonl,4f5fb2b9be1881a3bd0bc6481996e2e6a75de95db3cbc756cde5b7c3241869e2,EXCLUDED_INVENTORIED,,derived or regenerable bulk excluded from lean authority
wedge1-aip,6bb69176e691199bc232da489374c042441471f0,data-tmp/b1/raw/zones/pauca_L9.manifest.json,126843a7c5e46295602fc7083419f93766713f896b086c9fa2152011dc1a2cdc,EXCLUDED_INVENTORIED,,derived or regenerable bulk excluded from lean authority
wedge1-aip,6bb69176e691199bc232da489374c042441471f0,data-tmp/b11_dataset_rids.json,f6b10a09d35ed0d321f0188ba3bc95a263495d126b1be0ae4f20282440f36a00,EXCLUDED_INVENTORIED,,derived or regenerable bulk excluded from lean authority
wedge1-aip,6bb69176e691199bc232da489374c042441471f0,data-tmp/ckan_xf.json,7c7924db7ef05f68a72fcd7f8d8fab341cbc00c22d31d60139c857c41f506a1b,EXCLUDED_INVENTORIED,,derived or regenerable bulk excluded from lean authority
wedge1-aip,6bb69176e691199bc232da489374c042441471f0,data-tmp/documenti-current.json,8b90bb0e5c440c4c456adfa17e4f37f74891e17009fc9d4eed9bcff09a759c3c,EXCLUDED_INVENTORIED,,derived or regenerable bulk excluded from lean authority
wedge1-aip,6bb69176e691199bc232da489374c042441471f0,data-tmp/documenti-latest.json,fecf4e4560f3af9ff5d0209c9de1f12fb6874da57ca751f73726e152efcb7313,EXCLUDED_INVENTORIED,,derived or regenerable bulk excluded from lean authority
wedge1-aip,6bb69176e691199bc232da489374c042441471f0,data-tmp/eligibility_assessments.csv,c57d20bf7dadaec9c1520e2c425fdfe3974b788c97dd6253b834657475538572,EXCLUDED_INVENTORIED,,derived or regenerable bulk excluded from lean authority
wedge1-aip,6bb69176e691199bc232da489374c042441471f0,data-tmp/eligibility_assessments.manifest.json,e92b1ccc6cc4fe0cd1727ba74d73f123b3ffebb26d4cf7561359a1891766e500,EXCLUDED_INVENTORIED,,derived or regenerable bulk excluded from lean authority
wedge1-aip,6bb69176e691199bc232da489374c042441471f0,data-tmp/felling_orders.csv,7571dfe5989d164c31a032c455e622449b159855707a02d6fa2c4578f5037755,EXCLUDED_INVENTORIED,,derived or regenerable bulk excluded from lean authority
wedge1-aip,6bb69176e691199bc232da489374c042441471f0,data-tmp/felling_orders_pending_review.csv,4a4d34bb0bef219efb55d0a52dfe34c96342f0cd048424466a3ad5fbeccf50a1,EXCLUDED_INVENTORIED,,derived or regenerable bulk excluded from lean authority
wedge1-aip,6bb69176e691199bc232da489374c042441471f0,data-tmp/ferro-b3-kernel-result.json,2eab9de7a255d531afcf010a75792e6c9fd9198bdf45ad4e63ab8ab6eb02e53c,EXCLUDED_INVENTORIED,,derived or regenerable bulk excluded from lean authority
wedge1-aip,6bb69176e691199bc232da489374c042441471f0,data-tmp/ferro-media-set-result.json,bccde2dba23091146123918de1712db911cf7f0431791e21c3d6c5186bd3b407,EXCLUDED_INVENTORIED,,derived or regenerable bulk excluded from lean authority
wedge1-aip,6bb69176e691199bc232da489374c042441471f0,data-tmp/ferro-private-backing-result.json,71ee67fa75810730496e5bd9c8ca9230323d81b93447130872072411ed95601c,EXCLUDED_INVENTORIED,,derived or regenerable bulk excluded from lean authority
wedge1-aip,6bb69176e691199bc232da489374c042441471f0,data-tmp/ferro-task46.jsonl,720da095f6f09a2418a24352239aedeb9520625db47551090be4daa401e54c47,EXCLUDED_INVENTORIED,,derived or regenerable bulk excluded from lean authority
wedge1-aip,6bb69176e691199bc232da489374c042441471f0,data-tmp/ferro_b11_direct_sedona_close.md,61f38409f732fd06169220b9fcc21cc1a1ea8a3a3bdcd2a4a6d2c65fcec6b37e,EXCLUDED_INVENTORIED,,derived or regenerable bulk excluded from lean authority
wedge1-aip,6bb69176e691199bc232da489374c042441471f0,data-tmp/ferro_b11_exact_final_fix.md,296232dabf2cb7c120d98a19ba35a77a92fcd4d90995810dfb3c4b27a13953c4,EXCLUDED_INVENTORIED,,derived or regenerable bulk excluded from lean authority
wedge1-aip,6bb69176e691199bc232da489374c042441471f0,data-tmp/ferro_b11_final_closure_prompt.md,836c930ff7c4ded405b7d0b66205d4a5c1bb766df66be2968627e3f76932e099,EXCLUDED_INVENTORIED,,derived or regenerable bulk excluded from lean authority
wedge1-aip,6bb69176e691199bc232da489374c042441471f0,data-tmp/ferro_b11_finish_now.md,d49ce916ba90558435311916138bfd4006d44d3b1e27afdfea975d1e37ac1781,EXCLUDED_INVENTORIED,,derived or regenerable bulk excluded from lean authority
wedge1-aip,6bb69176e691199bc232da489374c042441471f0,data-tmp/ferro_b11_fresh_finish.md,254a6d93ffb9c6957cf380857d2a58a14f9cf570a55b8b50923ce4c2fe072b3f,EXCLUDED_INVENTORIED,,derived or regenerable bulk excluded from lean authority
wedge1-aip,6bb69176e691199bc232da489374c042441471f0,data-tmp/ferro_b11_live_steer.md,0233ae30d5e53159c7d4d41b29f84560290a9ddec33754eb5a50d6cef5dd41d6,EXCLUDED_INVENTORIED,,derived or regenerable bulk excluded from lean authority
wedge1-aip,6bb69176e691199bc232da489374c042441471f0,data-tmp/ferro_b11_mixed_file_steer.md,266c3e458223ffe5696f9d67d184a78f23f2968a5c23e7ae9338d30f597dce18,EXCLUDED_INVENTORIED,,derived or regenerable bulk excluded from lean authority
wedge1-aip,6bb69176e691199bc232da489374c042441471f0,data-tmp/ferro_b11_native_geospatial_fix.md,a15f07e4633a26fca0ca2aaf62625c06b17cda77627f01cf5fb42803e7dd6bb3,EXCLUDED_INVENTORIED,,derived or regenerable bulk excluded from lean authority
wedge1-aip,6bb69176e691199bc232da489374c042441471f0,data-tmp/ferro_b1_existing_media_correction.md,2b4833915ba7630294675a2d39d15838f8bece13bbc608b8c9f7d02520371bb9,EXCLUDED_INVENTORIED,,derived or regenerable bulk excluded from lean authority
wedge1-aip,6bb69176e691199bc232da489374c042441471f0,data-tmp/ferro_b3_alignment_remediation.md,29bde3ce804e15428c87e6b14a58498a9ec9ba239d57033fb86715c7acff90e5,EXCLUDED_INVENTORIED,,derived or regenerable bulk excluded from lean authority
wedge1-aip,6bb69176e691199bc232da489374c042441471f0,data-tmp/ferro_b3_finish_push_ci.md,16469efef7150c8277f9ce76618705cc58a2a88532ad15900655f365028238c3,EXCLUDED_INVENTORIED,,derived or regenerable bulk excluded from lean authority
wedge1-aip,6bb69176e691199bc232da489374c042441471f0,data-tmp/ferro_b3_kernel_recovery_prompt.md,c88f6d935b2e2315a8a2a288bfcbe12eca7d2aae020e151b2cb63f8421a5573a,EXCLUDED_INVENTORIED,,derived or regenerable bulk excluded from lean authority
wedge1-aip,6bb69176e691199bc232da489374c042441471f0,data-tmp/ferro_media_parallel_prompt.md,91d6f5fe7e21a215de21bcab3de66d74046da2b47ccd902f26ef6936cf1d0ea0,EXCLUDED_INVENTORIED,,derived or regenerable bulk excluded from lean authority
wedge1-aip,6bb69176e691199bc232da489374c042441471f0,data-tmp/ferro_private_parallel_prompt.md,c7f50bcfff710f83a177ca681d4f2cdd31cfb6104fc42cd9944f743079c5cd0d,EXCLUDED_INVENTORIED,,derived or regenerable bulk excluded from lean authority
wedge1-aip,6bb69176e691199bc232da489374c042441471f0,data-tmp/holding_parcels.csv,047b0abccb7bd0b9061a5bb4b0135005da80c4f8d0393ce4e168cf51416d7a3c,EXCLUDED_INVENTORIED,,derived or regenerable bulk excluded from lean authority
wedge1-aip,6bb69176e691199bc232da489374c042441471f0,data-tmp/holding_parcels_b2.csv,047b0abccb7bd0b9061a5bb4b0135005da80c4f8d0393ce4e168cf51416d7a3c,EXCLUDED_INVENTORIED,,derived or regenerable bulk excluded from lean authority
wedge1-aip,6bb69176e691199bc232da489374c042441471f0,data-tmp/identity-baseline/compute_pins.py,0e35bb71d67ec03f2f3351d867b7c9f0c7185ab1f113b1b6d0f1799844ba33cd,EXCLUDED_INVENTORIED,,derived or regenerable bulk excluded from lean authority
wedge1-aip,6bb69176e691199bc232da489374c042441471f0,data-tmp/identity-baseline/monumental.csv,6c4ba1738028d2886b051c3ba968b5374b14a335845d10ee04c087775938e509,EXCLUDED_INVENTORIED,,derived or regenerable bulk excluded from lean authority
wedge1-aip,6bb69176e691199bc232da489374c042441471f0,data-tmp/identity-baseline/monumental.readTable.csv,6c4ba1738028d2886b051c3ba968b5374b14a335845d10ee04c087775938e509,EXCLUDED_INVENTORIED,,derived or regenerable bulk excluded from lean authority
wedge1-aip,6bb69176e691199bc232da489374c042441471f0,data-tmp/identity-baseline/parcels.csv,6d51c283437e3628b73b08a82395a718007543e589adcff70f1a6107475c3b9d,EXCLUDED_INVENTORIED,,derived or regenerable bulk excluded from lean authority
wedge1-aip,6bb69176e691199bc232da489374c042441471f0,data-tmp/identity-baseline/parcels.readTable.csv,3adc1797376d164a3a02e81152a9abe82e2dbc955b986c50f35695e7fd37cad4,EXCLUDED_INVENTORIED,,derived or regenerable bulk excluded from lean authority
wedge1-aip,6bb69176e691199bc232da489374c042441471f0,data-tmp/identity-baseline/probe_gql_version.py,273dc173ae205206f8b4ad57fe53bb755fdc32d4438f783ad7cf506cf0e48c2a,EXCLUDED_INVENTORIED,,derived or regenerable bulk excluded from lean authority
wedge1-aip,6bb69176e691199bc232da489374c042441471f0,data-tmp/identity-baseline/probe_gql_version2.py,c664d8ef14006749aa537f29b9412fb28245855eb212686e585250cbdc49800c,EXCLUDED_INVENTORIED,,derived or regenerable bulk excluded from lean authority
wedge1-aip,6bb69176e691199bc232da489374c042441471f0,data-tmp/identity-baseline/probe_gql_version3.py,8a3a765c5e01d3facdfcc6f4ebbc6a52e9c1bd4fff36bc28ee160d07869b0557,EXCLUDED_INVENTORIED,,derived or regenerable bulk excluded from lean authority
wedge1-aip,6bb69176e691199bc232da489374c042441471f0,data-tmp/identity-baseline/probe_versions.py,9f032cf8d0352918af7c57d2535173f39533f7efda87d350a90c5169c86e36b3,EXCLUDED_INVENTORIED,,derived or regenerable bulk excluded from lean authority
wedge1-aip,6bb69176e691199bc232da489374c042441471f0,data-tmp/identity-baseline/trash_corpses.py,7c73890f23fad4abb47ce1d50a4ddfd6c1c5c3347dbdb88a94f32af30dd4862a,EXCLUDED_INVENTORIED,,derived or regenerable bulk excluded from lean authority
wedge1-aip,6bb69176e691199bc232da489374c042441471f0,data-tmp/identity-baseline/verify_master.py,d1a1be42d9460079ad6591017b8f098003d1775158b04da109ef55a0e3a4df93,EXCLUDED_INVENTORIED,,derived or regenerable bulk excluded from lean authority
wedge1-aip,6bb69176e691199bc232da489374c042441471f0,data-tmp/identity-baseline/zones.csv,718769bd91fafa34341d8df2fe4f6f43afe284ca9115ff08fc312c6566b43a67,EXCLUDED_INVENTORIED,,derived or regenerable bulk excluded from lean authority
wedge1-aip,6bb69176e691199bc232da489374c042441471f0,data-tmp/identity-baseline/zones.readTable.csv,39179796e2676756b94f779b822609fa06838565c4001cd68b14c17e2615a954,EXCLUDED_INVENTORIED,,derived or regenerable bulk excluded from lean authority
wedge1-aip,6bb69176e691199bc232da489374c042441471f0,data-tmp/inspect_spark_parts.py,d52ee83b78bf5e1d57d227b5f4e92c5679e3705967bb614b0ff72b13c1a17ade,EXCLUDED_INVENTORIED,,derived or regenerable bulk excluded from lean authority
wedge1-aip,6bb69176e691199bc232da489374c042441471f0,data-tmp/instrument_interventions.csv,47a4f85de805bdb7144316fc1eb3ac41e330501d1827a1accce511bb35a52d24,EXCLUDED_INVENTORIED,,derived or regenerable bulk excluded from lean authority
wedge1-aip,6bb69176e691199bc232da489374c042441471f0,data-tmp/intervention_occurrences_b2.csv,82a3153050523fb17b307a56218aed0d00ee170c78047e8ad29e70891214d268,EXCLUDED_INVENTORIED,,derived or regenerable bulk excluded from lean authority
wedge1-aip,6bb69176e691199bc232da489374c042441471f0,data-tmp/intervention_parcels.csv,bb14e80f92d58761e154e692884503f9403eab56fcc393aa9eb1319350b940b4,EXCLUDED_INVENTORIED,,derived or regenerable bulk excluded from lean authority
wedge1-aip,6bb69176e691199bc232da489374c042441471f0,data-tmp/intervention_parcels_b2.csv,b147bb59d2f9cbee4cc0c6b00106a728a6a00d9465fadeb84af5ea612c35a4e5,EXCLUDED_INVENTORIED,,derived or regenerable bulk excluded from lean authority
wedge1-aip,6bb69176e691199bc232da489374c042441471f0,data-tmp/interventions.csv,b3a86b0bff29c785e6d369c2861668c1bcd6c2710391cadda83ab7d2cbd5faa3,EXCLUDED_INVENTORIED,,derived or regenerable bulk excluded from lean authority
wedge1-aip,6bb69176e691199bc232da489374c042441471f0,data-tmp/interventions_b2.csv,b2f79be4b8f16a460a6ebcf75afaf8722bb7d98bc31694a7773cb12cff61a8ec,EXCLUDED_INVENTORIED,,derived or regenerable bulk excluded from lean authority
wedge1-aip,6bb69176e691199bc232da489374c042441471f0,data-tmp/list_dataset_paths.py,a7f57fe62f1d3de6b870b95a18d873a62c568a66782b3aeb795fea97836f60fc,EXCLUDED_INVENTORIED,,derived or regenerable bulk excluded from lean authority
wedge1-aip,6bb69176e691199bc232da489374c042441471f0,data-tmp/media/instrument_bytes_files.json,d20c6eb7798f3b5c47bedd7161ea3d10fa67e304bcad0fc782843b32f2da8168,EXCLUDED_INVENTORIED,,derived or regenerable bulk excluded from lean authority
wedge1-aip,6bb69176e691199bc232da489374c042441471f0,data-tmp/media/upload_ledger.jsonl,faa6d42b948d71064b00c7c5efba76f11fe332099b9c99da929fb32fcdcc40eb,EXCLUDED_INVENTORIED,,derived or regenerable bulk excluded from lean authority
wedge1-aip,6bb69176e691199bc232da489374c042441471f0,data-tmp/media/upload_media_items.py,6968c17779979343c6b0bf332f7582df1ef215810ef7698492f7bbac74abe44d,EXCLUDED_INVENTORIED,,derived or regenerable bulk excluded from lean authority
wedge1-aip,6bb69176e691199bc232da489374c042441471f0,data-tmp/media/verify_media_set.py,0738a53944aa3198c3a65d855a2e17b18014175b0a8d026ac36f9e819af820f3,EXCLUDED_INVENTORIED,,derived or regenerable bulk excluded from lean authority
wedge1-aip,6bb69176e691199bc232da489374c042441471f0,data-tmp/media/verify_report.json,1c5c659773ea4afd0a68d375cffd565a81579b2620635eb182ff92b0f945b9b3,EXCLUDED_INVENTORIED,,derived or regenerable bulk excluded from lean authority
wedge1-aip,6bb69176e691199bc232da489374c042441471f0,data-tmp/plants-complete.json,4e9cf7ed8e2085aabe806c14caf8d06f7e8dcd371661ba2d958b24a64731f741,EXCLUDED_INVENTORIED,,derived or regenerable bulk excluded from lean authority
wedge1-aip,6bb69176e691199bc232da489374c042441471f0,data-tmp/private-build-1.json,a2913d6d7dca299b2e6d16d5087011db6a9fd67737e032ad6ddd5a17b400a1a4,EXCLUDED_INVENTORIED,,derived or regenerable bulk excluded from lean authority
wedge1-aip,6bb69176e691199bc232da489374c042441471f0,data-tmp/private-build-2.json,a2913d6d7dca299b2e6d16d5087011db6a9fd67737e032ad6ddd5a17b400a1a4,EXCLUDED_INVENTORIED,,derived or regenerable bulk excluded from lean authority
wedge1-aip,6bb69176e691199bc232da489374c042441471f0,data-tmp/probe_ade_e885_filter.py,3d426c9214a0d95496d4e8e51c22f1f8cb39de8aef10ae968f37c7494774d625,EXCLUDED_INVENTORIED,,derived or regenerable bulk excluded from lean authority
wedge1-aip,6bb69176e691199bc232da489374c042441471f0,data-tmp/read_foundry_json.py,a8166d84fb0f5e5b76b8f2071d92f73be1577b292aefecadce71fb487ffdd04a,EXCLUDED_INVENTORIED,,derived or regenerable bulk excluded from lean authority
wedge1-aip,6bb69176e691199bc232da489374c042441471f0,data-tmp/replace_invalid_authored_rows.py,9d3df3621e8674918680091db1feba8f24cbf1ad161a33f9a8a6d7d83297debb,EXCLUDED_INVENTORIED,,derived or regenerable bulk excluded from lean authority
wedge1-aip,6bb69176e691199bc232da489374c042441471f0,data-tmp/sit-latest.json,6db4cec9f8f8c28ae1e3390701a43b1f9e107645c7c6aa9b12a83a83de105030,EXCLUDED_INVENTORIED,,derived or regenerable bulk excluded from lean authority
wedge1-aip,6bb69176e691199bc232da489374c042441471f0,data-tmp/summarize_checkpoint.py,076e493e38c74a1bf1339438532ce1f167ce34e112861afd56012bd1f3af61e5,EXCLUDED_INVENTORIED,,derived or regenerable bulk excluded from lean authority
wedge1-aip,6bb69176e691199bc232da489374c042441471f0,data-tmp/w2-master/decrees.csv,9281583773ab8596de4f5a21c3b550a70a5ce4879944a71ea653b9e181415268,EXCLUDED_INVENTORIED,,derived or regenerable bulk excluded from lean authority
wedge1-aip,6bb69176e691199bc232da489374c042441471f0,data-tmp/w2-master/funding_windows.csv,9a3594bf20e69710e4a748235b4b163bb6948ab4ffbfa7c8ec84012fac6ea85b,EXCLUDED_INVENTORIED,,derived or regenerable bulk excluded from lean authority
wedge1-aip,6bb69176e691199bc232da489374c042441471f0,data-tmp/w2-master/measures.csv,2b3994b8173d6c4e2aa0656cdb2ed1fb8aa2581865ae6f83f091c1ec9f490d64,EXCLUDED_INVENTORIED,,derived or regenerable bulk excluded from lean authority
wedge1-aip,6bb69176e691199bc232da489374c042441471f0,data/SOURCES.md,6dc86f06f2b2d8042fb2cc325972818042117607c69163d99e0c442614898b54,VERBATIM_ADMITTED,corpus/evidence/wedge1-aip/data/SOURCES.md,"selected authority, source, research, evidence, or production input"
wedge1-aip,6bb69176e691199bc232da489374c042441471f0,data/acts/INVENTORY.md,ed0dbaa6ab586b712fbb4517c6e6ea43c24ceb284a66b55225e842be5eeb9512,VERBATIM_ADMITTED,corpus/evidence/wedge1-aip/data/acts/INVENTORY.md,"selected authority, source, research, evidence, or production input"
wedge1-aip,6bb69176e691199bc232da489374c042441471f0,data/acts/decrees.csv,d0c41c59b0140e7fb8e47ba3d328c974b932bb8b9b99672cb74cbdfbb79b4225,VERBATIM_ADMITTED,corpus/evidence/wedge1-aip/data/acts/decrees.csv,"selected authority, source, research, evidence, or production input"
wedge1-aip,6bb69176e691199bc232da489374c042441471f0,data/acts/funding_windows.csv,4d45d5ec8335cc3fd6f1fd325b4cf5970b5aa621910de249bb61a354df57d18d,VERBATIM_ADMITTED,corpus/evidence/wedge1-aip/data/acts/funding_windows.csv,"selected authority, source, research, evidence, or production input"
wedge1-aip,6bb69176e691199bc232da489374c042441471f0,data/acts/measures.csv,c07a72f92a24caf10f5a6f9b9ffe4be15e2c51d58bceceee2b89a4b87596303c,VERBATIM_ADMITTED,corpus/evidence/wedge1-aip/data/acts/measures.csv,"selected authority, source, research, evidence, or production input"
wedge1-aip,6bb69176e691199bc232da489374c042441471f0,data/acts/vector_window_ref.csv,24567b19e74563f5e9c480c385830cf3726e1bbb2e8b3f620eefef433d187c44,VERBATIM_ADMITTED,corpus/evidence/wedge1-aip/data/acts/vector_window_ref.csv,"selected authority, source, research, evidence, or production input"
wedge1-aip,6bb69176e691199bc232da489374c042441471f0,data/legal/annex_iii_province_roster.csv,0a3668346269c102ecc222b9c24516d73017b8c2aa35edad3dcd57ec4068d24b,VERBATIM_ADMITTED,corpus/evidence/wedge1-aip/data/legal/annex_iii_province_roster.csv,"selected authority, source, research, evidence, or production input"
wedge1-aip,6bb69176e691199bc232da489374c042441471f0,data/legal/annex_iii_province_roster.manifest.json,c7e267b3b823ec286a7b65b0a57c326384117939aecaeebbc99cc32f23f5fb79,VERBATIM_ADMITTED,corpus/evidence/wedge1-aip/data/legal/annex_iii_province_roster.manifest.json,"selected authority, source, research, evidence, or production input"
wedge1-aip,6bb69176e691199bc232da489374c042441471f0,data/legal/graduatoria_entries.csv,95bcbff068817c3e052c1dea8619ac418951708c562862077d7e902f8c357f17,VERBATIM_ADMITTED,corpus/evidence/wedge1-aip/data/legal/graduatoria_entries.csv,"selected authority, source, research, evidence, or production input"
wedge1-aip,6bb69176e691199bc232da489374c042441471f0,data/private/agricultural_holdings.csv,f3362341e65cffdbf6d03044389a7ede0f42da09c7c81750085ae289bdf39fcd,VERBATIM_ADMITTED,corpus/evidence/wedge1-aip/data/private/agricultural_holdings.csv,"selected authority, source, research, evidence, or production input"
wedge1-aip,6bb69176e691199bc232da489374c042441471f0,data/private/cooperative_memberships.csv,3faae5737d004c0f202f79ce65b20d41aa4a32e30e4fc3c79b333cf6de03c7ae,VERBATIM_ADMITTED,corpus/evidence/wedge1-aip/data/private/cooperative_memberships.csv,"selected authority, source, research, evidence, or production input"
wedge1-aip,6bb69176e691199bc232da489374c042441471f0,data/private/customer_held_instruments.csv,6270fb2dd53752ea739b786f51b23d47d2653a80b96fc69a61c433f9235f672e,VERBATIM_ADMITTED,corpus/evidence/wedge1-aip/data/private/customer_held_instruments.csv,"selected authority, source, research, evidence, or production input"
wedge1-aip,6bb69176e691199bc232da489374c042441471f0,data/private/external_operator_parties.csv,bdbec484884ba25af6d7cd0e925a8204ef940b608992f0ec28904d42d60a63b8,VERBATIM_ADMITTED,corpus/evidence/wedge1-aip/data/private/external_operator_parties.csv,"selected authority, source, research, evidence, or production input"
wedge1-aip,6bb69176e691199bc232da489374c042441471f0,data/private/holding_parcels.csv,047b0abccb7bd0b9061a5bb4b0135005da80c4f8d0393ce4e168cf51416d7a3c,VERBATIM_ADMITTED,corpus/evidence/wedge1-aip/data/private/holding_parcels.csv,"selected authority, source, research, evidence, or production input"
wedge1-aip,6bb69176e691199bc232da489374c042441471f0,data/private/holding_party_assignments.csv,7742801507609e32bebe7f3ef7ac534bf2d1b07e0a53e8c2c73bf676d66b6109,VERBATIM_ADMITTED,corpus/evidence/wedge1-aip/data/private/holding_party_assignments.csv,"selected authority, source, research, evidence, or production input"
wedge1-aip,6bb69176e691199bc232da489374c042441471f0,data/private/holding_party_assignments_current.csv,85a4738163f90ecea6ca39091b4e2a8ffdb5d52183cbd263da2a2454ad61aaed,VERBATIM_ADMITTED,corpus/evidence/wedge1-aip/data/private/holding_party_assignments_current.csv,"selected authority, source, research, evidence, or production input"
wedge1-aip,6bb69176e691199bc232da489374c042441471f0,data/private/instrument_interventions.csv,47a4f85de805bdb7144316fc1eb3ac41e330501d1827a1accce511bb35a52d24,VERBATIM_ADMITTED,corpus/evidence/wedge1-aip/data/private/instrument_interventions.csv,"selected authority, source, research, evidence, or production input"
wedge1-aip,6bb69176e691199bc232da489374c042441471f0,data/private/intervention_parcels.csv,bb14e80f92d58761e154e692884503f9403eab56fcc393aa9eb1319350b940b4,VERBATIM_ADMITTED,corpus/evidence/wedge1-aip/data/private/intervention_parcels.csv,"selected authority, source, research, evidence, or production input"
wedge1-aip,6bb69176e691199bc232da489374c042441471f0,data/private/intervention_party_assignments.csv,c7f10c3d340de032c61705b601e779cd1ed2b8f6e02f3f701d49426327fdc6c4,VERBATIM_ADMITTED,corpus/evidence/wedge1-aip/data/private/intervention_party_assignments.csv,"selected authority, source, research, evidence, or production input"
wedge1-aip,6bb69176e691199bc232da489374c042441471f0,data/private/interventions.csv,3862d1cbcd700bd962ac35b5cfcf09541e82b0e486a1d7f9a8d459e84f106d1f,VERBATIM_ADMITTED,corpus/evidence/wedge1-aip/data/private/interventions.csv,"selected authority, source, research, evidence, or production input"
wedge1-aip,6bb69176e691199bc232da489374c042441471f0,data/private/operator_parties.csv,8af48c3e8291d7111e6f5d5be5cbeebddf0aa8acc430aabaabc18ab34bd74611,VERBATIM_ADMITTED,corpus/evidence/wedge1-aip/data/private/operator_parties.csv,"selected authority, source, research, evidence, or production input"
wedge1-aip,6bb69176e691199bc232da489374c042441471f0,data/private/parcel_standings.csv,3d330352829eba8b4b811c58de5f89f3532820ab1d28c95ef342b27d29aeffac,VERBATIM_ADMITTED,corpus/evidence/wedge1-aip/data/private/parcel_standings.csv,"selected authority, source, research, evidence, or production input"
wedge1-aip,6bb69176e691199bc232da489374c042441471f0,data/private/pugliaolive-private-graph-manifest.json,a39ab0faabc3c00aa9a3fb03051e8c77a6f6c75b26e9bffc9614b3741c9dcea2,VERBATIM_ADMITTED,corpus/evidence/wedge1-aip/data/private/pugliaolive-private-graph-manifest.json,"selected authority, source, research, evidence, or production input"
wedge1-aip,6bb69176e691199bc232da489374c042441471f0,data/public/addressee_positions.csv,e8d6f63e81b5ea6d2b903605a0401b5633763ef57b1e16372465fb34690d02da,VERBATIM_ADMITTED,corpus/evidence/wedge1-aip/data/public/addressee_positions.csv,"selected authority, source, research, evidence, or production input"
wedge1-aip,6bb69176e691199bc232da489374c042441471f0,data/public/instrument_occurrences.csv,6262db7f7aed78705f6adc025387ec49280dba74ceeb3afb38688d20ba5fc1a6,VERBATIM_ADMITTED,corpus/evidence/wedge1-aip/data/public/instrument_occurrences.csv,"selected authority, source, research, evidence, or production input"
wedge1-aip,6bb69176e691199bc232da489374c042441471f0,data/public/intervention_party_assignments.csv,1fb00905a6517c2df4753232112089699594d8c532b7dd0d0cf2ff1e3ab525ef,VERBATIM_ADMITTED,corpus/evidence/wedge1-aip/data/public/intervention_party_assignments.csv,"selected authority, source, research, evidence, or production input"
wedge1-aip,6bb69176e691199bc232da489374c042441471f0,data/public/prescription_addressees.csv,a1f03bd52d3211895c5196eabfe2664a097d0dfb5dc2d2457e3cb9b1c062c689,VERBATIM_ADMITTED,corpus/evidence/wedge1-aip/data/public/prescription_addressees.csv,"selected authority, source, research, evidence, or production input"
wedge1-aip,6bb69176e691199bc232da489374c042441471f0,data/public/prescription_addressees.manifest.json,ce28963dd201648e081432013afd17856978ff45a50fd8014bfe725409c7be82,VERBATIM_ADMITTED,corpus/evidence/wedge1-aip/data/public/prescription_addressees.manifest.json,"selected authority, source, research, evidence, or production input"
wedge1-aip,6bb69176e691199bc232da489374c042441471f0,data/public/public_bodies.csv,346a62054883ec999522cd0a64a997068393dc46ca3df4bc7cc8f8a628b7ff41,VERBATIM_ADMITTED,corpus/evidence/wedge1-aip/data/public/public_bodies.csv,"selected authority, source, research, evidence, or production input"
wedge1-aip,6bb69176e691199bc232da489374c042441471f0,data/public/removal_orders.csv,5f2d8af9e0a7126519a70f394e17a3052988892af05823297e3061f6b629f885,VERBATIM_ADMITTED,corpus/evidence/wedge1-aip/data/public/removal_orders.csv,"selected authority, source, research, evidence, or production input"
wedge1-aip,6bb69176e691199bc232da489374c042441471f0,data/public/removal_procedure_steps.csv,3b133484e0fb715c85ee2d54782b0f40dedba6edea6a3c043ad8ccfa5da965bd,VERBATIM_ADMITTED,corpus/evidence/wedge1-aip/data/public/removal_procedure_steps.csv,"selected authority, source, research, evidence, or production input"
wedge1-aip,6bb69176e691199bc232da489374c042441471f0,data/reference/official_area_act_bindings.csv,5392596cf0d0cdf61c435246b11c7d3a6f14a6ee093f7aaa277a799eb83637ea,VERBATIM_ADMITTED,corpus/evidence/wedge1-aip/data/reference/official_area_act_bindings.csv,"selected authority, source, research, evidence, or production input"
wedge1-aip,6bb69176e691199bc232da489374c042441471f0,exports/cordon-case-workflow.html,c0d770c4be68405f3e3fa2e293065e0c93bda57f4c47a679212e2b69a91a17af,EXCLUDED_INVENTORIED,,derived or regenerable bulk excluded from lean authority
wedge1-aip,6bb69176e691199bc232da489374c042441471f0,exports/cordon-foundry-lineage.html,d7426a650ca7fc3123bca3d273a95b3c3ab3a7ec549e0b3cc10df732d18088ef,EXCLUDED_INVENTORIED,,derived or regenerable bulk excluded from lean authority
wedge1-aip,6bb69176e691199bc232da489374c042441471f0,gate-2-operating-model-recommendations.md,462c56cf24f927165e225fe3ca5512a4eab896a45598ce6a406cf860f10ad42b,EXCLUDED_INVENTORIED,,"assessed legacy artifact with no surviving authority, evidence, or production role"
wedge1-aip,6bb69176e691199bc232da489374c042441471f0,gate-3-private-data-gap-resolution-brief.md,c3ac1f2d6ddac5d75719506960b456bb88520ba3c41b106883d302ed6ba64c37,EXCLUDED_INVENTORIED,,"assessed legacy artifact with no surviving authority, evidence, or production role"
wedge1-aip,6bb69176e691199bc232da489374c042441471f0,log.md,e3b0c44298fc1c149afbf4c8996fb92427ae41e4649b934ca495991b7852b855,EXCLUDED_INVENTORIED,,"assessed legacy artifact with no surviving authority, evidence, or production role"
wedge1-aip,6bb69176e691199bc232da489374c042441471f0,plans/RECORD-THIS.md,4d1c43bf1efa2d33aa905e10c73178b785d0d46c687655c810f4909043fb902a,EXCLUDED_INVENTORIED,,development-stage or historical implementation record
wedge1-aip,6bb69176e691199bc232da489374c042441471f0,plans/ai-fde-passback.md,14f4937a49c5e4f0b8a90497c3587f691fcb2e858ab462aa653f70310bbce598,EXCLUDED_INVENTORIED,,development-stage or historical implementation record
wedge1-aip,6bb69176e691199bc232da489374c042441471f0,plans/aip-chatbot-configuration.md,8c51cb62fe9a195c9f07140199bea8eb830530239ba46ef396a2270822cf360d,EXCLUDED_INVENTORIED,,development-stage or historical implementation record
wedge1-aip,6bb69176e691199bc232da489374c042441471f0,plans/b1.1-parcel-source-transition.md,e6bb0d23685ced41b434cd38251ec34c7529d4a363993fa15d2510a2ceb7b749,EXCLUDED_INVENTORIED,,development-stage or historical implementation record
wedge1-aip,6bb69176e691199bc232da489374c042441471f0,plans/b1.1-plan.md,c4d75f12a84d92e6138bc69342c48b490d5e9fde24b498821bb287fd1f3b0255,EXCLUDED_INVENTORIED,,development-stage or historical implementation record
wedge1-aip,6bb69176e691199bc232da489374c042441471f0,plans/b2-duty-slice-ontology.md,5bc0f5e75995e7f89d418aab6a09a611100956bb69c4be03a52abc69628abc18,EXCLUDED_INVENTORIED,,development-stage or historical implementation record
wedge1-aip,6bb69176e691199bc232da489374c042441471f0,plans/b3-pure-dispatch-kernel.md,0a0f5503551f782a5bf069c985eee388cd6fdc013a2846328f4251c11c6b51fa,EXCLUDED_INVENTORIED,,development-stage or historical implementation record
wedge1-aip,6bb69176e691199bc232da489374c042441471f0,plans/b4-capacity-plan.md,d9483c7784ad338903c9649da3a54ae3354dad8298e71b445032a91783212cea,EXCLUDED_INVENTORIED,,development-stage or historical implementation record
wedge1-aip,6bb69176e691199bc232da489374c042441471f0,plans/browser-only-configuration.md,717d5d470821ebb5cc6c3fae94a44e96ea71a08d57a73f787408205d2c24e56d,EXCLUDED_INVENTORIED,,development-stage or historical implementation record
wedge1-aip,6bb69176e691199bc232da489374c042441471f0,plans/data-to-master-plan.md,7f54ac017f090f72f0bd8031b06cc35d0b1d019c2fec393dc61668c5ee46c179,EXCLUDED_INVENTORIED,,development-stage or historical implementation record
wedge1-aip,6bb69176e691199bc232da489374c042441471f0,plans/demo-full-script.md,5add0cd9565d04de36f2eca2e147a3a4545e2b70180e0927d3ef55bc97b1f3c3,EXCLUDED_INVENTORIED,,development-stage or historical implementation record
wedge1-aip,6bb69176e691199bc232da489374c042441471f0,plans/demo-recording-brief.md,3e609c2d4db636e68c9682985c0ae2f98100e5fbc66bc54f98495071bed47abd,EXCLUDED_INVENTORIED,,development-stage or historical implementation record
wedge1-aip,6bb69176e691199bc232da489374c042441471f0,plans/demo-under-the-hood-brief.md,13f706daf7ae1d05ee9a4856c828d9271d54cc8eeb06baa791c28cfe977f3c7a,EXCLUDED_INVENTORIED,,development-stage or historical implementation record
wedge1-aip,6bb69176e691199bc232da489374c042441471f0,plans/derivation-stages.md,a2be307517e49a32fe6e5413203a6bb47a1482d30d67171ad3e3cb7e40a2b2de,EXCLUDED_INVENTORIED,,development-stage or historical implementation record
wedge1-aip,6bb69176e691199bc232da489374c042441471f0,plans/evidence/b1.1-ade-parcel-transition.md,12ad59ae290d1aefde118f0070e2e2674d4f2a7634938bbd63836895a588d7e8,EXCLUDED_INVENTORIED,,development-stage or historical implementation record
wedge1-aip,6bb69176e691199bc232da489374c042441471f0,plans/evidence/b1.1-platform-native.md,f5ca449a6598663abdd59553de87457c4514a42281acc90fafcb68af6101e7c9,EXCLUDED_INVENTORIED,,development-stage or historical implementation record
wedge1-aip,6bb69176e691199bc232da489374c042441471f0,plans/evidence/identity-baseline/PROOF.md,fedfd61e1098843ecd904a65d803a3146746e6b7e8e283acc42a31bfa3917636,EXCLUDED_INVENTORIED,,development-stage or historical implementation record
wedge1-aip,6bb69176e691199bc232da489374c042441471f0,plans/evidence/identity-baseline/approvals-fresh-70a0ca6d.json,34b590b54125857a266651903ff8fe78b24382cae402c0021b61dbae8042bf5c,EXCLUDED_INVENTORIED,,development-stage or historical implementation record
wedge1-aip,6bb69176e691199bc232da489374c042441471f0,plans/evidence/identity-baseline/approvals-fresh-d4eb9010.json,16709affcbe71217fc43a402831de35d0a5d97c810003a027deeca8d661686d9,EXCLUDED_INVENTORIED,,development-stage or historical implementation record
wedge1-aip,6bb69176e691199bc232da489374c042441471f0,plans/evidence/identity-baseline/approvals-postclick5.json,ae036d44b4abdbdc9498f14d6e6e0a05ffeb8cb6c812b43494569a745d6d915a,EXCLUDED_INVENTORIED,,development-stage or historical implementation record
wedge1-aip,6bb69176e691199bc232da489374c042441471f0,plans/evidence/identity-baseline/approvals-preclick5.json,0041c5166fc9de4f3d7775e11dfb0002175750859b90c1d7e66a8a0be77a2e41,EXCLUDED_INVENTORIED,,development-stage or historical implementation record
wedge1-aip,6bb69176e691199bc232da489374c042441471f0,plans/evidence/identity-baseline/click6-deploy-response.txt,2f8bcc6d62289ad6287ec6f38b9c52e4a30c52c86522ad6242cf33cd20ab70a1,EXCLUDED_INVENTORIED,,development-stage or historical implementation record
wedge1-aip,6bb69176e691199bc232da489374c042441471f0,plans/evidence/identity-baseline/deploy-mutation-click5.json,0de4ad2977277301a6a96554517e9b2f02d1609a3cbf75facbb7613498e9d3b4,EXCLUDED_INVENTORIED,,development-stage or historical implementation record
wedge1-aip,6bb69176e691199bc232da489374c042441471f0,plans/evidence/identity-baseline/deploy-tasks-click5.json,114c23d337617771bf77e92a5b27f25bddd9021e7e385c20193e078c93dfdeb2,EXCLUDED_INVENTORIED,,development-stage or historical implementation record
wedge1-aip,6bb69176e691199bc232da489374c042441471f0,plans/evidence/identity-baseline/proposal-state-click5.json,666703840f6937785601ede4860b614616ff35ac3cc0a89394c5a16c43cbad1f,EXCLUDED_INVENTORIED,,development-stage or historical implementation record
wedge1-aip,6bb69176e691199bc232da489374c042441471f0,plans/evidence/identity-baseline/w2-click-deploy-response.json,9316551205e09509d5b5b3742fe98f4d9b7fa76e936edae1d490630c5452b372,EXCLUDED_INVENTORIED,,development-stage or historical implementation record
wedge1-aip,6bb69176e691199bc232da489374c042441471f0,plans/evidence/identity-baseline/w2-platform/decrees.csv,9281583773ab8596de4f5a21c3b550a70a5ce4879944a71ea653b9e181415268,EXCLUDED_INVENTORIED,,development-stage or historical implementation record
wedge1-aip,6bb69176e691199bc232da489374c042441471f0,plans/evidence/identity-baseline/w2-platform/decrees.readTable.csv,187c1ecedf9cd5e8b84d5f1ac0f91b2e54d1c9ca82ae82d7a81888c85f80b32e,EXCLUDED_INVENTORIED,,development-stage or historical implementation record
wedge1-aip,6bb69176e691199bc232da489374c042441471f0,plans/evidence/identity-baseline/w2-platform/funding_windows.csv,9a3594bf20e69710e4a748235b4b163bb6948ab4ffbfa7c8ec84012fac6ea85b,EXCLUDED_INVENTORIED,,development-stage or historical implementation record
wedge1-aip,6bb69176e691199bc232da489374c042441471f0,plans/evidence/identity-baseline/w2-platform/funding_windows.readTable.csv,49dd63cf385065f39821933ef9b4a502c94782812b4ce6fca34ba426e1bfab8f,EXCLUDED_INVENTORIED,,development-stage or historical implementation record
wedge1-aip,6bb69176e691199bc232da489374c042441471f0,plans/evidence/identity-baseline/w2-platform/measures.csv,2b3994b8173d6c4e2aa0656cdb2ed1fb8aa2581865ae6f83f091c1ec9f490d64,EXCLUDED_INVENTORIED,,development-stage or historical implementation record
wedge1-aip,6bb69176e691199bc232da489374c042441471f0,plans/evidence/identity-baseline/w2-platform/measures.readTable.csv,51ed46b382bd5a2675c6a8ebc674ba00b04b6e630b8a629443bd3d2d0444781c,EXCLUDED_INVENTORIED,,development-stage or historical implementation record
wedge1-aip,6bb69176e691199bc232da489374c042441471f0,plans/evidence/identity-baseline/w2-platform/summary.json,97a5c25f0865187a2749449b759643d9518d3a574a018a1c60a0a46fd8d6e388,EXCLUDED_INVENTORIED,,development-stage or historical implementation record
wedge1-aip,6bb69176e691199bc232da489374c042441471f0,plans/evidence/legal-corpus-local-gate.md,68f56efd0c2fab43930471358dcd08f654b5b317701b7e5ac0efb9d037b6622e,EXCLUDED_INVENTORIED,,development-stage or historical implementation record
wedge1-aip,6bb69176e691199bc232da489374c042441471f0,plans/evidence/measures_a1_badrow.csv,b273cfebb886799ce66ec6586900d3d210a65704f68d34be21f6a11d9b9f022d,EXCLUDED_INVENTORIED,,development-stage or historical implementation record
wedge1-aip,6bb69176e691199bc232da489374c042441471f0,plans/evidence/pugliaolive-private-graph-skeleton-local.md,809319c82dbdc278dab73a092eb46c1a103f961f60289ee7d7993cd9cc94fdcc,EXCLUDED_INVENTORIED,,development-stage or historical implementation record
wedge1-aip,6bb69176e691199bc232da489374c042441471f0,plans/evidence/sample-universe-b-id-probe.md,e311cc9d7167f858588cbbb3dad7934ce3eec24c8fa4e59c977ece2c6bc89870,EXCLUDED_INVENTORIED,,development-stage or historical implementation record
wedge1-aip,6bb69176e691199bc232da489374c042441471f0,plans/evidence/w1-a3-getschema.json,c73d6d6ae230028c603bd37814b7cea5092236b343137cb1a2ecb06cbb85b34c,EXCLUDED_INVENTORIED,,development-stage or historical implementation record
wedge1-aip,6bb69176e691199bc232da489374c042441471f0,plans/evidence/w1-a3-metadata-put-geoshape-response.txt,84ea47a5684294b36d274f0fcc136cb8e8ff7d468103f8fc77e2f804442d0647,EXCLUDED_INVENTORIED,,development-stage or historical implementation record
wedge1-aip,6bb69176e691199bc232da489374c042441471f0,plans/evidence/w1-a3-metadata-schema.json,7de8864cf180a56b3ef7ea39b952c75f2a455ecedf379bbc49536d8a595eff62,EXCLUDED_INVENTORIED,,development-stage or historical implementation record
wedge1-aip,6bb69176e691199bc232da489374c042441471f0,plans/evidence/w1-a3-probe.md,be6380d9a4074b93c05bbfc6277e018071167618100df71ec1b2dd73b10f3fc4,EXCLUDED_INVENTORIED,,development-stage or historical implementation record
wedge1-aip,6bb69176e691199bc232da489374c042441471f0,plans/evidence/w1-a3-putschema-geometry-response.txt,cf9d421ff603e990b8d69c6fc06382e9f372487d904c0c73707dbfbd2bc12328,EXCLUDED_INVENTORIED,,development-stage or historical implementation record
wedge1-aip,6bb69176e691199bc232da489374c042441471f0,plans/evidence/w1-a3-putschema-geoshape-request.json,884f84d4b0d4983c38d8f8ff0324f2e67b0b850e4b7d1b5b0843f2effe9a9983,EXCLUDED_INVENTORIED,,development-stage or historical implementation record
wedge1-aip,6bb69176e691199bc232da489374c042441471f0,plans/evidence/w1-a3-putschema-geoshape-response.txt,9744f2f5fa1943195e4b0089a1453e3c334a02ef5df5a20b7091acf64b658303,EXCLUDED_INVENTORIED,,development-stage or historical implementation record
wedge1-aip,6bb69176e691199bc232da489374c042441471f0,plans/evidence/w1-c2-n1.md,6ec09424e272266cf7f5cfdec26d46151413ea806529ae0c3930cc647c34a0a8,EXCLUDED_INVENTORIED,,development-stage or historical implementation record
wedge1-aip,6bb69176e691199bc232da489374c042441471f0,plans/evidence/w1-evidence.md,530d3e9a25168770e260ee08b82df7346880213b0a65c2e10ff19cdc89398936,EXCLUDED_INVENTORIED,,development-stage or historical implementation record
wedge1-aip,6bb69176e691199bc232da489374c042441471f0,plans/evidence/w1-merge-click4-error2.png,8208ab1b890c37db1d61c4ff27df1cc86395f0869e922d23c59b120aec0b4261,EXCLUDED_INVENTORIED,,development-stage or historical implementation record
wedge1-aip,6bb69176e691199bc232da489374c042441471f0,plans/evidence/w1-merge-click4-errorpopover.png,6e7e76142fd8c422a32f57b200221eaaf714199603d4f05c59d488ceed854779,EXCLUDED_INVENTORIED,,development-stage or historical implementation record
wedge1-aip,6bb69176e691199bc232da489374c042441471f0,plans/evidence/w1-merge-click4-failed.png,2bf5350385903a6144bb9e622dbad1eb5ca4252569ed0a562816687980f9d0d8,EXCLUDED_INVENTORIED,,development-stage or historical implementation record
wedge1-aip,6bb69176e691199bc232da489374c042441471f0,plans/evidence/w1-merge-click4-history.png,cddc70c58d260f57c895065639954ed2f3034d0bf3df71c76a7e3ea157bab4b1,EXCLUDED_INVENTORIED,,development-stage or historical implementation record
wedge1-aip,6bb69176e691199bc232da489374c042441471f0,plans/evidence/w1-merge-click4-viewerror.png,b264a8e27a89f0a0c2661f6f25112f1b4324690cbf8abf9e25f44c6b565f0024,EXCLUDED_INVENTORIED,,development-stage or historical implementation record
wedge1-aip,6bb69176e691199bc232da489374c042441471f0,plans/evidence/w1-merge-click4-viewerror2.png,b264a8e27a89f0a0c2661f6f25112f1b4324690cbf8abf9e25f44c6b565f0024,EXCLUDED_INVENTORIED,,development-stage or historical implementation record
wedge1-aip,6bb69176e691199bc232da489374c042441471f0,plans/evidence/w1-merge-click4.png,9de232b03f153aec5e19e7906aff21864fd55ca100ba4ea75d994f879cb5955c,EXCLUDED_INVENTORIED,,development-stage or historical implementation record
wedge1-aip,6bb69176e691199bc232da489374c042441471f0,plans/evidence/w1-merge-click5-after-enter.png,72a709d5e11f82f2a9942ca4810b150570e8db465dbce8dbb0a8c3c70bdf922c,EXCLUDED_INVENTORIED,,development-stage or historical implementation record
wedge1-aip,6bb69176e691199bc232da489374c042441471f0,plans/evidence/w1-merge-click5-after-mutation.png,9f7c95e5bc17fb288d2c2b65ff99dfa3012b350163d1ed223f86f9bbf601440e,EXCLUDED_INVENTORIED,,development-stage or historical implementation record
wedge1-aip,6bb69176e691199bc232da489374c042441471f0,plans/evidence/w1-merge-click5-before.png,b053b46717914010c87787709cc143d257e732c3521be93311575392b4f92618,EXCLUDED_INVENTORIED,,development-stage or historical implementation record
wedge1-aip,6bb69176e691199bc232da489374c042441471f0,plans/evidence/w1-merge-click5-dialog.png,72a709d5e11f82f2a9942ca4810b150570e8db465dbce8dbb0a8c3c70bdf922c,EXCLUDED_INVENTORIED,,development-stage or historical implementation record
wedge1-aip,6bb69176e691199bc232da489374c042441471f0,plans/evidence/w1-merge-click5-dialog2.png,72a709d5e11f82f2a9942ca4810b150570e8db465dbce8dbb0a8c3c70bdf922c,EXCLUDED_INVENTORIED,,development-stage or historical implementation record
wedge1-aip,6bb69176e691199bc232da489374c042441471f0,plans/evidence/w1-merge.md,c60649dd321f9cabc95af5a13843b9630461ed0f715d1740893ad0d539303e07,EXCLUDED_INVENTORIED,,development-stage or historical implementation record
wedge1-aip,6bb69176e691199bc232da489374c042441471f0,plans/evidence/w1-proposal-fresh.png,9d55b0bfac40429351187760932243586dc900e6d3f76b4d076be5565051fb2a,EXCLUDED_INVENTORIED,,development-stage or historical implementation record
wedge1-aip,6bb69176e691199bc232da489374c042441471f0,plans/evidence/w2-cycle2.md,a574744f229336644068002a0004be686799239e9e1a39af99de8ce4ba3f5b96,EXCLUDED_INVENTORIED,,development-stage or historical implementation record
wedge1-aip,6bb69176e691199bc232da489374c042441471f0,plans/evidence/w2-evidence.md,ff5f6e7a31a559d7f5a38a29856a43f59de41c3f85cac4f61a8e486b72c8d30b,EXCLUDED_INVENTORIED,,development-stage or historical implementation record
wedge1-aip,6bb69176e691199bc232da489374c042441471f0,plans/evidence/w2-merge.md,d0220e37d4c4b785eb541aad371209b1e681f085cef43bf3b2c4712a115ca063,EXCLUDED_INVENTORIED,,development-stage or historical implementation record
wedge1-aip,6bb69176e691199bc232da489374c042441471f0,plans/owen-browser-steps.md,94d0e04079d93edccc2f1e3a821a4860bcc50db57eb5a238a6590b3b362a7078,EXCLUDED_INVENTORIED,,development-stage or historical implementation record
wedge1-aip,6bb69176e691199bc232da489374c042441471f0,plans/pugliaolive-private-graph-skeleton.md,a54f56905da3164710a049efd3e02ce71db820462bd9d38e06d83d8e43be9e97,EXCLUDED_INVENTORIED,,development-stage or historical implementation record
wedge1-aip,6bb69176e691199bc232da489374c042441471f0,plans/regional-legal-corpus-completeness-plan.md,a9151c5fd0d898e19a0cd7ef8319d7577c7c76c17caa95f39ceebf2663bbdeb9,EXCLUDED_INVENTORIED,,development-stage or historical implementation record
wedge1-aip,6bb69176e691199bc232da489374c042441471f0,plans/regov-sprint-plan.md,ff72a5c4678f60f102778df356416678dea09edffe8971f772cdf208d859fcae,EXCLUDED_INVENTORIED,,development-stage or historical implementation record
wedge1-aip,6bb69176e691199bc232da489374c042441471f0,plans/sample-universe-ingest-plan.md,43b8fc672a3990f5f89cea5fdd69f9166c3dc266e3bf749c50b8ee313e707c87,EXCLUDED_INVENTORIED,,development-stage or historical implementation record
wedge1-aip,6bb69176e691199bc232da489374c042441471f0,plans/setup-w1-w2-plan.md,e91c5b680b0fec8acf71a7754c0a31138445311330ca71fc9e049d9c20d219e7,EXCLUDED_INVENTORIED,,development-stage or historical implementation record
wedge1-aip,6bb69176e691199bc232da489374c042441471f0,plans/w3-plan.md,3cda723937be8f8afbb5c70e010ad03caef38fae2b63e086059db04adff33758,EXCLUDED_INVENTORIED,,development-stage or historical implementation record
wedge1-aip,6bb69176e691199bc232da489374c042441471f0,plans/w4-w5-plan.md,ca701d7fdf35e754c962b316e53c9aa971f2c5186e330534e502ce70d0facd08,EXCLUDED_INVENTORIED,,development-stage or historical implementation record
wedge1-aip,6bb69176e691199bc232da489374c042441471f0,plans/workshop-and-aip-build-guide.md,5209b4d162998f7b38324b135bc159aa7a6170599ff385fb4ae62f08ba26820c,EXCLUDED_INVENTORIED,,development-stage or historical implementation record
wedge1-aip,6bb69176e691199bc232da489374c042441471f0,plans/workshop-dsl-corrections.md,2afd8ed1b67090d704808fa81dceec53ca6d97448e03e8576f2a26faa0f3b435,EXCLUDED_INVENTORIED,,development-stage or historical implementation record
wedge1-aip,6bb69176e691199bc232da489374c042441471f0,queries/act-census-method.md,92daa83f93bacc64d5bf18a44a8726453213755f238bbf87b9d370c2ddbe7055,VERBATIM_ADMITTED,corpus/evidence/wedge1-aip/queries/act-census-method.md,"selected authority, source, research, evidence, or production input"
wedge1-aip,6bb69176e691199bc232da489374c042441471f0,queries/annex-iii-amendment-chain.md,295ec596bec84dc806dc7ac6efde356950eaf9d61f4ad9695ab950e8a1eba695,VERBATIM_ADMITTED,corpus/evidence/wedge1-aip/queries/annex-iii-amendment-chain.md,"selected authority, source, research, evidence, or production input"
wedge1-aip,6bb69176e691199bc232da489374c042441471f0,queries/consultant-report-adjudication.md,cda2df0bc9546468114838f810cab01e6b72748596bfc3414ff8f28af23c54ce,VERBATIM_ADMITTED,corpus/evidence/wedge1-aip/queries/consultant-report-adjudication.md,"selected authority, source, research, evidence, or production input"
wedge1-aip,6bb69176e691199bc232da489374c042441471f0,queries/foundry-browser-api-map.md,799a1a0e33b2f45e25204422e07ea32b2d4493bfaf0be869a89f7be1f9997d2b,VERBATIM_ADMITTED,corpus/evidence/wedge1-aip/queries/foundry-browser-api-map.md,"selected authority, source, research, evidence, or production input"
wedge1-aip,6bb69176e691199bc232da489374c042441471f0,queries/foundry-capability-inventory.md,780ef899ca9210a87c0f3eb22ab8ee566f63765d50aff875dd2fed6d6f0d2fb6,VERBATIM_ADMITTED,corpus/evidence/wedge1-aip/queries/foundry-capability-inventory.md,"selected authority, source, research, evidence, or production input"
wedge1-aip,6bb69176e691199bc232da489374c042441471f0,queries/foundry-error-surfaces.md,35ae60c74ccad3483da679c30f5a3ff2826d8a69a3ce69e7cab0547f4de6484c,VERBATIM_ADMITTED,corpus/evidence/wedge1-aip/queries/foundry-error-surfaces.md,"selected authority, source, research, evidence, or production input"
wedge1-aip,6bb69176e691199bc232da489374c042441471f0,queries/judicial-corpus-lecce.md,3adcf8b2bb166bc66ba7ad042d9b129273ebc487072855ec2f4b0da60d8d7ae0,VERBATIM_ADMITTED,corpus/evidence/wedge1-aip/queries/judicial-corpus-lecce.md,"selected authority, source, research, evidence, or production input"
wedge1-aip,6bb69176e691199bc232da489374c042441471f0,queries/judicial-corpus.md,d06dfd592058d0e4f53e095c4bcd49ceff041ce8a333138f83cc296b7f6b4ed4,VERBATIM_ADMITTED,corpus/evidence/wedge1-aip/queries/judicial-corpus.md,"selected authority, source, research, evidence, or production input"
wedge1-aip,6bb69176e691199bc232da489374c042441471f0,queries/out-of-zone-legal-state.md,75bee14eadf320e02ca5807fed4f61255fc0f3ecee6204fa824b92beddceebb7,VERBATIM_ADMITTED,corpus/evidence/wedge1-aip/queries/out-of-zone-legal-state.md,"selected authority, source, research, evidence, or production input"
wedge1-aip,6bb69176e691199bc232da489374c042441471f0,queries/planting-rule-and-corpus-corroboration.md,b427fbe7d657d03960bb3467cccac0bad94b4a03733563cb5c3f41d1ee38da35,VERBATIM_ADMITTED,corpus/evidence/wedge1-aip/queries/planting-rule-and-corpus-corroboration.md,"selected authority, source, research, evidence, or production input"
wedge1-aip,6bb69176e691199bc232da489374c042441471f0,queries/source-universe-delta.md,a9804d6775c45aa863876078b715f32ad09242fba1bd0b7d0edff2749e47ae86,VERBATIM_ADMITTED,corpus/evidence/wedge1-aip/queries/source-universe-delta.md,"selected authority, source, research, evidence, or production input"
wedge1-aip,6bb69176e691199bc232da489374c042441471f0,queries/st1-currency-register.md,b4c924bc00554529360ea61e7dfe03b4708fbc3c635a0ba14f0a251815a57bf1,VERBATIM_ADMITTED,corpus/evidence/wedge1-aip/queries/st1-currency-register.md,"selected authority, source, research, evidence, or production input"
wedge1-aip,6bb69176e691199bc232da489374c042441471f0,queries/surface-reachability.md,d34582b81eedb33ab5498cc9309d6bd8aabf9ac1bb32f020697c54edf17a86a2,VERBATIM_ADMITTED,corpus/evidence/wedge1-aip/queries/surface-reachability.md,"selected authority, source, research, evidence, or production input"
wedge1-aip,6bb69176e691199bc232da489374c042441471f0,regulation/STAGE_REVIEW_PROTOCOL.md,43f0afeb264b25302f37a00f22273646e0c2f80a59d59b4b557b648211b88875,VERBATIM_ADMITTED,corpus/evidence/wedge1-aip/regulatory-reasoning/STAGE_REVIEW_PROTOCOL.md,"selected authority, source, research, evidence, or production input"
wedge1-aip,6bb69176e691199bc232da489374c042441471f0,regulation/closure/DEL_1075_2025.pdf,6f907a1ed703fed0da3a3515c3812d80a490c28a3a7672b9e7fa497daa4fc311,EXCLUDED_INVENTORIED,,legal holding not in the admitted canonical source closure; inventoried for recovery
wedge1-aip,6bb69176e691199bc232da489374c042441471f0,regulation/closure/DEL_903_2025.pdf,162da1803714d5e95de2b3ff85a5b01e36910cd0d8eec58b7e799f9fc785c2b5,EXCLUDED_INVENTORIED,,legal holding not in the admitted canonical source closure; inventoried for recovery
wedge1-aip,6bb69176e691199bc232da489374c042441471f0,regulation/closure/efsa/EFSA Journal - 2015 -  - Scientific Opinion on the risks to plant health posed by Xylella fastidiosa in the EU territory .pdf,b753929d4cd7ae16d711c78647d7d6b1765b2928180e96f357d1a93a28324a3f,EXCLUDED_INVENTORIED,,legal holding not in the admitted canonical source closure; inventoried for recovery
wedge1-aip,6bb69176e691199bc232da489374c042441471f0,regulation/closure/efsa/EFSA Journal - 2015 -  - Scientific Opinion on the risks to plant health posed by Xylella fastidiosa in the EU territory .txt,f09c89622803a3284c058cd511c1e0226a80e2613277722d69e0c74726b0d3ca,EXCLUDED_INVENTORIED,,legal holding not in the admitted canonical source closure; inventoried for recovery
wedge1-aip,6bb69176e691199bc232da489374c042441471f0,regulation/closure/efsa/EFSA Journal - 2018 -  - Update of the Xylella spp  host plant database.pdf,0c4ea6bac2e52ac1aac09fde97b80fbd1dba6d6b47782df81b53f031165aebac,EXCLUDED_INVENTORIED,,legal holding not in the admitted canonical source closure; inventoried for recovery
wedge1-aip,6bb69176e691199bc232da489374c042441471f0,regulation/closure/efsa/EFSA Journal - 2018 -  - Update of the Xylella spp  host plant database.txt,7c9e5404d78c182c7b8c6a0f82f5e767ff3002bd963b44a052d86a67db71941a,EXCLUDED_INVENTORIED,,legal holding not in the admitted canonical source closure; inventoried for recovery
wedge1-aip,6bb69176e691199bc232da489374c042441471f0,regulation/closure/efsa/EFSA Journal - 2018 -  - Updated pest categorisation of Xylella fastidiosa.pdf,271709d0ec5d2ef5b7d03562cfe099bc48e7d28c10f3bc99db5684ece79ef4bd,EXCLUDED_INVENTORIED,,legal holding not in the admitted canonical source closure; inventoried for recovery
wedge1-aip,6bb69176e691199bc232da489374c042441471f0,regulation/closure/efsa/EFSA Journal - 2018 -  - Updated pest categorisation of Xylella fastidiosa.txt,fcfeb0c3811232a67339342a247f1d5ee038e47efafd8685d2900640708cdb17,EXCLUDED_INVENTORIED,,legal holding not in the admitted canonical source closure; inventoried for recovery
wedge1-aip,6bb69176e691199bc232da489374c042441471f0,regulation/closure/efsa/EFSA Journal - 2019 -  - Update of the Scientific Opinion on the risks to plant health posed by Xylella fastidiosa in the.pdf,51d23d19bbd3b86f9a4e9ea9b70352c8753c35674c08157b6dc2d70dd09b0ff9,EXCLUDED_INVENTORIED,,legal holding not in the admitted canonical source closure; inventoried for recovery
wedge1-aip,6bb69176e691199bc232da489374c042441471f0,regulation/closure/efsa/EFSA Journal - 2019 -  - Update of the Scientific Opinion on the risks to plant health posed by Xylella fastidiosa in the.txt,97c9a89e28b8ac84d85e3cfebb7db3c0aff8706c2e919b7430b44ab5691f1e9d,EXCLUDED_INVENTORIED,,legal holding not in the admitted canonical source closure; inventoried for recovery
wedge1-aip,6bb69176e691199bc232da489374c042441471f0,regulation/closure/efsa/EFSA Supporting Publications - 2012 -  - A framework to substantiate absence of disease  the risk based estimate of system.pdf,e47c70ec3d64fb8fa6cf3230b83107b69c61d9fd6513ef38774dad625b2c5f08,EXCLUDED_INVENTORIED,,legal holding not in the admitted canonical source closure; inventoried for recovery
wedge1-aip,6bb69176e691199bc232da489374c042441471f0,regulation/closure/efsa/EFSA Supporting Publications - 2012 -  - A framework to substantiate absence of disease  the risk based estimate of system.txt,21437ad5a5305079f1bc06e39daca7909415bd22a27b7ea20943de5a28e894bb,EXCLUDED_INVENTORIED,,legal holding not in the admitted canonical source closure; inventoried for recovery
wedge1-aip,6bb69176e691199bc232da489374c042441471f0,regulation/closure/efsa/EFSA Supporting Publications - 2016 -  - Workshop on Xylella fastidiosa  knowledge gaps and research priorities for the EU.pdf,614479d649075d53e429bfe31baa4ec51744336bcc6f9017c7fe8d5bdede3464,EXCLUDED_INVENTORIED,,legal holding not in the admitted canonical source closure; inventoried for recovery
wedge1-aip,6bb69176e691199bc232da489374c042441471f0,regulation/closure/efsa/EFSA Supporting Publications - 2016 -  - Workshop on Xylella fastidiosa  knowledge gaps and research priorities for the EU.txt,252a547e4626d0fcd05bdd18b077236e74c1d9bc95183c5cce3ac7cfbe2bc9b7,EXCLUDED_INVENTORIED,,legal holding not in the admitted canonical source closure; inventoried for recovery
wedge1-aip,6bb69176e691199bc232da489374c042441471f0,regulation/closure/efsa/EFSA Supporting Publications - 2018 -  - Work‐plan and methodology for EFSA to develop plant pest survey guidelines for EU.pdf,8a04ee65f73b1a390c8bd5dd7f506a0e4abff14f95edc57bed78614a94a3d2f1,EXCLUDED_INVENTORIED,,legal holding not in the admitted canonical source closure; inventoried for recovery
wedge1-aip,6bb69176e691199bc232da489374c042441471f0,regulation/closure/efsa/EFSA Supporting Publications - 2018 -  - Work‐plan and methodology for EFSA to develop plant pest survey guidelines for EU.txt,2c30019464451ab9b6d5a3d56254953f9812d0d95f5fd0230a3ee844ab99a8b5,EXCLUDED_INVENTORIED,,legal holding not in the admitted canonical source closure; inventoried for recovery
wedge1-aip,6bb69176e691199bc232da489374c042441471f0,regulation/closure/efsa/EFSA Supporting Publications - 2019 - Serio - Collection of data and information on biology and control of vectors of.pdf,8bb272cc96b85b60a2f4c153f6db1d99b45083611d56220502c5bdb13f2383f4,EXCLUDED_INVENTORIED,,legal holding not in the admitted canonical source closure; inventoried for recovery
wedge1-aip,6bb69176e691199bc232da489374c042441471f0,regulation/closure/efsa/EFSA Supporting Publications - 2019 - Serio - Collection of data and information on biology and control of vectors of.txt,cd521cc95b016bab2aa97457424c36d7f11827525f2ecc819d9950c02ae65bd7,EXCLUDED_INVENTORIED,,legal holding not in the admitted canonical source closure; inventoried for recovery
wedge1-aip,6bb69176e691199bc232da489374c042441471f0,regulation/closure/efsa/EPPO Bulletin - 2016 -  - PM 7 129  1  DNA barcoding as an identification tool for a number of regulated pests.pdf,d309319af10904c145bfacd92b70b1eb0c217646b59ae5cd540a5265df072026,EXCLUDED_INVENTORIED,,legal holding not in the admitted canonical source closure; inventoried for recovery
wedge1-aip,6bb69176e691199bc232da489374c042441471f0,regulation/closure/efsa/EPPO Bulletin - 2016 -  - PM 7 129  1  DNA barcoding as an identification tool for a number of regulated pests.txt,32bfab9dc955a1412aafe3294620b83878233d632945ecdf91d4fee4e151b486,EXCLUDED_INVENTORIED,,legal holding not in the admitted canonical source closure; inventoried for recovery
wedge1-aip,6bb69176e691199bc232da489374c042441471f0,regulation/closure/efsa/EPPO Bulletin - 2019 -  - PM 7 24  4  Xylella fastidiosa.pdf,a1d22d24da574f7dae0875d7514e6efd64e270b6cefa6ee5fa03a85ed5de94a9,EXCLUDED_INVENTORIED,,legal holding not in the admitted canonical source closure; inventoried for recovery
wedge1-aip,6bb69176e691199bc232da489374c042441471f0,regulation/closure/efsa/EPPO Bulletin - 2019 -  - PM 7 24  4  Xylella fastidiosa.txt,1a2d3f583fb84e6dab8c7fc58ed2fa6bf7d8824ab6c1cdc47e82eddf75532f12,EXCLUDED_INVENTORIED,,legal holding not in the admitted canonical source closure; inventoried for recovery
wedge1-aip,6bb69176e691199bc232da489374c042441471f0,regulation/closure/efsa/EPPO Bulletin - 2021 -  - PM 7 129  2  DNA barcoding as an identification tool for a number of regulated pests.pdf,a997736fd76df73fcd55597a49831677b491822ddd92c0fef7e2106247d67b19,EXCLUDED_INVENTORIED,,legal holding not in the admitted canonical source closure; inventoried for recovery
wedge1-aip,6bb69176e691199bc232da489374c042441471f0,regulation/closure/efsa/EPPO Bulletin - 2021 -  - PM 7 129  2  DNA barcoding as an identification tool for a number of regulated pests.txt,b281b0cbae2607990aea317decb996cc4c3a781d9f881f80791948b418c4d5bc,EXCLUDED_INVENTORIED,,legal holding not in the admitted canonical source closure; inventoried for recovery
wedge1-aip,6bb69176e691199bc232da489374c042441471f0,regulation/closure/efsa/EPPO Bulletin - 2023 -  - PM 7 24  5  Xylella fastidiosa.pdf,6cecb757d26b3c9df5152a1c4349bdf5981bf0edb685136c22d680df0bbb6576,EXCLUDED_INVENTORIED,,legal holding not in the admitted canonical source closure; inventoried for recovery
wedge1-aip,6bb69176e691199bc232da489374c042441471f0,regulation/closure/efsa/EPPO Bulletin - 2023 -  - PM 7 24  5  Xylella fastidiosa.txt,c8700b87b175952af09eed85932a5bca58216659e17b8ec7507edf263db55717,EXCLUDED_INVENTORIED,,legal holding not in the admitted canonical source closure; inventoried for recovery
wedge1-aip,6bb69176e691199bc232da489374c042441471f0,regulation/closure/efsa/EPPO Bulletin - 2024 -  - Corrigendum PM 7 024  5  Xylella fastidiosa.pdf,8ae8533c5a1698de55006dd8950737c205827ab52795356d4a34da5b38ae5de9,EXCLUDED_INVENTORIED,,legal holding not in the admitted canonical source closure; inventoried for recovery
wedge1-aip,6bb69176e691199bc232da489374c042441471f0,regulation/closure/efsa/EPPO Bulletin - 2024 -  - Corrigendum PM 7 024  5  Xylella fastidiosa.txt,467840c1c26d4bff96772f9342e644b46c894eed7147d1b768d1fe8ff4126026,EXCLUDED_INVENTORIED,,legal holding not in the admitted canonical source closure; inventoried for recovery
wedge1-aip,6bb69176e691199bc232da489374c042441471f0,regulation/closure/efsa/EPPO Bulletin - 2024 -  - PM 7 76  6  Use of EPPO Diagnostic Standards.pdf,ab50b7b0b36cb2bc6cff57d0e2d9ea384385720249aff4d5231280d20d4ccd91,EXCLUDED_INVENTORIED,,legal holding not in the admitted canonical source closure; inventoried for recovery
wedge1-aip,6bb69176e691199bc232da489374c042441471f0,regulation/closure/efsa/EPPO Bulletin - 2024 -  - PM 7 76  6  Use of EPPO Diagnostic Standards.txt,5e3ee0d6702c407bd1d9b8f7ac189b5d50f1fdc0cfb688788bffd5cfed552d9d,EXCLUDED_INVENTORIED,,legal holding not in the admitted canonical source closure; inventoried for recovery
wedge1-aip,6bb69176e691199bc232da489374c042441471f0,regulation/closure/efsa/efsa-EN-1667-pest-survey-card.pdf,59aff4049cd5c9b44b4030cfe3db061b95edb4dd33d5e6869017c93ac9dba247,EXCLUDED_INVENTORIED,,legal holding not in the admitted canonical source closure; inventoried for recovery
wedge1-aip,6bb69176e691199bc232da489374c042441471f0,regulation/closure/efsa/efsa-EN-1667-pest-survey-card.txt,81f7289a36f115de5481c1c3ae6e0e86d2c6c7942cce6dcc0c8cd9dfbe819847,EXCLUDED_INVENTORIED,,legal holding not in the admitted canonical source closure; inventoried for recovery
wedge1-aip,6bb69176e691199bc232da489374c042441471f0,regulation/closure/efsa/efsa-EN-1873-survey-guidelines.pdf,8fde77e19b2a73d27fcde454dc0f040eb221eb19f06bf0d6b20fcc968e375487,EXCLUDED_INVENTORIED,,legal holding not in the admitted canonical source closure; inventoried for recovery
wedge1-aip,6bb69176e691199bc232da489374c042441471f0,regulation/closure/efsa/efsa-EN-1873-survey-guidelines.txt,3d3a98f251b554cc3a92bbe9b5a025d313067474875114d52073f6845caa4846,EXCLUDED_INVENTORIED,,legal holding not in the admitted canonical source closure; inventoried for recovery
wedge1-aip,6bb69176e691199bc232da489374c042441471f0,regulation/closure/efsa/general-survey-guidelines-update-2025.pdf,0386a5126ecd8bb8eae6f630546fb14b8013ebb9f6ee020a021703be91c51b13,EXCLUDED_INVENTORIED,,legal holding not in the admitted canonical source closure; inventoried for recovery
wedge1-aip,6bb69176e691199bc232da489374c042441471f0,regulation/closure/efsa/general-survey-guidelines-update-2025.txt,e5803c81bd1b5ac164e59d8128024496078794b1d7ae1a0547e2868968153648,EXCLUDED_INVENTORIED,,legal holding not in the admitted canonical source closure; inventoried for recovery
wedge1-aip,6bb69176e691199bc232da489374c042441471f0,regulation/closure/efsa/pd-90-1382.pdf,a11391d267cddc32e9af86d46c33f500c811273e23c3aebb744ecfae6fd16b67,EXCLUDED_INVENTORIED,,legal holding not in the admitted canonical source closure; inventoried for recovery
wedge1-aip,6bb69176e691199bc232da489374c042441471f0,regulation/closure/efsa/pd-90-1382.txt,39dfab7f662167cd50922fbeb521299fa77714e47c4aed4ece6b2df1aebf06a3,EXCLUDED_INVENTORIED,,legal holding not in the admitted canonical source closure; inventoried for recovery
wedge1-aip,6bb69176e691199bc232da489374c042441471f0,regulation/closure/efsa/phyto-100-6-0601.pdf,db1ef797287fe429b77e9a7766f78c642e67e03ecb291a397e9458b28d09ee9d,EXCLUDED_INVENTORIED,,legal holding not in the admitted canonical source closure; inventoried for recovery
wedge1-aip,6bb69176e691199bc232da489374c042441471f0,regulation/closure/efsa/phyto-100-6-0601.txt,8c20da07b631f32b9243f08a809ddfbbb080f214693fdf4e860a81f82009fd85,EXCLUDED_INVENTORIED,,legal holding not in the admitted canonical source closure; inventoried for recovery
wedge1-aip,6bb69176e691199bc232da489374c042441471f0,regulation/closure/efsa/phyto-84-456.pdf,a79f8bd98cbacc4e22ffe87d7df17b75cfe76bfcee663db67c08d35d6d2c4359,EXCLUDED_INVENTORIED,,legal holding not in the admitted canonical source closure; inventoried for recovery
wedge1-aip,6bb69176e691199bc232da489374c042441471f0,regulation/closure/efsa/phyto-84-456.txt,aaa0b1c586c8fe8c88d452abaf9b63a5924cda0e241a7fb9834fac17d3c4cfbf,EXCLUDED_INVENTORIED,,legal holding not in the admitted canonical source closure; inventoried for recovery
wedge1-aip,6bb69176e691199bc232da489374c042441471f0,regulation/closure/efsa/ribess-plus-tool.html,185a53b0e444bac0d6f371182e8c8586f640ab2e626ad93fd23aba3bc1457c9b,EXCLUDED_INVENTORIED,,legal holding not in the admitted canonical source closure; inventoried for recovery
wedge1-aip,6bb69176e691199bc232da489374c042441471f0,regulation/closure/efsa/ribess-plus-tool.txt,f8f0c67f2ea963fa1f09e742a75b8d681b64a88e6f57e80258562da7f97bbe5a,EXCLUDED_INVENTORIED,,legal holding not in the admitted canonical source closure; inventoried for recovery
wedge1-aip,6bb69176e691199bc232da489374c042441471f0,regulation/closure/eppo/PM7-24-4-xfactors.html,fc4db519200856a2cb2403a6e5d9dc65a50384b4a27feac721e4d34568e6ffe1,EXCLUDED_INVENTORIED,,legal holding not in the admitted canonical source closure; inventoried for recovery
wedge1-aip,6bb69176e691199bc232da489374c042441471f0,regulation/closure/eppo/PM7-24-4-xylella.pdf,7525c75a38c3bbb377ca9fd20f51deb16737ab9348a53ef0f1af39079ea3ef54,EXCLUDED_INVENTORIED,,legal holding not in the admitted canonical source closure; inventoried for recovery
wedge1-aip,6bb69176e691199bc232da489374c042441471f0,regulation/closure/eppo/PM7-24-4-xylella.txt,e028db3ac7594626789df0b7f8097b4967fee6f0152381fb64900fd664cbb529,EXCLUDED_INVENTORIED,,legal holding not in the admitted canonical source closure; inventoried for recovery
wedge1-aip,6bb69176e691199bc232da489374c042441471f0,regulation/closure/eppo/pm7-diagnostics-index.html,27f62113a5eca697cb77e84bec2bfebcf53d0865f5210dec8615f93c4cc781cd,EXCLUDED_INVENTORIED,,legal holding not in the admitted canonical source closure; inventoried for recovery
wedge1-aip,6bb69176e691199bc232da489374c042441471f0,regulation/closure/eppo/xylefa-datasheet.pdf,491c5151e95119cfe2fda45e52ef70163a71485adab000ff240c02bfa06c5fc1,EXCLUDED_INVENTORIED,,legal holding not in the admitted canonical source closure; inventoried for recovery
wedge1-aip,6bb69176e691199bc232da489374c042441471f0,regulation/closure/eppo/xylefa-datasheet.txt,3895c300c7c0a743f0529633c8dade8548b75571cf67c157d6c811d45b4fb0d7,EXCLUDED_INVENTORIED,,legal holding not in the admitted canonical source closure; inventoried for recovery
wedge1-aip,6bb69176e691199bc232da489374c042441471f0,regulation/closure/eu/2000-29-repealed-predecessor.html,403f6320dec0d6e04de4933af43dbe63edd1ebe2d3258ed5858e273e9fabecef,EXCLUDED_INVENTORIED,,legal holding not in the admitted canonical source closure; inventoried for recovery
wedge1-aip,6bb69176e691199bc232da489374c042441471f0,regulation/closure/eu/2000-29-repealed-predecessor.txt,b188423ad6a85e383a8c7fa2e157c162e0af471ca90da8eade9ece75704ee807,EXCLUDED_INVENTORIED,,legal holding not in the admitted canonical source closure; inventoried for recovery
wedge1-aip,6bb69176e691199bc232da489374c042441471f0,regulation/closure/eu/2015-789-impl-decision-repealed.html,33de4f4c5660b40e9b1eaf691169b9390880d7549c077218eeb55617451eb9b9,EXCLUDED_INVENTORIED,,legal holding not in the admitted canonical source closure; inventoried for recovery
wedge1-aip,6bb69176e691199bc232da489374c042441471f0,regulation/closure/eu/2015-789-impl-decision-repealed.txt,9b170cf58483788e92ad72742167fe5bec7be7c19fe7f4504a5c5b6704364e0f,EXCLUDED_INVENTORIED,,legal holding not in the admitted canonical source closure; inventoried for recovery
wedge1-aip,6bb69176e691199bc232da489374c042441471f0,regulation/closure/eu/2016-2031-20260706.html,32b6c77047436553220827c7548293eeec7bfdb1ca723028e54ff1cf68b594a0,EXCLUDED_INVENTORIED,,legal holding not in the admitted canonical source closure; inventoried for recovery
wedge1-aip,6bb69176e691199bc232da489374c042441471f0,regulation/closure/eu/2016-2031-20260706.txt,c9b820e236ef4d629d5439938131c813f6bee7f5b871d352fc9ceb6dbd46bf5d,VERBATIM_ADMITTED,regulation/closure/eu/2016-2031-20260706.txt,"selected authority, source, research, evidence, or production input"
wedge1-aip,6bb69176e691199bc232da489374c042441471f0,regulation/closure/eu/2017-625-official-controls.html,2d96c3463bb02cc49d817d03672d5ad17db200d13a5545619a0eb067e468fe49,EXCLUDED_INVENTORIED,,legal holding not in the admitted canonical source closure; inventoried for recovery
wedge1-aip,6bb69176e691199bc232da489374c042441471f0,regulation/closure/eu/2017-625-official-controls.txt,2717feed2dd6f46d642e65db4555c0cfb033423551805d0d2a605c3f1e036531,VERBATIM_ADMITTED,regulation/closure/eu/2017-625-official-controls.txt,"selected authority, source, research, evidence, or production input"
wedge1-aip,6bb69176e691199bc232da489374c042441471f0,regulation/closure/eu/2019-1702-priority-pests.html,69f91414ddb3481a5c969f28b89b901b60413a031c8e57b2a9c27455477901fc,EXCLUDED_INVENTORIED,,legal holding not in the admitted canonical source closure; inventoried for recovery
wedge1-aip,6bb69176e691199bc232da489374c042441471f0,regulation/closure/eu/2019-1702-priority-pests.txt,cfb614a507d6fa86c03022ae1477d66c48ff21cf11fee09c85c1b59e4bb15bdc,EXCLUDED_INVENTORIED,,legal holding not in the admitted canonical source closure; inventoried for recovery
wedge1-aip,6bb69176e691199bc232da489374c042441471f0,regulation/closure/eu/2019-1715-notification-imsoc.html,69e40a5d605ef9f73de9982a573a915e17e1c3268462c4ab38b1ab053c5ef57a,EXCLUDED_INVENTORIED,,legal holding not in the admitted canonical source closure; inventoried for recovery
wedge1-aip,6bb69176e691199bc232da489374c042441471f0,regulation/closure/eu/2019-1715-notification-imsoc.txt,7d310f6b006f9adb7bafbc66415a63be287fcf272eff7e93889e6ea3527b0765,EXCLUDED_INVENTORIED,,legal holding not in the admitted canonical source closure; inventoried for recovery
wedge1-aip,6bb69176e691199bc232da489374c042441471f0,regulation/closure/eu/2021-1353-official-laboratory-derogation.html,22f63cffe09e4c5e90a5260be35ec775235ab15c6b17dfd6315d7ce0cac30bd7,VERBATIM_ADMITTED,regulation/closure/eu/2021-1353-official-laboratory-derogation.html,"selected authority, source, research, evidence, or production input"
wedge1-aip,6bb69176e691199bc232da489374c042441471f0,regulation/closure/eu/2024-3115-plant-health-amendment.html,5f14f5efc5af1931baf6a67b8380eca77100758959508fd1928a58c4fe4b5911,EXCLUDED_INVENTORIED,,legal holding not in the admitted canonical source closure; inventoried for recovery
wedge1-aip,6bb69176e691199bc232da489374c042441471f0,regulation/closure/eu/2024-3115-plant-health-amendment.txt,619dbf880db141c54eda017d2c6cbf2b255a24b0517ed23c15d53e5350f6cfe1,EXCLUDED_INVENTORIED,,legal holding not in the admitted canonical source closure; inventoried for recovery
wedge1-aip,6bb69176e691199bc232da489374c042441471f0,regulation/closure/eu/2025-2231-M6-amendment.html,ecfb5ad96af176fab519553e452a308768d8a574d622719361f31c82f471dbae,EXCLUDED_INVENTORIED,,legal holding not in the admitted canonical source closure; inventoried for recovery
wedge1-aip,6bb69176e691199bc232da489374c042441471f0,regulation/closure/eu/2025-2231-M6-amendment.txt,06a2f51d78f43b43cb67011050e50ce7949b36b3c954bfb5dae379ccdd5cb71c,EXCLUDED_INVENTORIED,,legal holding not in the admitted canonical source closure; inventoried for recovery
wedge1-aip,6bb69176e691199bc232da489374c042441471f0,regulation/closure/eu/amendments/M1-2021-1688.html,ca81f3a3ff11f96ed66159ea98f17c3e6ce920df2eb67af9bcca09f35cc3fdf1,EXCLUDED_INVENTORIED,,legal holding not in the admitted canonical source closure; inventoried for recovery
wedge1-aip,6bb69176e691199bc232da489374c042441471f0,regulation/closure/eu/amendments/M2-2021-2130.html,15db85d4bd5e2f513653098f349b6bfcf5b9df0c9c7de172e4143528c9345fb2,EXCLUDED_INVENTORIED,,legal holding not in the admitted canonical source closure; inventoried for recovery
wedge1-aip,6bb69176e691199bc232da489374c042441471f0,regulation/closure/eu/amendments/M3-2023-1706.html,e2c91b46ad7bde358a38175f9bf8bea1c88ceecc146e35624b2fb151b6edca3b,EXCLUDED_INVENTORIED,,legal holding not in the admitted canonical source closure; inventoried for recovery
wedge1-aip,6bb69176e691199bc232da489374c042441471f0,regulation/closure/eu/amendments/M4-2024-1320.html,5f3340951a454152ee1d874d820f7fa2946a980665294fe4e3589d69158474b0,EXCLUDED_INVENTORIED,,legal holding not in the admitted canonical source closure; inventoried for recovery
wedge1-aip,6bb69176e691199bc232da489374c042441471f0,regulation/closure/eu/amendments/M5-2024-2507.html,4906f077deaa47cadbb5778f1a683995ec42f96dc84460ea616d85eeaf632a1f,EXCLUDED_INVENTORIED,,legal holding not in the admitted canonical source closure; inventoried for recovery
wedge1-aip,6bb69176e691199bc232da489374c042441471f0,regulation/closure/eu/amendments/M5-2024-2507.txt,2559c3a679c80c68cf5414c4e8c7196159299ad51ff16aee5f7bfd5afd33c6db,EXCLUDED_INVENTORIED,,legal holding not in the admitted canonical source closure; inventoried for recovery
wedge1-aip,6bb69176e691199bc232da489374c042441471f0,regulation/closure/ispm/ISPM05-glossary.pdf,35e91e1f294420ec723388ca49d6bfd0d0424bf9c92f39896765d3ac00b1135f,EXCLUDED_INVENTORIED,,legal holding not in the admitted canonical source closure; inventoried for recovery
wedge1-aip,6bb69176e691199bc232da489374c042441471f0,regulation/closure/ispm/ISPM05-glossary.txt,78492cfbb7d48856bd0e9aafb8a04dafce3b98b54b36d6c650783467f5cc0852,EXCLUDED_INVENTORIED,,legal holding not in the admitted canonical source closure; inventoried for recovery
wedge1-aip,6bb69176e691199bc232da489374c042441471f0,regulation/closure/ispm/ISPM06-surveillance.pdf,7ede2a63fc72e0b58bc13ae881cca6a60cbc54615f6b649a6fd5d56b0c9ba0c1,EXCLUDED_INVENTORIED,,legal holding not in the admitted canonical source closure; inventoried for recovery
wedge1-aip,6bb69176e691199bc232da489374c042441471f0,regulation/closure/ispm/ISPM06-surveillance.txt,af05f4cc94b67cbe0645b1f1acf0b7feb996e27765f2e8083721946f97031cb8,EXCLUDED_INVENTORIED,,legal holding not in the admitted canonical source closure; inventoried for recovery
wedge1-aip,6bb69176e691199bc232da489374c042441471f0,regulation/closure/ispm/ISPM09-eradication-programmes.pdf,f539672f1c6ff5fb23fa91a56c041a7264a0c09a98bb9222f09f24cd9798725c,EXCLUDED_INVENTORIED,,legal holding not in the admitted canonical source closure; inventoried for recovery
wedge1-aip,6bb69176e691199bc232da489374c042441471f0,regulation/closure/ispm/ISPM09-eradication-programmes.txt,126f4604ba92c00c96eba3d1b71c68b47d2b3070897c74047f52f4af8438b185,EXCLUDED_INVENTORIED,,legal holding not in the admitted canonical source closure; inventoried for recovery
wedge1-aip,6bb69176e691199bc232da489374c042441471f0,regulation/closure/ispm/ISPM14-systems-approach.pdf,39989443d479918c360e41a6deb35b813c5491a1c7da8d3e42f17634980486ac,EXCLUDED_INVENTORIED,,legal holding not in the admitted canonical source closure; inventoried for recovery
wedge1-aip,6bb69176e691199bc232da489374c042441471f0,regulation/closure/ispm/ISPM14-systems-approach.txt,028172bc21a07bf8aca52e5999091052709a106711cca9506bb8d24220c46c45,EXCLUDED_INVENTORIED,,legal holding not in the admitted canonical source closure; inventoried for recovery
wedge1-aip,6bb69176e691199bc232da489374c042441471f0,regulation/closure/ispm/ISPM27-DP25-xylella-rev2025.pdf,afd820c37137279d7651eae469cdeefd6dfab4711247af0d294e08eca2df2f9d,EXCLUDED_INVENTORIED,,legal holding not in the admitted canonical source closure; inventoried for recovery
wedge1-aip,6bb69176e691199bc232da489374c042441471f0,regulation/closure/ispm/ISPM27-DP25-xylella-rev2025.txt,9b105de849887f6dbe0e9bdbe6273755e2aed8c1a62a13997867474de99f6514,EXCLUDED_INVENTORIED,,legal holding not in the admitted canonical source closure; inventoried for recovery
wedge1-aip,6bb69176e691199bc232da489374c042441471f0,regulation/closure/ispm/ISPM27-DP25-xylella.pdf,afd820c37137279d7651eae469cdeefd6dfab4711247af0d294e08eca2df2f9d,EXCLUDED_INVENTORIED,,legal holding not in the admitted canonical source closure; inventoried for recovery
wedge1-aip,6bb69176e691199bc232da489374c042441471f0,regulation/closure/ispm/ISPM27-DP25-xylella.txt,9b105de849887f6dbe0e9bdbe6273755e2aed8c1a62a13997867474de99f6514,EXCLUDED_INVENTORIED,,legal holding not in the admitted canonical source closure; inventoried for recovery
wedge1-aip,6bb69176e691199bc232da489374c042441471f0,regulation/closure/ispm/ISPM27-diagnostic-protocols.pdf,700e8c45d0bcd4cf42f2f77fcfd23a047aeea51c140fdfbe260fcb0ce5c7ce92,EXCLUDED_INVENTORIED,,legal holding not in the admitted canonical source closure; inventoried for recovery
wedge1-aip,6bb69176e691199bc232da489374c042441471f0,regulation/closure/ispm/ISPM27-diagnostic-protocols.txt,f8a4bf9fa4ae855766dfc4784412375a1d5155e474e043f8876f8b2735ebdcf6,EXCLUDED_INVENTORIED,,legal holding not in the admitted canonical source closure; inventoried for recovery
wedge1-aip,6bb69176e691199bc232da489374c042441471f0,regulation/closure/ispm/ISPM31-sampling-consignments.pdf,addca0b7d47bbb886737c04311330bbf96f263f5df67288df15ddc6c889fada8,EXCLUDED_INVENTORIED,,legal holding not in the admitted canonical source closure; inventoried for recovery
wedge1-aip,6bb69176e691199bc232da489374c042441471f0,regulation/closure/ispm/ISPM31-sampling-consignments.txt,c6df0ee0061a85cecb92d5b5b6f0a656e80444143518479656c54953c19f3131,EXCLUDED_INVENTORIED,,legal holding not in the admitted canonical source closure; inventoried for recovery
wedge1-aip,6bb69176e691199bc232da489374c042441471f0,regulation/closure/ispm/ISPM_List.pdf,4d789589157e5bebf9ca704652b014adcc73dc79bae7f82513199fd60fd9389a,EXCLUDED_INVENTORIED,,legal holding not in the admitted canonical source closure; inventoried for recovery
wedge1-aip,6bb69176e691199bc232da489374c042441471f0,regulation/closure/ispm/ISPM_List.txt,c46cc48e383a637c57bf1078d624c7dd3f94f660772ac90fd8cf68c39f9dabd5,EXCLUDED_INVENTORIED,,legal holding not in the admitted canonical source closure; inventoried for recovery
wedge1-aip,6bb69176e691199bc232da489374c042441471f0,regulation/closure/manifest-consolidations.tsv,dae24228c7a2705220a41f3fb6caa7e4b157610d8d53d32e96db0ad8643b1778,EXCLUDED_INVENTORIED,,legal holding not in the admitted canonical source closure; inventoried for recovery
wedge1-aip,6bb69176e691199bc232da489374c042441471f0,regulation/closure/manifest-consolidations2.tsv,5b322bd6949de37275ed46890dc59e046c16be2d121477afe00ac19b2de62223,EXCLUDED_INVENTORIED,,legal holding not in the admitted canonical source closure; inventoried for recovery
wedge1-aip,6bb69176e691199bc232da489374c042441471f0,regulation/closure/manifest-current-dependencies.tsv,87a5d5b66be9d45fde9cbc56522be46eb2054d9b5f70a983d8c790cc012e79d7,EXCLUDED_INVENTORIED,,legal holding not in the admitted canonical source closure; inventoried for recovery
wedge1-aip,6bb69176e691199bc232da489374c042441471f0,regulation/closure/manifest-eu.tsv,57685ce5b953488d51264ee8aa09d7052b28a08a1f21217a8d8eb7bbdd10c177,EXCLUDED_INVENTORIED,,legal holding not in the admitted canonical source closure; inventoried for recovery
wedge1-aip,6bb69176e691199bc232da489374c042441471f0,regulation/closure/manifest-frontier.tsv,c8e9c0e8b1546f267c5e2e97660664d5406fe181b4e704ab86aa70fb3972fab5,EXCLUDED_INVENTORIED,,legal holding not in the admitted canonical source closure; inventoried for recovery
wedge1-aip,6bb69176e691199bc232da489374c042441471f0,regulation/closure/manifest-protocols.tsv,6cdc8e8c4271dd91dd9276a0af505b844059676cd3405c3cbf0e965db926f674,EXCLUDED_INVENTORIED,,legal holding not in the admitted canonical source closure; inventoried for recovery
wedge1-aip,6bb69176e691199bc232da489374c042441471f0,regulation/closure/tests/dupas-2019-realtime-pcr.pdf,8f27bfdda22ef6d93b3e93a6a9836dfb276b99b610093482c59763551e66976f,EXCLUDED_INVENTORIED,,legal holding not in the admitted canonical source closure; inventoried for recovery
wedge1-aip,6bb69176e691199bc232da489374c042441471f0,regulation/closure/tests/dupas-2019-realtime-pcr.txt,9855c5d877582af331215f4217ef4c61bd8e2efed24334a584cecf440710d90f,EXCLUDED_INVENTORIED,,legal holding not in the admitted canonical source closure; inventoried for recovery
wedge1-aip,6bb69176e691199bc232da489374c042441471f0,regulation/closure/tests/harper-2010-realtime-pcr.html,f36c82f026c024ba436d5da2ce0b2fbc2823c9da05cb5b276c848cabf62355d1,EXCLUDED_INVENTORIED,,legal holding not in the admitted canonical source closure; inventoried for recovery
wedge1-aip,6bb69176e691199bc232da489374c042441471f0,regulation/closure/tests/harper-2010-realtime-pcr.txt,2062539d38f94ef04c8d0ff0e3a07adf65cc6205f9c60aca5406f82bdaa1249e,EXCLUDED_INVENTORIED,,legal holding not in the admitted canonical source closure; inventoried for recovery
wedge1-aip,6bb69176e691199bc232da489374c042441471f0,regulation/closure/tests/hodgetts-2021-realtime-pcr.pdf,bab2de37de68f12978b10f4cf9cf2cd7e5b5e5c3d8bd3e6917cfbc2f837eca28,EXCLUDED_INVENTORIED,,legal holding not in the admitted canonical source closure; inventoried for recovery
wedge1-aip,6bb69176e691199bc232da489374c042441471f0,regulation/closure/tests/hodgetts-2021-realtime-pcr.txt,3c691b343670b071c82224b6ca9f9b360c8f9fd2f6ed78bf17f01a5befdb234f,EXCLUDED_INVENTORIED,,legal holding not in the admitted canonical source closure; inventoried for recovery
wedge1-aip,6bb69176e691199bc232da489374c042441471f0,regulation/closure/tests/ouyang-2013-realtime-pcr.pdf,888ffa2f155b67fed64531f53ee471b78ab4f25fa86d7899f5400cb2336502ee,EXCLUDED_INVENTORIED,,legal holding not in the admitted canonical source closure; inventoried for recovery
wedge1-aip,6bb69176e691199bc232da489374c042441471f0,regulation/closure/tests/ouyang-2013-realtime-pcr.txt,072cf6e09587571cf503be2df94f613a5acce1e2a0e5ceab5d3ebafc99adb4c5,EXCLUDED_INVENTORIED,,legal holding not in the admitted canonical source closure; inventoried for recovery
wedge1-aip,6bb69176e691199bc232da489374c042441471f0,regulation/closure/tests/pooler-hartung-1995-pcr-pauca.html,76a6f2f3e7ce9440a81b3230906647f1191e6869f296d905a4e49bce44d680c2,EXCLUDED_INVENTORIED,,legal holding not in the admitted canonical source closure; inventoried for recovery
wedge1-aip,6bb69176e691199bc232da489374c042441471f0,regulation/closure/tests/pooler-hartung-1995-pcr-pauca.txt,4262e52ded31853688c128be7db0e2f54cacc9a89b9565dc675e2e2c4672c30f,EXCLUDED_INVENTORIED,,legal holding not in the admitted canonical source closure; inventoried for recovery
wedge1-aip,6bb69176e691199bc232da489374c042441471f0,regulation/jurisdiction/DEL_1559_2025.pdf,dd37ac4fd9e4cce3f5f58076c4576d566dbed8bc94649a4e27ccdcdd486d8ce1,EXCLUDED_INVENTORIED,,legal holding not in the admitted canonical source closure; inventoried for recovery
wedge1-aip,6bb69176e691199bc232da489374c042441471f0,regulation/jurisdiction/EMERGENZAXYLELLA_SOURCE_INVENTORY.md,ba933132c3f624532a9563eaf03c03063dca919d27d72cadb9fb24a80d3cf680,EXCLUDED_INVENTORIED,,legal holding not in the admitted canonical source closure; inventoried for recovery
wedge1-aip,6bb69176e691199bc232da489374c042441471f0,regulation/jurisdiction/GRILL_DECISIONS.md,5507a3167388fd19624ae211758b7b379f92b487e7ebe2edeaf7857177f59483,VERBATIM_ADMITTED,corpus/evidence/wedge1-aip/regulatory-reasoning/GRILL_DECISIONS.md,"selected authority, source, research, evidence, or production input"
wedge1-aip,6bb69176e691199bc232da489374c042441471f0,regulation/jurisdiction/JURISDICTIONAL_SCHEMA_DERIVATION.md,87719dd61d0ba6eac97607d4a62d9c9641173726f7e4a3c9d0f009a42aedf595,VERBATIM_ADMITTED,corpus/evidence/wedge1-aip/regulatory-reasoning/JURISDICTIONAL_SCHEMA_DERIVATION.md,"selected authority, source, research, evidence, or production input"
wedge1-aip,6bb69176e691199bc232da489374c042441471f0,regulation/jurisdiction/OSSERVATORIO_SOURCE_POPULATION_CONTRACT.md,226cea9df8ca2563daea9dad978add5f37437ead0bf8d954b73dea3f236e92f2,EXCLUDED_INVENTORIED,,legal holding not in the admitted canonical source closure; inventoried for recovery
wedge1-aip,6bb69176e691199bc232da489374c042441471f0,regulation/jurisdiction/REGIONAL_ACT_IDENTITY_CONTRACT.md,a44d981fba7af288f667c1597a11316ea8a363988eab85d47c35ec2391a582b8,EXCLUDED_INVENTORIED,,legal holding not in the admitted canonical source closure; inventoried for recovery
wedge1-aip,6bb69176e691199bc232da489374c042441471f0,regulation/jurisdiction/STAGE_A_AUTHORITY_SNAPSHOT.json,90e0020173db53b32443748d132611aefd0b62f5a3abeb59bbfaec25c75a0567,VERBATIM_ADMITTED,corpus/evidence/wedge1-aip/regulatory-reasoning/STAGE_A_AUTHORITY_SNAPSHOT.json,"selected authority, source, research, evidence, or production input"
wedge1-aip,6bb69176e691199bc232da489374c042441471f0,regulation/jurisdiction/area-instrument-register.csv,ca022f69b289dd2f94608445ccdacd1361d3cae9db6822e09025b38228352f69,EXCLUDED_INVENTORIED,,legal holding not in the admitted canonical source closure; inventoried for recovery
wedge1-aip,6bb69176e691199bc232da489374c042441471f0,regulation/jurisdiction/canonical/authoring.json,6ba04a3a3facef23a285a275bea5e51e1bf62b90c04fb0fbb909c83a80518221,VERBATIM_ADMITTED,regulation/jurisdiction/canonical/authoring.json,"selected authority, source, research, evidence, or production input"
wedge1-aip,6bb69176e691199bc232da489374c042441471f0,regulation/jurisdiction/emergenza-portal/.gitignore,194fdfce8ed4cfc9143154232fff3f45fa9f702078fedcda4b96700b6c8c33dc,EXCLUDED_INVENTORIED,,legal holding not in the admitted canonical source closure; inventoried for recovery
wedge1-aip,6bb69176e691199bc232da489374c042441471f0,regulation/jurisdiction/emergenza-portal/CHECKLIST.md,09dbcd677f261c26850b66a430833e3fc53f5e256feb5d6d4c6c52f5de718ab9,EXCLUDED_INVENTORIED,,legal holding not in the admitted canonical source closure; inventoried for recovery
wedge1-aip,6bb69176e691199bc232da489374c042441471f0,regulation/jurisdiction/emergenza-portal/README.md,92c23f06173e2564f48fa8519f8b91dfec8fa1c32f81df04ae7d7ceb7dda74c4,EXCLUDED_INVENTORIED,,legal holding not in the admitted canonical source closure; inventoried for recovery
wedge1-aip,6bb69176e691199bc232da489374c042441471f0,regulation/jurisdiction/emergenza-portal/manifests/shelf.csv,74a169e5866e548f3de21bd8be55c85a53a4509a8daa9ca72633273bf40afd7f,EXCLUDED_INVENTORIED,,legal holding not in the admitted canonical source closure; inventoried for recovery
wedge1-aip,6bb69176e691199bc232da489374c042441471f0,regulation/jurisdiction/emergenza-portal/notes/cartografia-fetch.csv,a581b2bfc94572588f42100eecdef210023ade7df1e05c16cea5762700eee0ef,EXCLUDED_INVENTORIED,,legal holding not in the admitted canonical source closure; inventoried for recovery
wedge1-aip,6bb69176e691199bc232da489374c042441471f0,regulation/jurisdiction/emergenza-portal/notes/regional-cards-full.csv,8b829a4af996b7b29aae5cb9242bc2241958d161a33f264348ee3e3b95f46b61,EXCLUDED_INVENTORIED,,legal holding not in the admitted canonical source closure; inventoried for recovery
wedge1-aip,6bb69176e691199bc232da489374c042441471f0,regulation/jurisdiction/emergenza-portal/notes/regional-cards-full.json,3ede6ca339863e6f40401d003d1c3c5812b2eb99d7b35755b7603ce6e32cc146,EXCLUDED_INVENTORIED,,legal holding not in the admitted canonical source closure; inventoried for recovery
wedge1-aip,6bb69176e691199bc232da489374c042441471f0,regulation/jurisdiction/emergenza-portal/notes/regional-cards-page.json,1d18e3145b0a3dd55f4eebd833a107c4681bf5add37dca129ee06b588916be4a,EXCLUDED_INVENTORIED,,legal holding not in the admitted canonical source closure; inventoried for recovery
wedge1-aip,6bb69176e691199bc232da489374c042441471f0,regulation/jurisdiction/emergenza-portal/scripts/hash_incoming.py,6a4006435edfa7118223b4d33774bfa279557e51ca017b98b27825e9e778e4bb,EXCLUDED_INVENTORIED,,legal holding not in the admitted canonical source closure; inventoried for recovery
wedge1-aip,6bb69176e691199bc232da489374c042441471f0,regulation/jurisdiction/emergenzaxylella-collection-dispositions.csv,0ec11c1ee7f817932c3c1e78b78e95e8d3bf0d17cfa223be2c825811a7123f1a,EXCLUDED_INVENTORIED,,legal holding not in the admitted canonical source closure; inventoried for recovery
wedge1-aip,6bb69176e691199bc232da489374c042441471f0,regulation/jurisdiction/emergenzaxylella-regional-register-summary.json,9d4012d48e6f62f5ef832916db4b67cb7ec9c3b4cf7894b294d53c73892b42e4,EXCLUDED_INVENTORIED,,legal holding not in the admitted canonical source closure; inventoried for recovery
wedge1-aip,6bb69176e691199bc232da489374c042441471f0,regulation/jurisdiction/emergenzaxylella-regional-register.csv,2922d943c666b1f80cb48612e92b28ab6c302d4304c04d5cc6997028111b9b8c,EXCLUDED_INVENTORIED,,legal holding not in the admitted canonical source closure; inventoried for recovery
wedge1-aip,6bb69176e691199bc232da489374c042441471f0,regulation/jurisdiction/emergenzaxylella-regional-register.raw.json,112576e30db638ba88dc6483dbf373e7091ecab5a26e6a9c54168b8d4df4536e,EXCLUDED_INVENTORIED,,legal holding not in the admitted canonical source closure; inventoried for recovery
wedge1-aip,6bb69176e691199bc232da489374c042441471f0,regulation/jurisdiction/foundry-instrument-copies.csv,b568e306b995fbce28e65be5a083add6961b0f6c580a11aaf25cb92dbc78530b,EXCLUDED_INVENTORIED,,legal holding not in the admitted canonical source closure; inventoried for recovery
wedge1-aip,6bb69176e691199bc232da489374c042441471f0,regulation/jurisdiction/foundry-instrument-media-items.csv,841c14fee8cb830fc28d41bbe6065c4f79a58587c55d011c631cf9dc367546c3,EXCLUDED_INVENTORIED,,legal holding not in the admitted canonical source closure; inventoried for recovery
wedge1-aip,6bb69176e691199bc232da489374c042441471f0,regulation/jurisdiction/generated/condition-graph.json,b608ead90f22aebfd2df2c16eb9c49378619a24f182314148b55db8a5b559ad7,VERBATIM_ADMITTED,regulation/jurisdiction/generated/condition-graph.json,"selected authority, source, research, evidence, or production input"
wedge1-aip,6bb69176e691199bc232da489374c042441471f0,regulation/jurisdiction/generated/dependency-manifest.csv,1de8a36b973f92bee59911570f175c8bc82b8009acf8bbd4577280fb526d2618,VERBATIM_ADMITTED,regulation/jurisdiction/generated/dependency-manifest.csv,"selected authority, source, research, evidence, or production input"
wedge1-aip,6bb69176e691199bc232da489374c042441471f0,regulation/jurisdiction/generated/generation-status.json,42ab47e9dbcae03a1df1cf4ba18d01e953a297ac8eb5ccaad6ad1ff7d9a59e7a,VERBATIM_ADMITTED,regulation/jurisdiction/generated/generation-status.json,"selected authority, source, research, evidence, or production input"
wedge1-aip,6bb69176e691199bc232da489374c042441471f0,regulation/jurisdiction/generated/provision-versions.csv,0e026bf4a2b3eb463a1e7660084720aad459e176d953ab535e1d866f01215571,VERBATIM_ADMITTED,regulation/jurisdiction/generated/provision-versions.csv,"selected authority, source, research, evidence, or production input"
wedge1-aip,6bb69176e691199bc232da489374c042441471f0,regulation/jurisdiction/generated/stable-provisions.csv,3e974dea3dde73e1a4401a56be5fe7c0fde0596b7c7ff686446fb7676454f923,VERBATIM_ADMITTED,regulation/jurisdiction/generated/stable-provisions.csv,"selected authority, source, research, evidence, or production input"
wedge1-aip,6bb69176e691199bc232da489374c042441471f0,regulation/jurisdiction/historical-removal-register.csv,67c5f3f8325c4c2c423908b2d482ca6042ac9dea21f99ac5d62d6d032aae1982,EXCLUDED_INVENTORIED,,legal holding not in the admitted canonical source closure; inventoried for recovery
wedge1-aip,6bb69176e691199bc232da489374c042441471f0,regulation/jurisdiction/manifest-aid-eu.tsv,1ca1f307b262b06431bbe8de8f0910fecc5c1950caad2f2c06b2995a58be3e27,EXCLUDED_INVENTORIED,,legal holding not in the admitted canonical source closure; inventoried for recovery
wedge1-aip,6bb69176e691199bc232da489374c042441471f0,regulation/jurisdiction/manifest-amendments.tsv,b4b75b9964c9b49a245f25e10f04db7643b3c42793ce338e2c4e86b3742cbc38,EXCLUDED_INVENTORIED,,legal holding not in the admitted canonical source closure; inventoried for recovery
wedge1-aip,6bb69176e691199bc232da489374c042441471f0,regulation/jurisdiction/manifest-area-acts.tsv,70226b862981034d22d3b8e29085142c228d11ebe95709f025f8d27bb5ed23f6,EXCLUDED_INVENTORIED,,legal holding not in the admitted canonical source closure; inventoried for recovery
wedge1-aip,6bb69176e691199bc232da489374c042441471f0,regulation/jurisdiction/manifest-current-close.tsv,7debcbc3ecc8a5d021119b9df07ec43c7f6f13d53f65e8916033ed258df3ce5c,EXCLUDED_INVENTORIED,,legal holding not in the admitted canonical source closure; inventoried for recovery
wedge1-aip,6bb69176e691199bc232da489374c042441471f0,regulation/jurisdiction/manifest-dds112.tsv,09cc3c1d95ce6992c0ad731fdd671f00ddf5191da9b8c919d9a2fc2929f43c93,EXCLUDED_INVENTORIED,,legal holding not in the admitted canonical source closure; inventoried for recovery
wedge1-aip,6bb69176e691199bc232da489374c042441471f0,regulation/jurisdiction/manifest-dgr570.tsv,c1452889360e120f20fe30c2ab0c65f5a914ca927b8a5944894b28187318a6a7,EXCLUDED_INVENTORIED,,legal holding not in the admitted canonical source closure; inventoried for recovery
wedge1-aip,6bb69176e691199bc232da489374c042441471f0,regulation/jurisdiction/manifest-ferro-closed.tsv,860633e5f1ca661be822a6e7d92570b0b65761379cc3307026da82db876a7107,EXCLUDED_INVENTORIED,,legal holding not in the admitted canonical source closure; inventoried for recovery
wedge1-aip,6bb69176e691199bc232da489374c042441471f0,regulation/jurisdiction/manifest-historical-removal.tsv,ede39e95b9fe8b37253245058404fab57e7469eb5960719219bc74ad7c35758f,EXCLUDED_INVENTORIED,,legal holding not in the admitted canonical source closure; inventoried for recovery
wedge1-aip,6bb69176e691199bc232da489374c042441471f0,regulation/jurisdiction/manifest-osservatorio-direct.tsv,9cd87e543796594262d6be06c2b5c6ecb75f2cdaa9b49edd1b560925a2211c75,EXCLUDED_INVENTORIED,,legal holding not in the admitted canonical source closure; inventoried for recovery
wedge1-aip,6bb69176e691199bc232da489374c042441471f0,regulation/jurisdiction/manifest-portal-current-meaning.tsv,bbba3d6821b3e1854a2fff0ac539f91a04493f463a43639e14592d3b49f932bd,EXCLUDED_INVENTORIED,,legal holding not in the admitted canonical source closure; inventoried for recovery
wedge1-aip,6bb69176e691199bc232da489374c042441471f0,regulation/jurisdiction/manifest-primary.tsv,47803e2919c70c2d8bd018a7f192efbe102b611403ff5c00048b53012336061c,EXCLUDED_INVENTORIED,,legal holding not in the admitted canonical source closure; inventoried for recovery
wedge1-aip,6bb69176e691199bc232da489374c042441471f0,regulation/jurisdiction/manifest-recursive.tsv,01f6ab18bc05388f5229a19d8ec69f9c8f2ac4bd6479719a509ee9ba16a0bdbc,EXCLUDED_INVENTORIED,,legal holding not in the admitted canonical source closure; inventoried for recovery
wedge1-aip,6bb69176e691199bc232da489374c042441471f0,regulation/jurisdiction/manifest-technical.tsv,8468f9d427a241caea94c5010570b3cfaeafd780a1bfa1353228ab8f6839ba83,EXCLUDED_INVENTORIED,,legal holding not in the admitted canonical source closure; inventoried for recovery
wedge1-aip,6bb69176e691199bc232da489374c042441471f0,regulation/jurisdiction/manifest-u181-body-review.tsv,4fda340ac1f69567ea0024899b2fb524e1f6d4623271159414d50674eb4e7727,EXCLUDED_INVENTORIED,,legal holding not in the admitted canonical source closure; inventoried for recovery
wedge1-aip,6bb69176e691199bc232da489374c042441471f0,regulation/jurisdiction/manifest-vector2025.tsv,0daa3e9dc83048db2867a5e1429f86158000123bce58085462ea4b9d8373fc96,EXCLUDED_INVENTORIED,,legal holding not in the admitted canonical source closure; inventoried for recovery
wedge1-aip,6bb69176e691199bc232da489374c042441471f0,regulation/jurisdiction/national/DM-169819-2022-laboratories.pdf,1cad6f5d9d9d638222f245c455ce671b4f14abff068a48267e85ff7f22be60b6,EXCLUDED_INVENTORIED,,legal holding not in the admitted canonical source closure; inventoried for recovery
wedge1-aip,6bb69176e691199bc232da489374c042441471f0,regulation/jurisdiction/national/DM-169819-2022-laboratories.txt,ef1b6383a40702833003e29d9a6226450d81e53afe8d08daf3a888aa0ea06481,VERBATIM_ADMITTED,regulation/jurisdiction/national/DM-169819-2022-laboratories.txt,"selected authority, source, research, evidence, or production input"
wedge1-aip,6bb69176e691199bc232da489374c042441471f0,regulation/jurisdiction/national/DM-2022-Xylella-plan.txt,dcb229434d61e1f1dc7287420139bea4313dd65446e8134dff7d729587a7f41f,VERBATIM_ADMITTED,regulation/jurisdiction/national/DM-2022-Xylella-plan.txt,"selected authority, source, research, evidence, or production input"
wedge1-aip,6bb69176e691199bc232da489374c042441471f0,regulation/jurisdiction/national/DM-348260-2026-Xylella-plan.pdf,7d6718932261bc42bb7aa567c37c2977fa1b8a8fd43388fa43300d9ebd806e3d,EXCLUDED_INVENTORIED,,legal holding not in the admitted canonical source closure; inventoried for recovery
wedge1-aip,6bb69176e691199bc232da489374c042441471f0,regulation/jurisdiction/national/DM-348260-2026-Xylella-plan.txt,ab76a8905f7c622925093d020e1ce54b43e82ba03670e442dadab6e1fd7a0da2,VERBATIM_ADMITTED,regulation/jurisdiction/national/DM-348260-2026-Xylella-plan.txt,"selected authority, source, research, evidence, or production input"
wedge1-aip,6bb69176e691199bc232da489374c042441471f0,regulation/jurisdiction/national/DTU-39-Xylella-rev1.pdf,f531ff5b0b6c830e91ac3946b7c65aa5126773f13ed3c72e6a1ef32a12e5e941,EXCLUDED_INVENTORIED,,legal holding not in the admitted canonical source closure; inventoried for recovery
wedge1-aip,6bb69176e691199bc232da489374c042441471f0,regulation/jurisdiction/national/DTU-39-Xylella-rev1.txt,b0fa2961587ab774eceb5f9e2078fbb33a41be6b278f37053b7ad1f8b493da48,VERBATIM_ADMITTED,regulation/jurisdiction/national/DTU-39-Xylella-rev1.txt,"selected authority, source, research, evidence, or production input"
wedge1-aip,6bb69176e691199bc232da489374c042441471f0,regulation/jurisdiction/national/DTU-8-rev2-2025-01-07.pdf,c91cd4834c18440ac83c10adf751c21eb72ff2471c011cddf0addff667482bdb,EXCLUDED_INVENTORIED,,legal holding not in the admitted canonical source closure; inventoried for recovery
wedge1-aip,6bb69176e691199bc232da489374c042441471f0,regulation/jurisdiction/national/DTU-8-rev2-2025-01-07.txt,5c3b2acc0a3e4034124b0874c0614f2f19b6bbcafa8e99287d3788f59faac937,VERBATIM_ADMITTED,regulation/jurisdiction/national/DTU-8-rev2-2025-01-07.txt,"selected authority, source, research, evidence, or production input"
wedge1-aip,6bb69176e691199bc232da489374c042441471f0,regulation/jurisdiction/national/DTU39rev0.pdf,397e03eafc0717feaddf2795782941d5488e008c7730683d7a21c58dad22f258,EXCLUDED_INVENTORIED,,legal holding not in the admitted canonical source closure; inventoried for recovery
wedge1-aip,6bb69176e691199bc232da489374c042441471f0,regulation/jurisdiction/national/EU-2019-1013.html,fcba635029fe76c33a4dc82ca188c5cb15cc4c10d7117c01d7c9dd211605ea33,EXCLUDED_INVENTORIED,,legal holding not in the admitted canonical source closure; inventoried for recovery
wedge1-aip,6bb69176e691199bc232da489374c042441471f0,regulation/jurisdiction/national/EU-2019-1013.txt,671b020beb63865d2e9b782520ab121097e16bbeb7e83f90a4cc7dc4d7269292,EXCLUDED_INVENTORIED,,legal holding not in the admitted canonical source closure; inventoried for recovery
wedge1-aip,6bb69176e691199bc232da489374c042441471f0,regulation/jurisdiction/national/EU-2019-2072-20250126.html,ed13cbca2d6dd690ab73c3c893d2e341baaa40a55b2c4d9a0337e070fea51f67,EXCLUDED_INVENTORIED,,legal holding not in the admitted canonical source closure; inventoried for recovery
wedge1-aip,6bb69176e691199bc232da489374c042441471f0,regulation/jurisdiction/national/EU-2019-2072-20250126.txt,d37918d9069b20994932d6f5ebcb0c506a3d140c28ae5af86263b64707e24170,EXCLUDED_INVENTORIED,,legal holding not in the admitted canonical source closure; inventoried for recovery
wedge1-aip,6bb69176e691199bc232da489374c042441471f0,regulation/jurisdiction/national/EU-2019-66.txt,2a2f390d64283c9ec65819ecbc6abd081c2f39f49b20b99a291cf57b62b797ff,EXCLUDED_INVENTORIED,,legal holding not in the admitted canonical source closure; inventoried for recovery
wedge1-aip,6bb69176e691199bc232da489374c042441471f0,regulation/jurisdiction/national/EU-2022-2472-20231213.txt,3efdb5381d6aa41494cfd3aa20515cd6b1a22490e11561aff2663d6f969c5118,EXCLUDED_INVENTORIED,,legal holding not in the admitted canonical source closure; inventoried for recovery
wedge1-aip,6bb69176e691199bc232da489374c042441471f0,regulation/jurisdiction/national/IT-CFN-ORD-3-2023.txt,9db60fce50fefebb0cc9fdca06804c0e308d8ed81b8c68c105b51780177e5da7,VERBATIM_ADMITTED,regulation/jurisdiction/national/IT-CFN-ORD-3-2023.txt,"selected authority, source, research, evidence, or production input"
wedge1-aip,6bb69176e691199bc232da489374c042441471f0,regulation/jurisdiction/national/IT-DL44-2023-A23.txt,3b027e87049761209ff15d124fe7b1b91779460ffef6ed7c227bb6ebaff2ff57,EXCLUDED_INVENTORIED,,legal holding not in the admitted canonical source closure; inventoried for recovery
wedge1-aip,6bb69176e691199bc232da489374c042441471f0,regulation/jurisdiction/national/IT-DLGS-19-2021-relevant.txt,e35668e5ca1877a86fa74f81446f8d074421f74c32f8ccf572e316fa10e5c9cc,EXCLUDED_INVENTORIED,,legal holding not in the admitted canonical source closure; inventoried for recovery
wedge1-aip,6bb69176e691199bc232da489374c042441471f0,regulation/jurisdiction/national/IT-DLGS19-A10-20210313.txt,c778f4149c15f5b65848abffeeedccd7419f53da158a2ad77e6bf42309b5b0b4,VERBATIM_ADMITTED,regulation/jurisdiction/national/IT-DLGS19-A10-20210313.txt,"selected authority, source, research, evidence, or production input"
wedge1-aip,6bb69176e691199bc232da489374c042441471f0,regulation/jurisdiction/national/IT-DLGS19-A10-20260828.txt,030e65c06c63afb2787aac7d1e92c80e5c26dddecd08376076ac3786ed573252,EXCLUDED_INVENTORIED,,legal holding not in the admitted canonical source closure; inventoried for recovery
wedge1-aip,6bb69176e691199bc232da489374c042441471f0,regulation/jurisdiction/national/IT-DLGS19-A10.txt,f7b4a65cac427294c97871fc8657e66b5297126421f299c31ebb6cf5ac2aa027,EXCLUDED_INVENTORIED,,legal holding not in the admitted canonical source closure; inventoried for recovery
wedge1-aip,6bb69176e691199bc232da489374c042441471f0,regulation/jurisdiction/national/IT-DLGS19-A11-20210313.txt,d3fffcf48658f6cc7a555453b767c6381dbdb2ca579bd8a74fbf8b1bfcf3bc98,VERBATIM_ADMITTED,regulation/jurisdiction/national/IT-DLGS19-A11-20210313.txt,"selected authority, source, research, evidence, or production input"
wedge1-aip,6bb69176e691199bc232da489374c042441471f0,regulation/jurisdiction/national/IT-DLGS19-A11-20260828.txt,009bc870167632d17ad01d0b97925b3d3eba2af45332f66e3e83a5047c9004dc,EXCLUDED_INVENTORIED,,legal holding not in the admitted canonical source closure; inventoried for recovery
wedge1-aip,6bb69176e691199bc232da489374c042441471f0,regulation/jurisdiction/national/IT-DLGS19-A11.txt,2d4a7ac58b8c83bcb3169ece810b4ce37a376b5778e753f4d460fba802bbd771,EXCLUDED_INVENTORIED,,legal holding not in the admitted canonical source closure; inventoried for recovery
wedge1-aip,6bb69176e691199bc232da489374c042441471f0,regulation/jurisdiction/national/IT-DLGS19-A13-20210313.txt,cb1ce8d01d0392877a9da445c5ee8c5ef36740f85b4a65a45468792bb02d4889,VERBATIM_ADMITTED,regulation/jurisdiction/national/IT-DLGS19-A13-20210313.txt,"selected authority, source, research, evidence, or production input"
wedge1-aip,6bb69176e691199bc232da489374c042441471f0,regulation/jurisdiction/national/IT-DLGS19-A13-20260828.txt,3cde46a923e83aeba92abfbfd87e61699d4be02c80294629d8f1cd058f4a6ad5,EXCLUDED_INVENTORIED,,legal holding not in the admitted canonical source closure; inventoried for recovery
wedge1-aip,6bb69176e691199bc232da489374c042441471f0,regulation/jurisdiction/national/IT-DLGS19-A13.txt,f28b93763f1a0a875241ac383024ee7d685821a2abc91daf8f7efdc958785659,EXCLUDED_INVENTORIED,,legal holding not in the admitted canonical source closure; inventoried for recovery
wedge1-aip,6bb69176e691199bc232da489374c042441471f0,regulation/jurisdiction/national/IT-DLGS19-A14-20210313.txt,76b4ffbe61ab6b417d78a0842bd2b92ca28a9158ee3796d71720063679c678e4,VERBATIM_ADMITTED,regulation/jurisdiction/national/IT-DLGS19-A14-20210313.txt,"selected authority, source, research, evidence, or production input"
wedge1-aip,6bb69176e691199bc232da489374c042441471f0,regulation/jurisdiction/national/IT-DLGS19-A14-20260828.txt,b4274e79ea1bbb7188f029a39ee15c85acf8ee8932abd09268513b4b751534a1,EXCLUDED_INVENTORIED,,legal holding not in the admitted canonical source closure; inventoried for recovery
wedge1-aip,6bb69176e691199bc232da489374c042441471f0,regulation/jurisdiction/national/IT-DLGS19-A14.txt,57bc70f6d4050ebed63406f4fd54ba26ccfdc4cb55e90a3aa19a33d0600a9beb,EXCLUDED_INVENTORIED,,legal holding not in the admitted canonical source closure; inventoried for recovery
wedge1-aip,6bb69176e691199bc232da489374c042441471f0,regulation/jurisdiction/national/IT-DLGS19-A20-20260830.txt,2362392c87a5a9e41bb3a7df66b2c65aa2bf3f5c62d06d69955a879e54d1a70e,VERBATIM_ADMITTED,regulation/jurisdiction/national/IT-DLGS19-A20-20260830.txt,"selected authority, source, research, evidence, or production input"
wedge1-aip,6bb69176e691199bc232da489374c042441471f0,regulation/jurisdiction/national/IT-DLGS19-A24-20260830.txt,a0d2707d95927b02c185a0e24500255c82833c1ef0f20c5f2c3eb605534b16c6,VERBATIM_ADMITTED,regulation/jurisdiction/national/IT-DLGS19-A24-20260830.txt,"selected authority, source, research, evidence, or production input"
wedge1-aip,6bb69176e691199bc232da489374c042441471f0,regulation/jurisdiction/national/IT-DLGS19-A26-20210313.txt,e065bde9ee1b5e8e69b3ada4f26efca0c84fc40f05e411e9a18fdb3a8e812ef7,VERBATIM_ADMITTED,regulation/jurisdiction/national/IT-DLGS19-A26-20210313.txt,"selected authority, source, research, evidence, or production input"
wedge1-aip,6bb69176e691199bc232da489374c042441471f0,regulation/jurisdiction/national/IT-DLGS19-A26-20260828.txt,0c438458eaf2b994dea9a6d65fa19821366f1c5ce45c6b0b883ce190ea5fb543,EXCLUDED_INVENTORIED,,legal holding not in the admitted canonical source closure; inventoried for recovery
wedge1-aip,6bb69176e691199bc232da489374c042441471f0,regulation/jurisdiction/national/IT-DLGS19-A26.txt,f23e4ee5cc2d273de45beb769a109bc7a0f014d0a4ef57ec37504f08c4744479,EXCLUDED_INVENTORIED,,legal holding not in the admitted canonical source closure; inventoried for recovery
wedge1-aip,6bb69176e691199bc232da489374c042441471f0,regulation/jurisdiction/national/IT-DLGS19-A27-20210313.txt,35f541526463c16781fcfc7f835da2d025647367314a8264e1e85048d0e16073,VERBATIM_ADMITTED,regulation/jurisdiction/national/IT-DLGS19-A27-20210313.txt,"selected authority, source, research, evidence, or production input"
wedge1-aip,6bb69176e691199bc232da489374c042441471f0,regulation/jurisdiction/national/IT-DLGS19-A27-20260828.txt,5de1299f552722d4a268bf957d0552eea62a93f63cb499fdd6dd4e0e0456ce2f,EXCLUDED_INVENTORIED,,legal holding not in the admitted canonical source closure; inventoried for recovery
wedge1-aip,6bb69176e691199bc232da489374c042441471f0,regulation/jurisdiction/national/IT-DLGS19-A27.txt,6b8ff8ed1767b515ea431c214105b88b3c6ee2c8716bf7867a79c001c7b5f007,EXCLUDED_INVENTORIED,,legal holding not in the admitted canonical source closure; inventoried for recovery
wedge1-aip,6bb69176e691199bc232da489374c042441471f0,regulation/jurisdiction/national/IT-DLGS19-A28-20210313.txt,883be22ebac70151d50be5fd374da015863ff05638313e0b78030876deec7577,VERBATIM_ADMITTED,regulation/jurisdiction/national/IT-DLGS19-A28-20210313.txt,"selected authority, source, research, evidence, or production input"
wedge1-aip,6bb69176e691199bc232da489374c042441471f0,regulation/jurisdiction/national/IT-DLGS19-A28-20260828.txt,834199d9bb8d1b636d8cb0319f043a09dbe565a68fffcbfe62827d442fba5f0f,EXCLUDED_INVENTORIED,,legal holding not in the admitted canonical source closure; inventoried for recovery
wedge1-aip,6bb69176e691199bc232da489374c042441471f0,regulation/jurisdiction/national/IT-DLGS19-A28.txt,b0c7ac445350ca474ef8f31d22301d5fb9ff7cbc82a22fbea814ac6935870e67,EXCLUDED_INVENTORIED,,legal holding not in the admitted canonical source closure; inventoried for recovery
wedge1-aip,6bb69176e691199bc232da489374c042441471f0,regulation/jurisdiction/national/IT-DLGS19-A29-20210313.txt,bd04633972ee4f9c0ea02ae01f41cc9301eafb3428eac265c9debb293e2d1d66,VERBATIM_ADMITTED,regulation/jurisdiction/national/IT-DLGS19-A29-20210313.txt,"selected authority, source, research, evidence, or production input"
wedge1-aip,6bb69176e691199bc232da489374c042441471f0,regulation/jurisdiction/national/IT-DLGS19-A29-20260828.txt,81bc5d91d87253247f2a28b321d272421002e8f96ce28392063cc1ab229c5f2b,EXCLUDED_INVENTORIED,,legal holding not in the admitted canonical source closure; inventoried for recovery
wedge1-aip,6bb69176e691199bc232da489374c042441471f0,regulation/jurisdiction/national/IT-DLGS19-A29.txt,8a6754370304088768b842f9bcc03bc11211d19acaf6cf94e321eb9fd5d2741d,EXCLUDED_INVENTORIED,,legal holding not in the admitted canonical source closure; inventoried for recovery
wedge1-aip,6bb69176e691199bc232da489374c042441471f0,regulation/jurisdiction/national/IT-DLGS19-A30-20210313.txt,e70f94709352197f355ed11ad728b0e1d6231b27e5ccfdead5bfe09fbf9d4010,VERBATIM_ADMITTED,regulation/jurisdiction/national/IT-DLGS19-A30-20210313.txt,"selected authority, source, research, evidence, or production input"
wedge1-aip,6bb69176e691199bc232da489374c042441471f0,regulation/jurisdiction/national/IT-DLGS19-A30-20260828.txt,0752a57e1ddbef4bb5d0c166dfdddf31df5cbf758b6a7e778c2e336da4cce750,EXCLUDED_INVENTORIED,,legal holding not in the admitted canonical source closure; inventoried for recovery
wedge1-aip,6bb69176e691199bc232da489374c042441471f0,regulation/jurisdiction/national/IT-DLGS19-A30.txt,95b81fffefc688603b527b79f4e34d9df80602dd451084dda8a5fb4019fe0a65,EXCLUDED_INVENTORIED,,legal holding not in the admitted canonical source closure; inventoried for recovery
wedge1-aip,6bb69176e691199bc232da489374c042441471f0,regulation/jurisdiction/national/IT-DLGS19-A31-20210313.txt,fa7f8d2d597b414ce11481a5a6c80909cc0a7a8fc22d8ce6ed4f1b6392138899,VERBATIM_ADMITTED,regulation/jurisdiction/national/IT-DLGS19-A31-20210313.txt,"selected authority, source, research, evidence, or production input"
wedge1-aip,6bb69176e691199bc232da489374c042441471f0,regulation/jurisdiction/national/IT-DLGS19-A31-20260828.txt,1ab4947528451045639b9f3460b9734af8d4cb4a81e1bcec8e1d272a31c96e6a,EXCLUDED_INVENTORIED,,legal holding not in the admitted canonical source closure; inventoried for recovery
wedge1-aip,6bb69176e691199bc232da489374c042441471f0,regulation/jurisdiction/national/IT-DLGS19-A31.txt,5efc5bb17d01f3f2847fc13359397b87d6c6a88ef8c460e5dcd681bea28c18c9,EXCLUDED_INVENTORIED,,legal holding not in the admitted canonical source closure; inventoried for recovery
wedge1-aip,6bb69176e691199bc232da489374c042441471f0,regulation/jurisdiction/national/IT-DLGS19-A32-20210313.txt,c83d16a14621c073f5609f567390197f77a4ffde6e45e83a6bc2882f523da5e5,VERBATIM_ADMITTED,regulation/jurisdiction/national/IT-DLGS19-A32-20210313.txt,"selected authority, source, research, evidence, or production input"
wedge1-aip,6bb69176e691199bc232da489374c042441471f0,regulation/jurisdiction/national/IT-DLGS19-A32-20260828.txt,b4b30e6d289199761721a72e088d34defe76c6f542f644a17ab90914b7194bf0,EXCLUDED_INVENTORIED,,legal holding not in the admitted canonical source closure; inventoried for recovery
wedge1-aip,6bb69176e691199bc232da489374c042441471f0,regulation/jurisdiction/national/IT-DLGS19-A32.txt,c4ea0611f6a58d6b5f03085a3c95a2cb4b0bff505085fd159f1977f5a2b8a2bd,EXCLUDED_INVENTORIED,,legal holding not in the admitted canonical source closure; inventoried for recovery
wedge1-aip,6bb69176e691199bc232da489374c042441471f0,regulation/jurisdiction/national/IT-DLGS19-A33-20210313.txt,35367bd6d3dbdf59d65a671ae8e942b9519097c6aabbd03abf1972e4c2cb20c9,VERBATIM_ADMITTED,regulation/jurisdiction/national/IT-DLGS19-A33-20210313.txt,"selected authority, source, research, evidence, or production input"
wedge1-aip,6bb69176e691199bc232da489374c042441471f0,regulation/jurisdiction/national/IT-DLGS19-A33-20260828.txt,1966158089d71931f205e66557f66a2f135c65305c7c21c9e6d312425acc2c91,EXCLUDED_INVENTORIED,,legal holding not in the admitted canonical source closure; inventoried for recovery
wedge1-aip,6bb69176e691199bc232da489374c042441471f0,regulation/jurisdiction/national/IT-DLGS19-A33.txt,ba21c24e7fc190b90e3b0ca971fae0ea22568aa9a5f69e87d93db967d2a92e3b,EXCLUDED_INVENTORIED,,legal holding not in the admitted canonical source closure; inventoried for recovery
wedge1-aip,6bb69176e691199bc232da489374c042441471f0,regulation/jurisdiction/national/IT-DLGS19-A5-20210313.txt,3e29381a1d9e70208089cae147f7a4337b5a625a468cc51aabaab009a8bfa5dd,VERBATIM_ADMITTED,regulation/jurisdiction/national/IT-DLGS19-A5-20210313.txt,"selected authority, source, research, evidence, or production input"
wedge1-aip,6bb69176e691199bc232da489374c042441471f0,regulation/jurisdiction/national/IT-DLGS19-A5-20230423.txt,2168248430f88d67b4ecc74b7db64728d5b545aa0cb009cd6f24077abe6c3649,EXCLUDED_INVENTORIED,,legal holding not in the admitted canonical source closure; inventoried for recovery
wedge1-aip,6bb69176e691199bc232da489374c042441471f0,regulation/jurisdiction/national/IT-DLGS19-A5-20260828.txt,b8ff83100a044210847bd61d9d3d767e07e9558da832db822e033d6e0c3eef2d,EXCLUDED_INVENTORIED,,legal holding not in the admitted canonical source closure; inventoried for recovery
wedge1-aip,6bb69176e691199bc232da489374c042441471f0,regulation/jurisdiction/national/IT-DLGS19-A5.txt,c6c0c1e6802be4bc665aaed440480a807163b7c9780ba5660ba637042d9dd180,EXCLUDED_INVENTORIED,,legal holding not in the admitted canonical source closure; inventoried for recovery
wedge1-aip,6bb69176e691199bc232da489374c042441471f0,regulation/jurisdiction/national/IT-DLGS19-A55-20210313.txt,4921d2d13f1ec50e10ca4acffea285bdf469325c799db247e4d84c7077c3ddac,EXCLUDED_INVENTORIED,,legal holding not in the admitted canonical source closure; inventoried for recovery
wedge1-aip,6bb69176e691199bc232da489374c042441471f0,regulation/jurisdiction/national/IT-DLGS19-A55-20260828.txt,dd740d392f16a3886a2fd6ed642f9b4f8e51bb54ea081390d62eee77bd88220c,VERBATIM_ADMITTED,regulation/jurisdiction/national/IT-DLGS19-A55-20260828.txt,"selected authority, source, research, evidence, or production input"
wedge1-aip,6bb69176e691199bc232da489374c042441471f0,regulation/jurisdiction/national/IT-DLGS19-A55.txt,ea1fec1730f823227fd9303d94c854101aaf6fc377d812404d9608c9988447c1,EXCLUDED_INVENTORIED,,legal holding not in the admitted canonical source closure; inventoried for recovery
wedge1-aip,6bb69176e691199bc232da489374c042441471f0,regulation/jurisdiction/national/IT-DLGS19-A6-20210313.txt,925183f1f19a56229d15b940ab208d67f16184b389fafd3a2a5865f837c5a35f,VERBATIM_ADMITTED,regulation/jurisdiction/national/IT-DLGS19-A6-20210313.txt,"selected authority, source, research, evidence, or production input"
wedge1-aip,6bb69176e691199bc232da489374c042441471f0,regulation/jurisdiction/national/IT-DLGS19-A6-20260828.txt,a476eaaaa00b89e01556d0929798e3827ffcba7b183fd96507e167ec18c57ab1,EXCLUDED_INVENTORIED,,legal holding not in the admitted canonical source closure; inventoried for recovery
wedge1-aip,6bb69176e691199bc232da489374c042441471f0,regulation/jurisdiction/national/IT-DLGS19-A6.txt,a758c4c90542daab4845b19a3ed0962aa62dedaf0f396b0547f81e27bf99b762,EXCLUDED_INVENTORIED,,legal holding not in the admitted canonical source closure; inventoried for recovery
wedge1-aip,6bb69176e691199bc232da489374c042441471f0,regulation/jurisdiction/national/IT-DLGS19-A7-20210313.txt,3ce58d7c9e8cc58c747486cdc45b55a81c3df06eb4bc55e66a31b7108ed61bb6,VERBATIM_ADMITTED,regulation/jurisdiction/national/IT-DLGS19-A7-20210313.txt,"selected authority, source, research, evidence, or production input"
wedge1-aip,6bb69176e691199bc232da489374c042441471f0,regulation/jurisdiction/national/IT-DLGS19-A7-20260828.txt,4f0940bd63f6c2b71d7d2c63c50758b2bd4a82706226e6aac7ebbe620e26ca8d,EXCLUDED_INVENTORIED,,legal holding not in the admitted canonical source closure; inventoried for recovery
wedge1-aip,6bb69176e691199bc232da489374c042441471f0,regulation/jurisdiction/national/IT-DLGS19-A7.txt,1f38bb85f41aab30810eef550bbc4ee0b8ab58633a70e7ff544fb5acc4ce6493,EXCLUDED_INVENTORIED,,legal holding not in the admitted canonical source closure; inventoried for recovery
wedge1-aip,6bb69176e691199bc232da489374c042441471f0,regulation/jurisdiction/national/IT-DLGS19-A8-20210313.txt,782eb9608549dd802e022ae4e5402f198cfe265686985d7b62040c7cf7e79756,VERBATIM_ADMITTED,regulation/jurisdiction/national/IT-DLGS19-A8-20210313.txt,"selected authority, source, research, evidence, or production input"
wedge1-aip,6bb69176e691199bc232da489374c042441471f0,regulation/jurisdiction/national/IT-DLGS19-A8-20260828.txt,645a1c571667a49567de0f61f9b3ddcd9a24835717b9e9c4e5957b8a7ffb34e3,EXCLUDED_INVENTORIED,,legal holding not in the admitted canonical source closure; inventoried for recovery
wedge1-aip,6bb69176e691199bc232da489374c042441471f0,regulation/jurisdiction/national/IT-DLGS19-A8.txt,e52129730e7a48e4c7e3356d10eaa42ad0bc70ac86736171097005a6f4596ebd,EXCLUDED_INVENTORIED,,legal holding not in the admitted canonical source closure; inventoried for recovery
wedge1-aip,6bb69176e691199bc232da489374c042441471f0,regulation/jurisdiction/national/IT-DLGS19-A9-20210313.txt,ab73c0e98c700d02a140d68c321a7dbf4c5e06b6364c3d9de4d7ceb0265208cb,VERBATIM_ADMITTED,regulation/jurisdiction/national/IT-DLGS19-A9-20210313.txt,"selected authority, source, research, evidence, or production input"
wedge1-aip,6bb69176e691199bc232da489374c042441471f0,regulation/jurisdiction/national/IT-DLGS19-A9-20260828.txt,b56f019c22f8cbfba27be3e30460e1029f2f02a6f6a9846c3e6009fa1e1b722a,EXCLUDED_INVENTORIED,,legal holding not in the admitted canonical source closure; inventoried for recovery
wedge1-aip,6bb69176e691199bc232da489374c042441471f0,regulation/jurisdiction/national/IT-DLGS19-A9.txt,518073bea96abf7dbc814c8788285a7d64716cc5d9318e33bd993439f55727aa,EXCLUDED_INVENTORIED,,legal holding not in the admitted canonical source closure; inventoried for recovery
wedge1-aip,6bb69176e691199bc232da489374c042441471f0,regulation/jurisdiction/national/IT-DLGS42-A146-20210313.html,0704d55f6862529f9bf647951ab2f7447846fe6f9bdad5d65f7197d4e75830ed,VERBATIM_ADMITTED,regulation/jurisdiction/national/IT-DLGS42-A146-20210313.html,"selected authority, source, research, evidence, or production input"
wedge1-aip,6bb69176e691199bc232da489374c042441471f0,regulation/jurisdiction/national/IT-DLGS42-A146.txt,0c23d9f10cc355ff5b6a759cc3ee10eb9f052efae4f9001ddba45d8b4ccf57ab,EXCLUDED_INVENTORIED,,legal holding not in the admitted canonical source closure; inventoried for recovery
wedge1-aip,6bb69176e691199bc232da489374c042441471f0,regulation/jurisdiction/national/IT-DM-0677268-2021-national-reference-labs.pdf,84697571f9cd3eceb2b5c6c7a9534c2cd39a8ac73990cfaa1659a419ca7c4c2a,VERBATIM_ADMITTED,regulation/jurisdiction/national/IT-DM-0677268-2021-national-reference-labs.pdf,"selected authority, source, research, evidence, or production input"
wedge1-aip,6bb69176e691199bc232da489374c042441471f0,regulation/jurisdiction/national/IT-DM-0677268-2021-national-reference-labs.txt,23542a1bc96025360edb266189c26dc974f27f073e5d413a32bb55ff19c2c458,EXCLUDED_INVENTORIED,,legal holding not in the admitted canonical source closure; inventoried for recovery
wedge1-aip,6bb69176e691199bc232da489374c042441471f0,regulation/jurisdiction/national/IT-L144-1951.txt,aee910d136d0007785feee7ad12e77f1d92e939642fb48d0503bbb3c7dca44b8,EXCLUDED_INVENTORIED,,legal holding not in the admitted canonical source closure; inventoried for recovery
wedge1-aip,6bb69176e691199bc232da489374c042441471f0,regulation/jurisdiction/national/IT-L241-A21BIS.txt,3fa93b454a180e457fea0c3fd74c05e9773d01517b35d3dbf9f009e7abdfe157,VERBATIM_ADMITTED,regulation/jurisdiction/national/IT-L241-A21BIS.txt,"selected authority, source, research, evidence, or production input"
wedge1-aip,6bb69176e691199bc232da489374c042441471f0,regulation/jurisdiction/national/IT-L394-1991.txt,feb0a4c56a9128dc66a6b75edb4fa68a59899a70c53978412eccc1809348c6f4,EXCLUDED_INVENTORIED,,legal holding not in the admitted canonical source closure; inventoried for recovery
wedge1-aip,6bb69176e691199bc232da489374c042441471f0,regulation/jurisdiction/national/IT-L689-1981-relevant.txt,4732ffdb7e3a2ad467211bc29c116a0eb9f3bd58c5e932bb5fba41fe64478000,VERBATIM_ADMITTED,regulation/jurisdiction/national/IT-L689-1981-relevant.txt,"selected authority, source, research, evidence, or production input"
wedge1-aip,6bb69176e691199bc232da489374c042441471f0,regulation/jurisdiction/national/IT-L689-1981.txt,05987d649ab3a2028602ca13246ef894628c25ba4d0c69810d51ba72054051fe,EXCLUDED_INVENTORIED,,legal holding not in the admitted canonical source closure; inventoried for recovery
wedge1-aip,6bb69176e691199bc232da489374c042441471f0,regulation/jurisdiction/national/IT-ORD10-2025-official-laboratories.pdf,62542fe339230681ad3e5465a99bdab8b10c06ed012fcf9f27afdcce0880c49a,VERBATIM_ADMITTED,regulation/jurisdiction/national/IT-ORD10-2025-official-laboratories.pdf,"selected authority, source, research, evidence, or production input"
wedge1-aip,6bb69176e691199bc232da489374c042441471f0,regulation/jurisdiction/national/IT-ORD10-2025-official-laboratories.txt,992d33b39baa15e49c1b5447a5d785d74919319b48e653085d8e8887ed632ec3,EXCLUDED_INVENTORIED,,legal holding not in the admitted canonical source closure; inventoried for recovery
wedge1-aip,6bb69176e691199bc232da489374c042441471f0,regulation/jurisdiction/national/IT-ORD10-2025-operative.txt,0ec8e5c13eefd8c6c3ed933b0697b6a6eddcba1de819c2a360e9c019df1842cc,EXCLUDED_INVENTORIED,,legal holding not in the admitted canonical source closure; inventoried for recovery
wedge1-aip,6bb69176e691199bc232da489374c042441471f0,regulation/jurisdiction/national/MASAF-NOTE-0092727-2025.pdf,1a6212f3744a32fcf4b4d0844fa238c3175d0f53880ccfd0f6ebf3daef31a996,EXCLUDED_INVENTORIED,,legal holding not in the admitted canonical source closure; inventoried for recovery
wedge1-aip,6bb69176e691199bc232da489374c042441471f0,regulation/jurisdiction/national/MASAF-NOTE-0092727-2025.txt,13d17a25bc168f57a18db4ecbd0fb14e457bdb75fbc52338c4803fd03530eb9a,EXCLUDED_INVENTORIED,,legal holding not in the admitted canonical source closure; inventoried for recovery
wedge1-aip,6bb69176e691199bc232da489374c042441471f0,regulation/jurisdiction/national/MASAF-NOTE-0092727-2025.vision-ocr.txt,13d17a25bc168f57a18db4ecbd0fb14e457bdb75fbc52338c4803fd03530eb9a,EXCLUDED_INVENTORIED,,legal holding not in the admitted canonical source closure; inventoried for recovery
wedge1-aip,6bb69176e691199bc232da489374c042441471f0,regulation/jurisdiction/national/PNI-2026/PNI-2026-adoption-Piemonte.txt,b5f7bb2469cb10841d4019c06b898946ed8fd2e6111e3a2c660196cdea0900d6,VERBATIM_ADMITTED,regulation/jurisdiction/national/PNI-2026/PNI-2026-adoption-Piemonte.txt,"selected authority, source, research, evidence, or production input"
wedge1-aip,6bb69176e691199bc232da489374c042441471f0,regulation/jurisdiction/national/PNI-2026/italia-ruop-territorio.xlsx,fb5bba0bd357ac7e57a7165434c5bd11f6ad9368b39b72b4e11f0a5e7c211339,EXCLUDED_INVENTORIED,,legal holding not in the admitted canonical source closure; inventoried for recovery
wedge1-aip,6bb69176e691199bc232da489374c042441471f0,regulation/jurisdiction/national/PNI-2026/xylella-ripest.txt,c32cd61c7a4c3b5aa4f1a6f1a24c0138110b2f2a18ebeddc56b61fbdfba33043,VERBATIM_ADMITTED,regulation/jurisdiction/national/PNI-2026/xylella-ripest.txt,"selected authority, source, research, evidence, or production input"
wedge1-aip,6bb69176e691199bc232da489374c042441471f0,regulation/jurisdiction/national/PNI-2026/xylella-ripest.xlsx,5b044ad3b2801aa4c546c0d76716ed980491de15b49f9a18d1303a9fb216149f,VERBATIM_ADMITTED,regulation/jurisdiction/national/PNI-2026/xylella-ripest.xlsx,"selected authority, source, research, evidence, or production input"
wedge1-aip,6bb69176e691199bc232da489374c042441471f0,regulation/jurisdiction/national/PNI-2026/xylella-vettore.xlsx,81d7f6ff7d89f5be565198c5d420eddc91e6f967331c774bcd20165aface74db,EXCLUDED_INVENTORIED,,legal holding not in the admitted canonical source closure; inventoried for recovery
wedge1-aip,6bb69176e691199bc232da489374c042441471f0,regulation/jurisdiction/national/ordinance-no-3_xylella_english.pdf,b55b9f5052d7105cc11001f284a80c3109c86551ca6f0aba8da8520d1408b5cb,VERBATIM_ADMITTED,regulation/jurisdiction/national/ordinance-no-3_xylella_english.pdf,"selected authority, source, research, evidence, or production input"
wedge1-aip,6bb69176e691199bc232da489374c042441471f0,regulation/jurisdiction/reauthored/PROPOSITION_CONTRACT.md,1b9f4061361256784d7c41ffd91869094cdae729b7e474ca6315c48b99858ccb,VERBATIM_ADMITTED,corpus/evidence/wedge1-aip/regulatory-reasoning/PROPOSITION_CONTRACT.md,"selected authority, source, research, evidence, or production input"
wedge1-aip,6bb69176e691199bc232da489374c042441471f0,regulation/jurisdiction/reauthored/source-metadata.csv,fe54b3589044134a24ba4f3005915da420b20fb1e93b4106552e149c6c48362c,EXCLUDED_INVENTORIED,,legal holding not in the admitted canonical source closure; inventoried for recovery
wedge1-aip,6bb69176e691199bc232da489374c042441471f0,regulation/jurisdiction/regional/.DS_Store,d65165279105ca6773180500688df4bdc69a2c7b771752f0a46ef120b7fd8ec3,EXCLUDED_INVENTORIED,,legal holding not in the admitted canonical source closure; inventoried for recovery
wedge1-aip,6bb69176e691199bc232da489374c042441471f0,regulation/jurisdiction/regional/181_DIR_2022_00012.pdf,6da8b3a1c8328d2b602996f24885deee0bf6ae190e04e3736b8d98d2679770e1,EXCLUDED_INVENTORIED,,legal holding not in the admitted canonical source closure; inventoried for recovery
wedge1-aip,6bb69176e691199bc232da489374c042441471f0,regulation/jurisdiction/regional/181_DIR_2022_00012.txt,4c34f7ce80b7cb828c8fd4ffc546e736b91864886afbdbee13b2943dfadf0cb7,EXCLUDED_INVENTORIED,,legal holding not in the admitted canonical source closure; inventoried for recovery
wedge1-aip,6bb69176e691199bc232da489374c042441471f0,regulation/jurisdiction/regional/181_DIR_2022_00031.pdf,6343012b440c6e404c3146c7d9b004c531817177b42e77290d2ce07124ff7ab7,EXCLUDED_INVENTORIED,,legal holding not in the admitted canonical source closure; inventoried for recovery
wedge1-aip,6bb69176e691199bc232da489374c042441471f0,regulation/jurisdiction/regional/181_DIR_2022_00031.txt,a6964fb304f86586569210873d2056807461d59333f3919c7e7940247e7e95fe,EXCLUDED_INVENTORIED,,legal holding not in the admitted canonical source closure; inventoried for recovery
wedge1-aip,6bb69176e691199bc232da489374c042441471f0,regulation/jurisdiction/regional/181_DIR_2022_00067.pdf,eaa1f7be1a866be2268d857987fdbe52305b0da2ffdb3d6d2245d0a35354d6ce,EXCLUDED_INVENTORIED,,legal holding not in the admitted canonical source closure; inventoried for recovery
wedge1-aip,6bb69176e691199bc232da489374c042441471f0,regulation/jurisdiction/regional/181_DIR_2023_00146_Determina.pdf,c28e01c6fb60f93fc86a3db3108b30a71239109a718243c10a89c1c1d50b2f8c,EXCLUDED_INVENTORIED,,legal holding not in the admitted canonical source closure; inventoried for recovery
wedge1-aip,6bb69176e691199bc232da489374c042441471f0,regulation/jurisdiction/regional/181_DIR_2024_00005_DeterminaPUB.pdf,f4030f296e74295648e1fd3ed81672e4bfb15d6ff6e8c2a6c2f9836efd6e94a3,EXCLUDED_INVENTORIED,,legal holding not in the admitted canonical source closure; inventoried for recovery
wedge1-aip,6bb69176e691199bc232da489374c042441471f0,regulation/jurisdiction/regional/181_DIR_2024_00005_DeterminaPUB.txt,b954de88260a196b570b39f40ccb40f3d780e33ffc6d8246f0979e845e4f0b0e,EXCLUDED_INVENTORIED,,legal holding not in the admitted canonical source closure; inventoried for recovery
wedge1-aip,6bb69176e691199bc232da489374c042441471f0,regulation/jurisdiction/regional/181_DIR_2024_00026_DeterminaPUB.pdf,0bdb9842f98b058f151619353ada4795e974198b900bf6699abcda10c41c9e36,EXCLUDED_INVENTORIED,,legal holding not in the admitted canonical source closure; inventoried for recovery
wedge1-aip,6bb69176e691199bc232da489374c042441471f0,regulation/jurisdiction/regional/181_DIR_2024_00026_DeterminaPUB.txt,00fd884f0ff4c1bb8d2c2cf727422469efac62e46b0569639e5bf682bfb7484d,EXCLUDED_INVENTORIED,,legal holding not in the admitted canonical source closure; inventoried for recovery
wedge1-aip,6bb69176e691199bc232da489374c042441471f0,regulation/jurisdiction/regional/181_DIR_2024_00109_Determina.pdf,599cab1d35bb8e1f3215bcd039b42f5bfe1cb69b39f696c2b59bfd7e5f0b2a8b,EXCLUDED_INVENTORIED,,legal holding not in the admitted canonical source closure; inventoried for recovery
wedge1-aip,6bb69176e691199bc232da489374c042441471f0,regulation/jurisdiction/regional/181_DIR_2024_00109_Determina.txt,fbb12fe8d78f73250ca892230f7ccce48dda41787c87ebb13ddf2fcc89124a98,EXCLUDED_INVENTORIED,,legal holding not in the admitted canonical source closure; inventoried for recovery
wedge1-aip,6bb69176e691199bc232da489374c042441471f0,regulation/jurisdiction/regional/181_DIR_2025_00045.pdf,603763ad2bee5f35954f1a7e21d00d38ff0e8bd23738324113541e32a00ecffd,EXCLUDED_INVENTORIED,,legal holding not in the admitted canonical source closure; inventoried for recovery
wedge1-aip,6bb69176e691199bc232da489374c042441471f0,regulation/jurisdiction/regional/181_DIR_2025_00045.txt,6c992c0a85dede9b01baef19aa51d69555ea0e32b3397e31d2ad278392690129,VERBATIM_ADMITTED,regulation/jurisdiction/regional/181_DIR_2025_00045.txt,"selected authority, source, research, evidence, or production input"
wedge1-aip,6bb69176e691199bc232da489374c042441471f0,regulation/jurisdiction/regional/181_DIR_2025_00059_DeterminaPUB.pdf,6a9f6708b90586d8ef57e269aca2d782c70327ce57e693e3535062b05324699b,EXCLUDED_INVENTORIED,,legal holding not in the admitted canonical source closure; inventoried for recovery
wedge1-aip,6bb69176e691199bc232da489374c042441471f0,regulation/jurisdiction/regional/181_DIR_2025_00059_DeterminaPUB.txt,f1c45beed4d8c69907b3f0380739e3f322ebecb2a5d00bcf218611dbec9aa716,VERBATIM_ADMITTED,regulation/jurisdiction/regional/181_DIR_2025_00059_DeterminaPUB.txt,"selected authority, source, research, evidence, or production input"
wedge1-aip,6bb69176e691199bc232da489374c042441471f0,regulation/jurisdiction/regional/181_DIR_2026_00112.pdf,60247b8ae3160ae6386cdffd39bf07692c80e1685cce3ca2f609a4b86b088749,EXCLUDED_INVENTORIED,,legal holding not in the admitted canonical source closure; inventoried for recovery
wedge1-aip,6bb69176e691199bc232da489374c042441471f0,regulation/jurisdiction/regional/ALLEGATO 1 - Richiesta .pdf,c2315c895417d0615f4fd00e547eed1dc33f2e19566d2405c825a4982cc40e16,EXCLUDED_INVENTORIED,,legal holding not in the admitted canonical source closure; inventoried for recovery
wedge1-aip,6bb69176e691199bc232da489374c042441471f0,regulation/jurisdiction/regional/AREA-DDS-106-2025-Santeramo-Ginosa.pdf,98e356011e5935a72c66e9350d028dd10e1d34de415d678ec51d213f803346db,EXCLUDED_INVENTORIED,,legal holding not in the admitted canonical source closure; inventoried for recovery
wedge1-aip,6bb69176e691199bc232da489374c042441471f0,regulation/jurisdiction/regional/AREA-DDS-106-2025-Santeramo-Ginosa.txt,bb68834548c2a46e4d217d6c9c40e74c149ffd79c07fe2d13b9ed56491e834fb,VERBATIM_ADMITTED,regulation/jurisdiction/regional/AREA-DDS-106-2025-Santeramo-Ginosa.txt,"selected authority, source, research, evidence, or production input"
wedge1-aip,6bb69176e691199bc232da489374c042441471f0,regulation/jurisdiction/regional/AREA-DDS-112-2026-Modugno.pdf,a27ac6985f72c0c4920cfdf4c3a3b57a2848244c22e2619898bd8a94875c11df,EXCLUDED_INVENTORIED,,legal holding not in the admitted canonical source closure; inventoried for recovery
wedge1-aip,6bb69176e691199bc232da489374c042441471f0,regulation/jurisdiction/regional/AREA-DDS-112-2026-Modugno.txt,0a6acd91f927a87f79063f33bae4f9965dde97ba6d091d19f989a3d609ac81e9,VERBATIM_ADMITTED,regulation/jurisdiction/regional/AREA-DDS-112-2026-Modugno.txt,"selected authority, source, research, evidence, or production input"
wedge1-aip,6bb69176e691199bc232da489374c042441471f0,regulation/jurisdiction/regional/AREA-DDS-113-2025-Bisceglie.pdf,fcf42291166d64c221837aef4d6aedbc3ca72e62a1735e265dc71b2f14b1acd1,EXCLUDED_INVENTORIED,,legal holding not in the admitted canonical source closure; inventoried for recovery
wedge1-aip,6bb69176e691199bc232da489374c042441471f0,regulation/jurisdiction/regional/AREA-DDS-113-2025-Bisceglie.txt,59d531ccb2833e817556f78bd3fd6a9b98f6bcd4a60836b7748cb9005a3ce2b1,VERBATIM_ADMITTED,regulation/jurisdiction/regional/AREA-DDS-113-2025-Bisceglie.txt,"selected authority, source, research, evidence, or production input"
wedge1-aip,6bb69176e691199bc232da489374c042441471f0,regulation/jurisdiction/regional/AREA-DDS-198-2024-Santeramo-Ginosa.pdf,8ac4a92c74dbe66ae03e69924fe0bff8c78d0beef4131b5182d9f8e5a45d86b6,EXCLUDED_INVENTORIED,,legal holding not in the admitted canonical source closure; inventoried for recovery
wedge1-aip,6bb69176e691199bc232da489374c042441471f0,regulation/jurisdiction/regional/AREA-DDS-198-2024-Santeramo-Ginosa.txt,a6fa37f154957b48e88867c235aa09951eaadc9b73252708798be7703ce58319,VERBATIM_ADMITTED,regulation/jurisdiction/regional/AREA-DDS-198-2024-Santeramo-Ginosa.txt,"selected authority, source, research, evidence, or production input"
wedge1-aip,6bb69176e691199bc232da489374c042441471f0,regulation/jurisdiction/regional/AREA-DDS-2-2026-Valenzano.pdf,ad2fb7bd8931dee043c398bdac6e04ff1a6f918a5c8cd6901677af8401b35504,EXCLUDED_INVENTORIED,,legal holding not in the admitted canonical source closure; inventoried for recovery
wedge1-aip,6bb69176e691199bc232da489374c042441471f0,regulation/jurisdiction/regional/AREA-DDS-2-2026-Valenzano.txt,96588987a9c479447d45fa27aa841f690adbcb8409586e3db5e580c6904a7631,VERBATIM_ADMITTED,regulation/jurisdiction/regional/AREA-DDS-2-2026-Valenzano.txt,"selected authority, source, research, evidence, or production input"
wedge1-aip,6bb69176e691199bc232da489374c042441471f0,regulation/jurisdiction/regional/AREA-DDS-236-2025-ST1.pdf,42d8d7bc87b647007b72991e58da56d685034c58c93c8155b8b481e16c589d69,EXCLUDED_INVENTORIED,,legal holding not in the admitted canonical source closure; inventoried for recovery
wedge1-aip,6bb69176e691199bc232da489374c042441471f0,regulation/jurisdiction/regional/AREA-DDS-236-2025-ST1.txt,483c75d04c744a5bab4a54aace236d78aafb3b4cd3af897398f6fc2b08036e62,VERBATIM_ADMITTED,regulation/jurisdiction/regional/AREA-DDS-236-2025-ST1.txt,"selected authority, source, research, evidence, or production input"
wedge1-aip,6bb69176e691199bc232da489374c042441471f0,regulation/jurisdiction/regional/AREA-DDS-82-2026-ex-Salento.pdf,4ae654ecd49e41900b8ade099e53e8de9323573cdcceae285d1221014cd37e7b,EXCLUDED_INVENTORIED,,legal holding not in the admitted canonical source closure; inventoried for recovery
wedge1-aip,6bb69176e691199bc232da489374c042441471f0,regulation/jurisdiction/regional/AREA-DDS-82-2026-ex-Salento.txt,488b8db1dea23806b29c55087450f78c4dff6176190d003269a36496ebc95572,VERBATIM_ADMITTED,regulation/jurisdiction/regional/AREA-DDS-82-2026-ex-Salento.txt,"selected authority, source, research, evidence, or production input"
wedge1-aip,6bb69176e691199bc232da489374c042441471f0,regulation/jurisdiction/regional/AREA-DDS-92-2024-Bari.pdf,083e74fe2c57a73f710ff7f479dd2d960a6bb2df985e7340ca4d496a21c0a5fc,EXCLUDED_INVENTORIED,,legal holding not in the admitted canonical source closure; inventoried for recovery
wedge1-aip,6bb69176e691199bc232da489374c042441471f0,regulation/jurisdiction/regional/AREA-DDS-92-2024-Bari.txt,8f3e9bc146d94cafbfdbbe38d70219043bf703df1b6b8ce2392673dca2fa229b,VERBATIM_ADMITTED,regulation/jurisdiction/regional/AREA-DDS-92-2024-Bari.txt,"selected authority, source, research, evidence, or production input"
wedge1-aip,6bb69176e691199bc232da489374c042441471f0,regulation/jurisdiction/regional/AREA-DDS-93-2024-Multiplex.pdf,896ef6a0969d1d6dce8592601e6f3e2ca1aa1745f14e8f4d0b2e94e89c986756,EXCLUDED_INVENTORIED,,legal holding not in the admitted canonical source closure; inventoried for recovery
wedge1-aip,6bb69176e691199bc232da489374c042441471f0,regulation/jurisdiction/regional/AREA-DDS-93-2024-Multiplex.txt,ed9dbf694553ff9c1bf98fb6635ea014fbe202b649e28e2f9144708c1ca406f2,VERBATIM_ADMITTED,regulation/jurisdiction/regional/AREA-DDS-93-2024-Multiplex.txt,"selected authority, source, research, evidence, or production input"
wedge1-aip,6bb69176e691199bc232da489374c042441471f0,regulation/jurisdiction/regional/AREA-DDS-94-2024-ST1.pdf,be674ad463fe12859d14128826e4b637ceddcb7b8bb31df08a313921c74cb762,EXCLUDED_INVENTORIED,,legal holding not in the admitted canonical source closure; inventoried for recovery
wedge1-aip,6bb69176e691199bc232da489374c042441471f0,regulation/jurisdiction/regional/AREA-DDS-94-2024-ST1.txt,e91df67e32abf82081ce67924e6b4110c2a0b4b99b5ae80a808ae852c7f9fa8c,VERBATIM_ADMITTED,regulation/jurisdiction/regional/AREA-DDS-94-2024-ST1.txt,"selected authority, source, research, evidence, or production input"
wedge1-aip,6bb69176e691199bc232da489374c042441471f0,regulation/jurisdiction/regional/All_A_181_DIR_2022_00031.pdf,83ae8aac49c91efa78bde001ef6c207950b74d904a0fdf1afa98a5b6d7aeedc7,EXCLUDED_INVENTORIED,,legal holding not in the admitted canonical source closure; inventoried for recovery
wedge1-aip,6bb69176e691199bc232da489374c042441471f0,regulation/jurisdiction/regional/All_A_181_DIR_2022_00031.txt,148c3c36a5b7f55bfa08a20206757db5752baf69bc48f0ef0207bbc52c9d755b,VERBATIM_ADMITTED,regulation/jurisdiction/regional/All_A_181_DIR_2022_00031.txt,"selected authority, source, research, evidence, or production input"
wedge1-aip,6bb69176e691199bc232da489374c042441471f0,regulation/jurisdiction/regional/DDS-105-2025-adult-vector.pdf,54b0a22c900c9b15bba084bd0b3788f1dcce5a92da4e424144d57f1e9ba34159,EXCLUDED_INVENTORIED,,legal holding not in the admitted canonical source closure; inventoried for recovery
wedge1-aip,6bb69176e691199bc232da489374c042441471f0,regulation/jurisdiction/regional/DDS-105-2025-adult-vector.txt,fc65fd8561ee4c937b41666640e65f9c5d4bebc727dda0d0d63345ce19ed6235,EXCLUDED_INVENTORIED,,legal holding not in the admitted canonical source closure; inventoried for recovery
wedge1-aip,6bb69176e691199bc232da489374c042441471f0,regulation/jurisdiction/regional/DDS-121-2025-adult-extension.pdf,6052cbb3bb52498d4f6ef1c2aff6060b73d9480b6ba02959a8dbc0df73fe645f,EXCLUDED_INVENTORIED,,legal holding not in the admitted canonical source closure; inventoried for recovery
wedge1-aip,6bb69176e691199bc232da489374c042441471f0,regulation/jurisdiction/regional/DDS-121-2025-adult-extension.txt,728cbacc30801e9c55fd161e4ca36f25c0832f40370d7eeed4aa1c7f7d470a4a,EXCLUDED_INVENTORIED,,legal holding not in the admitted canonical source closure; inventoried for recovery
wedge1-aip,6bb69176e691199bc232da489374c042441471f0,regulation/jurisdiction/regional/DDS-13-2026-almond-route.pdf,6facf3af20bb9acc899be64e36e1a44b57f5a7ca1be7dfca56d30c5ee1998624,EXCLUDED_INVENTORIED,,legal holding not in the admitted canonical source closure; inventoried for recovery
wedge1-aip,6bb69176e691199bc232da489374c042441471f0,regulation/jurisdiction/regional/DDS-13-2026-almond-route.txt,e0f6d96b5b7a0c6537274aeaf3502edbad656e6401aceb99ed7700e8b5994114,EXCLUDED_INVENTORIED,,legal holding not in the admitted canonical source closure; inventoried for recovery
wedge1-aip,6bb69176e691199bc232da489374c042441471f0,regulation/jurisdiction/regional/DDS-142-2025-revocation-metadata.txt,345cecb5f597bf2c7bd3d642eb84bde0c49ac10eb0131c88bede447b182f7e67,EXCLUDED_INVENTORIED,,legal holding not in the admitted canonical source closure; inventoried for recovery
wedge1-aip,6bb69176e691199bc232da489374c042441471f0,regulation/jurisdiction/regional/DDS-146-2023-nursery.pdf,c28e01c6fb60f93fc86a3db3108b30a71239109a718243c10a89c1c1d50b2f8c,EXCLUDED_INVENTORIED,,legal holding not in the admitted canonical source closure; inventoried for recovery
wedge1-aip,6bb69176e691199bc232da489374c042441471f0,regulation/jurisdiction/regional/DDS-146-2023-nursery.txt,d3cad32ff29d0a11af2cd943d111c214acfb747dcc1383dba941bba44f6ba696,EXCLUDED_INVENTORIED,,legal holding not in the admitted canonical source closure; inventoried for recovery
wedge1-aip,6bb69176e691199bc232da489374c042441471f0,regulation/jurisdiction/regional/DDS-173-2025-standard-art7.pdf,e727cde2ec8639655cd35ce77a62619b947d033f09ae363f675f15f42618126b,EXCLUDED_INVENTORIED,,legal holding not in the admitted canonical source closure; inventoried for recovery
wedge1-aip,6bb69176e691199bc232da489374c042441471f0,regulation/jurisdiction/regional/DDS-173-2025-standard-art7.txt,648bf676c497ac74e2eaaa0b15353a8a3dd09257a7faaf24bfe60e427af939cd,EXCLUDED_INVENTORIED,,legal holding not in the admitted canonical source closure; inventoried for recovery
wedge1-aip,6bb69176e691199bc232da489374c042441471f0,regulation/jurisdiction/regional/DDS-21-2021-art24-sites-annex1.pdf,d6ea84b99bd196c4c1b878b971dd19291517d8c1f9b2507e7abac65db6436e3e,EXCLUDED_INVENTORIED,,legal holding not in the admitted canonical source closure; inventoried for recovery
wedge1-aip,6bb69176e691199bc232da489374c042441471f0,regulation/jurisdiction/regional/DDS-21-2021-art24-sites-annex1.txt,e285b586069c95fc543744c846fdcd231b9668f3017a97f44f286a25d4e180b6,EXCLUDED_INVENTORIED,,legal holding not in the admitted canonical source closure; inventoried for recovery
wedge1-aip,6bb69176e691199bc232da489374c042441471f0,regulation/jurisdiction/regional/DDS-21-2021-art24-sites.pdf,df09dbd512d7c584695682016050dd2b3a339312bb804851bd1ccb68a6bbf857,EXCLUDED_INVENTORIED,,legal holding not in the admitted canonical source closure; inventoried for recovery
wedge1-aip,6bb69176e691199bc232da489374c042441471f0,regulation/jurisdiction/regional/DDS-21-2021-art24-sites.txt,f68aacd080b58f5628f9a3a8886d50913d47ceae9c0bbbfcb024017c2d782803,EXCLUDED_INVENTORIED,,legal holding not in the admitted canonical source closure; inventoried for recovery
wedge1-aip,6bb69176e691199bc232da489374c042441471f0,regulation/jurisdiction/regional/DDS-27-2024-standard-art13.pdf,4fdc0e65e31c39b98008acfcbec06cd0180127af6ee7b3d68b976e9865e83d0c,EXCLUDED_INVENTORIED,,legal holding not in the admitted canonical source closure; inventoried for recovery
wedge1-aip,6bb69176e691199bc232da489374c042441471f0,regulation/jurisdiction/regional/DDS-27-2024-standard-art13.txt,1ac3b9142e72c4e55bddd5edbeefdaa277daa0197f133f36e9ec8fdba7fadf64,VERBATIM_ADMITTED,regulation/jurisdiction/regional/DDS-27-2024-standard-art13.txt,"selected authority, source, research, evidence, or production input"
wedge1-aip,6bb69176e691199bc232da489374c042441471f0,regulation/jurisdiction/regional/DDS-3-2026-standard-art7.pdf,aa98c288b761055f4da4be515ea2c77883bb590185f0fe10149f59e4800af057,EXCLUDED_INVENTORIED,,legal holding not in the admitted canonical source closure; inventoried for recovery
wedge1-aip,6bb69176e691199bc232da489374c042441471f0,regulation/jurisdiction/regional/DDS-3-2026-standard-art7.txt,2db986cea68c5fcd377ba3673885a708773170608c40aa3145861add451b3a09,EXCLUDED_INVENTORIED,,legal holding not in the admitted canonical source closure; inventoried for recovery
wedge1-aip,6bb69176e691199bc232da489374c042441471f0,regulation/jurisdiction/regional/DDS-39-2025-survey-plan.txt,63a1d7ce7891ae20314c780e919da497688c9959fed01f223397919f257b5196,EXCLUDED_INVENTORIED,,legal holding not in the admitted canonical source closure; inventoried for recovery
wedge1-aip,6bb69176e691199bc232da489374c042441471f0,regulation/jurisdiction/regional/DDS-39-2026-juvenile-vector.pdf,32c4433e31fa61588c90382bbc092ebba57fa9d024f2b5aa7e8b85acd58782a0,EXCLUDED_INVENTORIED,,legal holding not in the admitted canonical source closure; inventoried for recovery
wedge1-aip,6bb69176e691199bc232da489374c042441471f0,regulation/jurisdiction/regional/DDS-39-2026-juvenile-vector.txt,0a4853b732167b12005540c90b649209cde7f9b3009327ac373333b3fbd494c0,EXCLUDED_INVENTORIED,,legal holding not in the admitted canonical source closure; inventoried for recovery
wedge1-aip,6bb69176e691199bc232da489374c042441471f0,regulation/jurisdiction/regional/DDS-47-2025-juvenile-vector.pdf,3d12b348c0bd1684ec7850911b104d7ff49724294a09fc915bf71501b540bd3e,EXCLUDED_INVENTORIED,,legal holding not in the admitted canonical source closure; inventoried for recovery
wedge1-aip,6bb69176e691199bc232da489374c042441471f0,regulation/jurisdiction/regional/DDS-47-2025-juvenile-vector.txt,3770ed0e7be580316083dac64bffc0699e00c5d673ab4b1ca93270ba4255b23a,EXCLUDED_INVENTORIED,,legal holding not in the admitted canonical source closure; inventoried for recovery
wedge1-aip,6bb69176e691199bc232da489374c042441471f0,regulation/jurisdiction/regional/DDS-75-2021-article18.pdf,bd02e992ca5d915f732990ecc2c502f3a564194e0750712ed11f0f7b23ab9a7e,EXCLUDED_INVENTORIED,,legal holding not in the admitted canonical source closure; inventoried for recovery
wedge1-aip,6bb69176e691199bc232da489374c042441471f0,regulation/jurisdiction/regional/DDS-75-2021-article18.txt,4ec6f2f65f2d92339090e3c619023b14c19818f8c8889fc29128fdcc492f1b3c,EXCLUDED_INVENTORIED,,legal holding not in the admitted canonical source closure; inventoried for recovery
wedge1-aip,6bb69176e691199bc232da489374c042441471f0,regulation/jurisdiction/regional/DDS-75-2021-planting.pdf,bd02e992ca5d915f732990ecc2c502f3a564194e0750712ed11f0f7b23ab9a7e,EXCLUDED_INVENTORIED,,legal holding not in the admitted canonical source closure; inventoried for recovery
wedge1-aip,6bb69176e691199bc232da489374c042441471f0,regulation/jurisdiction/regional/DDS-75-2021-planting.txt,4ec6f2f65f2d92339090e3c619023b14c19818f8c8889fc29128fdcc492f1b3c,EXCLUDED_INVENTORIED,,legal holding not in the admitted canonical source closure; inventoried for recovery
wedge1-aip,6bb69176e691199bc232da489374c042441471f0,regulation/jurisdiction/regional/DDS-79-2026-juvenile-extension.pdf,f1b02c2afbc2800495fbc4e80b045c6f062d52a2db15bedfa6420afbcc6262dc,EXCLUDED_INVENTORIED,,legal holding not in the admitted canonical source closure; inventoried for recovery
wedge1-aip,6bb69176e691199bc232da489374c042441471f0,regulation/jurisdiction/regional/DDS-79-2026-juvenile-extension.txt,1313afa8ca09fb3ec3ca9305898d864f2968e135512fd0a72781d606e6b82b06,EXCLUDED_INVENTORIED,,legal holding not in the admitted canonical source closure; inventoried for recovery
wedge1-aip,6bb69176e691199bc232da489374c042441471f0,regulation/jurisdiction/regional/DET_112_7_7_2026.pdf,a27ac6985f72c0c4920cfdf4c3a3b57a2848244c22e2619898bd8a94875c11df,EXCLUDED_INVENTORIED,,legal holding not in the admitted canonical source closure; inventoried for recovery
wedge1-aip,6bb69176e691199bc232da489374c042441471f0,regulation/jurisdiction/regional/DET_135_9_11_2021.pdf,cba7890acf17bfe84beacb7449e51149f67e77f6a0efb58da6fb57aab7987ab2,EXCLUDED_INVENTORIED,,legal holding not in the admitted canonical source closure; inventoried for recovery
wedge1-aip,6bb69176e691199bc232da489374c042441471f0,regulation/jurisdiction/regional/DET_141_6_8_2025.pdf,b83446e8f814efb5fbfda7c4a806268ab85da461ad653d1e404acf7d25f2b8aa,EXCLUDED_INVENTORIED,,legal holding not in the admitted canonical source closure; inventoried for recovery
wedge1-aip,6bb69176e691199bc232da489374c042441471f0,regulation/jurisdiction/regional/DET_141_6_8_2025.txt,d05d6d804ab574d7982efa1047ed7588d9a9c21ccedd01a9cbaa45c34dd0fd9c,VERBATIM_ADMITTED,regulation/jurisdiction/regional/DET_141_6_8_2025.txt,"selected authority, source, research, evidence, or production input"
wedge1-aip,6bb69176e691199bc232da489374c042441471f0,regulation/jurisdiction/regional/DET_147_12_8_2025.pdf,6197e07509ad4f1ba294eb505792f32ff9ff7ce6ff1c159e3567eb6856d200e1,EXCLUDED_INVENTORIED,,legal holding not in the admitted canonical source closure; inventoried for recovery
wedge1-aip,6bb69176e691199bc232da489374c042441471f0,regulation/jurisdiction/regional/DET_147_12_8_2025.txt,aa147970966b0a2c20f6e2ceb9c1ed1ff6e6ef2c4f2d7b405da56902b98e4c5b,VERBATIM_ADMITTED,regulation/jurisdiction/regional/DET_147_12_8_2025.txt,"selected authority, source, research, evidence, or production input"
wedge1-aip,6bb69176e691199bc232da489374c042441471f0,regulation/jurisdiction/regional/DET_163_8_10_2025.pdf,a53cf3d5104eca7eff3f6ac4caf85e4f515094414bcb6603ddfed7933bbbbc3e,EXCLUDED_INVENTORIED,,legal holding not in the admitted canonical source closure; inventoried for recovery
wedge1-aip,6bb69176e691199bc232da489374c042441471f0,regulation/jurisdiction/regional/DET_163_8_10_2025.txt,30888bf1f46396575778ccffa00621f1ad23612314ae009d83005cae85048de2,VERBATIM_ADMITTED,regulation/jurisdiction/regional/DET_163_8_10_2025.txt,"selected authority, source, research, evidence, or production input"
wedge1-aip,6bb69176e691199bc232da489374c042441471f0,regulation/jurisdiction/regional/DET_51_19_5_2023.pdf,db9ed41fcfb9f01dcede65d0a101296b22d8de3f1f3cc48c623476eb187ff0cb,EXCLUDED_INVENTORIED,,legal holding not in the admitted canonical source closure; inventoried for recovery
wedge1-aip,6bb69176e691199bc232da489374c042441471f0,regulation/jurisdiction/regional/DET_51_19_5_2023.txt,293a8bd8cefe82ccc0cd0f8790dd3121150f1019c28befc4b480313ef7f57813,EXCLUDED_INVENTORIED,,legal holding not in the admitted canonical source closure; inventoried for recovery
wedge1-aip,6bb69176e691199bc232da489374c042441471f0,regulation/jurisdiction/regional/DET_69_27_7_2021.pdf,90dcdd87beba7e435bc7012b54c3071ae75b6da164aaa4390b35555beba2b9ca,VERBATIM_ADMITTED,regulation/jurisdiction/regional/DET_69_27_7_2021.pdf,"selected authority, source, research, evidence, or production input"
wedge1-aip,6bb69176e691199bc232da489374c042441471f0,regulation/jurisdiction/regional/DGR-1075-2025-plan.txt,6561e15aa51f9a5f0267980c2b39ea1c1ece7200209b20d89516b424dbb590f5,EXCLUDED_INVENTORIED,,legal holding not in the admitted canonical source closure; inventoried for recovery
wedge1-aip,6bb69176e691199bc232da489374c042441471f0,regulation/jurisdiction/regional/DGR-1075-2025-plan.vision-ocr.txt,3df46f0624de15d766514afbb390852152579dfa2fa612f23619e07db13d7622,VERBATIM_ADMITTED,regulation/jurisdiction/regional/DGR-1075-2025-plan.vision-ocr.txt,"selected authority, source, research, evidence, or production input"
wedge1-aip,6bb69176e691199bc232da489374c042441471f0,regulation/jurisdiction/regional/DGR-1593-2024-page16-glossary.tesseract.txt,ff91ae3a2bffd112495da455e186bb418505f29e054bd1d169135c177ced1779,EXCLUDED_INVENTORIED,,legal holding not in the admitted canonical source closure; inventoried for recovery
wedge1-aip,6bb69176e691199bc232da489374c042441471f0,regulation/jurisdiction/regional/DGR-1593-2024-pages35-37.tesseract.txt,53ebf9093f41011f4765ea5aba6e672f0902982e8a7bb0de6460e5c6560dd6a3,VERBATIM_ADMITTED,regulation/jurisdiction/regional/DGR-1593-2024-pages35-37.tesseract.txt,"selected authority, source, research, evidence, or production input"
wedge1-aip,6bb69176e691199bc232da489374c042441471f0,regulation/jurisdiction/regional/DGR-1593-2024-plan.pdf,c9d29cbe336c91cb7408e7b5627e4c27f179e0914276016a7398a9ca24e2a170,EXCLUDED_INVENTORIED,,legal holding not in the admitted canonical source closure; inventoried for recovery
wedge1-aip,6bb69176e691199bc232da489374c042441471f0,regulation/jurisdiction/regional/DGR-1593-2024-plan.tesseract.txt,8f7a6d74d17f2ba93c60880ee6a99930bdf64042dfd4537398d0c6acf4272210,EXCLUDED_INVENTORIED,,legal holding not in the admitted canonical source closure; inventoried for recovery
wedge1-aip,6bb69176e691199bc232da489374c042441471f0,regulation/jurisdiction/regional/DGR-1593-2024-plan.txt,eed204b4d3525b46e3dcbcd082fa9f337573a6e837d9654c607397712260a967,EXCLUDED_INVENTORIED,,legal holding not in the admitted canonical source closure; inventoried for recovery
wedge1-aip,6bb69176e691199bc232da489374c042441471f0,regulation/jurisdiction/regional/DGR-184-2025-plant-distribution.pdf,222c157492bcae42855be09241e19282c833fdf33e4f7a5bbeaa210e44f62f5b,EXCLUDED_INVENTORIED,,legal holding not in the admitted canonical source closure; inventoried for recovery
wedge1-aip,6bb69176e691199bc232da489374c042441471f0,regulation/jurisdiction/regional/DGR-184-2025-plant-distribution.txt,275e1de1a14b1146e1b6a34a9a76c0d5ef74c528fe2e00efde16557d5f46c771,EXCLUDED_INVENTORIED,,legal holding not in the admitted canonical source closure; inventoried for recovery
wedge1-aip,6bb69176e691199bc232da489374c042441471f0,regulation/jurisdiction/regional/DGR-1866-2022-plan.pdf,428450ef83933a90b677bb32d7b825b49da31e812e0a02442337f3a863eefc00,EXCLUDED_INVENTORIED,,legal holding not in the admitted canonical source closure; inventoried for recovery
wedge1-aip,6bb69176e691199bc232da489374c042441471f0,regulation/jurisdiction/regional/DGR-1866-2022-plan.txt,50d679c51ae222dcb12f6339f3cc1a013e8e068dfbf1bed7f3603bb89951e64e,VERBATIM_ADMITTED,regulation/jurisdiction/regional/DGR-1866-2022-plan.txt,"selected authority, source, research, evidence, or production input"
wedge1-aip,6bb69176e691199bc232da489374c042441471f0,regulation/jurisdiction/regional/DGR-2164-2021-aid.pdf,8f614095c59f245cfeb3af5cc48ee3ee96755593a9686b48a8cb7b31ebebdf13,EXCLUDED_INVENTORIED,,legal holding not in the admitted canonical source closure; inventoried for recovery
wedge1-aip,6bb69176e691199bc232da489374c042441471f0,regulation/jurisdiction/regional/DGR-2164-2021-aid.txt,891d4dcd64f9cc19ad4a67e2031cb27518b37039e76cdc3bfd5f0f30c5549a0f,EXCLUDED_INVENTORIED,,legal holding not in the admitted canonical source closure; inventoried for recovery
wedge1-aip,6bb69176e691199bc232da489374c042441471f0,regulation/jurisdiction/regional/DGR-343-2022-plan.pdf,6399d42346fd9786830f1ff15ed056df418650ac7f95925d9999354382eefcca,EXCLUDED_INVENTORIED,,legal holding not in the admitted canonical source closure; inventoried for recovery
wedge1-aip,6bb69176e691199bc232da489374c042441471f0,regulation/jurisdiction/regional/DGR-343-2022-plan.txt,956bec799c80e707c2235f4ee64e68129cba3be9b8db6755293fc095e1b5caa5,VERBATIM_ADMITTED,regulation/jurisdiction/regional/DGR-343-2022-plan.txt,"selected authority, source, research, evidence, or production input"
wedge1-aip,6bb69176e691199bc232da489374c042441471f0,regulation/jurisdiction/regional/DGR-538-2021-plan.pdf,dec28b2d8d175e5f21f881493a5b40a75e0586d313868e74156f743333ba6205,EXCLUDED_INVENTORIED,,legal holding not in the admitted canonical source closure; inventoried for recovery
wedge1-aip,6bb69176e691199bc232da489374c042441471f0,regulation/jurisdiction/regional/DGR-538-2021-plan.tesseract.txt,389d7501684a5581bae0eb3099122d8817a83b5ee2632d8550b6b902180630a8,VERBATIM_ADMITTED,regulation/jurisdiction/regional/DGR-538-2021-plan.tesseract.txt,"selected authority, source, research, evidence, or production input"
wedge1-aip,6bb69176e691199bc232da489374c042441471f0,regulation/jurisdiction/regional/DGR-538-2021-plan.txt,abf72133f29e290a64a0c839974824290358917f45c195c26c5ded82c64d39f9,EXCLUDED_INVENTORIED,,legal holding not in the admitted canonical source closure; inventoried for recovery
wedge1-aip,6bb69176e691199bc232da489374c042441471f0,regulation/jurisdiction/regional/DGR-570-2023-plan-integration.pdf,f158dff3e9ff12411574c74f8b57cd5929f49421e12d50705b6f6522bd4c996f,EXCLUDED_INVENTORIED,,legal holding not in the admitted canonical source closure; inventoried for recovery
wedge1-aip,6bb69176e691199bc232da489374c042441471f0,regulation/jurisdiction/regional/DGR-570-2023-plan-integration.txt,9d10a85d20340f4e897f1c211db1682690bb2c5ad961e29628849704e57fd920,EXCLUDED_INVENTORIED,,legal holding not in the admitted canonical source closure; inventoried for recovery
wedge1-aip,6bb69176e691199bc232da489374c042441471f0,regulation/jurisdiction/regional/DGR-590-2023-vector-agreement.pdf,ada23bca62775d2c0cc73b72a533281b337cd8bd1ab0be2ccaf917260f403ea6,EXCLUDED_INVENTORIED,,legal holding not in the admitted canonical source closure; inventoried for recovery
wedge1-aip,6bb69176e691199bc232da489374c042441471f0,regulation/jurisdiction/regional/DGR-590-2023-vector-agreement.txt,b1a8db9e88c26c85592e8cef2e98557520a5df64bf7e7b0695a6b9c39aa43f84,EXCLUDED_INVENTORIED,,legal holding not in the admitted canonical source closure; inventoried for recovery
wedge1-aip,6bb69176e691199bc232da489374c042441471f0,regulation/jurisdiction/regional/DGR-591-2023-cnr-agreement.pdf,e65a0e67d97417369c2149c40898d11cfacfd49d64744a30f95966645173a939,EXCLUDED_INVENTORIED,,legal holding not in the admitted canonical source closure; inventoried for recovery
wedge1-aip,6bb69176e691199bc232da489374c042441471f0,regulation/jurisdiction/regional/DGR-591-2023-cnr-agreement.txt,c70bc9cb189163337d4e27adc8b4ae59cf6ccf35a011a5c99fe935eaa0f09b4a,EXCLUDED_INVENTORIED,,legal holding not in the admitted canonical source closure; inventoried for recovery
wedge1-aip,6bb69176e691199bc232da489374c042441471f0,regulation/jurisdiction/regional/DGR-644-2022-delegation.pdf,cd0038024eb917240e219c1c51b595041a7c65fa225b571adfd0248263a1def4,EXCLUDED_INVENTORIED,,legal holding not in the admitted canonical source closure; inventoried for recovery
wedge1-aip,6bb69176e691199bc232da489374c042441471f0,regulation/jurisdiction/regional/DGR-644-2022-delegation.txt,899f5e0f94964b2b44e9750b30e613a95231db81f72398c9eb5f5d8743cad43c,EXCLUDED_INVENTORIED,,legal holding not in the admitted canonical source closure; inventoried for recovery
wedge1-aip,6bb69176e691199bc232da489374c042441471f0,regulation/jurisdiction/regional/DGR-779-2022-vector-agreement.pdf,bea84a92500a4bfa06a66dbd7a90349dc5b8762fc0f655861caa8f6d5b611526,EXCLUDED_INVENTORIED,,legal holding not in the admitted canonical source closure; inventoried for recovery
wedge1-aip,6bb69176e691199bc232da489374c042441471f0,regulation/jurisdiction/regional/DGR-779-2022-vector-agreement.txt,e23466a15cfe7ccffd2e1ab108cbf97547ba394fa5dba022bae249580785f4ea,EXCLUDED_INVENTORIED,,legal holding not in the admitted canonical source closure; inventoried for recovery
wedge1-aip,6bb69176e691199bc232da489374c042441471f0,regulation/jurisdiction/regional/DGR-903-2025-almond.tesseract.txt,d9f26c24c52c4c3b0807e276d1cfdced70b6be32021bfbe24d35d4438837bff4,EXCLUDED_INVENTORIED,,legal holding not in the admitted canonical source closure; inventoried for recovery
wedge1-aip,6bb69176e691199bc232da489374c042441471f0,regulation/jurisdiction/regional/DGR-903-2025-almond.txt,2dc2d527eefeb42049f5fc1a118bcd2027f57c269ef001784c0e4e7dfbc6995a,EXCLUDED_INVENTORIED,,legal holding not in the admitted canonical source closure; inventoried for recovery
wedge1-aip,6bb69176e691199bc232da489374c042441471f0,regulation/jurisdiction/regional/DGR-994-2024-aid.pdf,7f6694a4c46b6e6b54f6c8217cecae27dde4a7c8cb2b10296ebcf7a2e39e8e7b,EXCLUDED_INVENTORIED,,legal holding not in the admitted canonical source closure; inventoried for recovery
wedge1-aip,6bb69176e691199bc232da489374c042441471f0,regulation/jurisdiction/regional/DGR-994-2024-aid.txt,d8ee758576f5cd4f25525b13685c131f0ea64e6fd6a1dc1e6bab69d6171c4e3d,EXCLUDED_INVENTORIED,,legal holding not in the admitted canonical source closure; inventoried for recovery
wedge1-aip,6bb69176e691199bc232da489374c042441471f0,regulation/jurisdiction/regional/DM 24.01.2022 Piano emergenza Xf.pdf,7de2274042644e0d579ef773fc45e0f038241b081d6e0fe57fd4b87a90d74d53,EXCLUDED_INVENTORIED,,legal holding not in the admitted canonical source closure; inventoried for recovery
wedge1-aip,6bb69176e691199bc232da489374c042441471f0,regulation/jurisdiction/regional/DPGR-22-2021-MAIA-current.txt,7cb0f82a673d61e4b6a757c4cdc0f6140dc4a2e8b73fa18dc5333e85581c8310,EXCLUDED_INVENTORIED,,legal holding not in the admitted canonical source closure; inventoried for recovery
wedge1-aip,6bb69176e691199bc232da489374c042441471f0,regulation/jurisdiction/regional/HIST-DDS-114-2021.pdf,e69fafd0dadb61fb19dce633ddf28e38c6eab26971aa6586196263fdd6cd3292,EXCLUDED_INVENTORIED,,legal holding not in the admitted canonical source closure; inventoried for recovery
wedge1-aip,6bb69176e691199bc232da489374c042441471f0,regulation/jurisdiction/regional/HIST-DDS-114-2021.txt,c6361e2a4a8858cf94fa81c5662b5b9bcfb44a96c168cf5b9b8f907a48d64933,EXCLUDED_INVENTORIED,,legal holding not in the admitted canonical source closure; inventoried for recovery
wedge1-aip,6bb69176e691199bc232da489374c042441471f0,regulation/jurisdiction/regional/HIST-DDS-149-2020.pdf,ca3a25814da82bb47179f3efb280864cc9d06274e2dc6ccfebcd194ae624c2b6,EXCLUDED_INVENTORIED,,legal holding not in the admitted canonical source closure; inventoried for recovery
wedge1-aip,6bb69176e691199bc232da489374c042441471f0,regulation/jurisdiction/regional/HIST-DDS-149-2020.txt,4431cc489b261635a4486bc806a21d0202013a5f52dd217e99cfe79f2c2c4be4,EXCLUDED_INVENTORIED,,legal holding not in the admitted canonical source closure; inventoried for recovery
wedge1-aip,6bb69176e691199bc232da489374c042441471f0,regulation/jurisdiction/regional/HIST-DDS-51-2019.pdf,c63491ec3c7608987d65106eb74908551d7f0bb82c3d14d2f9b15717fa2d5c4e,EXCLUDED_INVENTORIED,,legal holding not in the admitted canonical source closure; inventoried for recovery
wedge1-aip,6bb69176e691199bc232da489374c042441471f0,regulation/jurisdiction/regional/HIST-DDS-51-2019.txt,2bbd930d3918cce248b3ef77c3a6e35a60441237165aafde1763a87759bb6463,EXCLUDED_INVENTORIED,,legal holding not in the admitted canonical source closure; inventoried for recovery
wedge1-aip,6bb69176e691199bc232da489374c042441471f0,regulation/jurisdiction/regional/LR-12-2013-amends-LR14.pdf,40e1e57f907916b2de3b91adf1f5e274dbde79d3f037f811d0f7366f74ba75b6,EXCLUDED_INVENTORIED,,legal holding not in the admitted canonical source closure; inventoried for recovery
wedge1-aip,6bb69176e691199bc232da489374c042441471f0,regulation/jurisdiction/regional/LR-12-2013-amends-LR14.txt,fa307ca6f21e2c63828fae5b937be93a2263c4a6b2ef954fe0877fa70b48fdf6,EXCLUDED_INVENTORIED,,legal holding not in the admitted canonical source closure; inventoried for recovery
wedge1-aip,6bb69176e691199bc232da489374c042441471f0,regulation/jurisdiction/regional/LR-14-2007-original.pdf,121dcc13e00eebd8eacf8a76fb476d90760ae2f168313010052b2c16ae6a97d7,EXCLUDED_INVENTORIED,,legal holding not in the admitted canonical source closure; inventoried for recovery
wedge1-aip,6bb69176e691199bc232da489374c042441471f0,regulation/jurisdiction/regional/LR-14-2007-original.txt,41985598c52451dd79155d94e5cd8e7499ebd02ea08a6320bccc07e39f6a2d97,EXCLUDED_INVENTORIED,,legal holding not in the admitted canonical source closure; inventoried for recovery
wedge1-aip,6bb69176e691199bc232da489374c042441471f0,regulation/jurisdiction/regional/LR-14-2023-amends-LR14.pdf,af1fce6889d3873a3d3d695ff6a1c7d4fb394fd4908bcdd7071799e06380f6fe,EXCLUDED_INVENTORIED,,legal holding not in the admitted canonical source closure; inventoried for recovery
wedge1-aip,6bb69176e691199bc232da489374c042441471f0,regulation/jurisdiction/regional/LR-14-2023-amends-LR14.txt,7883edde7bb829841fd7733a3a6af428c13c78a80b8d2b9d96228b86bdc491c0,EXCLUDED_INVENTORIED,,legal holding not in the admitted canonical source closure; inventoried for recovery
wedge1-aip,6bb69176e691199bc232da489374c042441471f0,regulation/jurisdiction/regional/LR-19-2013-amends-LR14.pdf,5685fe3cafa3036518dfdec4c7387a9c1348ec63ef7bd02fa19986d9df298387,EXCLUDED_INVENTORIED,,legal holding not in the admitted canonical source closure; inventoried for recovery
wedge1-aip,6bb69176e691199bc232da489374c042441471f0,regulation/jurisdiction/regional/LR-19-2013-amends-LR14.txt,2f384d4c6b78d6fc1ec52dd2a168bd3f4121a8b6bcf3ad861f3c87e31f7f503c,EXCLUDED_INVENTORIED,,legal holding not in the admitted canonical source closure; inventoried for recovery
wedge1-aip,6bb69176e691199bc232da489374c042441471f0,regulation/jurisdiction/regional/LR-19-2019-ARIF.pdf,64aa06ff4d14691ba4d12a6cc253ded4720f236cda68078b6670addd11172007,EXCLUDED_INVENTORIED,,legal holding not in the admitted canonical source closure; inventoried for recovery
wedge1-aip,6bb69176e691199bc232da489374c042441471f0,regulation/jurisdiction/regional/LR-19-2019-ARIF.txt,cf81ae342623769b7a684972a552ff474fdf88308b706028b051a43bc5ef026d,VERBATIM_ADMITTED,regulation/jurisdiction/regional/LR-19-2019-ARIF.txt,"selected authority, source, research, evidence, or production input"
wedge1-aip,6bb69176e691199bc232da489374c042441471f0,regulation/jurisdiction/regional/LR-3-2010-original.pdf,98f5c4f7e776b2fd3f6bd339040f645ddf0c8fd4e9f73f87983bafcf425c6a8a,EXCLUDED_INVENTORIED,,legal holding not in the admitted canonical source closure; inventoried for recovery
wedge1-aip,6bb69176e691199bc232da489374c042441471f0,regulation/jurisdiction/regional/LR-3-2010-original.txt,5b59e32e8ca480e1d2573ae6d3b8196718e85d355169fa3042584890500fe4fd,EXCLUDED_INVENTORIED,,legal holding not in the admitted canonical source closure; inventoried for recovery
wedge1-aip,6bb69176e691199bc232da489374c042441471f0,regulation/jurisdiction/regional/LR-32-2022-extract.pdf,f406596d78884178f70047191706f921958a092a76e5ac4053ccec5b8e2083ed,EXCLUDED_INVENTORIED,,legal holding not in the admitted canonical source closure; inventoried for recovery
wedge1-aip,6bb69176e691199bc232da489374c042441471f0,regulation/jurisdiction/regional/LR-32-2022-extract.txt,372e7ed07fa20cc8c35feb936604983538c0d5f486c44858ba28e3113ce8424c,EXCLUDED_INVENTORIED,,legal holding not in the admitted canonical source closure; inventoried for recovery
wedge1-aip,6bb69176e691199bc232da489374c042441471f0,regulation/jurisdiction/regional/LR-36-2011-amends-LR14.pdf,4c2aa62ae90c7d94bd46d2c0deeb418e6d1aa2ffe53289e9b88bb3ae975d555b,EXCLUDED_INVENTORIED,,legal holding not in the admitted canonical source closure; inventoried for recovery
wedge1-aip,6bb69176e691199bc232da489374c042441471f0,regulation/jurisdiction/regional/LR-36-2011-amends-LR14.txt,ce1ffbfc267a040bb903f798df13ca556ebe11331c0ffb38680ad01d618f0926,EXCLUDED_INVENTORIED,,legal holding not in the admitted canonical source closure; inventoried for recovery
wedge1-aip,6bb69176e691199bc232da489374c042441471f0,regulation/jurisdiction/regional/LR-37-2017-authentic-interpretation.pdf,17cde3c4dd3f0a9f581618bae13fbd545fbaf21d305b02e547d1e73121d442a0,EXCLUDED_INVENTORIED,,legal holding not in the admitted canonical source closure; inventoried for recovery
wedge1-aip,6bb69176e691199bc232da489374c042441471f0,regulation/jurisdiction/regional/LR-37-2017-authentic-interpretation.txt,3570cf3d24ce0f09263d141eec9c98a0d39a1efd168eca17ddf3a90940f34053,EXCLUDED_INVENTORIED,,legal holding not in the admitted canonical source closure; inventoried for recovery
wedge1-aip,6bb69176e691199bc232da489374c042441471f0,regulation/jurisdiction/regional/LR-4-2017-Xylella.pdf,b6698a085b3b4e35bfe3c82a3993b926ac50c420eb4a35640e6cdd7ba4e1768a,EXCLUDED_INVENTORIED,,legal holding not in the admitted canonical source closure; inventoried for recovery
wedge1-aip,6bb69176e691199bc232da489374c042441471f0,regulation/jurisdiction/regional/LR-4-2017-Xylella.txt,ed1b083109731d7f6ddec9b6ed0e56826d90651269493d4541bd999ede1868a7,VERBATIM_ADMITTED,regulation/jurisdiction/regional/LR-4-2017-Xylella.txt,"selected authority, source, research, evidence, or production input"
wedge1-aip,6bb69176e691199bc232da489374c042441471f0,regulation/jurisdiction/regional/LR-45-2021-amendments.pdf,0abd242120c599e158fd29715cec57f3526f7d8c84971b02425b66c9afabf703,EXCLUDED_INVENTORIED,,legal holding not in the admitted canonical source closure; inventoried for recovery
wedge1-aip,6bb69176e691199bc232da489374c042441471f0,regulation/jurisdiction/regional/LR-45-2021-amendments.txt,1ac3e703251d802836d1c3645463b41fba3009820a45ac440ec89e65764c009f,EXCLUDED_INVENTORIED,,legal holding not in the admitted canonical source closure; inventoried for recovery
wedge1-aip,6bb69176e691199bc232da489374c042441471f0,regulation/jurisdiction/regional/LR-6-2021-Xylella-Art3.txt,901b2db9089832bc48540a1e3cdc4630fac28a7bae8c5857282b72d81b0283f6,EXCLUDED_INVENTORIED,,legal holding not in the admitted canonical source closure; inventoried for recovery
wedge1-aip,6bb69176e691199bc232da489374c042441471f0,regulation/jurisdiction/regional/LR-64-2017-Xylella.pdf,84a467bb2e161e0cc388c129819db13437ade879834ed87d4818f123fb29ad83,EXCLUDED_INVENTORIED,,legal holding not in the admitted canonical source closure; inventoried for recovery
wedge1-aip,6bb69176e691199bc232da489374c042441471f0,regulation/jurisdiction/regional/LR-64-2017-Xylella.txt,5566e66e45ebf24a27daf65fef269732e6517981bc50b8cbb75c0d29b09edfc8,EXCLUDED_INVENTORIED,,legal holding not in the admitted canonical source closure; inventoried for recovery
wedge1-aip,6bb69176e691199bc232da489374c042441471f0,regulation/jurisdiction/regional/LR-67-2018-stability.pdf,7989b3e268826b9afac81036a005acceaefd4f2526262e3642cb65385be0e52f,EXCLUDED_INVENTORIED,,legal holding not in the admitted canonical source closure; inventoried for recovery
wedge1-aip,6bb69176e691199bc232da489374c042441471f0,regulation/jurisdiction/regional/LR-67-2018-stability.txt,3a4aae13504aaac3b232dbdaa8d07e2f87fffa6e2ab3c06500f16c86b63ff9db,EXCLUDED_INVENTORIED,,legal holding not in the admitted canonical source closure; inventoried for recovery
wedge1-aip,6bb69176e691199bc232da489374c042441471f0,regulation/jurisdiction/regional/MAIA 2.0_aggiornato al DPGR 442-2025_versione 31.8.2025_0.pdf,f4b69930b3d385072eb41f7e8442afcac18db4ef0feb70d7960ffeee643760e5,EXCLUDED_INVENTORIED,,legal holding not in the admitted canonical source closure; inventoried for recovery
wedge1-aip,6bb69176e691199bc232da489374c042441471f0,regulation/jurisdiction/regional/PUG-DPGR22-A20.txt,8c644a060563d453ccd977079be241d90a91e9bd744ba6d4e5f83208709cce08,VERBATIM_ADMITTED,regulation/jurisdiction/regional/PUG-DPGR22-A20.txt,"selected authority, source, research, evidence, or production input"
wedge1-aip,6bb69176e691199bc232da489374c042441471f0,regulation/jurisdiction/regional/PUG-LR14-CURRENT-20260828.txt,824525af1229dcd228e7e8d38fd5f5801e99e7c1413c122b4a6cab1a070c3a59,EXCLUDED_INVENTORIED,,legal holding not in the admitted canonical source closure; inventoried for recovery
wedge1-aip,6bb69176e691199bc232da489374c042441471f0,regulation/jurisdiction/regional/PUG-LR14-CURRENT.html,497e09563848c775783b94833a59444e21f07a8112f178658ed2506679c56329,EXCLUDED_INVENTORIED,,legal holding not in the admitted canonical source closure; inventoried for recovery
wedge1-aip,6bb69176e691199bc232da489374c042441471f0,regulation/jurisdiction/regional/PUG-LR14-CURRENT.txt,0b02039aa5c80fc3fbbb04fd9ecdf73639d9463e9b782c88be620dcbfa762d80,EXCLUDED_INVENTORIED,,legal holding not in the admitted canonical source closure; inventoried for recovery
wedge1-aip,6bb69176e691199bc232da489374c042441471f0,regulation/jurisdiction/regional/PUG-LR4-CURRENT.txt,d3ef8bdd5e27d1bbf467911908c6465dafde764a6be36cf8dba2dae3e89f9041,VERBATIM_ADMITTED,regulation/jurisdiction/regional/PUG-LR4-CURRENT.txt,"selected authority, source, research, evidence, or production input"
wedge1-aip,6bb69176e691199bc232da489374c042441471f0,regulation/jurisdiction/regional/PUG-STATUTO-2004-07.pdf,be308d90dd0dc483a9a460bc6a1ffcfae13b71b81c98ffaccec3657c674cd334,EXCLUDED_INVENTORIED,,legal holding not in the admitted canonical source closure; inventoried for recovery
wedge1-aip,6bb69176e691199bc232da489374c042441471f0,regulation/jurisdiction/regional/U181-DET-33-2023.pdf,488ca32577fc3fa7e41022ea379f0cd26732104f0308dce3af10abb61ee9cf74,EXCLUDED_INVENTORIED,,legal holding not in the admitted canonical source closure; inventoried for recovery
wedge1-aip,6bb69176e691199bc232da489374c042441471f0,regulation/jurisdiction/regional/U181-DET-33-2023.txt,fd68ec8e69a49ca76ae94968cd7c450c4a4ff97fb792d3cc579f2c14b6618741,EXCLUDED_INVENTORIED,,legal holding not in the admitted canonical source closure; inventoried for recovery
wedge1-aip,6bb69176e691199bc232da489374c042441471f0,regulation/jurisdiction/regional/U181-DET-45-2026.pdf,cda1ee98c92a0d4831b71aca38a3ecc6b3dc8ee939a4223f7db8926b38bd9554,EXCLUDED_INVENTORIED,,legal holding not in the admitted canonical source closure; inventoried for recovery
wedge1-aip,6bb69176e691199bc232da489374c042441471f0,regulation/jurisdiction/regional/U181-DET-45-2026.txt,87fb391749ecf3b3c2d5beebd14ea744e31edb297a19ed31dfe7fbf05a802f33,EXCLUDED_INVENTORIED,,legal holding not in the admitted canonical source closure; inventoried for recovery
wedge1-aip,6bb69176e691199bc232da489374c042441471f0,regulation/jurisdiction/regional/U181-DET-57-2023.pdf,e94516e5c15bd0943be4e4797082d9f507c1d2f91a4e2f40692f352ddea9c62d,EXCLUDED_INVENTORIED,,legal holding not in the admitted canonical source closure; inventoried for recovery
wedge1-aip,6bb69176e691199bc232da489374c042441471f0,regulation/jurisdiction/regional/U181-DET-57-2023.txt,004a02e47732e0a21b311ab16d057a2021e5f4770ec513f77dd6fbd8d8681610,EXCLUDED_INVENTORIED,,legal holding not in the admitted canonical source closure; inventoried for recovery
wedge1-aip,6bb69176e691199bc232da489374c042441471f0,regulation/jurisdiction/regional/U181-DET-76-2026.pdf,8c205ea8d8b24aae705fed7a37b4fc1b88ea61f731c953037fb07300b06c5f39,EXCLUDED_INVENTORIED,,legal holding not in the admitted canonical source closure; inventoried for recovery
wedge1-aip,6bb69176e691199bc232da489374c042441471f0,regulation/jurisdiction/regional/U181-DET-76-2026.txt,2da42b459ceb47fb090a41c5a8f24f991c796b1729fb991173bc3b103ec73008,EXCLUDED_INVENTORIED,,legal holding not in the admitted canonical source closure; inventoried for recovery
wedge1-aip,6bb69176e691199bc232da489374c042441471f0,regulation/jurisdiction/regional/allegato.a.dds.39.del.11.03.25.piano.dindagine.2025.pdf,e90713fd0e0efa3db043459990ef28597130f358ff0603a25cb110a96817f254,EXCLUDED_INVENTORIED,,legal holding not in the admitted canonical source closure; inventoried for recovery
wedge1-aip,6bb69176e691199bc232da489374c042441471f0,regulation/jurisdiction/regional/bulk/DET-1-2022-FITO-.pdf,59568b01739831757fb56a3dad206850ddef791666a6fcf0952d652e5cf26df7,EXCLUDED_INVENTORIED,,legal holding not in the admitted canonical source closure; inventoried for recovery
wedge1-aip,6bb69176e691199bc232da489374c042441471f0,regulation/jurisdiction/regional/bulk/DET-1-2022-FITO-.txt,30ce9da051e9379c6e82d524ce64afbf2bf267c57955219704bb9e95352e0771,EXCLUDED_INVENTORIED,,legal holding not in the admitted canonical source closure; inventoried for recovery
wedge1-aip,6bb69176e691199bc232da489374c042441471f0,regulation/jurisdiction/regional/bulk/DET-10-2024-FITO-.pdf,3a97164ca7433387aabb6213e8407996d11f125a5deb6de8d25999d9e4a20cfd,EXCLUDED_INVENTORIED,,legal holding not in the admitted canonical source closure; inventoried for recovery
wedge1-aip,6bb69176e691199bc232da489374c042441471f0,regulation/jurisdiction/regional/bulk/DET-10-2024-FITO-.txt,f6dcb205069687add90e36f6b1369e6239efcd22b1525330642447fc4bff4af1,EXCLUDED_INVENTORIED,,legal holding not in the admitted canonical source closure; inventoried for recovery
wedge1-aip,6bb69176e691199bc232da489374c042441471f0,regulation/jurisdiction/regional/bulk/DET-10-2025-FITO-.pdf,9a38c616771ae7d147147edbb7bce1c5a227b4be792296d009f12dc700b12934,EXCLUDED_INVENTORIED,,legal holding not in the admitted canonical source closure; inventoried for recovery
wedge1-aip,6bb69176e691199bc232da489374c042441471f0,regulation/jurisdiction/regional/bulk/DET-10-2025-FITO-.txt,cce7bbc8428b3ab8f0ec4c64ced82a081f8acaf88e5f73eb0094df45110ad738,EXCLUDED_INVENTORIED,,legal holding not in the admitted canonical source closure; inventoried for recovery
wedge1-aip,6bb69176e691199bc232da489374c042441471f0,regulation/jurisdiction/regional/bulk/DET-100-2021-FITO-.pdf,1cb02951f44ca649033c9d14a35a23d64b0a78f2410bb6c44a5a3992e895db0c,EXCLUDED_INVENTORIED,,legal holding not in the admitted canonical source closure; inventoried for recovery
wedge1-aip,6bb69176e691199bc232da489374c042441471f0,regulation/jurisdiction/regional/bulk/DET-100-2021-FITO-.txt,3cfe6d0d379ca6c81bc34c3a2f8d0ad72addefbca6857a60ad2fc824e3892d24,EXCLUDED_INVENTORIED,,legal holding not in the admitted canonical source closure; inventoried for recovery
wedge1-aip,6bb69176e691199bc232da489374c042441471f0,regulation/jurisdiction/regional/bulk/DET-100-2022-FITO-a3d3bec4486b.pdf,a3d3bec4486b42904bd6df919dedf472e38bb46e9b9cb37a8cd16a6ab31f603a,EXCLUDED_INVENTORIED,,legal holding not in the admitted canonical source closure; inventoried for recovery
wedge1-aip,6bb69176e691199bc232da489374c042441471f0,regulation/jurisdiction/regional/bulk/DET-100-2022-FITO-a3d3bec4486b.txt,111a4545a021dbca39b3fee5971dfa83246859e183a495fde9110432c4fdce50,EXCLUDED_INVENTORIED,,legal holding not in the admitted canonical source closure; inventoried for recovery
wedge1-aip,6bb69176e691199bc232da489374c042441471f0,regulation/jurisdiction/regional/bulk/DET-101-2021-FITO-.pdf,67346ff15bdbcd4c9706e35581cde54c4bbc66d36842ac1d8cae5e8311bf4729,EXCLUDED_INVENTORIED,,legal holding not in the admitted canonical source closure; inventoried for recovery
wedge1-aip,6bb69176e691199bc232da489374c042441471f0,regulation/jurisdiction/regional/bulk/DET-101-2021-FITO-.txt,b45d7151b98d4a5bf55a852a8edb7e741347235f364f429ef1701be2a150028d,EXCLUDED_INVENTORIED,,legal holding not in the admitted canonical source closure; inventoried for recovery
wedge1-aip,6bb69176e691199bc232da489374c042441471f0,regulation/jurisdiction/regional/bulk/DET-101-2022-FITO-a9216671420d.pdf,a9216671420d322c52b5a7133af7bd3776591338ed2d66fa6da32284de3cb0f5,EXCLUDED_INVENTORIED,,legal holding not in the admitted canonical source closure; inventoried for recovery
wedge1-aip,6bb69176e691199bc232da489374c042441471f0,regulation/jurisdiction/regional/bulk/DET-101-2022-FITO-a9216671420d.txt,7454ba3aed024e34c8af6f39ae2bc08df5c84591e048d95541b2519c4bdcc92c,EXCLUDED_INVENTORIED,,legal holding not in the admitted canonical source closure; inventoried for recovery
wedge1-aip,6bb69176e691199bc232da489374c042441471f0,regulation/jurisdiction/regional/bulk/DET-102-2021-FITO-.pdf,7a2ea61470c00d85f1eeb39d1d5541ead3171a9d5843f670ce639f6a84becc02,EXCLUDED_INVENTORIED,,legal holding not in the admitted canonical source closure; inventoried for recovery
wedge1-aip,6bb69176e691199bc232da489374c042441471f0,regulation/jurisdiction/regional/bulk/DET-102-2021-FITO-.txt,b6177df134c1f85483a079a55440d01830df6bccc9924012aa7880943ae94077,EXCLUDED_INVENTORIED,,legal holding not in the admitted canonical source closure; inventoried for recovery
wedge1-aip,6bb69176e691199bc232da489374c042441471f0,regulation/jurisdiction/regional/bulk/DET-102-2022-FITO-.pdf,a236497e8e91550367ea18582f84f15a9cee6ac2f29e4a2570421cb46e8f65a4,EXCLUDED_INVENTORIED,,legal holding not in the admitted canonical source closure; inventoried for recovery
wedge1-aip,6bb69176e691199bc232da489374c042441471f0,regulation/jurisdiction/regional/bulk/DET-102-2022-FITO-.txt,47077fa6975a7e520c866cb7bd063917bf0a899fc746bc46673a78b7f24e6c9a,EXCLUDED_INVENTORIED,,legal holding not in the admitted canonical source closure; inventoried for recovery
wedge1-aip,6bb69176e691199bc232da489374c042441471f0,regulation/jurisdiction/regional/bulk/DET-102-2026-FITO-0b61c4166b22.pdf,0b61c4166b2227556fb6f499eb42b856c435a27e310d3337d69b3a2e6cd64f78,EXCLUDED_INVENTORIED,,legal holding not in the admitted canonical source closure; inventoried for recovery
wedge1-aip,6bb69176e691199bc232da489374c042441471f0,regulation/jurisdiction/regional/bulk/DET-102-2026-FITO-0b61c4166b22.txt,07f2338c769eea19753beb97a7d43a82c5f2f672bcf71894bc9b6710acc9f67d,EXCLUDED_INVENTORIED,,legal holding not in the admitted canonical source closure; inventoried for recovery
wedge1-aip,6bb69176e691199bc232da489374c042441471f0,regulation/jurisdiction/regional/bulk/DET-103-2021-FITO-.pdf,186c0e3a473bfcacae5025824f61ca81b0d48dd8503af6c1b0605a19a3277d95,EXCLUDED_INVENTORIED,,legal holding not in the admitted canonical source closure; inventoried for recovery
wedge1-aip,6bb69176e691199bc232da489374c042441471f0,regulation/jurisdiction/regional/bulk/DET-103-2021-FITO-.txt,b0b9a4e00b6f4b1014266fdb443626118846b662af512f1b61a85d6edcd53cf6,EXCLUDED_INVENTORIED,,legal holding not in the admitted canonical source closure; inventoried for recovery
wedge1-aip,6bb69176e691199bc232da489374c042441471f0,regulation/jurisdiction/regional/bulk/DET-103-2022-FITO-.pdf,0720f08f2235c9b9a755e8e1a24d244636909f446c5d228f481b4ac4fdd4203d,EXCLUDED_INVENTORIED,,legal holding not in the admitted canonical source closure; inventoried for recovery
wedge1-aip,6bb69176e691199bc232da489374c042441471f0,regulation/jurisdiction/regional/bulk/DET-103-2022-FITO-.txt,e40da2e3c51cdc2f02cf4dd7e10cca33d711be070fe19b1318e869abb66887cd,EXCLUDED_INVENTORIED,,legal holding not in the admitted canonical source closure; inventoried for recovery
wedge1-aip,6bb69176e691199bc232da489374c042441471f0,regulation/jurisdiction/regional/bulk/DET-103-2025-FITO-384dab7061dc.pdf,384dab7061dc4596b1582fa1aa5babe601c6f345861be35f3d977a3b5a840efd,EXCLUDED_INVENTORIED,,legal holding not in the admitted canonical source closure; inventoried for recovery
wedge1-aip,6bb69176e691199bc232da489374c042441471f0,regulation/jurisdiction/regional/bulk/DET-103-2025-FITO-384dab7061dc.txt,eff44e59ed4b4fd8bd56fe806c98465692b69766661e21298bc2539221149bc7,EXCLUDED_INVENTORIED,,legal holding not in the admitted canonical source closure; inventoried for recovery
wedge1-aip,6bb69176e691199bc232da489374c042441471f0,regulation/jurisdiction/regional/bulk/DET-103-2026-FITO-36f48ba0eae7.pdf,36f48ba0eae749a4487eebe5ac00fbbc4e60549f8fa01b3585fdd54f4f8a3bb3,EXCLUDED_INVENTORIED,,legal holding not in the admitted canonical source closure; inventoried for recovery
wedge1-aip,6bb69176e691199bc232da489374c042441471f0,regulation/jurisdiction/regional/bulk/DET-103-2026-FITO-36f48ba0eae7.txt,b587acde8238a2ab20808dfc3a60348172b4a5b9c3b79ca1e27966511fb65421,EXCLUDED_INVENTORIED,,legal holding not in the admitted canonical source closure; inventoried for recovery
wedge1-aip,6bb69176e691199bc232da489374c042441471f0,regulation/jurisdiction/regional/bulk/DET-104-2021-FITO-.pdf,57ee4ab12ea0d57179ac8d8dde5270bda8c862e76d76d316105f54c2bff9246a,EXCLUDED_INVENTORIED,,legal holding not in the admitted canonical source closure; inventoried for recovery
wedge1-aip,6bb69176e691199bc232da489374c042441471f0,regulation/jurisdiction/regional/bulk/DET-104-2021-FITO-.txt,f7e7874882cc4758dd2a96190be5d0272e5ccee267ea3e4ffc35791216dc4dc1,EXCLUDED_INVENTORIED,,legal holding not in the admitted canonical source closure; inventoried for recovery
wedge1-aip,6bb69176e691199bc232da489374c042441471f0,regulation/jurisdiction/regional/bulk/DET-104-2022-FITO-5961d6beb401.pdf,5961d6beb4011e125769512a98fee052fcc1e1bf57afe7bffea4f1da1cd266b7,EXCLUDED_INVENTORIED,,legal holding not in the admitted canonical source closure; inventoried for recovery
wedge1-aip,6bb69176e691199bc232da489374c042441471f0,regulation/jurisdiction/regional/bulk/DET-104-2022-FITO-5961d6beb401.txt,b50a3c2d3d563dd17b860ceaae5bc49903976c0d6a933152ee598b555d226186,EXCLUDED_INVENTORIED,,legal holding not in the admitted canonical source closure; inventoried for recovery
wedge1-aip,6bb69176e691199bc232da489374c042441471f0,regulation/jurisdiction/regional/bulk/DET-104-2026-FITO-c9a00d310b51.pdf,c9a00d310b516711de8cbe789ffc8a72e3b57d00bc40510dff19251900b8dfa9,EXCLUDED_INVENTORIED,,legal holding not in the admitted canonical source closure; inventoried for recovery
wedge1-aip,6bb69176e691199bc232da489374c042441471f0,regulation/jurisdiction/regional/bulk/DET-104-2026-FITO-c9a00d310b51.txt,80edf6f9d78d852151e64d7693b355e3ac5b35f3a03fe09028e33e288f288d17,EXCLUDED_INVENTORIED,,legal holding not in the admitted canonical source closure; inventoried for recovery
wedge1-aip,6bb69176e691199bc232da489374c042441471f0,regulation/jurisdiction/regional/bulk/DET-105-2021-FITO-.pdf,35b880b7b05fd0ed7eb367aff52e22c78132c14a03e9564380cbf219106320b1,EXCLUDED_INVENTORIED,,legal holding not in the admitted canonical source closure; inventoried for recovery
wedge1-aip,6bb69176e691199bc232da489374c042441471f0,regulation/jurisdiction/regional/bulk/DET-105-2021-FITO-.txt,dd6b020d4d4ebce26228a6ceef461b90733a02de9ab411d119b1539a90dbc57a,EXCLUDED_INVENTORIED,,legal holding not in the admitted canonical source closure; inventoried for recovery
wedge1-aip,6bb69176e691199bc232da489374c042441471f0,regulation/jurisdiction/regional/bulk/DET-105-2022-FITO-974a4ec6033e.pdf,974a4ec6033ec44e35374aa3030f78372032dd1f2ec3746ecd4a40a844c62ed6,EXCLUDED_INVENTORIED,,legal holding not in the admitted canonical source closure; inventoried for recovery
wedge1-aip,6bb69176e691199bc232da489374c042441471f0,regulation/jurisdiction/regional/bulk/DET-105-2022-FITO-974a4ec6033e.txt,3db2ec7626a16a57dc8ae9f51b70fd039d806338f8ed246b506fa1359e278c1d,EXCLUDED_INVENTORIED,,legal holding not in the admitted canonical source closure; inventoried for recovery
wedge1-aip,6bb69176e691199bc232da489374c042441471f0,regulation/jurisdiction/regional/bulk/DET-106-2021-FITO-.pdf,77dc0c6a5fe214f0010f09ee5469ea8df4924de4d8f1b4e31a8fbf58c17a48bd,EXCLUDED_INVENTORIED,,legal holding not in the admitted canonical source closure; inventoried for recovery
wedge1-aip,6bb69176e691199bc232da489374c042441471f0,regulation/jurisdiction/regional/bulk/DET-106-2021-FITO-.txt,46ac1adf94c3faf78f34205fd6e66f142cde1a305bf118d9b22fa14d234f08ce,EXCLUDED_INVENTORIED,,legal holding not in the admitted canonical source closure; inventoried for recovery
wedge1-aip,6bb69176e691199bc232da489374c042441471f0,regulation/jurisdiction/regional/bulk/DET-106-2022-FITO-6c89145bb005.pdf,6c89145bb0058d19d3c0c8be7d2674b239e17e3eba52585ddcd4dd9269452c27,EXCLUDED_INVENTORIED,,legal holding not in the admitted canonical source closure; inventoried for recovery
wedge1-aip,6bb69176e691199bc232da489374c042441471f0,regulation/jurisdiction/regional/bulk/DET-106-2022-FITO-6c89145bb005.txt,63ed051125f5f2d90263c2b6e8536aff16a11eb0bd1aef188c7811b90046e200,EXCLUDED_INVENTORIED,,legal holding not in the admitted canonical source closure; inventoried for recovery
wedge1-aip,6bb69176e691199bc232da489374c042441471f0,regulation/jurisdiction/regional/bulk/DET-106-2023-FITO-cdeeec689511.pdf,cdeeec689511bcebf1eee30a484400cf55dfea578c87b23f0e728c2ac4b6c210,EXCLUDED_INVENTORIED,,legal holding not in the admitted canonical source closure; inventoried for recovery
wedge1-aip,6bb69176e691199bc232da489374c042441471f0,regulation/jurisdiction/regional/bulk/DET-106-2023-FITO-cdeeec689511.txt,6bf24c442c3eb0c894d76624dfbefd09e238962770f2ba0c5ecfd77493d13ce4,EXCLUDED_INVENTORIED,,legal holding not in the admitted canonical source closure; inventoried for recovery
wedge1-aip,6bb69176e691199bc232da489374c042441471f0,regulation/jurisdiction/regional/bulk/DET-107-2021-FITO-.pdf,f66540f54db5e1b3f1243e6b9df6e347bced16cc2339a9438a255ab90e103964,EXCLUDED_INVENTORIED,,legal holding not in the admitted canonical source closure; inventoried for recovery
wedge1-aip,6bb69176e691199bc232da489374c042441471f0,regulation/jurisdiction/regional/bulk/DET-107-2021-FITO-.txt,d358920aa058adae30bf67561b48ce9e27fb5fb75b1679b299604b8c4728459f,EXCLUDED_INVENTORIED,,legal holding not in the admitted canonical source closure; inventoried for recovery
wedge1-aip,6bb69176e691199bc232da489374c042441471f0,regulation/jurisdiction/regional/bulk/DET-107-2022-FITO-0fc2baa84628.pdf,0fc2baa84628d2005cb60c701cf0c1e91c3802c35069702df4eeb01eff68b5c7,EXCLUDED_INVENTORIED,,legal holding not in the admitted canonical source closure; inventoried for recovery
wedge1-aip,6bb69176e691199bc232da489374c042441471f0,regulation/jurisdiction/regional/bulk/DET-107-2022-FITO-0fc2baa84628.txt,3c41b7007720eb573f96aa37c15e4c5fd8f08763fc75410263b6fb67d8cce768,EXCLUDED_INVENTORIED,,legal holding not in the admitted canonical source closure; inventoried for recovery
wedge1-aip,6bb69176e691199bc232da489374c042441471f0,regulation/jurisdiction/regional/bulk/DET-107-2023-FITO-524981f1f10b.pdf,524981f1f10bc6cb4ec15f4b35ad1cd0d37eccf6a727621809862a8c934ef286,EXCLUDED_INVENTORIED,,legal holding not in the admitted canonical source closure; inventoried for recovery
wedge1-aip,6bb69176e691199bc232da489374c042441471f0,regulation/jurisdiction/regional/bulk/DET-107-2023-FITO-524981f1f10b.txt,31ee004efc6c0558d06a2caebd435bcc173bbe548c9cf5b93b30caea9b6a3370,EXCLUDED_INVENTORIED,,legal holding not in the admitted canonical source closure; inventoried for recovery
wedge1-aip,6bb69176e691199bc232da489374c042441471f0,regulation/jurisdiction/regional/bulk/DET-107-2024-FITO-.pdf,6fe528497490c6150994473c97b803def66f90c19b339ce96e8692292ea8bbc0,EXCLUDED_INVENTORIED,,legal holding not in the admitted canonical source closure; inventoried for recovery
wedge1-aip,6bb69176e691199bc232da489374c042441471f0,regulation/jurisdiction/regional/bulk/DET-107-2024-FITO-.txt,d4883ed1b55665713f3d686edfbc78cb1c02de40f596fd07cbf1158ffcd618e7,EXCLUDED_INVENTORIED,,legal holding not in the admitted canonical source closure; inventoried for recovery
wedge1-aip,6bb69176e691199bc232da489374c042441471f0,regulation/jurisdiction/regional/bulk/DET-108-2022-FITO-cb0c7fc8829b.pdf,cb0c7fc8829b3747fa96c7d037013b8322ec58d13110ddacf39cc3f2cb72ed5e,EXCLUDED_INVENTORIED,,legal holding not in the admitted canonical source closure; inventoried for recovery
wedge1-aip,6bb69176e691199bc232da489374c042441471f0,regulation/jurisdiction/regional/bulk/DET-108-2022-FITO-cb0c7fc8829b.txt,a13daf800a5256d9371e78755a9a13f35e887c5f00c7e185862f5eedb57a8ca0,EXCLUDED_INVENTORIED,,legal holding not in the admitted canonical source closure; inventoried for recovery
wedge1-aip,6bb69176e691199bc232da489374c042441471f0,regulation/jurisdiction/regional/bulk/DET-108-2024-FITO-.pdf,47b107a6525606934c79125d5b4f565d7193ab92aef801b80b21d25bc3a51a3d,EXCLUDED_INVENTORIED,,legal holding not in the admitted canonical source closure; inventoried for recovery
wedge1-aip,6bb69176e691199bc232da489374c042441471f0,regulation/jurisdiction/regional/bulk/DET-108-2024-FITO-.txt,f6985bfcf53375b22b440bc60a8db3902df87b48a28185932598dadf493867d1,EXCLUDED_INVENTORIED,,legal holding not in the admitted canonical source closure; inventoried for recovery
wedge1-aip,6bb69176e691199bc232da489374c042441471f0,regulation/jurisdiction/regional/bulk/DET-109-2022-FITO-7f77bcf82edd.pdf,7f77bcf82edd155c4d1fba6e2bbbc01309f2895c13e4dcb587f7e2d68d0fdd25,EXCLUDED_INVENTORIED,,legal holding not in the admitted canonical source closure; inventoried for recovery
wedge1-aip,6bb69176e691199bc232da489374c042441471f0,regulation/jurisdiction/regional/bulk/DET-109-2022-FITO-7f77bcf82edd.txt,9a2429ee98d5dc96d41db2dca78bbe4aa68c8847e271b3d645b18deb92ba5c40,EXCLUDED_INVENTORIED,,legal holding not in the admitted canonical source closure; inventoried for recovery
wedge1-aip,6bb69176e691199bc232da489374c042441471f0,regulation/jurisdiction/regional/bulk/DET-109-2026-FITO-bb71d590e026.pdf,bb71d590e0269373d50c6676d377099e080211eadd667958c46b602e40ab0316,EXCLUDED_INVENTORIED,,legal holding not in the admitted canonical source closure; inventoried for recovery
wedge1-aip,6bb69176e691199bc232da489374c042441471f0,regulation/jurisdiction/regional/bulk/DET-109-2026-FITO-bb71d590e026.txt,5dce48cc2b152344fbe5af140f22b8ee124af53e4f5bd39c9ee3cbb082852e40,EXCLUDED_INVENTORIED,,legal holding not in the admitted canonical source closure; inventoried for recovery
wedge1-aip,6bb69176e691199bc232da489374c042441471f0,regulation/jurisdiction/regional/bulk/DET-11-2023-FITO-dec441586146.pdf,dec441586146f23515be3c49813d6481525530c97fe831e469cf3b6268fbbf98,EXCLUDED_INVENTORIED,,legal holding not in the admitted canonical source closure; inventoried for recovery
wedge1-aip,6bb69176e691199bc232da489374c042441471f0,regulation/jurisdiction/regional/bulk/DET-11-2023-FITO-dec441586146.txt,b5e337a7c19d7e0138716fd70ce60fb37d473618f12f1aa4b81f43e66466c8a5,EXCLUDED_INVENTORIED,,legal holding not in the admitted canonical source closure; inventoried for recovery
wedge1-aip,6bb69176e691199bc232da489374c042441471f0,regulation/jurisdiction/regional/bulk/DET-11-2025-FITO-.pdf,c05d3c4d118686a184a804d0048aebc1c1a79f45d8b0464048488cab69d2bff8,EXCLUDED_INVENTORIED,,legal holding not in the admitted canonical source closure; inventoried for recovery
wedge1-aip,6bb69176e691199bc232da489374c042441471f0,regulation/jurisdiction/regional/bulk/DET-11-2025-FITO-.txt,78af2c3a7a6f4dfd2555d6b10925b023370aac0b968126ba099713fa4dce4dd1,VERBATIM_ADMITTED,regulation/jurisdiction/regional/bulk/DET-11-2025-FITO-.txt,"selected authority, source, research, evidence, or production input"
wedge1-aip,6bb69176e691199bc232da489374c042441471f0,regulation/jurisdiction/regional/bulk/DET-11-2026-FITO-46921ff54da6.pdf,46921ff54da6868fb14f79243810264a5c67d04c723d4a339050a6939c87c361,EXCLUDED_INVENTORIED,,legal holding not in the admitted canonical source closure; inventoried for recovery
wedge1-aip,6bb69176e691199bc232da489374c042441471f0,regulation/jurisdiction/regional/bulk/DET-11-2026-FITO-46921ff54da6.txt,68c44b814900e9975268efb74483c8277cc5991fbfa56afa321c2a1e0acd3834,EXCLUDED_INVENTORIED,,legal holding not in the admitted canonical source closure; inventoried for recovery
wedge1-aip,6bb69176e691199bc232da489374c042441471f0,regulation/jurisdiction/regional/bulk/DET-113-2021-FITO-.pdf,7fda881103b656fd00709d31f794f11fee6a780a6d02c5de03738b90cfa1f67e,EXCLUDED_INVENTORIED,,legal holding not in the admitted canonical source closure; inventoried for recovery
wedge1-aip,6bb69176e691199bc232da489374c042441471f0,regulation/jurisdiction/regional/bulk/DET-113-2021-FITO-.txt,350b9ab78d603ad14b7b754a5fecb745f1b813e85fca519970a909e48848208c,EXCLUDED_INVENTORIED,,legal holding not in the admitted canonical source closure; inventoried for recovery
wedge1-aip,6bb69176e691199bc232da489374c042441471f0,regulation/jurisdiction/regional/bulk/DET-113-2022-FITO-218090cd0e47.pdf,218090cd0e4744be2a3bd4e3205ee234162e6a5d6cc170270c1081f0c3e65b27,EXCLUDED_INVENTORIED,,legal holding not in the admitted canonical source closure; inventoried for recovery
wedge1-aip,6bb69176e691199bc232da489374c042441471f0,regulation/jurisdiction/regional/bulk/DET-113-2022-FITO-218090cd0e47.txt,c5f3f7ece13ba534e95cc74a3af198d90252f52891bf5d31ad3ccb153dcd30f7,EXCLUDED_INVENTORIED,,legal holding not in the admitted canonical source closure; inventoried for recovery
wedge1-aip,6bb69176e691199bc232da489374c042441471f0,regulation/jurisdiction/regional/bulk/DET-113-2023-FITO-dd2887bee294.pdf,dd2887bee294634c1a8a21730fd910abcdae0ff41f90c29c5af45c9eaae8d338,EXCLUDED_INVENTORIED,,legal holding not in the admitted canonical source closure; inventoried for recovery
wedge1-aip,6bb69176e691199bc232da489374c042441471f0,regulation/jurisdiction/regional/bulk/DET-113-2023-FITO-dd2887bee294.txt,b4fd11e3d41745932d44fabd3e108207a37c64aec8a08056ee22a9a8ea2dbee3,EXCLUDED_INVENTORIED,,legal holding not in the admitted canonical source closure; inventoried for recovery
wedge1-aip,6bb69176e691199bc232da489374c042441471f0,regulation/jurisdiction/regional/bulk/DET-114-2022-FITO-6513b9657467.pdf,6513b965746777657f5a847bb5e9c5cce0ca8a2d8d6c3933419904aafce791fb,EXCLUDED_INVENTORIED,,legal holding not in the admitted canonical source closure; inventoried for recovery
wedge1-aip,6bb69176e691199bc232da489374c042441471f0,regulation/jurisdiction/regional/bulk/DET-114-2022-FITO-6513b9657467.txt,e0b3148659744683af36a8ebf39fc3bade572f41deb166e51787b901f66fb413,EXCLUDED_INVENTORIED,,legal holding not in the admitted canonical source closure; inventoried for recovery
wedge1-aip,6bb69176e691199bc232da489374c042441471f0,regulation/jurisdiction/regional/bulk/DET-114-2023-FITO-150c676a7bd7.pdf,150c676a7bd70eb97eff250fbad3e7449ce80baa29120dbaf58a1dbc09211fde,EXCLUDED_INVENTORIED,,legal holding not in the admitted canonical source closure; inventoried for recovery
wedge1-aip,6bb69176e691199bc232da489374c042441471f0,regulation/jurisdiction/regional/bulk/DET-114-2023-FITO-150c676a7bd7.txt,115349e450e67f5c870a57ce9afe9765816a400d61f001c86e69835a7059e221,EXCLUDED_INVENTORIED,,legal holding not in the admitted canonical source closure; inventoried for recovery
wedge1-aip,6bb69176e691199bc232da489374c042441471f0,regulation/jurisdiction/regional/bulk/DET-114-2025-FITO-f1de3913c7a0.pdf,f1de3913c7a04cc2c1592427d68f595068dbc7e7f3bf1c64f7a1637095730a2d,EXCLUDED_INVENTORIED,,legal holding not in the admitted canonical source closure; inventoried for recovery
wedge1-aip,6bb69176e691199bc232da489374c042441471f0,regulation/jurisdiction/regional/bulk/DET-114-2025-FITO-f1de3913c7a0.txt,a55e183d17d279933832ba88b0e893a42828d68344d5aa93d03e35d8f7aca382,EXCLUDED_INVENTORIED,,legal holding not in the admitted canonical source closure; inventoried for recovery
wedge1-aip,6bb69176e691199bc232da489374c042441471f0,regulation/jurisdiction/regional/bulk/DET-114-2026-FITO-eaa9f80d6d01.pdf,eaa9f80d6d016c351e1c614011d60f3aea3ae6a83cae49faf6f894ef6da482bb,EXCLUDED_INVENTORIED,,legal holding not in the admitted canonical source closure; inventoried for recovery
wedge1-aip,6bb69176e691199bc232da489374c042441471f0,regulation/jurisdiction/regional/bulk/DET-114-2026-FITO-eaa9f80d6d01.txt,6c0526c731df2669223c6a79f2dd584d2c0fecd13ddc2a0d6f4448c4da41671d,EXCLUDED_INVENTORIED,,legal holding not in the admitted canonical source closure; inventoried for recovery
wedge1-aip,6bb69176e691199bc232da489374c042441471f0,regulation/jurisdiction/regional/bulk/DET-115-2023-FITO-3605a828fee1.pdf,3605a828fee12f4fc719ad3f0a7e7a2ba1a39226486b5c9b5dfa813fe18c5c3d,EXCLUDED_INVENTORIED,,legal holding not in the admitted canonical source closure; inventoried for recovery
wedge1-aip,6bb69176e691199bc232da489374c042441471f0,regulation/jurisdiction/regional/bulk/DET-115-2023-FITO-3605a828fee1.txt,579e85182c7d7ff0edf3f7d94784c4e01929990f8df99abd669fb938f5b078a0,EXCLUDED_INVENTORIED,,legal holding not in the admitted canonical source closure; inventoried for recovery
wedge1-aip,6bb69176e691199bc232da489374c042441471f0,regulation/jurisdiction/regional/bulk/DET-115-2025-FITO-ed7ecbb460e2.pdf,ed7ecbb460e2d09c136b76c87319931aeee729dc91d82a6ed55323891a91f9e5,EXCLUDED_INVENTORIED,,legal holding not in the admitted canonical source closure; inventoried for recovery
wedge1-aip,6bb69176e691199bc232da489374c042441471f0,regulation/jurisdiction/regional/bulk/DET-115-2025-FITO-ed7ecbb460e2.txt,c5fd34bdb12d11f2a6c80a1d48135de5815b4bb9637e45191f31c3c9df814dff,VERBATIM_ADMITTED,regulation/jurisdiction/regional/bulk/DET-115-2025-FITO-ed7ecbb460e2.txt,"selected authority, source, research, evidence, or production input"
wedge1-aip,6bb69176e691199bc232da489374c042441471f0,regulation/jurisdiction/regional/bulk/DET-116-2024-FITO-.pdf,c1634b3e15707cf8fbe27f08f33e343de62fd7b7e8c5146fd9a10c11b7e7475c,EXCLUDED_INVENTORIED,,legal holding not in the admitted canonical source closure; inventoried for recovery
wedge1-aip,6bb69176e691199bc232da489374c042441471f0,regulation/jurisdiction/regional/bulk/DET-116-2024-FITO-.txt,766a7ccf17251481627029accca803f348ba531aca076b93573d234d117bb183,EXCLUDED_INVENTORIED,,legal holding not in the admitted canonical source closure; inventoried for recovery
wedge1-aip,6bb69176e691199bc232da489374c042441471f0,regulation/jurisdiction/regional/bulk/DET-116-2025-FITO-4d8c2b4eda35.pdf,4d8c2b4eda35b6533ba728a85b7b9a8db200884ee16c88199d3d8470d255e3cd,EXCLUDED_INVENTORIED,,legal holding not in the admitted canonical source closure; inventoried for recovery
wedge1-aip,6bb69176e691199bc232da489374c042441471f0,regulation/jurisdiction/regional/bulk/DET-116-2025-FITO-4d8c2b4eda35.txt,8b434274a05a5fa39695c1be6ed2b022813345704bae0921dd9513d009791d89,EXCLUDED_INVENTORIED,,legal holding not in the admitted canonical source closure; inventoried for recovery
wedge1-aip,6bb69176e691199bc232da489374c042441471f0,regulation/jurisdiction/regional/bulk/DET-117-2021-FITO-.pdf,b8a60e79c38c5472fba691fbeabda9202865345775b907a9475d700b9a7d4d13,EXCLUDED_INVENTORIED,,legal holding not in the admitted canonical source closure; inventoried for recovery
wedge1-aip,6bb69176e691199bc232da489374c042441471f0,regulation/jurisdiction/regional/bulk/DET-117-2021-FITO-.txt,12ddaea3caf56bd10819aa9d210462c907ac45feaa5ac6d45307680ffe96bfa7,EXCLUDED_INVENTORIED,,legal holding not in the admitted canonical source closure; inventoried for recovery
wedge1-aip,6bb69176e691199bc232da489374c042441471f0,regulation/jurisdiction/regional/bulk/DET-117-2022-FITO-1c452d06928d.pdf,1c452d06928dda7ba84b773a58d14e782b999cf7bfe61a98d20e0fc05205d2c3,EXCLUDED_INVENTORIED,,legal holding not in the admitted canonical source closure; inventoried for recovery
wedge1-aip,6bb69176e691199bc232da489374c042441471f0,regulation/jurisdiction/regional/bulk/DET-117-2022-FITO-1c452d06928d.txt,2d32f422ef1b01bfc0f914ccd046c888635b083f50a2aadfd5b0879b7072491d,EXCLUDED_INVENTORIED,,legal holding not in the admitted canonical source closure; inventoried for recovery
wedge1-aip,6bb69176e691199bc232da489374c042441471f0,regulation/jurisdiction/regional/bulk/DET-117-2025-FITO-1d2e9b6111cd.pdf,1d2e9b6111cdb33de96f1b1abeb49c1d3ad35019994404a74e59320d7850c2aa,EXCLUDED_INVENTORIED,,legal holding not in the admitted canonical source closure; inventoried for recovery
wedge1-aip,6bb69176e691199bc232da489374c042441471f0,regulation/jurisdiction/regional/bulk/DET-117-2025-FITO-1d2e9b6111cd.txt,d8eb06ce7a049d52af7507562c671f756f8d758f413d9094368b73ac679dc25d,VERBATIM_ADMITTED,regulation/jurisdiction/regional/bulk/DET-117-2025-FITO-1d2e9b6111cd.txt,"selected authority, source, research, evidence, or production input"
wedge1-aip,6bb69176e691199bc232da489374c042441471f0,regulation/jurisdiction/regional/bulk/DET-119-2022-FITO-42e52f0d0a1d.pdf,42e52f0d0a1de5167c909487cfe711d551261121ce4225a89be4e022535670f0,EXCLUDED_INVENTORIED,,legal holding not in the admitted canonical source closure; inventoried for recovery
wedge1-aip,6bb69176e691199bc232da489374c042441471f0,regulation/jurisdiction/regional/bulk/DET-119-2022-FITO-42e52f0d0a1d.txt,69854e0388581b87e94efae1118101d5992ce4cf81a47850963cd9a5bf212818,EXCLUDED_INVENTORIED,,legal holding not in the admitted canonical source closure; inventoried for recovery
wedge1-aip,6bb69176e691199bc232da489374c042441471f0,regulation/jurisdiction/regional/bulk/DET-119-2023-FITO-1edbf64f6616.pdf,1edbf64f6616a93bb97ef4947f769fe7d44c911c324d8fbbc40ad969e16ed80c,EXCLUDED_INVENTORIED,,legal holding not in the admitted canonical source closure; inventoried for recovery
wedge1-aip,6bb69176e691199bc232da489374c042441471f0,regulation/jurisdiction/regional/bulk/DET-119-2023-FITO-1edbf64f6616.txt,9c8c4c9912df7232b219c94f3429f67097a0c158a6f1e0625f5a5ed3710880ab,EXCLUDED_INVENTORIED,,legal holding not in the admitted canonical source closure; inventoried for recovery
wedge1-aip,6bb69176e691199bc232da489374c042441471f0,regulation/jurisdiction/regional/bulk/DET-12-2024-FITO-.pdf,31040450baa1ae868c7699877123a3874e2fda63f055e21484ed3d1ab356a482,EXCLUDED_INVENTORIED,,legal holding not in the admitted canonical source closure; inventoried for recovery
wedge1-aip,6bb69176e691199bc232da489374c042441471f0,regulation/jurisdiction/regional/bulk/DET-12-2024-FITO-.txt,06215fc85c5dca54f64f3957252626029d6081469c4f1edfed2d56e8fe844ce4,VERBATIM_ADMITTED,regulation/jurisdiction/regional/bulk/DET-12-2024-FITO-.txt,"selected authority, source, research, evidence, or production input"
wedge1-aip,6bb69176e691199bc232da489374c042441471f0,regulation/jurisdiction/regional/bulk/DET-12-2026-FITO-a5b57a900dcc.pdf,a5b57a900dcca4f32d8cd634ae5d6984e17dea652835a2391286f8d488a7a360,EXCLUDED_INVENTORIED,,legal holding not in the admitted canonical source closure; inventoried for recovery
wedge1-aip,6bb69176e691199bc232da489374c042441471f0,regulation/jurisdiction/regional/bulk/DET-12-2026-FITO-a5b57a900dcc.txt,24be7013d97fffab777eda8c9aca76c908e8247020054c7e615870c63cccc15c,VERBATIM_ADMITTED,regulation/jurisdiction/regional/bulk/DET-12-2026-FITO-a5b57a900dcc.txt,"selected authority, source, research, evidence, or production input"
wedge1-aip,6bb69176e691199bc232da489374c042441471f0,regulation/jurisdiction/regional/bulk/DET-120-2021-FITO-.pdf,a589979955853392db87fe19b7e35f0968ae444ccec874ae19f076ccf85e8109,EXCLUDED_INVENTORIED,,legal holding not in the admitted canonical source closure; inventoried for recovery
wedge1-aip,6bb69176e691199bc232da489374c042441471f0,regulation/jurisdiction/regional/bulk/DET-120-2021-FITO-.txt,73f3a9a2796bb46a91d2f206b2ecde4cc5f98cfed3ef345c8ab82d403a2c9ea7,EXCLUDED_INVENTORIED,,legal holding not in the admitted canonical source closure; inventoried for recovery
wedge1-aip,6bb69176e691199bc232da489374c042441471f0,regulation/jurisdiction/regional/bulk/DET-120-2022-FITO-f7bebb75bef5.pdf,f7bebb75bef55cc652475146ea08071338132b8c8fffc228c8360b874f4b78f0,EXCLUDED_INVENTORIED,,legal holding not in the admitted canonical source closure; inventoried for recovery
wedge1-aip,6bb69176e691199bc232da489374c042441471f0,regulation/jurisdiction/regional/bulk/DET-120-2022-FITO-f7bebb75bef5.txt,a05058a7fe5e5d6684166068ee1b921c85853fbdee8ae6dc581a1066a659720e,EXCLUDED_INVENTORIED,,legal holding not in the admitted canonical source closure; inventoried for recovery
wedge1-aip,6bb69176e691199bc232da489374c042441471f0,regulation/jurisdiction/regional/bulk/DET-120-2023-FITO-4e3af97ad350.pdf,4e3af97ad350ce121fa660614ae98594209516d309a5bd940ce03cf67721eb1b,EXCLUDED_INVENTORIED,,legal holding not in the admitted canonical source closure; inventoried for recovery
wedge1-aip,6bb69176e691199bc232da489374c042441471f0,regulation/jurisdiction/regional/bulk/DET-120-2023-FITO-4e3af97ad350.txt,b1ceaece3a8f6af72fbaa231252d378f7235bc0756cba4ccc7618985478099d9,EXCLUDED_INVENTORIED,,legal holding not in the admitted canonical source closure; inventoried for recovery
wedge1-aip,6bb69176e691199bc232da489374c042441471f0,regulation/jurisdiction/regional/bulk/DET-120-2026-FITO-c2ae59d1a44c.pdf,c2ae59d1a44c4244bd66b38bde589b78dbf7236e1430951ba31823a4b786e791,EXCLUDED_INVENTORIED,,legal holding not in the admitted canonical source closure; inventoried for recovery
wedge1-aip,6bb69176e691199bc232da489374c042441471f0,regulation/jurisdiction/regional/bulk/DET-120-2026-FITO-c2ae59d1a44c.txt,536ab7952ac32277fadd1eaae5a59794b3e9c1d461143f503c0e3057434cadf9,EXCLUDED_INVENTORIED,,legal holding not in the admitted canonical source closure; inventoried for recovery
wedge1-aip,6bb69176e691199bc232da489374c042441471f0,regulation/jurisdiction/regional/bulk/DET-121-2021-FITO-.pdf,a9976f5f7efe6857d55dfa02dde748c188858c6a59ea4731c87e26a4bb28b700,EXCLUDED_INVENTORIED,,legal holding not in the admitted canonical source closure; inventoried for recovery
wedge1-aip,6bb69176e691199bc232da489374c042441471f0,regulation/jurisdiction/regional/bulk/DET-121-2021-FITO-.txt,f8be17366776efd3a0697a69f41891edbd452d6979224e6c6794998d9e7fe752,EXCLUDED_INVENTORIED,,legal holding not in the admitted canonical source closure; inventoried for recovery
wedge1-aip,6bb69176e691199bc232da489374c042441471f0,regulation/jurisdiction/regional/bulk/DET-122-2021-FITO-.pdf,aa46606f6c3502b294b0cda943ac6cef6fca2748b5697fdd44478034b05036e6,EXCLUDED_INVENTORIED,,legal holding not in the admitted canonical source closure; inventoried for recovery
wedge1-aip,6bb69176e691199bc232da489374c042441471f0,regulation/jurisdiction/regional/bulk/DET-122-2021-FITO-.txt,24c06196c0e17df709d09939548f0f6644dfe4af68c3ec51108ff7ce4c2ed22d,EXCLUDED_INVENTORIED,,legal holding not in the admitted canonical source closure; inventoried for recovery
wedge1-aip,6bb69176e691199bc232da489374c042441471f0,regulation/jurisdiction/regional/bulk/DET-122-2022-FITO-797b0f7dc106.pdf,797b0f7dc106c699111bb4d672489a45e12ee1af2572e06a0373e7f1102b83bf,EXCLUDED_INVENTORIED,,legal holding not in the admitted canonical source closure; inventoried for recovery
wedge1-aip,6bb69176e691199bc232da489374c042441471f0,regulation/jurisdiction/regional/bulk/DET-122-2022-FITO-797b0f7dc106.txt,0934ebd38b8440006c4caa436ddd4511146a9840a6ffa6f211c4c784c905ac75,EXCLUDED_INVENTORIED,,legal holding not in the admitted canonical source closure; inventoried for recovery
wedge1-aip,6bb69176e691199bc232da489374c042441471f0,regulation/jurisdiction/regional/bulk/DET-122-2025-FITO-5a50b9d7a6a9.pdf,5a50b9d7a6a98b899454d947a923cefc6b8f4f8e904844d1c4d6a42836bc5b02,EXCLUDED_INVENTORIED,,legal holding not in the admitted canonical source closure; inventoried for recovery
wedge1-aip,6bb69176e691199bc232da489374c042441471f0,regulation/jurisdiction/regional/bulk/DET-122-2025-FITO-5a50b9d7a6a9.txt,eff544c57c3910bf0ba5841920024855caba06a9abfca4dbb10d5d4231427170,EXCLUDED_INVENTORIED,,legal holding not in the admitted canonical source closure; inventoried for recovery
wedge1-aip,6bb69176e691199bc232da489374c042441471f0,regulation/jurisdiction/regional/bulk/DET-123-2021-FITO-.pdf,f6b109837b2bafa979a80503259e1cca764584da4fbd39657e8843320ccb05f3,EXCLUDED_INVENTORIED,,legal holding not in the admitted canonical source closure; inventoried for recovery
wedge1-aip,6bb69176e691199bc232da489374c042441471f0,regulation/jurisdiction/regional/bulk/DET-123-2021-FITO-.txt,4cdacce62c9ca547cbe36eee7aaa1d827ae9f3083872cd828b378f510086375b,EXCLUDED_INVENTORIED,,legal holding not in the admitted canonical source closure; inventoried for recovery
wedge1-aip,6bb69176e691199bc232da489374c042441471f0,regulation/jurisdiction/regional/bulk/DET-123-2025-FITO-2a1e5b6e97b2.pdf,2a1e5b6e97b24899785565872d1a8be3d45df07c2bd9588e402fc715c077aed3,EXCLUDED_INVENTORIED,,legal holding not in the admitted canonical source closure; inventoried for recovery
wedge1-aip,6bb69176e691199bc232da489374c042441471f0,regulation/jurisdiction/regional/bulk/DET-123-2025-FITO-2a1e5b6e97b2.txt,17ae489e4dcf76cef85b53cfb6c94e4e879a807b493ce6306028043310e15580,EXCLUDED_INVENTORIED,,legal holding not in the admitted canonical source closure; inventoried for recovery
wedge1-aip,6bb69176e691199bc232da489374c042441471f0,regulation/jurisdiction/regional/bulk/DET-124-2023-FITO-d79ed2678b0c.pdf,d79ed2678b0c7c04f94f15e0575821339981bfbff741d93d1d3903614719a9d3,EXCLUDED_INVENTORIED,,legal holding not in the admitted canonical source closure; inventoried for recovery
wedge1-aip,6bb69176e691199bc232da489374c042441471f0,regulation/jurisdiction/regional/bulk/DET-124-2023-FITO-d79ed2678b0c.txt,ca30c915c21636c53dc853b27fb34692c56f47ca99c5e9e748ca86cc9e85f10b,EXCLUDED_INVENTORIED,,legal holding not in the admitted canonical source closure; inventoried for recovery
wedge1-aip,6bb69176e691199bc232da489374c042441471f0,regulation/jurisdiction/regional/bulk/DET-125-2021-FITO-.pdf,9ab181ef6a957fddb0a95b7fbf212fe9a9b7a4f73270436eb6878d706b5c82d6,EXCLUDED_INVENTORIED,,legal holding not in the admitted canonical source closure; inventoried for recovery
wedge1-aip,6bb69176e691199bc232da489374c042441471f0,regulation/jurisdiction/regional/bulk/DET-125-2021-FITO-.txt,cde71a05c781e6662b701b204c0389f0d67a157b040dbb0cf452586c69de2fa7,EXCLUDED_INVENTORIED,,legal holding not in the admitted canonical source closure; inventoried for recovery
wedge1-aip,6bb69176e691199bc232da489374c042441471f0,regulation/jurisdiction/regional/bulk/DET-125-2024-FITO-.pdf,e44b9e4485fb4cf0bd87d40017d3f5a017ca54f62c5037db0129823ca258fd5f,EXCLUDED_INVENTORIED,,legal holding not in the admitted canonical source closure; inventoried for recovery
wedge1-aip,6bb69176e691199bc232da489374c042441471f0,regulation/jurisdiction/regional/bulk/DET-125-2024-FITO-.txt,42ffb294edad1604320b27e776845da5b21798a9c84e56ee275bc75347b4f1d3,EXCLUDED_INVENTORIED,,legal holding not in the admitted canonical source closure; inventoried for recovery
wedge1-aip,6bb69176e691199bc232da489374c042441471f0,regulation/jurisdiction/regional/bulk/DET-126-2021-FITO-.pdf,0ba84028071e0b8d66fd8aca84032e7349ff1408e108c842fcd7bedec845b5d2,EXCLUDED_INVENTORIED,,legal holding not in the admitted canonical source closure; inventoried for recovery
wedge1-aip,6bb69176e691199bc232da489374c042441471f0,regulation/jurisdiction/regional/bulk/DET-126-2021-FITO-.txt,27a7e54351c3adee3988d3c0dd2a89ab817ea4b67acbfb4b8a9512c04d6d6cff,EXCLUDED_INVENTORIED,,legal holding not in the admitted canonical source closure; inventoried for recovery
wedge1-aip,6bb69176e691199bc232da489374c042441471f0,regulation/jurisdiction/regional/bulk/DET-126-2022-FITO-b37c5c1e2dad.pdf,b37c5c1e2dad92a07c02a6b3dd471f7c868015ef2c3019d9627e854938b0a621,EXCLUDED_INVENTORIED,,legal holding not in the admitted canonical source closure; inventoried for recovery
wedge1-aip,6bb69176e691199bc232da489374c042441471f0,regulation/jurisdiction/regional/bulk/DET-126-2022-FITO-b37c5c1e2dad.txt,be060317d97b4f69cbc6218cf00f386b1760d01132390a806695de5cff46a50e,EXCLUDED_INVENTORIED,,legal holding not in the admitted canonical source closure; inventoried for recovery
wedge1-aip,6bb69176e691199bc232da489374c042441471f0,regulation/jurisdiction/regional/bulk/DET-126-2024-FITO-.pdf,2938f8a2e8b2db90dbb24ee097b5e45e36a7f01683d6ce16f54e732894f2a694,EXCLUDED_INVENTORIED,,legal holding not in the admitted canonical source closure; inventoried for recovery
wedge1-aip,6bb69176e691199bc232da489374c042441471f0,regulation/jurisdiction/regional/bulk/DET-126-2024-FITO-.txt,55455c015f606acf36705ed300c37174a08d8279e77255e6a3978b073282cc8c,EXCLUDED_INVENTORIED,,legal holding not in the admitted canonical source closure; inventoried for recovery
wedge1-aip,6bb69176e691199bc232da489374c042441471f0,regulation/jurisdiction/regional/bulk/DET-126-2025-FITO-943e4d6102ae.pdf,943e4d6102aef81d8a3911bd52a94423c217b2226c6a5a15eb6aebae11af89dc,EXCLUDED_INVENTORIED,,legal holding not in the admitted canonical source closure; inventoried for recovery
wedge1-aip,6bb69176e691199bc232da489374c042441471f0,regulation/jurisdiction/regional/bulk/DET-126-2025-FITO-943e4d6102ae.txt,32f4820a203ee5f3d784fa1b06e3c29759a0aed71e7baac2f425e2a7745d2832,VERBATIM_ADMITTED,regulation/jurisdiction/regional/bulk/DET-126-2025-FITO-943e4d6102ae.txt,"selected authority, source, research, evidence, or production input"
wedge1-aip,6bb69176e691199bc232da489374c042441471f0,regulation/jurisdiction/regional/bulk/DET-127-2021-FITO-.pdf,1f0d54e0bc2a77d022189995e68dab561fd1776ffd020e315b38205e27e19c52,EXCLUDED_INVENTORIED,,legal holding not in the admitted canonical source closure; inventoried for recovery
wedge1-aip,6bb69176e691199bc232da489374c042441471f0,regulation/jurisdiction/regional/bulk/DET-127-2021-FITO-.txt,328fcf6e876abc27f370c92777e357a14eacacdad6afcd4a19adfa7bc3a6ac23,EXCLUDED_INVENTORIED,,legal holding not in the admitted canonical source closure; inventoried for recovery
wedge1-aip,6bb69176e691199bc232da489374c042441471f0,regulation/jurisdiction/regional/bulk/DET-127-2022-FITO-70eff34bc0bf.pdf,70eff34bc0bf1d6d9e1d90686e06dee31cbe4f4b2c1faaccf299eeff35cbbaf9,EXCLUDED_INVENTORIED,,legal holding not in the admitted canonical source closure; inventoried for recovery
wedge1-aip,6bb69176e691199bc232da489374c042441471f0,regulation/jurisdiction/regional/bulk/DET-127-2022-FITO-70eff34bc0bf.txt,7e2aaddcd2d440c3dbaf5602f42530ea52202e2c3d49b266d39ab390e08e4754,VERBATIM_ADMITTED,regulation/jurisdiction/regional/bulk/DET-127-2022-FITO-70eff34bc0bf.txt,"selected authority, source, research, evidence, or production input"
wedge1-aip,6bb69176e691199bc232da489374c042441471f0,regulation/jurisdiction/regional/bulk/DET-127-2023-FITO-1d440c900b00.pdf,1d440c900b0038b7a0d72725577839a7d889409c6f2fa76a39d4f8c98e2409bd,EXCLUDED_INVENTORIED,,legal holding not in the admitted canonical source closure; inventoried for recovery
wedge1-aip,6bb69176e691199bc232da489374c042441471f0,regulation/jurisdiction/regional/bulk/DET-127-2023-FITO-1d440c900b00.txt,8660f9f36d919f1e0d1838fdfdfe12ce888dcc06a01c14e496726d6598f48bce,EXCLUDED_INVENTORIED,,legal holding not in the admitted canonical source closure; inventoried for recovery
wedge1-aip,6bb69176e691199bc232da489374c042441471f0,regulation/jurisdiction/regional/bulk/DET-128-2021-FITO-.pdf,ec7a6ec449db66b97e83682d01fadbc9a802d8800ffc1966e912c0245b8c10d2,EXCLUDED_INVENTORIED,,legal holding not in the admitted canonical source closure; inventoried for recovery
wedge1-aip,6bb69176e691199bc232da489374c042441471f0,regulation/jurisdiction/regional/bulk/DET-128-2021-FITO-.txt,2bae90d7934ee7886d534e08ba8c99996a0d7ff073c8c80811287a97afe7cd30,EXCLUDED_INVENTORIED,,legal holding not in the admitted canonical source closure; inventoried for recovery
wedge1-aip,6bb69176e691199bc232da489374c042441471f0,regulation/jurisdiction/regional/bulk/DET-129-2021-FITO-.pdf,aa4a6a625b06bba23f277c057a428e240f600edf3767d5ddcb194f3de7d9e5ac,EXCLUDED_INVENTORIED,,legal holding not in the admitted canonical source closure; inventoried for recovery
wedge1-aip,6bb69176e691199bc232da489374c042441471f0,regulation/jurisdiction/regional/bulk/DET-129-2021-FITO-.txt,0540d0667421847f95b5457c98d1178be8831861d22ff90190c0f89bb538feb2,EXCLUDED_INVENTORIED,,legal holding not in the admitted canonical source closure; inventoried for recovery
wedge1-aip,6bb69176e691199bc232da489374c042441471f0,regulation/jurisdiction/regional/bulk/DET-129-2023-FITO-070a8639e975.pdf,070a8639e9753368ae1e487fe3b0a8232cfa9697ac19cb0967a56240c18a5c8a,EXCLUDED_INVENTORIED,,legal holding not in the admitted canonical source closure; inventoried for recovery
wedge1-aip,6bb69176e691199bc232da489374c042441471f0,regulation/jurisdiction/regional/bulk/DET-129-2023-FITO-070a8639e975.txt,4bcc0944802792ddc6d1dd424855ba7e8cd251b900c3d5b16034e04884b20d30,EXCLUDED_INVENTORIED,,legal holding not in the admitted canonical source closure; inventoried for recovery
wedge1-aip,6bb69176e691199bc232da489374c042441471f0,regulation/jurisdiction/regional/bulk/DET-129-2024-FITO-.pdf,4ea6a8d13d25dce473e53e29b7a16f8a2d0eb457ad1db539da29be9d8a777a0e,EXCLUDED_INVENTORIED,,legal holding not in the admitted canonical source closure; inventoried for recovery
wedge1-aip,6bb69176e691199bc232da489374c042441471f0,regulation/jurisdiction/regional/bulk/DET-129-2024-FITO-.txt,aab4178eb50b4787b33928d72fa57a658f70ac6e2995eca69c066d26fa129274,EXCLUDED_INVENTORIED,,legal holding not in the admitted canonical source closure; inventoried for recovery
wedge1-aip,6bb69176e691199bc232da489374c042441471f0,regulation/jurisdiction/regional/bulk/DET-129-2025-FITO-81c3c9c76803.pdf,81c3c9c76803ca16c76e34543bb8b7c86608b1f527195ec369ccf29df34cd3ae,EXCLUDED_INVENTORIED,,legal holding not in the admitted canonical source closure; inventoried for recovery
wedge1-aip,6bb69176e691199bc232da489374c042441471f0,regulation/jurisdiction/regional/bulk/DET-129-2025-FITO-81c3c9c76803.txt,3c47b74b8768b15afc3f4c7aacfdc3bf9a98014261a64dde044371f0b39037c0,EXCLUDED_INVENTORIED,,legal holding not in the admitted canonical source closure; inventoried for recovery
wedge1-aip,6bb69176e691199bc232da489374c042441471f0,regulation/jurisdiction/regional/bulk/DET-13-2024-FITO-.pdf,4915eb7cbe0454dfba981ba164efec52a103d6172da6731586cb5c5c8538fcbc,EXCLUDED_INVENTORIED,,legal holding not in the admitted canonical source closure; inventoried for recovery
wedge1-aip,6bb69176e691199bc232da489374c042441471f0,regulation/jurisdiction/regional/bulk/DET-13-2024-FITO-.txt,257ebbd3d0e69663240ff7beaa2a2fa93f277020e06a15d2569c8610879008c6,EXCLUDED_INVENTORIED,,legal holding not in the admitted canonical source closure; inventoried for recovery
wedge1-aip,6bb69176e691199bc232da489374c042441471f0,regulation/jurisdiction/regional/bulk/DET-132-2025-FITO-6bed5acbfc11.pdf,6bed5acbfc1170e4a6ce333e01941aeaa9d7f51726415bc929fdefb36794b28e,EXCLUDED_INVENTORIED,,legal holding not in the admitted canonical source closure; inventoried for recovery
wedge1-aip,6bb69176e691199bc232da489374c042441471f0,regulation/jurisdiction/regional/bulk/DET-132-2025-FITO-6bed5acbfc11.txt,8d2ac94229f2ab156d4f1130340d877ce8d8b72a1a4d3de9607e3598f9104408,VERBATIM_ADMITTED,regulation/jurisdiction/regional/bulk/DET-132-2025-FITO-6bed5acbfc11.txt,"selected authority, source, research, evidence, or production input"
wedge1-aip,6bb69176e691199bc232da489374c042441471f0,regulation/jurisdiction/regional/bulk/DET-134-2021-FITO-.pdf,e0012e372e8bb059bd485a0ff133c5be5c1098ff52f541c1c91652662d7753f4,EXCLUDED_INVENTORIED,,legal holding not in the admitted canonical source closure; inventoried for recovery
wedge1-aip,6bb69176e691199bc232da489374c042441471f0,regulation/jurisdiction/regional/bulk/DET-134-2021-FITO-.txt,336b088aa47b71d799e1006651124b25a229d1571cb04020ba797aa3cac8e8c4,EXCLUDED_INVENTORIED,,legal holding not in the admitted canonical source closure; inventoried for recovery
wedge1-aip,6bb69176e691199bc232da489374c042441471f0,regulation/jurisdiction/regional/bulk/DET-134-2023-FITO-4877eaa52475.pdf,4877eaa52475300ba3706c4abd9c80a85bb5afdd27ef7f6b39cf338cda34473a,EXCLUDED_INVENTORIED,,legal holding not in the admitted canonical source closure; inventoried for recovery
wedge1-aip,6bb69176e691199bc232da489374c042441471f0,regulation/jurisdiction/regional/bulk/DET-134-2023-FITO-4877eaa52475.txt,48b5b91ed1ef29140356032c276302c9eea614489d17c509125779c1e12c8eea,EXCLUDED_INVENTORIED,,legal holding not in the admitted canonical source closure; inventoried for recovery
wedge1-aip,6bb69176e691199bc232da489374c042441471f0,regulation/jurisdiction/regional/bulk/DET-135-2021-FITO-.pdf,cba7890acf17bfe84beacb7449e51149f67e77f6a0efb58da6fb57aab7987ab2,EXCLUDED_INVENTORIED,,legal holding not in the admitted canonical source closure; inventoried for recovery
wedge1-aip,6bb69176e691199bc232da489374c042441471f0,regulation/jurisdiction/regional/bulk/DET-135-2021-FITO-.txt,8e339892edabf2a8e277b3198a6b6a6891d874a77d42cd4d78ae2f7f1d1a6429,VERBATIM_ADMITTED,regulation/jurisdiction/regional/bulk/DET-135-2021-FITO-.txt,"selected authority, source, research, evidence, or production input"
wedge1-aip,6bb69176e691199bc232da489374c042441471f0,regulation/jurisdiction/regional/bulk/DET-135-2023-FITO-34c7f108c63c.pdf,34c7f108c63c0615b2c081ea3f36f49b25025b4915e13f9d7e4614887fc0d2c3,EXCLUDED_INVENTORIED,,legal holding not in the admitted canonical source closure; inventoried for recovery
wedge1-aip,6bb69176e691199bc232da489374c042441471f0,regulation/jurisdiction/regional/bulk/DET-135-2023-FITO-34c7f108c63c.txt,e46412eb4912638a90f32be22e67298444c88e4b83ee19a1bdf6e7c4b6a9a7cd,EXCLUDED_INVENTORIED,,legal holding not in the admitted canonical source closure; inventoried for recovery
wedge1-aip,6bb69176e691199bc232da489374c042441471f0,regulation/jurisdiction/regional/bulk/DET-135-2024-FITO-.pdf,26d1acca46fd1ad6ff0f26386568f5936f0de743736d16b8ac894db64ec502bc,EXCLUDED_INVENTORIED,,legal holding not in the admitted canonical source closure; inventoried for recovery
wedge1-aip,6bb69176e691199bc232da489374c042441471f0,regulation/jurisdiction/regional/bulk/DET-135-2024-FITO-.txt,8de1dd6450dd54a071b7d27a82440e1f2598649aeb9429fd84d48d8538651d35,EXCLUDED_INVENTORIED,,legal holding not in the admitted canonical source closure; inventoried for recovery
wedge1-aip,6bb69176e691199bc232da489374c042441471f0,regulation/jurisdiction/regional/bulk/DET-135-2025-FITO-608bde187e46.pdf,608bde187e4601b2cd0ff3f604009bef28e033df34056fe70999909738168fae,EXCLUDED_INVENTORIED,,legal holding not in the admitted canonical source closure; inventoried for recovery
wedge1-aip,6bb69176e691199bc232da489374c042441471f0,regulation/jurisdiction/regional/bulk/DET-135-2025-FITO-608bde187e46.txt,e24d4fd70b04390f3e692fd002fc4f2cd67f66e09ce8f07947f762f8dff8903a,EXCLUDED_INVENTORIED,,legal holding not in the admitted canonical source closure; inventoried for recovery
wedge1-aip,6bb69176e691199bc232da489374c042441471f0,regulation/jurisdiction/regional/bulk/DET-136-2021-FITO-.pdf,f1741ed730ebc1a9edcd761c594635b17bcf592901be296fbf3abe3223d50f46,EXCLUDED_INVENTORIED,,legal holding not in the admitted canonical source closure; inventoried for recovery
wedge1-aip,6bb69176e691199bc232da489374c042441471f0,regulation/jurisdiction/regional/bulk/DET-136-2021-FITO-.txt,c18e2fced508047733183e1080037b0765b2d3576ca103647bae387835667e6b,EXCLUDED_INVENTORIED,,legal holding not in the admitted canonical source closure; inventoried for recovery
wedge1-aip,6bb69176e691199bc232da489374c042441471f0,regulation/jurisdiction/regional/bulk/DET-137-2021-FITO-.pdf,bb8994ac86a01bea46b2315532767b3f917b29770f568bc9c59b17f5ec1db473,EXCLUDED_INVENTORIED,,legal holding not in the admitted canonical source closure; inventoried for recovery
wedge1-aip,6bb69176e691199bc232da489374c042441471f0,regulation/jurisdiction/regional/bulk/DET-137-2021-FITO-.txt,a243ade63f9ba86b61b960111ecaf677d928421cd4a472ef50b01af45599d391,EXCLUDED_INVENTORIED,,legal holding not in the admitted canonical source closure; inventoried for recovery
wedge1-aip,6bb69176e691199bc232da489374c042441471f0,regulation/jurisdiction/regional/bulk/DET-138-2022-FITO-a5e107622854.pdf,a5e10762285446c13bd2f055382343ef3f7bdec5f6c514c1cb97e9cedb42041e,EXCLUDED_INVENTORIED,,legal holding not in the admitted canonical source closure; inventoried for recovery
wedge1-aip,6bb69176e691199bc232da489374c042441471f0,regulation/jurisdiction/regional/bulk/DET-138-2022-FITO-a5e107622854.txt,2e1a82fc1a90363994ade19e167d6ada8ed66adfa7451879509fcbfdbb9cc208,EXCLUDED_INVENTORIED,,legal holding not in the admitted canonical source closure; inventoried for recovery
wedge1-aip,6bb69176e691199bc232da489374c042441471f0,regulation/jurisdiction/regional/bulk/DET-138-2023-FITO-cdbf4ebc2467.pdf,cdbf4ebc2467e7b38bfcfb807371402789f26f0e9ff8c9a2c2dd32cb319733ac,EXCLUDED_INVENTORIED,,legal holding not in the admitted canonical source closure; inventoried for recovery
wedge1-aip,6bb69176e691199bc232da489374c042441471f0,regulation/jurisdiction/regional/bulk/DET-138-2023-FITO-cdbf4ebc2467.txt,6453694cbbcc76fcda7bf01e611729b7928d1b3a63089b0e1bc73fe6efb64ed3,EXCLUDED_INVENTORIED,,legal holding not in the admitted canonical source closure; inventoried for recovery
wedge1-aip,6bb69176e691199bc232da489374c042441471f0,regulation/jurisdiction/regional/bulk/DET-138-2024-FITO-.pdf,138add2778567999e2852335f6a79469f2677df68891e88ca1af9bbac089b0e5,EXCLUDED_INVENTORIED,,legal holding not in the admitted canonical source closure; inventoried for recovery
wedge1-aip,6bb69176e691199bc232da489374c042441471f0,regulation/jurisdiction/regional/bulk/DET-138-2024-FITO-.txt,8ad57764bfa36efa4317bd155d060c1e3a77a7f3ed42166b8ebda74fdc776b4b,VERBATIM_ADMITTED,regulation/jurisdiction/regional/bulk/DET-138-2024-FITO-.txt,"selected authority, source, research, evidence, or production input"
wedge1-aip,6bb69176e691199bc232da489374c042441471f0,regulation/jurisdiction/regional/bulk/DET-139-2021-FITO-.pdf,b019ee36602b54363ed59068bb74223d97056b906b29c1e66620593ffb3226e7,EXCLUDED_INVENTORIED,,legal holding not in the admitted canonical source closure; inventoried for recovery
wedge1-aip,6bb69176e691199bc232da489374c042441471f0,regulation/jurisdiction/regional/bulk/DET-139-2021-FITO-.txt,d6b134c6a8eb7756c6df2d46fd00db56898e2e26ef0e447b73c91c867d4b4f2f,EXCLUDED_INVENTORIED,,legal holding not in the admitted canonical source closure; inventoried for recovery
wedge1-aip,6bb69176e691199bc232da489374c042441471f0,regulation/jurisdiction/regional/bulk/DET-14-2022-FITO-.pdf,bd2585fc7823fb5ade7d303ca5559e16b509da7e811ed32a04c662fc4d5495d3,EXCLUDED_INVENTORIED,,legal holding not in the admitted canonical source closure; inventoried for recovery
wedge1-aip,6bb69176e691199bc232da489374c042441471f0,regulation/jurisdiction/regional/bulk/DET-14-2022-FITO-.txt,62566c0dc7a2be1998cc67e317510e44ce33d7e32430b44d591b7a06c390aedc,EXCLUDED_INVENTORIED,,legal holding not in the admitted canonical source closure; inventoried for recovery
wedge1-aip,6bb69176e691199bc232da489374c042441471f0,regulation/jurisdiction/regional/bulk/DET-14-2026-FITO-e4b09a4fad5c.pdf,e4b09a4fad5c5d38bd7c7c98b3dda85acd76cf8efd00061095cc685f5252982a,EXCLUDED_INVENTORIED,,legal holding not in the admitted canonical source closure; inventoried for recovery
wedge1-aip,6bb69176e691199bc232da489374c042441471f0,regulation/jurisdiction/regional/bulk/DET-14-2026-FITO-e4b09a4fad5c.txt,57b77bb719f05b0271c6d33aced4f21cf0218fec3c3abc14f7e6512508937c72,EXCLUDED_INVENTORIED,,legal holding not in the admitted canonical source closure; inventoried for recovery
wedge1-aip,6bb69176e691199bc232da489374c042441471f0,regulation/jurisdiction/regional/bulk/DET-140-2021-FITO-.pdf,64fad136ed6cf5557ada5e8253208758969eb00bda846640f3a60dbc946582d7,EXCLUDED_INVENTORIED,,legal holding not in the admitted canonical source closure; inventoried for recovery
wedge1-aip,6bb69176e691199bc232da489374c042441471f0,regulation/jurisdiction/regional/bulk/DET-140-2021-FITO-.txt,6c4b212bdd535dd50b6669d8e1c59b2924baabc0f532eda2d2a9f32b1b162dfe,EXCLUDED_INVENTORIED,,legal holding not in the admitted canonical source closure; inventoried for recovery
wedge1-aip,6bb69176e691199bc232da489374c042441471f0,regulation/jurisdiction/regional/bulk/DET-141-2021-FITO-.pdf,c7b98b88334ffbf55ec4643641abd8ae99ec88f67d81736d15ad2fdec1646f7e,EXCLUDED_INVENTORIED,,legal holding not in the admitted canonical source closure; inventoried for recovery
wedge1-aip,6bb69176e691199bc232da489374c042441471f0,regulation/jurisdiction/regional/bulk/DET-141-2021-FITO-.txt,a0aa1ca26378d44f46a6847e443cc4a82f20cb1025502a2fdf7cce4e91a651ab,EXCLUDED_INVENTORIED,,legal holding not in the admitted canonical source closure; inventoried for recovery
wedge1-aip,6bb69176e691199bc232da489374c042441471f0,regulation/jurisdiction/regional/bulk/DET-142-2021-FITO-.pdf,e811f9ebbdcc99438616644e7e86f08147ca1a7c75ad27f63f293a4ad32f0d03,EXCLUDED_INVENTORIED,,legal holding not in the admitted canonical source closure; inventoried for recovery
wedge1-aip,6bb69176e691199bc232da489374c042441471f0,regulation/jurisdiction/regional/bulk/DET-142-2021-FITO-.txt,de156558cc2772fe5cb32a2021cb42321dd73004fcc78feff1c84e3056f2fd7e,EXCLUDED_INVENTORIED,,legal holding not in the admitted canonical source closure; inventoried for recovery
wedge1-aip,6bb69176e691199bc232da489374c042441471f0,regulation/jurisdiction/regional/bulk/DET-142-2023-FITO-f4c05587f752.pdf,f4c05587f75247fb6edfaf73ea7435b9f8183be25fc771949102e3317fc1f1ad,EXCLUDED_INVENTORIED,,legal holding not in the admitted canonical source closure; inventoried for recovery
wedge1-aip,6bb69176e691199bc232da489374c042441471f0,regulation/jurisdiction/regional/bulk/DET-142-2023-FITO-f4c05587f752.txt,dc363a051fde104673a3554d8b423182e47173b0376c3940132a3cd2d84a08db,EXCLUDED_INVENTORIED,,legal holding not in the admitted canonical source closure; inventoried for recovery
wedge1-aip,6bb69176e691199bc232da489374c042441471f0,regulation/jurisdiction/regional/bulk/DET-143-2021-FITO-.pdf,ffb5d221c5f14f4250dfe342c8b8c3dd5d49ab118b6af4e69822a3441063223a,EXCLUDED_INVENTORIED,,legal holding not in the admitted canonical source closure; inventoried for recovery
wedge1-aip,6bb69176e691199bc232da489374c042441471f0,regulation/jurisdiction/regional/bulk/DET-143-2021-FITO-.txt,6e7543f941c234b4e13460e80a254053fca6443982eef4ccc1e75ead0cb20e98,EXCLUDED_INVENTORIED,,legal holding not in the admitted canonical source closure; inventoried for recovery
wedge1-aip,6bb69176e691199bc232da489374c042441471f0,regulation/jurisdiction/regional/bulk/DET-143-2022-FITO-8f86b471f000.pdf,8f86b471f0002cd4ed78c93b795e442a6beee910bc7253d3a385f05ce92c8186,EXCLUDED_INVENTORIED,,legal holding not in the admitted canonical source closure; inventoried for recovery
wedge1-aip,6bb69176e691199bc232da489374c042441471f0,regulation/jurisdiction/regional/bulk/DET-143-2022-FITO-8f86b471f000.txt,a3873629faf19b74e789879a9ed1254e557f07eee30a2471b788cc11a0e31392,EXCLUDED_INVENTORIED,,legal holding not in the admitted canonical source closure; inventoried for recovery
wedge1-aip,6bb69176e691199bc232da489374c042441471f0,regulation/jurisdiction/regional/bulk/DET-146-2021-FITO-.pdf,1d073cae6680eb5dffd68c1cb78c24f9543238559024c17f7567a603108ad297,EXCLUDED_INVENTORIED,,legal holding not in the admitted canonical source closure; inventoried for recovery
wedge1-aip,6bb69176e691199bc232da489374c042441471f0,regulation/jurisdiction/regional/bulk/DET-146-2021-FITO-.txt,23c56359576d7c40c085c8dac1334f20eb6f315b436391a65ed528598a441582,EXCLUDED_INVENTORIED,,legal holding not in the admitted canonical source closure; inventoried for recovery
wedge1-aip,6bb69176e691199bc232da489374c042441471f0,regulation/jurisdiction/regional/bulk/DET-147-2024-FITO-.pdf,4f71105dde5944ffa76f5967e155f69665af8a16c576e7d2e1dc713d87672173,EXCLUDED_INVENTORIED,,legal holding not in the admitted canonical source closure; inventoried for recovery
wedge1-aip,6bb69176e691199bc232da489374c042441471f0,regulation/jurisdiction/regional/bulk/DET-147-2024-FITO-.txt,d24db0a12b00391d8e5a17aaf0fd2f3494057c6448c9fa85f0238da0147cf915,EXCLUDED_INVENTORIED,,legal holding not in the admitted canonical source closure; inventoried for recovery
wedge1-aip,6bb69176e691199bc232da489374c042441471f0,regulation/jurisdiction/regional/bulk/DET-148-2025-FITO-01d1f001b731.pdf,01d1f001b7313bc84dc16e2b9bffcc65cc8e8e04305cc52ddc7da035f342f9b6,EXCLUDED_INVENTORIED,,legal holding not in the admitted canonical source closure; inventoried for recovery
wedge1-aip,6bb69176e691199bc232da489374c042441471f0,regulation/jurisdiction/regional/bulk/DET-148-2025-FITO-01d1f001b731.txt,be162d8c0e6a24108f567667e9e42909bf91166c7ed0be04a6f16949cbf2ae32,EXCLUDED_INVENTORIED,,legal holding not in the admitted canonical source closure; inventoried for recovery
wedge1-aip,6bb69176e691199bc232da489374c042441471f0,regulation/jurisdiction/regional/bulk/DET-149-2024-FITO-.pdf,2e123cc3dfa7c4c486ffc80ddace976127e7b2ce2dd9b9af2917c8c1596291f0,EXCLUDED_INVENTORIED,,legal holding not in the admitted canonical source closure; inventoried for recovery
wedge1-aip,6bb69176e691199bc232da489374c042441471f0,regulation/jurisdiction/regional/bulk/DET-149-2024-FITO-.txt,60787dd5464bd0cfc30819552a767333f7a99a87656566fa53ce69a11aaef5bb,EXCLUDED_INVENTORIED,,legal holding not in the admitted canonical source closure; inventoried for recovery
wedge1-aip,6bb69176e691199bc232da489374c042441471f0,regulation/jurisdiction/regional/bulk/DET-15-2024-FITO-.pdf,62777fb4a8e432c3889ed49a586a56f08a371767f1a61f12ba6378eec183ee65,EXCLUDED_INVENTORIED,,legal holding not in the admitted canonical source closure; inventoried for recovery
wedge1-aip,6bb69176e691199bc232da489374c042441471f0,regulation/jurisdiction/regional/bulk/DET-15-2024-FITO-.txt,33d8b1d3839946aa541aa9879e99d4db098a2011a8278955a108d5c53edf616a,EXCLUDED_INVENTORIED,,legal holding not in the admitted canonical source closure; inventoried for recovery
wedge1-aip,6bb69176e691199bc232da489374c042441471f0,regulation/jurisdiction/regional/bulk/DET-150-2021-FITO-.pdf,44da86df541bc6d5d73e9e766442ebb02de07d2ca541cabd0238d0c476aa39b3,EXCLUDED_INVENTORIED,,legal holding not in the admitted canonical source closure; inventoried for recovery
wedge1-aip,6bb69176e691199bc232da489374c042441471f0,regulation/jurisdiction/regional/bulk/DET-150-2021-FITO-.txt,fde7423bcc29c6993d19fe6251170021701047ce7bd4719e69dc29dc616e6eca,EXCLUDED_INVENTORIED,,legal holding not in the admitted canonical source closure; inventoried for recovery
wedge1-aip,6bb69176e691199bc232da489374c042441471f0,regulation/jurisdiction/regional/bulk/DET-150-2025-FITO-569c477c0daa.pdf,569c477c0daab159bcaf1e66ee391042e97d2762330bd733ffab37474c38a6a1,EXCLUDED_INVENTORIED,,legal holding not in the admitted canonical source closure; inventoried for recovery
wedge1-aip,6bb69176e691199bc232da489374c042441471f0,regulation/jurisdiction/regional/bulk/DET-150-2025-FITO-569c477c0daa.txt,4a64db7f024df9d561e73a6d69874f2c3020a294ad1b7ab2b93d035985e4c931,EXCLUDED_INVENTORIED,,legal holding not in the admitted canonical source closure; inventoried for recovery
wedge1-aip,6bb69176e691199bc232da489374c042441471f0,regulation/jurisdiction/regional/bulk/DET-151-2021-FITO-.pdf,5b13464eefbb13c67d56551e6049c514e6e77107ce5bdfd546ac77eb1e9073f9,EXCLUDED_INVENTORIED,,legal holding not in the admitted canonical source closure; inventoried for recovery
wedge1-aip,6bb69176e691199bc232da489374c042441471f0,regulation/jurisdiction/regional/bulk/DET-151-2021-FITO-.txt,8f711e37e49a172f3f2a0876c9b4462e5da9252f434286ead54c6b7ac94f1221,EXCLUDED_INVENTORIED,,legal holding not in the admitted canonical source closure; inventoried for recovery
wedge1-aip,6bb69176e691199bc232da489374c042441471f0,regulation/jurisdiction/regional/bulk/DET-151-2024-FITO-.pdf,d1087498afc5e6e7f6f59aa93a1cc5f36f68c32145ff06646ab4e36609105de8,EXCLUDED_INVENTORIED,,legal holding not in the admitted canonical source closure; inventoried for recovery
wedge1-aip,6bb69176e691199bc232da489374c042441471f0,regulation/jurisdiction/regional/bulk/DET-151-2024-FITO-.txt,68e3c201d76c3f587c5d7892e498fb9f7a9e30c3376b52dd2ec3b84d0f4dfb49,VERBATIM_ADMITTED,regulation/jurisdiction/regional/bulk/DET-151-2024-FITO-.txt,"selected authority, source, research, evidence, or production input"
wedge1-aip,6bb69176e691199bc232da489374c042441471f0,regulation/jurisdiction/regional/bulk/DET-151-2025-FITO-1a103b110695.pdf,1a103b11069516e43fed9515f627edd0ee0e3bf895d32466c47261aac7b6da2e,EXCLUDED_INVENTORIED,,legal holding not in the admitted canonical source closure; inventoried for recovery
wedge1-aip,6bb69176e691199bc232da489374c042441471f0,regulation/jurisdiction/regional/bulk/DET-151-2025-FITO-1a103b110695.txt,aeecb62bb731d0d515e385adfbc505854573b099138e9a9362f3ab0c464d1871,EXCLUDED_INVENTORIED,,legal holding not in the admitted canonical source closure; inventoried for recovery
wedge1-aip,6bb69176e691199bc232da489374c042441471f0,regulation/jurisdiction/regional/bulk/DET-152-2021-FITO-.pdf,9a64c114f57a00cb87fdad9f1a45c8ee8564dce1cf87df63c1cf1aec50d86ed9,EXCLUDED_INVENTORIED,,legal holding not in the admitted canonical source closure; inventoried for recovery
wedge1-aip,6bb69176e691199bc232da489374c042441471f0,regulation/jurisdiction/regional/bulk/DET-152-2021-FITO-.txt,bb10d45789e48a268257469dd7df56642bc12f4d5ed120e88517214322b61aef,EXCLUDED_INVENTORIED,,legal holding not in the admitted canonical source closure; inventoried for recovery
wedge1-aip,6bb69176e691199bc232da489374c042441471f0,regulation/jurisdiction/regional/bulk/DET-152-2025-FITO-a378f1230c69.pdf,a378f1230c696ee41a259f75beafeda96ec1aa4c994fa95fced99023200a15a6,EXCLUDED_INVENTORIED,,legal holding not in the admitted canonical source closure; inventoried for recovery
wedge1-aip,6bb69176e691199bc232da489374c042441471f0,regulation/jurisdiction/regional/bulk/DET-152-2025-FITO-a378f1230c69.txt,e74bcc0724d7f1891f4a7885bb33fd002dc9644893e4560c14b783d9b36fa1b7,EXCLUDED_INVENTORIED,,legal holding not in the admitted canonical source closure; inventoried for recovery
wedge1-aip,6bb69176e691199bc232da489374c042441471f0,regulation/jurisdiction/regional/bulk/DET-153-2021-FITO-.pdf,5fdfeff70706a5b7be8a8e0a66bb3975b8a251ff445d52bccdadb5f06ca72913,EXCLUDED_INVENTORIED,,legal holding not in the admitted canonical source closure; inventoried for recovery
wedge1-aip,6bb69176e691199bc232da489374c042441471f0,regulation/jurisdiction/regional/bulk/DET-153-2021-FITO-.txt,9a88e06307fa4f775ea160dab3bf99b422e1def4c6526174c14dcfbc05967cf2,EXCLUDED_INVENTORIED,,legal holding not in the admitted canonical source closure; inventoried for recovery
wedge1-aip,6bb69176e691199bc232da489374c042441471f0,regulation/jurisdiction/regional/bulk/DET-153-2025-FITO-0d0d382812a8.pdf,0d0d382812a8b08c1677492518e90155295d04a7b32c93da4caa434feed7b2b4,EXCLUDED_INVENTORIED,,legal holding not in the admitted canonical source closure; inventoried for recovery
wedge1-aip,6bb69176e691199bc232da489374c042441471f0,regulation/jurisdiction/regional/bulk/DET-153-2025-FITO-0d0d382812a8.txt,47e27e54cb696c5da9c3d7031becb871a2c1c7f26e0ae293eac71d8a2edf9340,EXCLUDED_INVENTORIED,,legal holding not in the admitted canonical source closure; inventoried for recovery
wedge1-aip,6bb69176e691199bc232da489374c042441471f0,regulation/jurisdiction/regional/bulk/DET-154-2025-FITO-a30232649b74.pdf,a30232649b7403dcd4bd9e7c8b9737d8b3f02152c3933392d975cd21b07fbcc8,EXCLUDED_INVENTORIED,,legal holding not in the admitted canonical source closure; inventoried for recovery
wedge1-aip,6bb69176e691199bc232da489374c042441471f0,regulation/jurisdiction/regional/bulk/DET-154-2025-FITO-a30232649b74.txt,0ec67a38e969a5e58efdb230d63b739df2d3b286306546af5b2bbaf7d6da7f20,EXCLUDED_INVENTORIED,,legal holding not in the admitted canonical source closure; inventoried for recovery
wedge1-aip,6bb69176e691199bc232da489374c042441471f0,regulation/jurisdiction/regional/bulk/DET-157-2024-FITO-.pdf,3f6723e55a1a6a28f610b062f179ef5d42d3a32ae1759eb904c0cfd69915b3f3,EXCLUDED_INVENTORIED,,legal holding not in the admitted canonical source closure; inventoried for recovery
wedge1-aip,6bb69176e691199bc232da489374c042441471f0,regulation/jurisdiction/regional/bulk/DET-157-2024-FITO-.txt,f1136bab35bac8a4bacf68bd630de6853d0b0bc63ba0ddac38d0a07cf6b3a363,EXCLUDED_INVENTORIED,,legal holding not in the admitted canonical source closure; inventoried for recovery
wedge1-aip,6bb69176e691199bc232da489374c042441471f0,regulation/jurisdiction/regional/bulk/DET-158-2024-FITO-.pdf,3f8c274672be3b4a643f3bed4fa2928d362306d96231cd65c093b538c750918a,EXCLUDED_INVENTORIED,,legal holding not in the admitted canonical source closure; inventoried for recovery
wedge1-aip,6bb69176e691199bc232da489374c042441471f0,regulation/jurisdiction/regional/bulk/DET-158-2024-FITO-.txt,65aecb5c7f4d164018977a2c8538cdbafc9c99e57f6c3d1a41e8c80d2e2fd5fa,VERBATIM_ADMITTED,regulation/jurisdiction/regional/bulk/DET-158-2024-FITO-.txt,"selected authority, source, research, evidence, or production input"
wedge1-aip,6bb69176e691199bc232da489374c042441471f0,regulation/jurisdiction/regional/bulk/DET-162-2024-FITO-.pdf,06de88127e0d5ac624ca6a69d9a915258e8c963d5a7c7e29553f09e4f63b0e5f,EXCLUDED_INVENTORIED,,legal holding not in the admitted canonical source closure; inventoried for recovery
wedge1-aip,6bb69176e691199bc232da489374c042441471f0,regulation/jurisdiction/regional/bulk/DET-162-2024-FITO-.txt,7b1e20a4370c96d8886dfd0bf816619ee8ee07cdfd338dbe5ee4c5cdfd21dfe5,EXCLUDED_INVENTORIED,,legal holding not in the admitted canonical source closure; inventoried for recovery
wedge1-aip,6bb69176e691199bc232da489374c042441471f0,regulation/jurisdiction/regional/bulk/DET-162-2025-FITO-15f2fecdc908.pdf,15f2fecdc9081180db660bb8bfce2b86ed049451b09b27344f39dea26ebb5de0,EXCLUDED_INVENTORIED,,legal holding not in the admitted canonical source closure; inventoried for recovery
wedge1-aip,6bb69176e691199bc232da489374c042441471f0,regulation/jurisdiction/regional/bulk/DET-162-2025-FITO-15f2fecdc908.txt,f12e1f9f5efc92029e43eec9dbeba31f5b6eb10233002cfed1f5ed3b0650e845,EXCLUDED_INVENTORIED,,legal holding not in the admitted canonical source closure; inventoried for recovery
wedge1-aip,6bb69176e691199bc232da489374c042441471f0,regulation/jurisdiction/regional/bulk/DET-163-2024-FITO-.pdf,4c75b93a4d298357662b51ffa76660e1f74bb6b138cb9a5293d894f828b405e4,EXCLUDED_INVENTORIED,,legal holding not in the admitted canonical source closure; inventoried for recovery
wedge1-aip,6bb69176e691199bc232da489374c042441471f0,regulation/jurisdiction/regional/bulk/DET-163-2024-FITO-.txt,82f96da7e56bbc2076e67220fca962ede422d76c2564c9230293a76b85a3b11f,EXCLUDED_INVENTORIED,,legal holding not in the admitted canonical source closure; inventoried for recovery
wedge1-aip,6bb69176e691199bc232da489374c042441471f0,regulation/jurisdiction/regional/bulk/DET-164-2021-FITO-.pdf,1336255d1c70c811d969accda0088a670537221f016158d2b48a29d88a6ee616,EXCLUDED_INVENTORIED,,legal holding not in the admitted canonical source closure; inventoried for recovery
wedge1-aip,6bb69176e691199bc232da489374c042441471f0,regulation/jurisdiction/regional/bulk/DET-164-2021-FITO-.txt,976def6820dbadd74a48f7ae8bb52a70601e8adb5ed7bd910740095a9b5f93a0,EXCLUDED_INVENTORIED,,legal holding not in the admitted canonical source closure; inventoried for recovery
wedge1-aip,6bb69176e691199bc232da489374c042441471f0,regulation/jurisdiction/regional/bulk/DET-165-2021-FITO-.pdf,76169d6f2e0ea7fc2e7588d33600b6d3d9fb1c1a775e675b257bcd9d7a9c8a7b,EXCLUDED_INVENTORIED,,legal holding not in the admitted canonical source closure; inventoried for recovery
wedge1-aip,6bb69176e691199bc232da489374c042441471f0,regulation/jurisdiction/regional/bulk/DET-165-2021-FITO-.txt,8031d0b88c479899fa3d56e553c5619ba5293b30e3a345304f326e18cfa1ba91,EXCLUDED_INVENTORIED,,legal holding not in the admitted canonical source closure; inventoried for recovery
wedge1-aip,6bb69176e691199bc232da489374c042441471f0,regulation/jurisdiction/regional/bulk/DET-165-2024-FITO-.pdf,2500ea7aabe86ed07f3be6d9830eb91ebc54b0ffb633b9c021d53bd292c58194,EXCLUDED_INVENTORIED,,legal holding not in the admitted canonical source closure; inventoried for recovery
wedge1-aip,6bb69176e691199bc232da489374c042441471f0,regulation/jurisdiction/regional/bulk/DET-165-2024-FITO-.txt,ad67720f2bd2474b99fafa08353c23923d3fae81c88195caf01bb6be29a77755,VERBATIM_ADMITTED,regulation/jurisdiction/regional/bulk/DET-165-2024-FITO-.txt,"selected authority, source, research, evidence, or production input"
wedge1-aip,6bb69176e691199bc232da489374c042441471f0,regulation/jurisdiction/regional/bulk/DET-166-2024-FITO-.pdf,421adb0ad6dc6b6f02b72f6ddc3405e48c2c1a2887082061a5a0332a39dfc4ec,EXCLUDED_INVENTORIED,,legal holding not in the admitted canonical source closure; inventoried for recovery
wedge1-aip,6bb69176e691199bc232da489374c042441471f0,regulation/jurisdiction/regional/bulk/DET-166-2024-FITO-.txt,b57470c4ac21dad3010f39e7e54f5f6201f2ee129751073df8d72c23f3cfbcb8,EXCLUDED_INVENTORIED,,legal holding not in the admitted canonical source closure; inventoried for recovery
wedge1-aip,6bb69176e691199bc232da489374c042441471f0,regulation/jurisdiction/regional/bulk/DET-167-2021-FITO-.pdf,3bebef2e68ae0ce234a1f44154ede568b3cad390ea15cc1e37fc1717efceff1e,EXCLUDED_INVENTORIED,,legal holding not in the admitted canonical source closure; inventoried for recovery
wedge1-aip,6bb69176e691199bc232da489374c042441471f0,regulation/jurisdiction/regional/bulk/DET-167-2021-FITO-.txt,e07c0af01a3fb647c675265d787047cd972279d1ae84d90a30db1da966bd54d0,EXCLUDED_INVENTORIED,,legal holding not in the admitted canonical source closure; inventoried for recovery
wedge1-aip,6bb69176e691199bc232da489374c042441471f0,regulation/jurisdiction/regional/bulk/DET-167-2024-FITO-.pdf,9c885194698576b9402f84bf16f92855dd241f96e249cd5778f6a3604687a4fd,EXCLUDED_INVENTORIED,,legal holding not in the admitted canonical source closure; inventoried for recovery
wedge1-aip,6bb69176e691199bc232da489374c042441471f0,regulation/jurisdiction/regional/bulk/DET-167-2024-FITO-.txt,5a22ded57e57b88fc0ae7c1f0b4e99733681baebddd880ee5e73308cddd893b5,EXCLUDED_INVENTORIED,,legal holding not in the admitted canonical source closure; inventoried for recovery
wedge1-aip,6bb69176e691199bc232da489374c042441471f0,regulation/jurisdiction/regional/bulk/DET-168-2021-FITO-.pdf,4941b21976d45e633b689149e7a3d8e910cc13b584f6a8471f37a667f6f32bbf,EXCLUDED_INVENTORIED,,legal holding not in the admitted canonical source closure; inventoried for recovery
wedge1-aip,6bb69176e691199bc232da489374c042441471f0,regulation/jurisdiction/regional/bulk/DET-168-2021-FITO-.txt,e8daf74aeff8b802c4658b0e703f8b4a5ee1e786f57a8bb144cd0ebb4a9556f0,EXCLUDED_INVENTORIED,,legal holding not in the admitted canonical source closure; inventoried for recovery
wedge1-aip,6bb69176e691199bc232da489374c042441471f0,regulation/jurisdiction/regional/bulk/DET-169-2021-FITO-.pdf,952b4fd582f92e78d248de6a179ad4aeef3f6491f57589222c0f61a5bbf52e48,EXCLUDED_INVENTORIED,,legal holding not in the admitted canonical source closure; inventoried for recovery
wedge1-aip,6bb69176e691199bc232da489374c042441471f0,regulation/jurisdiction/regional/bulk/DET-169-2021-FITO-.txt,5a318c7d7a8126a104dc1851044da73babdb80b7650f60a4ad156ad6168ec76b,EXCLUDED_INVENTORIED,,legal holding not in the admitted canonical source closure; inventoried for recovery
wedge1-aip,6bb69176e691199bc232da489374c042441471f0,regulation/jurisdiction/regional/bulk/DET-170-2021-FITO-.pdf,b3f0a239788909d331b207f1e4e420383dfbc5dc1e2410714932f58869e69a34,EXCLUDED_INVENTORIED,,legal holding not in the admitted canonical source closure; inventoried for recovery
wedge1-aip,6bb69176e691199bc232da489374c042441471f0,regulation/jurisdiction/regional/bulk/DET-170-2021-FITO-.txt,83abd405b3000ac746ddc727efae083a7d539ac22adc0b2b53e802e975c50005,EXCLUDED_INVENTORIED,,legal holding not in the admitted canonical source closure; inventoried for recovery
wedge1-aip,6bb69176e691199bc232da489374c042441471f0,regulation/jurisdiction/regional/bulk/DET-171-2021-FITO-.pdf,68a148b1b6a6463f4b0112ba4f303c75d855aa9e3afeb0727b6045483aff37f8,EXCLUDED_INVENTORIED,,legal holding not in the admitted canonical source closure; inventoried for recovery
wedge1-aip,6bb69176e691199bc232da489374c042441471f0,regulation/jurisdiction/regional/bulk/DET-171-2021-FITO-.txt,23ea8e141efee848c248373d973e1c79876cbbbcb2343cc21c538bff1604ff3f,EXCLUDED_INVENTORIED,,legal holding not in the admitted canonical source closure; inventoried for recovery
wedge1-aip,6bb69176e691199bc232da489374c042441471f0,regulation/jurisdiction/regional/bulk/DET-172-2021-FITO-.pdf,11e9e303272e2c3af2a9b8998714005b1ebd619b7c8306286fe41b7e31f455b4,EXCLUDED_INVENTORIED,,legal holding not in the admitted canonical source closure; inventoried for recovery
wedge1-aip,6bb69176e691199bc232da489374c042441471f0,regulation/jurisdiction/regional/bulk/DET-172-2021-FITO-.txt,94f5443f126f4938edeb5a7076a0db4fc47169577d072d1fd95e52492d96d086,EXCLUDED_INVENTORIED,,legal holding not in the admitted canonical source closure; inventoried for recovery
wedge1-aip,6bb69176e691199bc232da489374c042441471f0,regulation/jurisdiction/regional/bulk/DET-176-2021-FITO-.pdf,a0219f80a9087e7d9877b8d49c2f360dbd8a806eb4cb69a41aad23d0372fc6f6,EXCLUDED_INVENTORIED,,legal holding not in the admitted canonical source closure; inventoried for recovery
wedge1-aip,6bb69176e691199bc232da489374c042441471f0,regulation/jurisdiction/regional/bulk/DET-176-2021-FITO-.txt,ce93989b4b6fd29cc1bd4108a62296b3152179fcee63426bf2c9fab9d85ce80c,EXCLUDED_INVENTORIED,,legal holding not in the admitted canonical source closure; inventoried for recovery
wedge1-aip,6bb69176e691199bc232da489374c042441471f0,regulation/jurisdiction/regional/bulk/DET-177-2021-FITO-.pdf,41db4596f9d5b781d9665b621dc74ce42aa90daedd929b9e2ef386e1272e1289,EXCLUDED_INVENTORIED,,legal holding not in the admitted canonical source closure; inventoried for recovery
wedge1-aip,6bb69176e691199bc232da489374c042441471f0,regulation/jurisdiction/regional/bulk/DET-177-2021-FITO-.txt,97e0adba050df6bc70d7799c1f7e4bb552743f473c8897bb3aa1ad4015166e86,VERBATIM_ADMITTED,regulation/jurisdiction/regional/bulk/DET-177-2021-FITO-.txt,"selected authority, source, research, evidence, or production input"
wedge1-aip,6bb69176e691199bc232da489374c042441471f0,regulation/jurisdiction/regional/bulk/DET-177-2024-FITO-.pdf,22a967ab67c28985b04064302abc49eff8f2e74b24ebf060d5b58411f72b14e9,EXCLUDED_INVENTORIED,,legal holding not in the admitted canonical source closure; inventoried for recovery
wedge1-aip,6bb69176e691199bc232da489374c042441471f0,regulation/jurisdiction/regional/bulk/DET-177-2024-FITO-.txt,599e2f028c9e2120958582dcf2c29e2d145197b09a6fe0eb86a9a77d68758063,EXCLUDED_INVENTORIED,,legal holding not in the admitted canonical source closure; inventoried for recovery
wedge1-aip,6bb69176e691199bc232da489374c042441471f0,regulation/jurisdiction/regional/bulk/DET-179-2024-FITO-.pdf,266f46b253898678e209cf66b2afaa8e44d5b10e8b8498c698df77c999306df8,EXCLUDED_INVENTORIED,,legal holding not in the admitted canonical source closure; inventoried for recovery
wedge1-aip,6bb69176e691199bc232da489374c042441471f0,regulation/jurisdiction/regional/bulk/DET-179-2024-FITO-.txt,f75f8a5f585db2eca8b221d9acc69b8a808941e13f87c8f9e5ff8f9242ac3ce4,EXCLUDED_INVENTORIED,,legal holding not in the admitted canonical source closure; inventoried for recovery
wedge1-aip,6bb69176e691199bc232da489374c042441471f0,regulation/jurisdiction/regional/bulk/DET-18-2024-FITO-.pdf,c114e6005fa9e93e0491b11bb1f292e29c3aed9738b6e911acce9e71850db9b2,EXCLUDED_INVENTORIED,,legal holding not in the admitted canonical source closure; inventoried for recovery
wedge1-aip,6bb69176e691199bc232da489374c042441471f0,regulation/jurisdiction/regional/bulk/DET-18-2024-FITO-.txt,728f572dc18fbf52a467160a977b83548fe418ffb86350b45e815738a49fc792,VERBATIM_ADMITTED,regulation/jurisdiction/regional/bulk/DET-18-2024-FITO-.txt,"selected authority, source, research, evidence, or production input"
wedge1-aip,6bb69176e691199bc232da489374c042441471f0,regulation/jurisdiction/regional/bulk/DET-18-2025-FITO-.pdf,0be5442dbfb8aa12cf265439d7b1832824ee276e9228fe0689618365ebc877a3,EXCLUDED_INVENTORIED,,legal holding not in the admitted canonical source closure; inventoried for recovery
wedge1-aip,6bb69176e691199bc232da489374c042441471f0,regulation/jurisdiction/regional/bulk/DET-18-2025-FITO-.txt,b888db8db43f72d1a7f8b6b449652cd0efe0d27501120ab97e1877312f70c225,EXCLUDED_INVENTORIED,,legal holding not in the admitted canonical source closure; inventoried for recovery
wedge1-aip,6bb69176e691199bc232da489374c042441471f0,regulation/jurisdiction/regional/bulk/DET-181-2024-FITO-.pdf,76f8963bd2b6c998a068f5ee7046843e351c88f8e07203afcfe240b25d3bbded,EXCLUDED_INVENTORIED,,legal holding not in the admitted canonical source closure; inventoried for recovery
wedge1-aip,6bb69176e691199bc232da489374c042441471f0,regulation/jurisdiction/regional/bulk/DET-181-2024-FITO-.txt,83c747c05e199056e9cdb057a673875d1068df5281f31fde4614fb1b47cd4811,EXCLUDED_INVENTORIED,,legal holding not in the admitted canonical source closure; inventoried for recovery
wedge1-aip,6bb69176e691199bc232da489374c042441471f0,regulation/jurisdiction/regional/bulk/DET-188-2024-FITO-.pdf,882c0020ab2ce0e55c06c9d72b36b3bd0204d02a48b6c35120c81bc050d958cd,EXCLUDED_INVENTORIED,,legal holding not in the admitted canonical source closure; inventoried for recovery
wedge1-aip,6bb69176e691199bc232da489374c042441471f0,regulation/jurisdiction/regional/bulk/DET-188-2024-FITO-.txt,0abddab775fd987eabe0eec4ccf59e80806ed4101b4af4c7e1b94f878a348b3c,VERBATIM_ADMITTED,regulation/jurisdiction/regional/bulk/DET-188-2024-FITO-.txt,"selected authority, source, research, evidence, or production input"
wedge1-aip,6bb69176e691199bc232da489374c042441471f0,regulation/jurisdiction/regional/bulk/DET-2-2022-FITO-.pdf,2d7c2bab0ca4734c1ac1fdb8b0161966a46cfee385a19bdd10275c934bcee550,EXCLUDED_INVENTORIED,,legal holding not in the admitted canonical source closure; inventoried for recovery
wedge1-aip,6bb69176e691199bc232da489374c042441471f0,regulation/jurisdiction/regional/bulk/DET-2-2022-FITO-.txt,b4ab4421aad711cf425a22d6d166a9351147ec85037527ab13318d9da5b08fb3,EXCLUDED_INVENTORIED,,legal holding not in the admitted canonical source closure; inventoried for recovery
wedge1-aip,6bb69176e691199bc232da489374c042441471f0,regulation/jurisdiction/regional/bulk/DET-2-2023-FITO-78fd95864623.pdf,78fd9586462370550657a129c069c4acb3cfbf88e3e1392ffbfb4c11cf9556d1,EXCLUDED_INVENTORIED,,legal holding not in the admitted canonical source closure; inventoried for recovery
wedge1-aip,6bb69176e691199bc232da489374c042441471f0,regulation/jurisdiction/regional/bulk/DET-2-2023-FITO-78fd95864623.txt,022fad4f780cbfbc96648baa49850b4f7e48e30102901dcc0ffd7078394f0933,VERBATIM_ADMITTED,regulation/jurisdiction/regional/bulk/DET-2-2023-FITO-78fd95864623.txt,"selected authority, source, research, evidence, or production input"
wedge1-aip,6bb69176e691199bc232da489374c042441471f0,regulation/jurisdiction/regional/bulk/DET-2-2024-FITO-b998bd88a30c.pdf,b998bd88a30cb84eb8998d9df3516d57840f3f80e07b0373ad6999334aa63467,EXCLUDED_INVENTORIED,,legal holding not in the admitted canonical source closure; inventoried for recovery
wedge1-aip,6bb69176e691199bc232da489374c042441471f0,regulation/jurisdiction/regional/bulk/DET-2-2024-FITO-b998bd88a30c.txt,0ba9f1698a23ccd1dfd1df7ed6e4ab566bec4f5665ec54d721425991bf7475ed,EXCLUDED_INVENTORIED,,legal holding not in the admitted canonical source closure; inventoried for recovery
wedge1-aip,6bb69176e691199bc232da489374c042441471f0,regulation/jurisdiction/regional/bulk/DET-20-2023-FITO-beddd92ce454.pdf,beddd92ce4545f5c16f89fd11bb44e5a3d8d14825c761a33490a12d7a0d42fd6,EXCLUDED_INVENTORIED,,legal holding not in the admitted canonical source closure; inventoried for recovery
wedge1-aip,6bb69176e691199bc232da489374c042441471f0,regulation/jurisdiction/regional/bulk/DET-20-2023-FITO-beddd92ce454.txt,db2480574a76da7288572ffac8e54123b0bd916b20da8cf7173654ac67ceba94,EXCLUDED_INVENTORIED,,legal holding not in the admitted canonical source closure; inventoried for recovery
wedge1-aip,6bb69176e691199bc232da489374c042441471f0,regulation/jurisdiction/regional/bulk/DET-201-2025-FITO-11d2e495c708.pdf,11d2e495c7086656af827c7910eb7f7232e708c69886869a883f6346e5c6b5aa,EXCLUDED_INVENTORIED,,legal holding not in the admitted canonical source closure; inventoried for recovery
wedge1-aip,6bb69176e691199bc232da489374c042441471f0,regulation/jurisdiction/regional/bulk/DET-201-2025-FITO-11d2e495c708.txt,76d26b7f2e39d67d25deed236bbae2504fe9d359fce864c4b2c6944508b101c9,VERBATIM_ADMITTED,regulation/jurisdiction/regional/bulk/DET-201-2025-FITO-11d2e495c708.txt,"selected authority, source, research, evidence, or production input"
wedge1-aip,6bb69176e691199bc232da489374c042441471f0,regulation/jurisdiction/regional/bulk/DET-203-2024-FITO-.pdf,e7233534923f25da66f4dc6943fe4b84ca4239c40411cb3f2c8aa80bc37d3438,EXCLUDED_INVENTORIED,,legal holding not in the admitted canonical source closure; inventoried for recovery
wedge1-aip,6bb69176e691199bc232da489374c042441471f0,regulation/jurisdiction/regional/bulk/DET-203-2024-FITO-.txt,ac47e4bcc74ef120c06bf21a4dbea1634d004b77721e747d89bf7929c31d17d4,EXCLUDED_INVENTORIED,,legal holding not in the admitted canonical source closure; inventoried for recovery
wedge1-aip,6bb69176e691199bc232da489374c042441471f0,regulation/jurisdiction/regional/bulk/DET-208-2025-FITO-f5ee1f42fa08.pdf,f5ee1f42fa0839e31bebd45971770b98072d68e298649d931eb858dc8567cf1b,EXCLUDED_INVENTORIED,,legal holding not in the admitted canonical source closure; inventoried for recovery
wedge1-aip,6bb69176e691199bc232da489374c042441471f0,regulation/jurisdiction/regional/bulk/DET-208-2025-FITO-f5ee1f42fa08.txt,b7380431082803b78bce2d84f105667d5e9e079f3827be4253a970d33f367a4c,EXCLUDED_INVENTORIED,,legal holding not in the admitted canonical source closure; inventoried for recovery
wedge1-aip,6bb69176e691199bc232da489374c042441471f0,regulation/jurisdiction/regional/bulk/DET-218-2025-FITO-7564320ec7ca.pdf,7564320ec7cae5323e7057da6a9e0f9703c2671559d8056161136e673422ccfa,EXCLUDED_INVENTORIED,,legal holding not in the admitted canonical source closure; inventoried for recovery
wedge1-aip,6bb69176e691199bc232da489374c042441471f0,regulation/jurisdiction/regional/bulk/DET-218-2025-FITO-7564320ec7ca.txt,29b754e6b0d9c07a11aff00e45b097de80a7ada505710cc47d9ac0205d11b9e6,EXCLUDED_INVENTORIED,,legal holding not in the admitted canonical source closure; inventoried for recovery
wedge1-aip,6bb69176e691199bc232da489374c042441471f0,regulation/jurisdiction/regional/bulk/DET-22-2025-FITO-.pdf,f45ce9bce8a17707e9c5e21c89536a5e3051b7f5b9c69a12efd7ed4fbf358d94,EXCLUDED_INVENTORIED,,legal holding not in the admitted canonical source closure; inventoried for recovery
wedge1-aip,6bb69176e691199bc232da489374c042441471f0,regulation/jurisdiction/regional/bulk/DET-22-2025-FITO-.txt,b110da30175f56b130cda780f68e6430f6610f027596d011ebdd288c07aca28e,EXCLUDED_INVENTORIED,,legal holding not in the admitted canonical source closure; inventoried for recovery
wedge1-aip,6bb69176e691199bc232da489374c042441471f0,regulation/jurisdiction/regional/bulk/DET-232-2025-FITO-5d08dcc00883.pdf,5d08dcc00883b27f666d6690878321ea2f869e3f1c8e1734ab261b6719f4ce0e,EXCLUDED_INVENTORIED,,legal holding not in the admitted canonical source closure; inventoried for recovery
wedge1-aip,6bb69176e691199bc232da489374c042441471f0,regulation/jurisdiction/regional/bulk/DET-232-2025-FITO-5d08dcc00883.txt,19ffdae331f1220ddcb3adf91fe7029e59ea7550e279edf1b702c8be36c4bf6c,EXCLUDED_INVENTORIED,,legal holding not in the admitted canonical source closure; inventoried for recovery
wedge1-aip,6bb69176e691199bc232da489374c042441471f0,regulation/jurisdiction/regional/bulk/DET-233-2025-FITO-32f9edfd9e78.pdf,32f9edfd9e7886c78a7ceba5a6e7d19cc59db8f819c6a19ea7d745eefd7689ab,EXCLUDED_INVENTORIED,,legal holding not in the admitted canonical source closure; inventoried for recovery
wedge1-aip,6bb69176e691199bc232da489374c042441471f0,regulation/jurisdiction/regional/bulk/DET-233-2025-FITO-32f9edfd9e78.txt,329c64333fa0f0806584b057628485bdc1905b08e4034fa31acc44ca734be821,EXCLUDED_INVENTORIED,,legal holding not in the admitted canonical source closure; inventoried for recovery
wedge1-aip,6bb69176e691199bc232da489374c042441471f0,regulation/jurisdiction/regional/bulk/DET-238-2025-FITO-babbf64a8a58.pdf,babbf64a8a58218883f305e0cff8152b1dab1fefe57bf71615306a4c204ac082,EXCLUDED_INVENTORIED,,legal holding not in the admitted canonical source closure; inventoried for recovery
wedge1-aip,6bb69176e691199bc232da489374c042441471f0,regulation/jurisdiction/regional/bulk/DET-238-2025-FITO-babbf64a8a58.txt,faa9ae43891b66cd5f5be7f1e30c9cad46966e839191a9e511db3dd85e86b3ad,EXCLUDED_INVENTORIED,,legal holding not in the admitted canonical source closure; inventoried for recovery
wedge1-aip,6bb69176e691199bc232da489374c042441471f0,regulation/jurisdiction/regional/bulk/DET-24-2025-FITO-.pdf,e097aac0f52a638fadba097a1b26559f307b1bc4a2aa68af7eca3f7faa650cef,EXCLUDED_INVENTORIED,,legal holding not in the admitted canonical source closure; inventoried for recovery
wedge1-aip,6bb69176e691199bc232da489374c042441471f0,regulation/jurisdiction/regional/bulk/DET-24-2025-FITO-.txt,6f7703f71bb64051746543e9f278c2e707947e0f8824616837249a09b1868082,EXCLUDED_INVENTORIED,,legal holding not in the admitted canonical source closure; inventoried for recovery
wedge1-aip,6bb69176e691199bc232da489374c042441471f0,regulation/jurisdiction/regional/bulk/DET-25-2023-FITO-16178c3db00c.pdf,16178c3db00c752308e1fee7271ec6b32dc2f17677a26668c8698b216e1f8a18,EXCLUDED_INVENTORIED,,legal holding not in the admitted canonical source closure; inventoried for recovery
wedge1-aip,6bb69176e691199bc232da489374c042441471f0,regulation/jurisdiction/regional/bulk/DET-25-2023-FITO-16178c3db00c.txt,a2da80f4c64e2e77e323fe07b333e409c9591ddec33ea3adf33a09db13e41e75,EXCLUDED_INVENTORIED,,legal holding not in the admitted canonical source closure; inventoried for recovery
wedge1-aip,6bb69176e691199bc232da489374c042441471f0,regulation/jurisdiction/regional/bulk/DET-26-2023-FITO-857120ce3b40.pdf,857120ce3b407f7524a38fbd7e3a3eb74710361ac8312568ce30ed2483b917a6,EXCLUDED_INVENTORIED,,legal holding not in the admitted canonical source closure; inventoried for recovery
wedge1-aip,6bb69176e691199bc232da489374c042441471f0,regulation/jurisdiction/regional/bulk/DET-26-2023-FITO-857120ce3b40.txt,1b02e6200a8aa915ae79389d745e4e4d3b1c44a974bc24533864ffbb2a90c2c4,EXCLUDED_INVENTORIED,,legal holding not in the admitted canonical source closure; inventoried for recovery
wedge1-aip,6bb69176e691199bc232da489374c042441471f0,regulation/jurisdiction/regional/bulk/DET-29-2024-FITO-.pdf,b54f058b7801138291fdabb070361c40bb9612148abebc6f0e4fa72fd1c00551,EXCLUDED_INVENTORIED,,legal holding not in the admitted canonical source closure; inventoried for recovery
wedge1-aip,6bb69176e691199bc232da489374c042441471f0,regulation/jurisdiction/regional/bulk/DET-29-2024-FITO-.txt,9cd7bbf968fe073fa6fff0055e30e72acfb9cc84e921dd6b851878ac57dadcb0,VERBATIM_ADMITTED,regulation/jurisdiction/regional/bulk/DET-29-2024-FITO-.txt,"selected authority, source, research, evidence, or production input"
wedge1-aip,6bb69176e691199bc232da489374c042441471f0,regulation/jurisdiction/regional/bulk/DET-3-2023-FITO-3e39ce091535.pdf,3e39ce091535d2228eb17936643acf5f11ced421071aabaf9ee31d72e2889315,EXCLUDED_INVENTORIED,,legal holding not in the admitted canonical source closure; inventoried for recovery
wedge1-aip,6bb69176e691199bc232da489374c042441471f0,regulation/jurisdiction/regional/bulk/DET-3-2023-FITO-3e39ce091535.txt,6eed5f3afc322b76a922d6755bba58ba27162802d9f7ebccf1b1abe293432762,EXCLUDED_INVENTORIED,,legal holding not in the admitted canonical source closure; inventoried for recovery
wedge1-aip,6bb69176e691199bc232da489374c042441471f0,regulation/jurisdiction/regional/bulk/DET-30-2024-FITO-.pdf,e7d9cd6bb6fb4128ae86d0784208347820159fae69ca2a5f9ebfc7cdc0e2cde6,EXCLUDED_INVENTORIED,,legal holding not in the admitted canonical source closure; inventoried for recovery
wedge1-aip,6bb69176e691199bc232da489374c042441471f0,regulation/jurisdiction/regional/bulk/DET-30-2024-FITO-.txt,5cbf01393a2587f6d49899c6146e2c761cb1de0eb3b99c1eec6462eddd0e20e9,EXCLUDED_INVENTORIED,,legal holding not in the admitted canonical source closure; inventoried for recovery
wedge1-aip,6bb69176e691199bc232da489374c042441471f0,regulation/jurisdiction/regional/bulk/DET-30-2025-FITO-.pdf,7abb122166711b525e58f3e0ae08897d57906d641951b3c4a51f61b537140dd9,EXCLUDED_INVENTORIED,,legal holding not in the admitted canonical source closure; inventoried for recovery
wedge1-aip,6bb69176e691199bc232da489374c042441471f0,regulation/jurisdiction/regional/bulk/DET-30-2025-FITO-.txt,92408c3713ed540f14a38711b378f4e08049d37129b3705876072a6027be221f,EXCLUDED_INVENTORIED,,legal holding not in the admitted canonical source closure; inventoried for recovery
wedge1-aip,6bb69176e691199bc232da489374c042441471f0,regulation/jurisdiction/regional/bulk/DET-30-2026-FITO-5941f0891956.pdf,5941f0891956075fa7a4210489f9e7b4e96cfb84c80509e41bad09bb4a597288,EXCLUDED_INVENTORIED,,legal holding not in the admitted canonical source closure; inventoried for recovery
wedge1-aip,6bb69176e691199bc232da489374c042441471f0,regulation/jurisdiction/regional/bulk/DET-30-2026-FITO-5941f0891956.txt,36793cc92a789907b5ca220ae879368181c934c45f2bfbf2efc5d7760e05a08a,EXCLUDED_INVENTORIED,,legal holding not in the admitted canonical source closure; inventoried for recovery
wedge1-aip,6bb69176e691199bc232da489374c042441471f0,regulation/jurisdiction/regional/bulk/DET-31-2025-FITO-.pdf,e4e787f7b0b664f4395b2c54fadbdb528b084bd766cdbaf3e5f4dbab92e32590,EXCLUDED_INVENTORIED,,legal holding not in the admitted canonical source closure; inventoried for recovery
wedge1-aip,6bb69176e691199bc232da489374c042441471f0,regulation/jurisdiction/regional/bulk/DET-31-2025-FITO-.txt,794253342c20567bb5f156cf9d0e079585c4d57d144650312d778b4146cedec8,EXCLUDED_INVENTORIED,,legal holding not in the admitted canonical source closure; inventoried for recovery
wedge1-aip,6bb69176e691199bc232da489374c042441471f0,regulation/jurisdiction/regional/bulk/DET-35-2026-FITO-76d363b7ece1.pdf,76d363b7ece15145f9892f12bcad90d9dd1e7632c2516597db78185bb8b655f2,EXCLUDED_INVENTORIED,,legal holding not in the admitted canonical source closure; inventoried for recovery
wedge1-aip,6bb69176e691199bc232da489374c042441471f0,regulation/jurisdiction/regional/bulk/DET-35-2026-FITO-76d363b7ece1.txt,4de7cf8d27d47a0a3db353cac3ef1303eeed301d86727045e8b5d7bbcf5efa0a,VERBATIM_ADMITTED,regulation/jurisdiction/regional/bulk/DET-35-2026-FITO-76d363b7ece1.txt,"selected authority, source, research, evidence, or production input"
wedge1-aip,6bb69176e691199bc232da489374c042441471f0,regulation/jurisdiction/regional/bulk/DET-36-2026-FITO-309919dadd68.pdf,309919dadd6852e4e22b5ea4c063ab262ac57b671fcbe1ecf4481b0a0e04aed5,EXCLUDED_INVENTORIED,,legal holding not in the admitted canonical source closure; inventoried for recovery
wedge1-aip,6bb69176e691199bc232da489374c042441471f0,regulation/jurisdiction/regional/bulk/DET-36-2026-FITO-309919dadd68.txt,fbfe86d9d88577ee4f4bcb801affd1b7f2b1fb46b56cc5f32845a3fb6f259f94,EXCLUDED_INVENTORIED,,legal holding not in the admitted canonical source closure; inventoried for recovery
wedge1-aip,6bb69176e691199bc232da489374c042441471f0,regulation/jurisdiction/regional/bulk/DET-37-2026-FITO-090b9f12b662.pdf,090b9f12b662a2eafde112256bba6fb385bd354bcb77297aab8b2c1eac4b18cd,EXCLUDED_INVENTORIED,,legal holding not in the admitted canonical source closure; inventoried for recovery
wedge1-aip,6bb69176e691199bc232da489374c042441471f0,regulation/jurisdiction/regional/bulk/DET-37-2026-FITO-090b9f12b662.txt,d1b1710eae8328e67c163f7c0e70d125291d4610bb957702774c5ec7e78be3f7,EXCLUDED_INVENTORIED,,legal holding not in the admitted canonical source closure; inventoried for recovery
wedge1-aip,6bb69176e691199bc232da489374c042441471f0,regulation/jurisdiction/regional/bulk/DET-38-2026-FITO-26fb5f684cca.pdf,26fb5f684cca4eee78c625fd3b89fa8386681f1e00ea15d3a81fa930342d0a22,EXCLUDED_INVENTORIED,,legal holding not in the admitted canonical source closure; inventoried for recovery
wedge1-aip,6bb69176e691199bc232da489374c042441471f0,regulation/jurisdiction/regional/bulk/DET-38-2026-FITO-26fb5f684cca.txt,deb3c4c0dd892822eb2942c92c06a6977623ea572949dd6dd8de6042a36eff9f,EXCLUDED_INVENTORIED,,legal holding not in the admitted canonical source closure; inventoried for recovery
wedge1-aip,6bb69176e691199bc232da489374c042441471f0,regulation/jurisdiction/regional/bulk/DET-39-2023-FITO-f086cc4c4162.pdf,f086cc4c416261e45baeb419a8c44596554d8b6200d187084355946451b1a59b,EXCLUDED_INVENTORIED,,legal holding not in the admitted canonical source closure; inventoried for recovery
wedge1-aip,6bb69176e691199bc232da489374c042441471f0,regulation/jurisdiction/regional/bulk/DET-39-2023-FITO-f086cc4c4162.txt,d90f11d5def195307900ccdc967e295db71dacbf4ed9c13f6f460ae01510ff8b,EXCLUDED_INVENTORIED,,legal holding not in the admitted canonical source closure; inventoried for recovery
wedge1-aip,6bb69176e691199bc232da489374c042441471f0,regulation/jurisdiction/regional/bulk/DET-4-2022-FITO-.pdf,469f59fbd0a4848825e79bb0b316cc6d9872d24b19d0319eecfdabb7499f805f,EXCLUDED_INVENTORIED,,legal holding not in the admitted canonical source closure; inventoried for recovery
wedge1-aip,6bb69176e691199bc232da489374c042441471f0,regulation/jurisdiction/regional/bulk/DET-4-2022-FITO-.txt,81f6cbd5f9c10a0ccb9a88e28f3557e7d63a430da99c6e4c50fbcf956947944e,VERBATIM_ADMITTED,regulation/jurisdiction/regional/bulk/DET-4-2022-FITO-.txt,"selected authority, source, research, evidence, or production input"
wedge1-aip,6bb69176e691199bc232da489374c042441471f0,regulation/jurisdiction/regional/bulk/DET-4-2025-FITO-.pdf,74d712d57c01fb5f4cf81016e67497a494da612edec0528e58f0ff9c94dca6ca,EXCLUDED_INVENTORIED,,legal holding not in the admitted canonical source closure; inventoried for recovery
wedge1-aip,6bb69176e691199bc232da489374c042441471f0,regulation/jurisdiction/regional/bulk/DET-4-2025-FITO-.txt,f7ee685e996a117645c826710a7341b65e6b97b5be171b6e68d962b6925dc11d,EXCLUDED_INVENTORIED,,legal holding not in the admitted canonical source closure; inventoried for recovery
wedge1-aip,6bb69176e691199bc232da489374c042441471f0,regulation/jurisdiction/regional/bulk/DET-4-2026-FITO-0d34986457c0.pdf,0d34986457c0b187907540a2a0a2d3361eb2494ded1cb12e24d6bee9f561821d,EXCLUDED_INVENTORIED,,legal holding not in the admitted canonical source closure; inventoried for recovery
wedge1-aip,6bb69176e691199bc232da489374c042441471f0,regulation/jurisdiction/regional/bulk/DET-4-2026-FITO-0d34986457c0.txt,6113fb89e5eab266aa3c77fec76d175b03bb9b1acebf5e40f0f52d6ee5cab78b,VERBATIM_ADMITTED,regulation/jurisdiction/regional/bulk/DET-4-2026-FITO-0d34986457c0.txt,"selected authority, source, research, evidence, or production input"
wedge1-aip,6bb69176e691199bc232da489374c042441471f0,regulation/jurisdiction/regional/bulk/DET-40-2023-FITO-c04ee5a951ee.pdf,c04ee5a951ee6b0ef7a90cf2745fa1d689a54fa1b29b8187739864bf70b9b98c,EXCLUDED_INVENTORIED,,legal holding not in the admitted canonical source closure; inventoried for recovery
wedge1-aip,6bb69176e691199bc232da489374c042441471f0,regulation/jurisdiction/regional/bulk/DET-40-2023-FITO-c04ee5a951ee.txt,ee1d7d35562f78975a8224a18a1b82c7e28c012f427e92247ba053165c0f997e,EXCLUDED_INVENTORIED,,legal holding not in the admitted canonical source closure; inventoried for recovery
wedge1-aip,6bb69176e691199bc232da489374c042441471f0,regulation/jurisdiction/regional/bulk/DET-41-2023-FITO-9c2be1651d30.pdf,9c2be1651d3055ec33383a3ca2c9ac1d50d7dec13c907a3a6ed6df6b7f31e30b,EXCLUDED_INVENTORIED,,legal holding not in the admitted canonical source closure; inventoried for recovery
wedge1-aip,6bb69176e691199bc232da489374c042441471f0,regulation/jurisdiction/regional/bulk/DET-41-2023-FITO-9c2be1651d30.txt,b97f3b1a3659b0e20b07d428088deccf454c585e16fbbe151a8f353c958e2fdb,EXCLUDED_INVENTORIED,,legal holding not in the admitted canonical source closure; inventoried for recovery
wedge1-aip,6bb69176e691199bc232da489374c042441471f0,regulation/jurisdiction/regional/bulk/DET-43-2022-FITO-.pdf,0e92c74d44856211ab4847d3af87c7ec8e2e11f0032b1a1215a00f75cb180ed4,EXCLUDED_INVENTORIED,,legal holding not in the admitted canonical source closure; inventoried for recovery
wedge1-aip,6bb69176e691199bc232da489374c042441471f0,regulation/jurisdiction/regional/bulk/DET-43-2022-FITO-.txt,f9334cdd1ee0915e28a1fd08ddeba6a185dbd7b57b0fa5053362faa0102a2de7,EXCLUDED_INVENTORIED,,legal holding not in the admitted canonical source closure; inventoried for recovery
wedge1-aip,6bb69176e691199bc232da489374c042441471f0,regulation/jurisdiction/regional/bulk/DET-43-2024-FITO-.pdf,350a238616511d247b3030686a00114c0b957654bd7e07d6f0ad4fcdbe76c82e,EXCLUDED_INVENTORIED,,legal holding not in the admitted canonical source closure; inventoried for recovery
wedge1-aip,6bb69176e691199bc232da489374c042441471f0,regulation/jurisdiction/regional/bulk/DET-43-2024-FITO-.txt,d49a21bf8d15af5d8a3ea726c89bca573948ccfa7a854d6d12fb64be854f2105,EXCLUDED_INVENTORIED,,legal holding not in the admitted canonical source closure; inventoried for recovery
wedge1-aip,6bb69176e691199bc232da489374c042441471f0,regulation/jurisdiction/regional/bulk/DET-43-2025-FITO-.pdf,8e90240666712b38ba635d04e195e23df9dd7fcbbf501928090a0ee96041d955,EXCLUDED_INVENTORIED,,legal holding not in the admitted canonical source closure; inventoried for recovery
wedge1-aip,6bb69176e691199bc232da489374c042441471f0,regulation/jurisdiction/regional/bulk/DET-43-2025-FITO-.txt,d9df403597f72ab06dd3dfcb7c2faf8115dd58f7282948b5d577432975d7e4cd,EXCLUDED_INVENTORIED,,legal holding not in the admitted canonical source closure; inventoried for recovery
wedge1-aip,6bb69176e691199bc232da489374c042441471f0,regulation/jurisdiction/regional/bulk/DET-44-2022-FITO-.pdf,d478d204e04ca47ae665248e1b92f431dd2fee630059c95c400b00e456d1d81b,EXCLUDED_INVENTORIED,,legal holding not in the admitted canonical source closure; inventoried for recovery
wedge1-aip,6bb69176e691199bc232da489374c042441471f0,regulation/jurisdiction/regional/bulk/DET-44-2022-FITO-.txt,da71c472272699b8842582d0b2201d2574f7d5a2e035aacdcc9aacb96c18b35b,EXCLUDED_INVENTORIED,,legal holding not in the admitted canonical source closure; inventoried for recovery
wedge1-aip,6bb69176e691199bc232da489374c042441471f0,regulation/jurisdiction/regional/bulk/DET-44-2023-FITO-253a6084a462.pdf,253a6084a462cd876322786fe1b185516401fd8d495d81011df145011cfed07c,EXCLUDED_INVENTORIED,,legal holding not in the admitted canonical source closure; inventoried for recovery
wedge1-aip,6bb69176e691199bc232da489374c042441471f0,regulation/jurisdiction/regional/bulk/DET-44-2023-FITO-253a6084a462.txt,8116974df65f1e9bef4fe0d1d257492c5792faa58c7d9f4a447f8d9e21b653cd,EXCLUDED_INVENTORIED,,legal holding not in the admitted canonical source closure; inventoried for recovery
wedge1-aip,6bb69176e691199bc232da489374c042441471f0,regulation/jurisdiction/regional/bulk/DET-44-2025-FITO-.pdf,cef259c607efa9964b19e86f4541a73fb76ddf8a83ef12d4752a0b25bbf8768b,EXCLUDED_INVENTORIED,,legal holding not in the admitted canonical source closure; inventoried for recovery
wedge1-aip,6bb69176e691199bc232da489374c042441471f0,regulation/jurisdiction/regional/bulk/DET-44-2025-FITO-.txt,9ed070652c204b413f2a1a613d2b065cf5c9ec5ce08d8c493fbd214d41322294,EXCLUDED_INVENTORIED,,legal holding not in the admitted canonical source closure; inventoried for recovery
wedge1-aip,6bb69176e691199bc232da489374c042441471f0,regulation/jurisdiction/regional/bulk/DET-45-2022-FITO-.pdf,fa984195e647b765fae51f1b3cc79c75d4403fe36efd91a7ad0deaa29317200d,EXCLUDED_INVENTORIED,,legal holding not in the admitted canonical source closure; inventoried for recovery
wedge1-aip,6bb69176e691199bc232da489374c042441471f0,regulation/jurisdiction/regional/bulk/DET-45-2022-FITO-.txt,4aa50b0303a66aaa18d86f66c7a96d8ed48a34f133b22219bb728016f220dcd5,EXCLUDED_INVENTORIED,,legal holding not in the admitted canonical source closure; inventoried for recovery
wedge1-aip,6bb69176e691199bc232da489374c042441471f0,regulation/jurisdiction/regional/bulk/DET-45-2023-FITO-8277847ffa75.pdf,8277847ffa75478a80d20e4b9b0d4c9024ffe8b0f7a3206d5565cd398bc17108,EXCLUDED_INVENTORIED,,legal holding not in the admitted canonical source closure; inventoried for recovery
wedge1-aip,6bb69176e691199bc232da489374c042441471f0,regulation/jurisdiction/regional/bulk/DET-45-2023-FITO-8277847ffa75.txt,5fe91d61afdbf7c2802d307dd79ec2f88d1a4a2a247b013646177cb49f50613a,VERBATIM_ADMITTED,regulation/jurisdiction/regional/bulk/DET-45-2023-FITO-8277847ffa75.txt,"selected authority, source, research, evidence, or production input"
wedge1-aip,6bb69176e691199bc232da489374c042441471f0,regulation/jurisdiction/regional/bulk/DET-45-2024-FITO-.pdf,9f698bc0a6b232ca41c80915da1371266eff51becda3980f961e384654e8e8b4,EXCLUDED_INVENTORIED,,legal holding not in the admitted canonical source closure; inventoried for recovery
wedge1-aip,6bb69176e691199bc232da489374c042441471f0,regulation/jurisdiction/regional/bulk/DET-45-2024-FITO-.txt,f3e35347889ca3a68214039595289806a5c844b0533b7540c868512c6a92883f,VERBATIM_ADMITTED,regulation/jurisdiction/regional/bulk/DET-45-2024-FITO-.txt,"selected authority, source, research, evidence, or production input"
wedge1-aip,6bb69176e691199bc232da489374c042441471f0,regulation/jurisdiction/regional/bulk/DET-46-2022-FITO-.pdf,c43449404c18265db05f43536b0bfde98d2e7469ab79e5269906a9990baf3c43,EXCLUDED_INVENTORIED,,legal holding not in the admitted canonical source closure; inventoried for recovery
wedge1-aip,6bb69176e691199bc232da489374c042441471f0,regulation/jurisdiction/regional/bulk/DET-46-2022-FITO-.txt,65d486d4864088f891a902da00b96a8cc76c5d66d327547dd35f594e484255cd,EXCLUDED_INVENTORIED,,legal holding not in the admitted canonical source closure; inventoried for recovery
wedge1-aip,6bb69176e691199bc232da489374c042441471f0,regulation/jurisdiction/regional/bulk/DET-47-2023-FITO-736803a0f0bb.pdf,736803a0f0bbce10772fe0bf2f1efcab9b1d20b5c0fdf649747266957e893ff8,EXCLUDED_INVENTORIED,,legal holding not in the admitted canonical source closure; inventoried for recovery
wedge1-aip,6bb69176e691199bc232da489374c042441471f0,regulation/jurisdiction/regional/bulk/DET-47-2023-FITO-736803a0f0bb.txt,fc2b993c0b6616169d5a48fdc9db747e2a2aa698448f89916ff07f2fecafce1a,EXCLUDED_INVENTORIED,,legal holding not in the admitted canonical source closure; inventoried for recovery
wedge1-aip,6bb69176e691199bc232da489374c042441471f0,regulation/jurisdiction/regional/bulk/DET-48-2024-FITO-.pdf,1bdb82ce5545285faefccb6209a2edb519df6b3ca0db67e35f464060ebad1ffe,EXCLUDED_INVENTORIED,,legal holding not in the admitted canonical source closure; inventoried for recovery
wedge1-aip,6bb69176e691199bc232da489374c042441471f0,regulation/jurisdiction/regional/bulk/DET-48-2024-FITO-.txt,d955dbe808486f7ec9b53a1230f05ec137e4b76091e7407586a3a7d098cb1070,EXCLUDED_INVENTORIED,,legal holding not in the admitted canonical source closure; inventoried for recovery
wedge1-aip,6bb69176e691199bc232da489374c042441471f0,regulation/jurisdiction/regional/bulk/DET-48-2025-FITO-.pdf,7b5573b8d283cb7bc41490e7f9a2eb882b035118f489bd1ee8faca7a382dde3f,EXCLUDED_INVENTORIED,,legal holding not in the admitted canonical source closure; inventoried for recovery
wedge1-aip,6bb69176e691199bc232da489374c042441471f0,regulation/jurisdiction/regional/bulk/DET-48-2025-FITO-.txt,01dc7d72c8fc810528e7e695a76b38e03f02e14d1e66c127547050401a39ddf9,EXCLUDED_INVENTORIED,,legal holding not in the admitted canonical source closure; inventoried for recovery
wedge1-aip,6bb69176e691199bc232da489374c042441471f0,regulation/jurisdiction/regional/bulk/DET-5-2022-FITO-.pdf,9191b70e67a7e54e3940cae1248339e64764a1a065babf114b55fb4c64976774,EXCLUDED_INVENTORIED,,legal holding not in the admitted canonical source closure; inventoried for recovery
wedge1-aip,6bb69176e691199bc232da489374c042441471f0,regulation/jurisdiction/regional/bulk/DET-5-2022-FITO-.txt,a05a9c550515c02e3f4b77876bc025635265a2d055ed41d1c78c0dac4726f7d9,EXCLUDED_INVENTORIED,,legal holding not in the admitted canonical source closure; inventoried for recovery
wedge1-aip,6bb69176e691199bc232da489374c042441471f0,regulation/jurisdiction/regional/bulk/DET-5-2023-FITO-35d6a01b6e4b.pdf,35d6a01b6e4b773c48ef31f9335d7ab290b4a228bfe9990cdc1e526d729e0c93,EXCLUDED_INVENTORIED,,legal holding not in the admitted canonical source closure; inventoried for recovery
wedge1-aip,6bb69176e691199bc232da489374c042441471f0,regulation/jurisdiction/regional/bulk/DET-5-2023-FITO-35d6a01b6e4b.txt,0ba55db3fec8e42e0cca2155787b357c84fec2110224aac1118d03b3c2ab1636,EXCLUDED_INVENTORIED,,legal holding not in the admitted canonical source closure; inventoried for recovery
wedge1-aip,6bb69176e691199bc232da489374c042441471f0,regulation/jurisdiction/regional/bulk/DET-51-2023-FITO-db9ed41fcfb9.pdf,db9ed41fcfb9f01dcede65d0a101296b22d8de3f1f3cc48c623476eb187ff0cb,EXCLUDED_INVENTORIED,,legal holding not in the admitted canonical source closure; inventoried for recovery
wedge1-aip,6bb69176e691199bc232da489374c042441471f0,regulation/jurisdiction/regional/bulk/DET-51-2023-FITO-db9ed41fcfb9.txt,293a8bd8cefe82ccc0cd0f8790dd3121150f1019c28befc4b480313ef7f57813,VERBATIM_ADMITTED,regulation/jurisdiction/regional/bulk/DET-51-2023-FITO-db9ed41fcfb9.txt,"selected authority, source, research, evidence, or production input"
wedge1-aip,6bb69176e691199bc232da489374c042441471f0,regulation/jurisdiction/regional/bulk/DET-51-2025-FITO-.pdf,3383d0d7d83da72ecc32c7d653a786d9074dfe03ce71b24523fb98ae1d5d48bf,EXCLUDED_INVENTORIED,,legal holding not in the admitted canonical source closure; inventoried for recovery
wedge1-aip,6bb69176e691199bc232da489374c042441471f0,regulation/jurisdiction/regional/bulk/DET-51-2025-FITO-.txt,32e0df7ab9eeb06befbffb084df07a51743c247bceaa7b1c9418bfb7d514b0f6,EXCLUDED_INVENTORIED,,legal holding not in the admitted canonical source closure; inventoried for recovery
wedge1-aip,6bb69176e691199bc232da489374c042441471f0,regulation/jurisdiction/regional/bulk/DET-51-2026-FITO-01735d4ef68c.pdf,01735d4ef68c53c9fa3b35b29a702987f6c43264dcd3f1f22cd2084340d88e7b,EXCLUDED_INVENTORIED,,legal holding not in the admitted canonical source closure; inventoried for recovery
wedge1-aip,6bb69176e691199bc232da489374c042441471f0,regulation/jurisdiction/regional/bulk/DET-51-2026-FITO-01735d4ef68c.txt,01cd9ea1fe2280d710bd10c2b3ff58dd08ca3cadec7ff3091f5a095f3b746bc1,EXCLUDED_INVENTORIED,,legal holding not in the admitted canonical source closure; inventoried for recovery
wedge1-aip,6bb69176e691199bc232da489374c042441471f0,regulation/jurisdiction/regional/bulk/DET-52-2024-FITO-.pdf,0b3031e28ab1c196401644ac742ba72ccd47022e4ec09c80c7324fff86d4bb0d,EXCLUDED_INVENTORIED,,legal holding not in the admitted canonical source closure; inventoried for recovery
wedge1-aip,6bb69176e691199bc232da489374c042441471f0,regulation/jurisdiction/regional/bulk/DET-52-2024-FITO-.txt,677db7dd5bd87c01f7b4be0c86617d131b6618dc4c4a30f0c1c9bdbbe31326c1,VERBATIM_ADMITTED,regulation/jurisdiction/regional/bulk/DET-52-2024-FITO-.txt,"selected authority, source, research, evidence, or production input"
wedge1-aip,6bb69176e691199bc232da489374c042441471f0,regulation/jurisdiction/regional/bulk/DET-54-2022-FITO-.pdf,5dc5a28789e7da64b8a8d91fa132229b233a8d8dd77332bcc53fbaa19eb8b28e,EXCLUDED_INVENTORIED,,legal holding not in the admitted canonical source closure; inventoried for recovery
wedge1-aip,6bb69176e691199bc232da489374c042441471f0,regulation/jurisdiction/regional/bulk/DET-54-2022-FITO-.txt,f1fbd92b04482d34c9ee23daae8e0371637e4ba78ed85e5ca0fc58b79c1074b7,EXCLUDED_INVENTORIED,,legal holding not in the admitted canonical source closure; inventoried for recovery
wedge1-aip,6bb69176e691199bc232da489374c042441471f0,regulation/jurisdiction/regional/bulk/DET-55-2022-FITO-.pdf,10716d6f4f4d02868062bed5e356b31a15170ac03a8a5c94c19a92318dd198bf,EXCLUDED_INVENTORIED,,legal holding not in the admitted canonical source closure; inventoried for recovery
wedge1-aip,6bb69176e691199bc232da489374c042441471f0,regulation/jurisdiction/regional/bulk/DET-55-2022-FITO-.txt,9b5be79a69619b31137f0c07a104ca564d7eb1c8a59bbcf76e3e71221853cdbd,EXCLUDED_INVENTORIED,,legal holding not in the admitted canonical source closure; inventoried for recovery
wedge1-aip,6bb69176e691199bc232da489374c042441471f0,regulation/jurisdiction/regional/bulk/DET-55-2023-FITO-c444535ea6bb.pdf,c444535ea6bbe2ef226de77b2661acd64ec6ff49fbc36b4953644744f132daf8,EXCLUDED_INVENTORIED,,legal holding not in the admitted canonical source closure; inventoried for recovery
wedge1-aip,6bb69176e691199bc232da489374c042441471f0,regulation/jurisdiction/regional/bulk/DET-55-2023-FITO-c444535ea6bb.txt,fe6442133a23aa601e48df58d1c0d24fdfdfca58696c4fa5e2ac6f2def3c1bb1,EXCLUDED_INVENTORIED,,legal holding not in the admitted canonical source closure; inventoried for recovery
wedge1-aip,6bb69176e691199bc232da489374c042441471f0,regulation/jurisdiction/regional/bulk/DET-55-2024-FITO-.pdf,3f25e3686c8a83539084a153007e52b66ac14f440cafdc34081e4126faa49a4e,EXCLUDED_INVENTORIED,,legal holding not in the admitted canonical source closure; inventoried for recovery
wedge1-aip,6bb69176e691199bc232da489374c042441471f0,regulation/jurisdiction/regional/bulk/DET-55-2024-FITO-.txt,42a7af77d4116291f9763cd988ce1be45b5d497cf46c628f132fa240a821ce8b,EXCLUDED_INVENTORIED,,legal holding not in the admitted canonical source closure; inventoried for recovery
wedge1-aip,6bb69176e691199bc232da489374c042441471f0,regulation/jurisdiction/regional/bulk/DET-55-2026-FITO-c04c38b150c9.pdf,c04c38b150c9f10481594ad859cb0b399476d21d9b54fa115fb542eb52c7949d,EXCLUDED_INVENTORIED,,legal holding not in the admitted canonical source closure; inventoried for recovery
wedge1-aip,6bb69176e691199bc232da489374c042441471f0,regulation/jurisdiction/regional/bulk/DET-55-2026-FITO-c04c38b150c9.txt,606a527feb91af9c1fed145fb03243d317241b0f5df062a44dc9949814930ad2,EXCLUDED_INVENTORIED,,legal holding not in the admitted canonical source closure; inventoried for recovery
wedge1-aip,6bb69176e691199bc232da489374c042441471f0,regulation/jurisdiction/regional/bulk/DET-56-2022-FITO-.pdf,36588f053d0dc4fc439093a4e134fcacadeaaaf44e1c59a95fb4111dc1a20900,EXCLUDED_INVENTORIED,,legal holding not in the admitted canonical source closure; inventoried for recovery
wedge1-aip,6bb69176e691199bc232da489374c042441471f0,regulation/jurisdiction/regional/bulk/DET-56-2022-FITO-.txt,8dcd6e46bcd55ae3244d0d79b2773a27fdf66d4ea19a35bc1876cb81b94599dc,EXCLUDED_INVENTORIED,,legal holding not in the admitted canonical source closure; inventoried for recovery
wedge1-aip,6bb69176e691199bc232da489374c042441471f0,regulation/jurisdiction/regional/bulk/DET-57-2022-FITO-.pdf,f9ce34da9dddbcbf603a93bd7f5dd3bdf806ce2570b266f49fc435085cdfcb4e,EXCLUDED_INVENTORIED,,legal holding not in the admitted canonical source closure; inventoried for recovery
wedge1-aip,6bb69176e691199bc232da489374c042441471f0,regulation/jurisdiction/regional/bulk/DET-57-2022-FITO-.txt,95e55456476e10efbcfe0721b6128f09d26816ad33d4eccf342301df7601d639,EXCLUDED_INVENTORIED,,legal holding not in the admitted canonical source closure; inventoried for recovery
wedge1-aip,6bb69176e691199bc232da489374c042441471f0,regulation/jurisdiction/regional/bulk/DET-58-2024-FITO-.pdf,936eb652ee9425e627e00d62b81429ecbafa89e36e3a53515331cb2c8cf5a632,EXCLUDED_INVENTORIED,,legal holding not in the admitted canonical source closure; inventoried for recovery
wedge1-aip,6bb69176e691199bc232da489374c042441471f0,regulation/jurisdiction/regional/bulk/DET-58-2024-FITO-.txt,b1e29203b5e267a7f3ef9e2e6d1a5dbcc45f707594c676174ef1e16f46e6c127,EXCLUDED_INVENTORIED,,legal holding not in the admitted canonical source closure; inventoried for recovery
wedge1-aip,6bb69176e691199bc232da489374c042441471f0,regulation/jurisdiction/regional/bulk/DET-59-2023-FITO-e35b5d223c61.pdf,e35b5d223c61e68e7c9d9e29f8bb8345bbd93e9e59fc0a33c9ff6b55c999a6a0,EXCLUDED_INVENTORIED,,legal holding not in the admitted canonical source closure; inventoried for recovery
wedge1-aip,6bb69176e691199bc232da489374c042441471f0,regulation/jurisdiction/regional/bulk/DET-59-2023-FITO-e35b5d223c61.txt,b6df7d2ec63574ba8c4796399ccad9e2ba422ef9b3ffe2222f5f792b758f0695,EXCLUDED_INVENTORIED,,legal holding not in the admitted canonical source closure; inventoried for recovery
wedge1-aip,6bb69176e691199bc232da489374c042441471f0,regulation/jurisdiction/regional/bulk/DET-59-2024-FITO-.pdf,e1fc5e4aeec3f6e6681a7cddee64f3a4471807a6bb0f24625b4e4f2b52e53368,EXCLUDED_INVENTORIED,,legal holding not in the admitted canonical source closure; inventoried for recovery
wedge1-aip,6bb69176e691199bc232da489374c042441471f0,regulation/jurisdiction/regional/bulk/DET-59-2024-FITO-.txt,6d421b3fbb90771dd05237bcc46111f61bb5acb50941e0ca9ec0ea8eb34e6b41,EXCLUDED_INVENTORIED,,legal holding not in the admitted canonical source closure; inventoried for recovery
wedge1-aip,6bb69176e691199bc232da489374c042441471f0,regulation/jurisdiction/regional/bulk/DET-6-2022-FITO-.pdf,8810254890c14e1a0b2cdfa54bc82fe5e7c41a0844bcc5e5cdf490193185055a,EXCLUDED_INVENTORIED,,legal holding not in the admitted canonical source closure; inventoried for recovery
wedge1-aip,6bb69176e691199bc232da489374c042441471f0,regulation/jurisdiction/regional/bulk/DET-6-2022-FITO-.txt,0569baf8504c76c7a820d80b1f4f7a8e87f46f42fa673644dfbe50fd9db39044,VERBATIM_ADMITTED,regulation/jurisdiction/regional/bulk/DET-6-2022-FITO-.txt,"selected authority, source, research, evidence, or production input"
wedge1-aip,6bb69176e691199bc232da489374c042441471f0,regulation/jurisdiction/regional/bulk/DET-6-2025-FITO-.pdf,a79638f84a96da7933eada8ea5859acd36c674831036a69488d6927bdf568376,EXCLUDED_INVENTORIED,,legal holding not in the admitted canonical source closure; inventoried for recovery
wedge1-aip,6bb69176e691199bc232da489374c042441471f0,regulation/jurisdiction/regional/bulk/DET-6-2025-FITO-.txt,655912e83368462554996f6c618d8e79419ce23b1ca2c41d0a64d9c1bacdc483,EXCLUDED_INVENTORIED,,legal holding not in the admitted canonical source closure; inventoried for recovery
wedge1-aip,6bb69176e691199bc232da489374c042441471f0,regulation/jurisdiction/regional/bulk/DET-6-2026-FITO-1e196f5cb10c.pdf,1e196f5cb10c2415d6a5f3ae95c83e67c38852cd9ecb1a24c9c1cb6457eb943b,EXCLUDED_INVENTORIED,,legal holding not in the admitted canonical source closure; inventoried for recovery
wedge1-aip,6bb69176e691199bc232da489374c042441471f0,regulation/jurisdiction/regional/bulk/DET-6-2026-FITO-1e196f5cb10c.txt,f789fb12aebdbe74c7c212417afc856bcb0d834a4a79ce7fb76c97b99e681164,EXCLUDED_INVENTORIED,,legal holding not in the admitted canonical source closure; inventoried for recovery
wedge1-aip,6bb69176e691199bc232da489374c042441471f0,regulation/jurisdiction/regional/bulk/DET-60-2022-FITO-.pdf,52b8c955ab55263fd616cac9c3fade2938a5f0eb5dd5ff41e44b9489993e52c3,EXCLUDED_INVENTORIED,,legal holding not in the admitted canonical source closure; inventoried for recovery
wedge1-aip,6bb69176e691199bc232da489374c042441471f0,regulation/jurisdiction/regional/bulk/DET-60-2022-FITO-.txt,2dbdcbc67e0770301ac6c1769b3b538867401187c47f04e3ad67f5776665dd85,EXCLUDED_INVENTORIED,,legal holding not in the admitted canonical source closure; inventoried for recovery
wedge1-aip,6bb69176e691199bc232da489374c042441471f0,regulation/jurisdiction/regional/bulk/DET-60-2024-FITO-.pdf,c9407d909ff13b17519d9f1c2f47338a0b53174ada8208808e32254178faffed,EXCLUDED_INVENTORIED,,legal holding not in the admitted canonical source closure; inventoried for recovery
wedge1-aip,6bb69176e691199bc232da489374c042441471f0,regulation/jurisdiction/regional/bulk/DET-60-2024-FITO-.txt,d7fc87754f19103baa2d20c2bc8bb04b607d62bff5c3d0fc0c6d486abd39b376,EXCLUDED_INVENTORIED,,legal holding not in the admitted canonical source closure; inventoried for recovery
wedge1-aip,6bb69176e691199bc232da489374c042441471f0,regulation/jurisdiction/regional/bulk/DET-61-2023-FITO-29be5f20cf8f.pdf,29be5f20cf8fbf59fa65aa029d1235f4df6a023a8ab34951ff2a935d2f786f65,EXCLUDED_INVENTORIED,,legal holding not in the admitted canonical source closure; inventoried for recovery
wedge1-aip,6bb69176e691199bc232da489374c042441471f0,regulation/jurisdiction/regional/bulk/DET-61-2023-FITO-29be5f20cf8f.txt,aac93c836a4853fa9bb745c5ab16e8c650cf8bee08265c41874392871f44c666,EXCLUDED_INVENTORIED,,legal holding not in the admitted canonical source closure; inventoried for recovery
wedge1-aip,6bb69176e691199bc232da489374c042441471f0,regulation/jurisdiction/regional/bulk/DET-62-2023-FITO-b8ec8ad1e685.pdf,b8ec8ad1e685dbdab84e620599d9d15dc0922b890d5ad2a9c46ee6f9d869787e,EXCLUDED_INVENTORIED,,legal holding not in the admitted canonical source closure; inventoried for recovery
wedge1-aip,6bb69176e691199bc232da489374c042441471f0,regulation/jurisdiction/regional/bulk/DET-62-2023-FITO-b8ec8ad1e685.txt,6b7cb51cc1428387975da2346e3e4f56b08577577b464c10ff4916fcc1d46784,EXCLUDED_INVENTORIED,,legal holding not in the admitted canonical source closure; inventoried for recovery
wedge1-aip,6bb69176e691199bc232da489374c042441471f0,regulation/jurisdiction/regional/bulk/DET-63-2024-FITO-.pdf,3b5813789b43ef0861c283175ab607fa32cfba7c1d2057a55b291aa8f8097a48,EXCLUDED_INVENTORIED,,legal holding not in the admitted canonical source closure; inventoried for recovery
wedge1-aip,6bb69176e691199bc232da489374c042441471f0,regulation/jurisdiction/regional/bulk/DET-63-2024-FITO-.txt,17e662ad4d3d95a7343500f4e66fb41c8fc3f0009fb35f3f1522281b5555a820,EXCLUDED_INVENTORIED,,legal holding not in the admitted canonical source closure; inventoried for recovery
wedge1-aip,6bb69176e691199bc232da489374c042441471f0,regulation/jurisdiction/regional/bulk/DET-63-2026-FITO-bd7f7bd2162a.pdf,bd7f7bd2162ad5a14eaf9e3e8114733f2170f20f8f0486261d05f72dadcf8375,EXCLUDED_INVENTORIED,,legal holding not in the admitted canonical source closure; inventoried for recovery
wedge1-aip,6bb69176e691199bc232da489374c042441471f0,regulation/jurisdiction/regional/bulk/DET-63-2026-FITO-bd7f7bd2162a.txt,c88d31c97d7f81e6c891fcbeeb727ca54308c63e11ccda56f67bf15cf1637b48,VERBATIM_ADMITTED,regulation/jurisdiction/regional/bulk/DET-63-2026-FITO-bd7f7bd2162a.txt,"selected authority, source, research, evidence, or production input"
wedge1-aip,6bb69176e691199bc232da489374c042441471f0,regulation/jurisdiction/regional/bulk/DET-65-2025-FITO-.pdf,f1b9c46173957f9c885df4565195d18beaf352ebd1c584315555602f8d827f93,EXCLUDED_INVENTORIED,,legal holding not in the admitted canonical source closure; inventoried for recovery
wedge1-aip,6bb69176e691199bc232da489374c042441471f0,regulation/jurisdiction/regional/bulk/DET-65-2025-FITO-.txt,1de0fa059b604c5c002a709aaa777aec0730a848df827d25b28f1aab39e9956f,EXCLUDED_INVENTORIED,,legal holding not in the admitted canonical source closure; inventoried for recovery
wedge1-aip,6bb69176e691199bc232da489374c042441471f0,regulation/jurisdiction/regional/bulk/DET-66-2022-FITO-.pdf,622dba310d2323cc85893b14e8e068eb35bf6b603809db2a436acc23996f6db4,EXCLUDED_INVENTORIED,,legal holding not in the admitted canonical source closure; inventoried for recovery
wedge1-aip,6bb69176e691199bc232da489374c042441471f0,regulation/jurisdiction/regional/bulk/DET-66-2022-FITO-.txt,69051b9e38d96a036c976da54027e6094be65187f6dbbb36d96287299b2865bf,EXCLUDED_INVENTORIED,,legal holding not in the admitted canonical source closure; inventoried for recovery
wedge1-aip,6bb69176e691199bc232da489374c042441471f0,regulation/jurisdiction/regional/bulk/DET-66-2023-FITO-aaf9fbc95a28.pdf,aaf9fbc95a284ad0ae017c478eb49de74f3970982dddf0a2566f7b4e9c9b1dcb,EXCLUDED_INVENTORIED,,legal holding not in the admitted canonical source closure; inventoried for recovery
wedge1-aip,6bb69176e691199bc232da489374c042441471f0,regulation/jurisdiction/regional/bulk/DET-66-2023-FITO-aaf9fbc95a28.txt,485d18503f19dc30195864bbf0122d770a5de626358bf83337a3347ec88c7669,EXCLUDED_INVENTORIED,,legal holding not in the admitted canonical source closure; inventoried for recovery
wedge1-aip,6bb69176e691199bc232da489374c042441471f0,regulation/jurisdiction/regional/bulk/DET-68-2022-FITO-.pdf,639c3a35cb86225ac5f2b253759d7e27b2a0de520160577e65a809c8f6728ed3,EXCLUDED_INVENTORIED,,legal holding not in the admitted canonical source closure; inventoried for recovery
wedge1-aip,6bb69176e691199bc232da489374c042441471f0,regulation/jurisdiction/regional/bulk/DET-68-2022-FITO-.txt,9af8c020195a2ed4d9026b1b0685c59d3d0474a093122b90987ada5d7aca01cf,EXCLUDED_INVENTORIED,,legal holding not in the admitted canonical source closure; inventoried for recovery
wedge1-aip,6bb69176e691199bc232da489374c042441471f0,regulation/jurisdiction/regional/bulk/DET-68-2023-FITO-11a6cd3543dc.pdf,11a6cd3543dcf975c2dee86d5cd342511d12db245b47f54a1789ba5488ff8164,EXCLUDED_INVENTORIED,,legal holding not in the admitted canonical source closure; inventoried for recovery
wedge1-aip,6bb69176e691199bc232da489374c042441471f0,regulation/jurisdiction/regional/bulk/DET-68-2023-FITO-11a6cd3543dc.txt,b805a49af74e9875a743f075655bb1019e44c8925f9a2ef0e53b916e079ae6e9,EXCLUDED_INVENTORIED,,legal holding not in the admitted canonical source closure; inventoried for recovery
wedge1-aip,6bb69176e691199bc232da489374c042441471f0,regulation/jurisdiction/regional/bulk/DET-69-2022-FITO-.pdf,c28b51aa381f42b55e563c37074cf7cc27972a1e2c48328f9f0a8e60276e08cb,EXCLUDED_INVENTORIED,,legal holding not in the admitted canonical source closure; inventoried for recovery
wedge1-aip,6bb69176e691199bc232da489374c042441471f0,regulation/jurisdiction/regional/bulk/DET-69-2022-FITO-.txt,f5d6208d1f973a77835f958da794fbb35cd6ad0ed1e4c728d814de0e99b0928e,EXCLUDED_INVENTORIED,,legal holding not in the admitted canonical source closure; inventoried for recovery
wedge1-aip,6bb69176e691199bc232da489374c042441471f0,regulation/jurisdiction/regional/bulk/DET-7-2026-FITO-7195e96a1170.pdf,7195e96a11700fb0244c18cb2c63dd3b96738bdb7b5e5c08981c61980d66a08c,EXCLUDED_INVENTORIED,,legal holding not in the admitted canonical source closure; inventoried for recovery
wedge1-aip,6bb69176e691199bc232da489374c042441471f0,regulation/jurisdiction/regional/bulk/DET-7-2026-FITO-7195e96a1170.txt,874f46b5ca88d7553d62abca7701a161a1f76e6efa8efde63071a0c15c32b9b3,EXCLUDED_INVENTORIED,,legal holding not in the admitted canonical source closure; inventoried for recovery
wedge1-aip,6bb69176e691199bc232da489374c042441471f0,regulation/jurisdiction/regional/bulk/DET-70-2022-FITO-.pdf,c9b8bcde420d74334762f9fda9f5e573b593285d72311cdd5abbe5a3e54b79f2,EXCLUDED_INVENTORIED,,legal holding not in the admitted canonical source closure; inventoried for recovery
wedge1-aip,6bb69176e691199bc232da489374c042441471f0,regulation/jurisdiction/regional/bulk/DET-70-2022-FITO-.txt,c4d5bfa104d42e81cab6945abd79f8fc9ab176014157a1f61812038b83fff2a7,EXCLUDED_INVENTORIED,,legal holding not in the admitted canonical source closure; inventoried for recovery
wedge1-aip,6bb69176e691199bc232da489374c042441471f0,regulation/jurisdiction/regional/bulk/DET-70-2023-FITO-cc81bb317a23.pdf,cc81bb317a2310c058b11252de0e2f95bdc0f60522a44d1ccec5934fea43e251,EXCLUDED_INVENTORIED,,legal holding not in the admitted canonical source closure; inventoried for recovery
wedge1-aip,6bb69176e691199bc232da489374c042441471f0,regulation/jurisdiction/regional/bulk/DET-70-2023-FITO-cc81bb317a23.txt,f4c5daff98e0853c1c802123ee41562485fb581dfc9045b29f4e3bb367ef084a,EXCLUDED_INVENTORIED,,legal holding not in the admitted canonical source closure; inventoried for recovery
wedge1-aip,6bb69176e691199bc232da489374c042441471f0,regulation/jurisdiction/regional/bulk/DET-71-2022-FITO-.pdf,68fc612b1c9b2ccd957249f17eb3533412683baf7e4c9475c9853e5506f9c13d,EXCLUDED_INVENTORIED,,legal holding not in the admitted canonical source closure; inventoried for recovery
wedge1-aip,6bb69176e691199bc232da489374c042441471f0,regulation/jurisdiction/regional/bulk/DET-71-2022-FITO-.txt,abead828b9469ffcd8829c69488d812641a1a7fdb8e502cbd8dc6350badf9a25,EXCLUDED_INVENTORIED,,legal holding not in the admitted canonical source closure; inventoried for recovery
wedge1-aip,6bb69176e691199bc232da489374c042441471f0,regulation/jurisdiction/regional/bulk/DET-71-2023-FITO-5ffd886a8cdc.pdf,5ffd886a8cdcc55d679494aaa1caa551c075de0733e74deede39bba10978c2c4,EXCLUDED_INVENTORIED,,legal holding not in the admitted canonical source closure; inventoried for recovery
wedge1-aip,6bb69176e691199bc232da489374c042441471f0,regulation/jurisdiction/regional/bulk/DET-71-2023-FITO-5ffd886a8cdc.txt,829afffe77ff47fc108c1699f4f02406750084f9342b00763685ef8508ba430b,EXCLUDED_INVENTORIED,,legal holding not in the admitted canonical source closure; inventoried for recovery
wedge1-aip,6bb69176e691199bc232da489374c042441471f0,regulation/jurisdiction/regional/bulk/DET-72-2023-FITO-2e9f5da11200.pdf,2e9f5da112001a3344a9b9c46317326a2b37104aa3313d5cf5df827bf405f230,EXCLUDED_INVENTORIED,,legal holding not in the admitted canonical source closure; inventoried for recovery
wedge1-aip,6bb69176e691199bc232da489374c042441471f0,regulation/jurisdiction/regional/bulk/DET-72-2023-FITO-2e9f5da11200.txt,b45ea90e42f331d025cfcdc128a3088542569c52e7b486ddb587ea2d2b6a7473,EXCLUDED_INVENTORIED,,legal holding not in the admitted canonical source closure; inventoried for recovery
wedge1-aip,6bb69176e691199bc232da489374c042441471f0,regulation/jurisdiction/regional/bulk/DET-72-2025-FITO-.pdf,18701ae7a17dad893110f1863e9d7854d1e50afd8eafbfee6697deba98a6d469,EXCLUDED_INVENTORIED,,legal holding not in the admitted canonical source closure; inventoried for recovery
wedge1-aip,6bb69176e691199bc232da489374c042441471f0,regulation/jurisdiction/regional/bulk/DET-72-2025-FITO-.txt,62f9fbb976c35777255c530f63c29297cd73ec546e54d0b1a44c7994d26b4d34,EXCLUDED_INVENTORIED,,legal holding not in the admitted canonical source closure; inventoried for recovery
wedge1-aip,6bb69176e691199bc232da489374c042441471f0,regulation/jurisdiction/regional/bulk/DET-73-2023-FITO-718c9ee7e5d2.pdf,718c9ee7e5d2470985f13f407543e649795d823ae15b07f2b197559271804be9,EXCLUDED_INVENTORIED,,legal holding not in the admitted canonical source closure; inventoried for recovery
wedge1-aip,6bb69176e691199bc232da489374c042441471f0,regulation/jurisdiction/regional/bulk/DET-73-2023-FITO-718c9ee7e5d2.txt,b783b9cae39897b30afff20d56a7f9607b801d590859cc1c768bbc911bdc447f,EXCLUDED_INVENTORIED,,legal holding not in the admitted canonical source closure; inventoried for recovery
wedge1-aip,6bb69176e691199bc232da489374c042441471f0,regulation/jurisdiction/regional/bulk/DET-74-2023-FITO-2c23f86b8aab.pdf,2c23f86b8aab19e9a78b5abfbf99ab6a6bf2c625e5697f019bc3f8830250f238,EXCLUDED_INVENTORIED,,legal holding not in the admitted canonical source closure; inventoried for recovery
wedge1-aip,6bb69176e691199bc232da489374c042441471f0,regulation/jurisdiction/regional/bulk/DET-74-2023-FITO-2c23f86b8aab.txt,18e3e3e31fc43431fd48cab40d6b98496bccf84803f3163e0403c64efd0d5d3a,EXCLUDED_INVENTORIED,,legal holding not in the admitted canonical source closure; inventoried for recovery
wedge1-aip,6bb69176e691199bc232da489374c042441471f0,regulation/jurisdiction/regional/bulk/DET-74-2024-FITO-.pdf,44f299b0d9183377a846fd2c6e9125cbbd7d69e2edac29718b3e5112d1b1c321,EXCLUDED_INVENTORIED,,legal holding not in the admitted canonical source closure; inventoried for recovery
wedge1-aip,6bb69176e691199bc232da489374c042441471f0,regulation/jurisdiction/regional/bulk/DET-74-2024-FITO-.txt,dbd80ce3972557073346dd41559e34e048229ec1847fe4a2bc5e1da5e2a38675,EXCLUDED_INVENTORIED,,legal holding not in the admitted canonical source closure; inventoried for recovery
wedge1-aip,6bb69176e691199bc232da489374c042441471f0,regulation/jurisdiction/regional/bulk/DET-75-2022-FITO-.pdf,c8f957e03332f2367fd32d0ecff241eb5e44e915c413428df420aaf311f1c1c0,EXCLUDED_INVENTORIED,,legal holding not in the admitted canonical source closure; inventoried for recovery
wedge1-aip,6bb69176e691199bc232da489374c042441471f0,regulation/jurisdiction/regional/bulk/DET-75-2022-FITO-.txt,7321bb2add2cdd39144789adb5b8399013af7d9c7441fe91d625633db47d9c6d,EXCLUDED_INVENTORIED,,legal holding not in the admitted canonical source closure; inventoried for recovery
wedge1-aip,6bb69176e691199bc232da489374c042441471f0,regulation/jurisdiction/regional/bulk/DET-75-2024-FITO-.pdf,9cfa682f55e16762ba48fe8d2aad3c4c10182f2417d366af7ca429508ea3a2a9,EXCLUDED_INVENTORIED,,legal holding not in the admitted canonical source closure; inventoried for recovery
wedge1-aip,6bb69176e691199bc232da489374c042441471f0,regulation/jurisdiction/regional/bulk/DET-75-2024-FITO-.txt,058a47ba163ce634ca7d381bb8a5758f9304f79fc0215356687cecd8d392831b,EXCLUDED_INVENTORIED,,legal holding not in the admitted canonical source closure; inventoried for recovery
wedge1-aip,6bb69176e691199bc232da489374c042441471f0,regulation/jurisdiction/regional/bulk/DET-76-2022-FITO-.pdf,bcd159dd014133263bd68f44d9a4f3b43b7a99eb994dfd778bb33f0a4dd2593d,EXCLUDED_INVENTORIED,,legal holding not in the admitted canonical source closure; inventoried for recovery
wedge1-aip,6bb69176e691199bc232da489374c042441471f0,regulation/jurisdiction/regional/bulk/DET-76-2022-FITO-.txt,cc881191817823514ef2ce9f91a9c3fb38268880b5799a5f7219429cb28d34ea,EXCLUDED_INVENTORIED,,legal holding not in the admitted canonical source closure; inventoried for recovery
wedge1-aip,6bb69176e691199bc232da489374c042441471f0,regulation/jurisdiction/regional/bulk/DET-76-2023-FITO-c052cd5b7e6d.pdf,c052cd5b7e6d961ac9ec2fb325dd232e0b364fc5afc101a0dcf6828a39cb9ae7,EXCLUDED_INVENTORIED,,legal holding not in the admitted canonical source closure; inventoried for recovery
wedge1-aip,6bb69176e691199bc232da489374c042441471f0,regulation/jurisdiction/regional/bulk/DET-76-2023-FITO-c052cd5b7e6d.txt,1661e499aa0dfb6b46e39883928a6965980d53bfca2661cb14e107684764323b,EXCLUDED_INVENTORIED,,legal holding not in the admitted canonical source closure; inventoried for recovery
wedge1-aip,6bb69176e691199bc232da489374c042441471f0,regulation/jurisdiction/regional/bulk/DET-77-2022-FITO-.pdf,b4b95b9f19343824818b2771f05140594d7594419333dae0599440359edf2439,EXCLUDED_INVENTORIED,,legal holding not in the admitted canonical source closure; inventoried for recovery
wedge1-aip,6bb69176e691199bc232da489374c042441471f0,regulation/jurisdiction/regional/bulk/DET-77-2022-FITO-.txt,8f2bea0a43285fb08bc2ee578d3c80e5e0b5c2c15989aea3cfa3266008fe619f,EXCLUDED_INVENTORIED,,legal holding not in the admitted canonical source closure; inventoried for recovery
wedge1-aip,6bb69176e691199bc232da489374c042441471f0,regulation/jurisdiction/regional/bulk/DET-77-2024-FITO-.pdf,7c74931ae0a5a653f439fc3bf5d44690f9713d2d0f11739fb59ac89d9ed5a12c,EXCLUDED_INVENTORIED,,legal holding not in the admitted canonical source closure; inventoried for recovery
wedge1-aip,6bb69176e691199bc232da489374c042441471f0,regulation/jurisdiction/regional/bulk/DET-77-2024-FITO-.txt,a46f042e4bfa49cd8c6789545c79dc030e8c54d3a29f1515e88762a84468fd4d,EXCLUDED_INVENTORIED,,legal holding not in the admitted canonical source closure; inventoried for recovery
wedge1-aip,6bb69176e691199bc232da489374c042441471f0,regulation/jurisdiction/regional/bulk/DET-77-2025-FITO-.pdf,47f273c94bf9e50b2a5209add67d61ae69fad9b9ebb9430170a3a0aa4cff6227,EXCLUDED_INVENTORIED,,legal holding not in the admitted canonical source closure; inventoried for recovery
wedge1-aip,6bb69176e691199bc232da489374c042441471f0,regulation/jurisdiction/regional/bulk/DET-77-2025-FITO-.txt,677348ef4c1cbdd316db1d8f478ef35074cdbfcda7838c9e5f24dc993ab271a4,EXCLUDED_INVENTORIED,,legal holding not in the admitted canonical source closure; inventoried for recovery
wedge1-aip,6bb69176e691199bc232da489374c042441471f0,regulation/jurisdiction/regional/bulk/DET-78-2022-FITO-.pdf,ecec0a2f76885b2bc33cdeb9009a8caa76f6d18cb08860c47df9ee6be05d717e,EXCLUDED_INVENTORIED,,legal holding not in the admitted canonical source closure; inventoried for recovery
wedge1-aip,6bb69176e691199bc232da489374c042441471f0,regulation/jurisdiction/regional/bulk/DET-78-2022-FITO-.txt,36a75959f4018f6d8f4afd4c35fb8acfe30e0c89b52b96aac73b17a9cb166be5,EXCLUDED_INVENTORIED,,legal holding not in the admitted canonical source closure; inventoried for recovery
wedge1-aip,6bb69176e691199bc232da489374c042441471f0,regulation/jurisdiction/regional/bulk/DET-78-2026-FITO-5857526e6580.pdf,5857526e6580f535dd7811864ee33e76b027df1c0db4c892ae8034314886cda3,EXCLUDED_INVENTORIED,,legal holding not in the admitted canonical source closure; inventoried for recovery
wedge1-aip,6bb69176e691199bc232da489374c042441471f0,regulation/jurisdiction/regional/bulk/DET-78-2026-FITO-5857526e6580.txt,8f4b817461a16fe85c3a5c17a326427384e24ac7c7e1f230e2a786237659613a,EXCLUDED_INVENTORIED,,legal holding not in the admitted canonical source closure; inventoried for recovery
wedge1-aip,6bb69176e691199bc232da489374c042441471f0,regulation/jurisdiction/regional/bulk/DET-79-2025-FITO-.pdf,22c69abd0dbc4b7a9ead2ebc2bfef823526426c9a96c01b9aeea3abf5da75f70,EXCLUDED_INVENTORIED,,legal holding not in the admitted canonical source closure; inventoried for recovery
wedge1-aip,6bb69176e691199bc232da489374c042441471f0,regulation/jurisdiction/regional/bulk/DET-79-2025-FITO-.txt,500e8883a72e64804a080253beaa42a9f286da026a8eb4e69afc62d20983cda5,EXCLUDED_INVENTORIED,,legal holding not in the admitted canonical source closure; inventoried for recovery
wedge1-aip,6bb69176e691199bc232da489374c042441471f0,regulation/jurisdiction/regional/bulk/DET-8-2024-FITO-af75f0207dbe.pdf,af75f0207dbe69eee60cab027c72692f8d54a3e44d849029c54fb935e7a74974,EXCLUDED_INVENTORIED,,legal holding not in the admitted canonical source closure; inventoried for recovery
wedge1-aip,6bb69176e691199bc232da489374c042441471f0,regulation/jurisdiction/regional/bulk/DET-8-2024-FITO-af75f0207dbe.txt,6a313bf5ebfeb6b79a0d38aef65b39ea2ae620c59eff3204698aac8d8b88b843,VERBATIM_ADMITTED,regulation/jurisdiction/regional/bulk/DET-8-2024-FITO-af75f0207dbe.txt,"selected authority, source, research, evidence, or production input"
wedge1-aip,6bb69176e691199bc232da489374c042441471f0,regulation/jurisdiction/regional/bulk/DET-8-2025-FITO-.pdf,bbc45eaba01bee543060e0cd89a48638277d54544ce5a2a9f8e26abe24df9eff,EXCLUDED_INVENTORIED,,legal holding not in the admitted canonical source closure; inventoried for recovery
wedge1-aip,6bb69176e691199bc232da489374c042441471f0,regulation/jurisdiction/regional/bulk/DET-8-2025-FITO-.txt,8278b14e0b779cc580d7dd23b856d10c535c24f259b4071489b7ed3e609c0d65,EXCLUDED_INVENTORIED,,legal holding not in the admitted canonical source closure; inventoried for recovery
wedge1-aip,6bb69176e691199bc232da489374c042441471f0,regulation/jurisdiction/regional/bulk/DET-8-2026-FITO-9ad642da3bb4.pdf,9ad642da3bb489f350fccab6f3fddda94765d5b2736b49a36201b3d77aa638c9,EXCLUDED_INVENTORIED,,legal holding not in the admitted canonical source closure; inventoried for recovery
wedge1-aip,6bb69176e691199bc232da489374c042441471f0,regulation/jurisdiction/regional/bulk/DET-8-2026-FITO-9ad642da3bb4.txt,720b19e8c9a8f4452da4907b092c7829b366ae2ef557ef362aab4da5910af82b,EXCLUDED_INVENTORIED,,legal holding not in the admitted canonical source closure; inventoried for recovery
wedge1-aip,6bb69176e691199bc232da489374c042441471f0,regulation/jurisdiction/regional/bulk/DET-80-2022-FITO-.pdf,68d6d3b6289dfc5855449bb5f8a6d9badb10291a9f486648146bfd1a9a6615a8,EXCLUDED_INVENTORIED,,legal holding not in the admitted canonical source closure; inventoried for recovery
wedge1-aip,6bb69176e691199bc232da489374c042441471f0,regulation/jurisdiction/regional/bulk/DET-80-2022-FITO-.txt,188728cf24226da5cc15d7bd00a12722f93a429e050d777057ad3ed688c21b58,EXCLUDED_INVENTORIED,,legal holding not in the admitted canonical source closure; inventoried for recovery
wedge1-aip,6bb69176e691199bc232da489374c042441471f0,regulation/jurisdiction/regional/bulk/DET-80-2025-FITO-.pdf,fc48ea84751601c017e8f7e4bca77b825bf72ac5d1f91165d02aa6a06c7263f9,EXCLUDED_INVENTORIED,,legal holding not in the admitted canonical source closure; inventoried for recovery
wedge1-aip,6bb69176e691199bc232da489374c042441471f0,regulation/jurisdiction/regional/bulk/DET-80-2025-FITO-.txt,bede4ea7c09052c526e4038e142405e87dde8e4e509ad60c27a39a667bc8e175,EXCLUDED_INVENTORIED,,legal holding not in the admitted canonical source closure; inventoried for recovery
wedge1-aip,6bb69176e691199bc232da489374c042441471f0,regulation/jurisdiction/regional/bulk/DET-81-2022-FITO-.pdf,edba08d69502fd23dafa23e426bbacd374ad2ebb02b2635086b72483b58aaadb,EXCLUDED_INVENTORIED,,legal holding not in the admitted canonical source closure; inventoried for recovery
wedge1-aip,6bb69176e691199bc232da489374c042441471f0,regulation/jurisdiction/regional/bulk/DET-81-2022-FITO-.txt,46ba9eefa19a9ccd279477c77964059419cd995629031d2270bb07bdbfbd9da7,EXCLUDED_INVENTORIED,,legal holding not in the admitted canonical source closure; inventoried for recovery
wedge1-aip,6bb69176e691199bc232da489374c042441471f0,regulation/jurisdiction/regional/bulk/DET-81-2024-FITO-.pdf,4aff7d60032366edbb60ab598755623a28c9eda67413c214ee4588394f3fe52e,EXCLUDED_INVENTORIED,,legal holding not in the admitted canonical source closure; inventoried for recovery
wedge1-aip,6bb69176e691199bc232da489374c042441471f0,regulation/jurisdiction/regional/bulk/DET-81-2024-FITO-.txt,1f3e678232adc4e9d1699a1a70f1bac9e4900fc939429990c312a1ea3aec81ef,EXCLUDED_INVENTORIED,,legal holding not in the admitted canonical source closure; inventoried for recovery
wedge1-aip,6bb69176e691199bc232da489374c042441471f0,regulation/jurisdiction/regional/bulk/DET-82-2022-FITO-.pdf,3522d7374b2cfd16fb1727ca6f615a4b4d6e2a3c402be997b537f78afec2d0be,EXCLUDED_INVENTORIED,,legal holding not in the admitted canonical source closure; inventoried for recovery
wedge1-aip,6bb69176e691199bc232da489374c042441471f0,regulation/jurisdiction/regional/bulk/DET-82-2022-FITO-.txt,9a06f1875e334244e1e3ac01da03c9ce68ca24cb73d7a23ba8c2605fd270c607,EXCLUDED_INVENTORIED,,legal holding not in the admitted canonical source closure; inventoried for recovery
wedge1-aip,6bb69176e691199bc232da489374c042441471f0,regulation/jurisdiction/regional/bulk/DET-82-2023-FITO-832045ecbd08.pdf,832045ecbd08ddd50eaa3e8155050efbab32c4912275066655f8d29e6a87df1d,EXCLUDED_INVENTORIED,,legal holding not in the admitted canonical source closure; inventoried for recovery
wedge1-aip,6bb69176e691199bc232da489374c042441471f0,regulation/jurisdiction/regional/bulk/DET-82-2023-FITO-832045ecbd08.txt,10c87ebf33ba7f9bee301e2812dac15da5743f710acabe7a7dd29124cd0705ba,EXCLUDED_INVENTORIED,,legal holding not in the admitted canonical source closure; inventoried for recovery
wedge1-aip,6bb69176e691199bc232da489374c042441471f0,regulation/jurisdiction/regional/bulk/DET-82-2024-FITO-.pdf,1562cd87658f61de9ffd103ba2eb33cc44fae1d59511f60c3bd03119d02088e9,EXCLUDED_INVENTORIED,,legal holding not in the admitted canonical source closure; inventoried for recovery
wedge1-aip,6bb69176e691199bc232da489374c042441471f0,regulation/jurisdiction/regional/bulk/DET-82-2024-FITO-.txt,4279573a62ba62e0bb13a8aa656569c77d1d94bdabae9383d4ada33ad9ed9597,EXCLUDED_INVENTORIED,,legal holding not in the admitted canonical source closure; inventoried for recovery
wedge1-aip,6bb69176e691199bc232da489374c042441471f0,regulation/jurisdiction/regional/bulk/DET-83-2022-FITO-.pdf,d168c85ee5f34df6862ed69809fafe60e6a526a2b55107523281bb349151b282,EXCLUDED_INVENTORIED,,legal holding not in the admitted canonical source closure; inventoried for recovery
wedge1-aip,6bb69176e691199bc232da489374c042441471f0,regulation/jurisdiction/regional/bulk/DET-83-2022-FITO-.txt,3a4c9b4c22513ebb689460cab88a2d97043922d7c4aad521296f608eeebc804e,EXCLUDED_INVENTORIED,,legal holding not in the admitted canonical source closure; inventoried for recovery
wedge1-aip,6bb69176e691199bc232da489374c042441471f0,regulation/jurisdiction/regional/bulk/DET-84-2022-FITO-.pdf,ccaa79b87e58de0f6c8f1a99d1283551f31038f2334aedc01928c47b0dd59381,EXCLUDED_INVENTORIED,,legal holding not in the admitted canonical source closure; inventoried for recovery
wedge1-aip,6bb69176e691199bc232da489374c042441471f0,regulation/jurisdiction/regional/bulk/DET-84-2022-FITO-.txt,3f7a1d58b5ce3f1a3d0aea295b23bc39dc2343f15707f7bae4c5ebfc1a4ad9e7,EXCLUDED_INVENTORIED,,legal holding not in the admitted canonical source closure; inventoried for recovery
wedge1-aip,6bb69176e691199bc232da489374c042441471f0,regulation/jurisdiction/regional/bulk/DET-85-2022-FITO-.pdf,13076e44c6b228c5077c158712d7539b6a9ad0abf71c1c56752cd09eeef6f757,EXCLUDED_INVENTORIED,,legal holding not in the admitted canonical source closure; inventoried for recovery
wedge1-aip,6bb69176e691199bc232da489374c042441471f0,regulation/jurisdiction/regional/bulk/DET-85-2022-FITO-.txt,9650f714222180570437c60cbbb1ac07b50541790ba1d3214e237ef1d1eed3c2,EXCLUDED_INVENTORIED,,legal holding not in the admitted canonical source closure; inventoried for recovery
wedge1-aip,6bb69176e691199bc232da489374c042441471f0,regulation/jurisdiction/regional/bulk/DET-85-2023-FITO-66cf67dc5d30.pdf,66cf67dc5d304d1d2e457b8d6d493ea9e8ad8cc259a6d9da396bd51d19649772,EXCLUDED_INVENTORIED,,legal holding not in the admitted canonical source closure; inventoried for recovery
wedge1-aip,6bb69176e691199bc232da489374c042441471f0,regulation/jurisdiction/regional/bulk/DET-85-2023-FITO-66cf67dc5d30.txt,db1c04093234c3b020a1b788c06038dd140df9c5754e7e5cd060d30d3099278f,EXCLUDED_INVENTORIED,,legal holding not in the admitted canonical source closure; inventoried for recovery
wedge1-aip,6bb69176e691199bc232da489374c042441471f0,regulation/jurisdiction/regional/bulk/DET-86-2023-FITO-657c18c48697.pdf,657c18c48697686f1271a753d2a5b9830f93854e22e68eb55492b55e337abe90,EXCLUDED_INVENTORIED,,legal holding not in the admitted canonical source closure; inventoried for recovery
wedge1-aip,6bb69176e691199bc232da489374c042441471f0,regulation/jurisdiction/regional/bulk/DET-86-2023-FITO-657c18c48697.txt,c66274c9faf734d7dba9591eb2e40c831950692f36ccbda6247830077016c1a3,EXCLUDED_INVENTORIED,,legal holding not in the admitted canonical source closure; inventoried for recovery
wedge1-aip,6bb69176e691199bc232da489374c042441471f0,regulation/jurisdiction/regional/bulk/DET-86-2025-FITO-.pdf,f14d1f799e5443f4ca1f3e2a43954d266b51240b5b4213dd9000988de66b670c,EXCLUDED_INVENTORIED,,legal holding not in the admitted canonical source closure; inventoried for recovery
wedge1-aip,6bb69176e691199bc232da489374c042441471f0,regulation/jurisdiction/regional/bulk/DET-86-2025-FITO-.txt,9464f298225c635c1c808e554a6c170c2f7f400332b7c2286552293084ea1031,EXCLUDED_INVENTORIED,,legal holding not in the admitted canonical source closure; inventoried for recovery
wedge1-aip,6bb69176e691199bc232da489374c042441471f0,regulation/jurisdiction/regional/bulk/DET-87-2022-FITO-.pdf,d229c61d45784ef064d258000d64b3f29397ff5fcddc2d649f2c4c8c98f7d584,EXCLUDED_INVENTORIED,,legal holding not in the admitted canonical source closure; inventoried for recovery
wedge1-aip,6bb69176e691199bc232da489374c042441471f0,regulation/jurisdiction/regional/bulk/DET-87-2022-FITO-.txt,3bebb2493237ceb59106c718f521f8d6adea9d48248a5fc0e6512c472d7db2d8,EXCLUDED_INVENTORIED,,legal holding not in the admitted canonical source closure; inventoried for recovery
wedge1-aip,6bb69176e691199bc232da489374c042441471f0,regulation/jurisdiction/regional/bulk/DET-88-2022-FITO-.pdf,3f7397eabed16f808f6582459574a6e29d112dfb8e458d48624c39ac7fc83c7b,EXCLUDED_INVENTORIED,,legal holding not in the admitted canonical source closure; inventoried for recovery
wedge1-aip,6bb69176e691199bc232da489374c042441471f0,regulation/jurisdiction/regional/bulk/DET-88-2022-FITO-.txt,d60d7c08668b7c5362d9341d7b17e521b2f973de449935068eeaac19a2306deb,EXCLUDED_INVENTORIED,,legal holding not in the admitted canonical source closure; inventoried for recovery
wedge1-aip,6bb69176e691199bc232da489374c042441471f0,regulation/jurisdiction/regional/bulk/DET-88-2024-FITO-.pdf,768444a8795a4cda81de6ac65dd047cea188dc67c9830074ebd6276d939b0700,EXCLUDED_INVENTORIED,,legal holding not in the admitted canonical source closure; inventoried for recovery
wedge1-aip,6bb69176e691199bc232da489374c042441471f0,regulation/jurisdiction/regional/bulk/DET-88-2024-FITO-.txt,a5fb0283c7460cfe9217ae9bd8245495786010930da2068ca6c388ba3d606d9d,EXCLUDED_INVENTORIED,,legal holding not in the admitted canonical source closure; inventoried for recovery
wedge1-aip,6bb69176e691199bc232da489374c042441471f0,regulation/jurisdiction/regional/bulk/DET-89-2022-FITO-.pdf,8577704c8e6279d43d9741796cf4eaedb02637d3693769739a86412d21c1dbb4,EXCLUDED_INVENTORIED,,legal holding not in the admitted canonical source closure; inventoried for recovery
wedge1-aip,6bb69176e691199bc232da489374c042441471f0,regulation/jurisdiction/regional/bulk/DET-89-2022-FITO-.txt,5dd642af6bda3c579aef73bd514b4873323275ddbf33bd969cde155e772ddbf8,EXCLUDED_INVENTORIED,,legal holding not in the admitted canonical source closure; inventoried for recovery
wedge1-aip,6bb69176e691199bc232da489374c042441471f0,regulation/jurisdiction/regional/bulk/DET-9-2025-FITO-.pdf,927c5342af6aa1cfc4e06f2348b38b917c475153f05e2c59c072bfb61e678618,EXCLUDED_INVENTORIED,,legal holding not in the admitted canonical source closure; inventoried for recovery
wedge1-aip,6bb69176e691199bc232da489374c042441471f0,regulation/jurisdiction/regional/bulk/DET-9-2025-FITO-.txt,824edc45f81e04aad94e650dabb1f3154d4f6a377be86d7e0bd3048ca92936b4,EXCLUDED_INVENTORIED,,legal holding not in the admitted canonical source closure; inventoried for recovery
wedge1-aip,6bb69176e691199bc232da489374c042441471f0,regulation/jurisdiction/regional/bulk/DET-90-2021-FITO-.pdf,0cfcf5dbe6e8ad497ed957eb8348e0771da4f3c2c25959e82c691c419a571858,EXCLUDED_INVENTORIED,,legal holding not in the admitted canonical source closure; inventoried for recovery
wedge1-aip,6bb69176e691199bc232da489374c042441471f0,regulation/jurisdiction/regional/bulk/DET-90-2021-FITO-.txt,10a22a8fb9d50095638ef3051ef5c9e6e4d59bfcae4b22b7edc1cbc1c8004d19,EXCLUDED_INVENTORIED,,legal holding not in the admitted canonical source closure; inventoried for recovery
wedge1-aip,6bb69176e691199bc232da489374c042441471f0,regulation/jurisdiction/regional/bulk/DET-90-2022-FITO-.pdf,16f4d9dc1cc3412766f2551b37ee80984661acbcc8898a1a69960d316fa2c1ab,EXCLUDED_INVENTORIED,,legal holding not in the admitted canonical source closure; inventoried for recovery
wedge1-aip,6bb69176e691199bc232da489374c042441471f0,regulation/jurisdiction/regional/bulk/DET-90-2022-FITO-.txt,3adfefad258a8b730982e82dc4e09a7c23ce8f5ca098916c0aebf1e45e67a7eb,EXCLUDED_INVENTORIED,,legal holding not in the admitted canonical source closure; inventoried for recovery
wedge1-aip,6bb69176e691199bc232da489374c042441471f0,regulation/jurisdiction/regional/bulk/DET-90-2026-FITO-c56dbd8c8c45.pdf,c56dbd8c8c45033acf7e6c62915eabe6f392e87449d63e79221eeb80530eaeb6,EXCLUDED_INVENTORIED,,legal holding not in the admitted canonical source closure; inventoried for recovery
wedge1-aip,6bb69176e691199bc232da489374c042441471f0,regulation/jurisdiction/regional/bulk/DET-90-2026-FITO-c56dbd8c8c45.txt,35ef0bbc57c908f57534b43be59b9f0ab00675a8ef88032501ebe53d9d9db984,EXCLUDED_INVENTORIED,,legal holding not in the admitted canonical source closure; inventoried for recovery
wedge1-aip,6bb69176e691199bc232da489374c042441471f0,regulation/jurisdiction/regional/bulk/DET-91-2024-FITO-.pdf,238f8de145952499764f3dd0faafc221b3857d7952fda9e1fde812c157d7cfc6,EXCLUDED_INVENTORIED,,legal holding not in the admitted canonical source closure; inventoried for recovery
wedge1-aip,6bb69176e691199bc232da489374c042441471f0,regulation/jurisdiction/regional/bulk/DET-91-2024-FITO-.txt,6e5b464a5c84fba18a28a887aed1d7f7a727db5f2fab4d7e3d41a9044f87b2e3,VERBATIM_ADMITTED,regulation/jurisdiction/regional/bulk/DET-91-2024-FITO-.txt,"selected authority, source, research, evidence, or production input"
wedge1-aip,6bb69176e691199bc232da489374c042441471f0,regulation/jurisdiction/regional/bulk/DET-92-2021-FITO-.pdf,f1b757e764cc66ef7ecd7bfe7fb974f1671a4af0095a2b30b1e46d1866a035c8,EXCLUDED_INVENTORIED,,legal holding not in the admitted canonical source closure; inventoried for recovery
wedge1-aip,6bb69176e691199bc232da489374c042441471f0,regulation/jurisdiction/regional/bulk/DET-92-2021-FITO-.txt,450759575fe2987b1939e1abd2c72987e57ecd8596bebde8122668bd03e81b8a,EXCLUDED_INVENTORIED,,legal holding not in the admitted canonical source closure; inventoried for recovery
wedge1-aip,6bb69176e691199bc232da489374c042441471f0,regulation/jurisdiction/regional/bulk/DET-93-2021-FITO-.pdf,e88036e13f10e74635ff022f4fa9046eae7de166bae088cbf380da1d0482a72f,EXCLUDED_INVENTORIED,,legal holding not in the admitted canonical source closure; inventoried for recovery
wedge1-aip,6bb69176e691199bc232da489374c042441471f0,regulation/jurisdiction/regional/bulk/DET-93-2021-FITO-.txt,67e34f6160b18e5ba938fa8ead615f6547c21dc7abbb5f25006e6c18b5899509,EXCLUDED_INVENTORIED,,legal holding not in the admitted canonical source closure; inventoried for recovery
wedge1-aip,6bb69176e691199bc232da489374c042441471f0,regulation/jurisdiction/regional/bulk/DET-93-2026-FITO-1aff76013b66.pdf,1aff76013b663e4fe47b1319d500b0701667ac45f989d34f3a54593a92151e40,EXCLUDED_INVENTORIED,,legal holding not in the admitted canonical source closure; inventoried for recovery
wedge1-aip,6bb69176e691199bc232da489374c042441471f0,regulation/jurisdiction/regional/bulk/DET-93-2026-FITO-1aff76013b66.txt,4cb712b4aab248fc4bb6686dd819892e356c2ed7d4498819aced806c45e8984c,EXCLUDED_INVENTORIED,,legal holding not in the admitted canonical source closure; inventoried for recovery
wedge1-aip,6bb69176e691199bc232da489374c042441471f0,regulation/jurisdiction/regional/bulk/DET-94-2021-FITO-.pdf,bac8a4f5ed2635a77672dd6f19e9d2d2f2e27c5db659f8bd80e58411edf99ed1,EXCLUDED_INVENTORIED,,legal holding not in the admitted canonical source closure; inventoried for recovery
wedge1-aip,6bb69176e691199bc232da489374c042441471f0,regulation/jurisdiction/regional/bulk/DET-94-2021-FITO-.txt,41a1136b4b5f7670876d4869639a28b26d5a69e063f234b263c4c9e37ec45e81,EXCLUDED_INVENTORIED,,legal holding not in the admitted canonical source closure; inventoried for recovery
wedge1-aip,6bb69176e691199bc232da489374c042441471f0,regulation/jurisdiction/regional/bulk/DET-94-2026-FITO-9ffa2fce8222.pdf,9ffa2fce8222d7208d1b6354ba810296a286630cfed04593df6e89450fd8f2e8,EXCLUDED_INVENTORIED,,legal holding not in the admitted canonical source closure; inventoried for recovery
wedge1-aip,6bb69176e691199bc232da489374c042441471f0,regulation/jurisdiction/regional/bulk/DET-94-2026-FITO-9ffa2fce8222.txt,765819f93f19c59be2b2abb5f54da9193d074b6fec805418dc76ead8c0f90aaf,EXCLUDED_INVENTORIED,,legal holding not in the admitted canonical source closure; inventoried for recovery
wedge1-aip,6bb69176e691199bc232da489374c042441471f0,regulation/jurisdiction/regional/bulk/DET-95-2021-FITO-.pdf,d3412c91226ef94b7b7047e25ab40a395852bcdfbdebcd24c9922efe1a911416,EXCLUDED_INVENTORIED,,legal holding not in the admitted canonical source closure; inventoried for recovery
wedge1-aip,6bb69176e691199bc232da489374c042441471f0,regulation/jurisdiction/regional/bulk/DET-95-2021-FITO-.txt,09386d7761d4289f0cb7056db533f5baf5491ffab8c1f6f643a4288c1af5a31e,EXCLUDED_INVENTORIED,,legal holding not in the admitted canonical source closure; inventoried for recovery
wedge1-aip,6bb69176e691199bc232da489374c042441471f0,regulation/jurisdiction/regional/bulk/DET-95-2022-FITO-.pdf,d132e9fe6300147abe81798bf5653910470c0a92f2a17245b9681695e202cb45,EXCLUDED_INVENTORIED,,legal holding not in the admitted canonical source closure; inventoried for recovery
wedge1-aip,6bb69176e691199bc232da489374c042441471f0,regulation/jurisdiction/regional/bulk/DET-95-2022-FITO-.txt,34120387349bd5d7fdae9d872fb88850d69b8127958ac4651171627a026b874b,EXCLUDED_INVENTORIED,,legal holding not in the admitted canonical source closure; inventoried for recovery
wedge1-aip,6bb69176e691199bc232da489374c042441471f0,regulation/jurisdiction/regional/bulk/DET-96-2022-FITO-.pdf,863a8fa5ad4413b3ce035fb4cf32a05bb6d3e8f70dd9fb53f5deb66318d80790,EXCLUDED_INVENTORIED,,legal holding not in the admitted canonical source closure; inventoried for recovery
wedge1-aip,6bb69176e691199bc232da489374c042441471f0,regulation/jurisdiction/regional/bulk/DET-96-2022-FITO-.txt,de766270a70ccd7af261d659ed11a2bcc9405499af500e9a3f2cb99a41ff4fa5,EXCLUDED_INVENTORIED,,legal holding not in the admitted canonical source closure; inventoried for recovery
wedge1-aip,6bb69176e691199bc232da489374c042441471f0,regulation/jurisdiction/regional/bulk/DET-96-2023-FITO-dd5bebb3616b.pdf,dd5bebb3616b9752c6b2dfc76c03b31a2378574800491c49866d99399295cbf7,EXCLUDED_INVENTORIED,,legal holding not in the admitted canonical source closure; inventoried for recovery
wedge1-aip,6bb69176e691199bc232da489374c042441471f0,regulation/jurisdiction/regional/bulk/DET-96-2023-FITO-dd5bebb3616b.txt,460c2ac9f155456e68a923085ae26a4e957cff7aa19d89d671932ae1e6bdf714,VERBATIM_ADMITTED,regulation/jurisdiction/regional/bulk/DET-96-2023-FITO-dd5bebb3616b.txt,"selected authority, source, research, evidence, or production input"
wedge1-aip,6bb69176e691199bc232da489374c042441471f0,regulation/jurisdiction/regional/bulk/DET-96-2024-FITO-.pdf,0124b03173155a8c36a3e0da3bbcbf07285ee3da907869e2235894e23f651e5c,EXCLUDED_INVENTORIED,,legal holding not in the admitted canonical source closure; inventoried for recovery
wedge1-aip,6bb69176e691199bc232da489374c042441471f0,regulation/jurisdiction/regional/bulk/DET-96-2024-FITO-.txt,94da65012eb03ce1b2321ffaa98f9f8aeb5c1c51f1dfe2e0a997f56f28743cf1,EXCLUDED_INVENTORIED,,legal holding not in the admitted canonical source closure; inventoried for recovery
wedge1-aip,6bb69176e691199bc232da489374c042441471f0,regulation/jurisdiction/regional/bulk/DET-97-2022-FITO-.pdf,b77b7801aa498c24cb73d02c5e289eabdc9ce71438f242b65ade3608a44a2b7a,EXCLUDED_INVENTORIED,,legal holding not in the admitted canonical source closure; inventoried for recovery
wedge1-aip,6bb69176e691199bc232da489374c042441471f0,regulation/jurisdiction/regional/bulk/DET-97-2022-FITO-.txt,0a04d4cf3c433aa0d789bf41caf344a5ba1095497eb6e46f53d11ae7f8420567,EXCLUDED_INVENTORIED,,legal holding not in the admitted canonical source closure; inventoried for recovery
wedge1-aip,6bb69176e691199bc232da489374c042441471f0,regulation/jurisdiction/regional/bulk/DET-97-2024-FITO-.pdf,02290c6fa219b23b69bf91396029f4f3b66b4519636ef8fe3cad3714eefac72d,EXCLUDED_INVENTORIED,,legal holding not in the admitted canonical source closure; inventoried for recovery
wedge1-aip,6bb69176e691199bc232da489374c042441471f0,regulation/jurisdiction/regional/bulk/DET-97-2024-FITO-.txt,a5a5f645ab1a84ed4b331621a3c6088c7458f1d71c2ea560a8f0c134e7b4b166,EXCLUDED_INVENTORIED,,legal holding not in the admitted canonical source closure; inventoried for recovery
wedge1-aip,6bb69176e691199bc232da489374c042441471f0,regulation/jurisdiction/regional/bulk/DET-98-2022-FITO-.pdf,a0f79f3da8baafc5fd81788b54c1a4c80acefcb6e24608138ad4da710a91708d,EXCLUDED_INVENTORIED,,legal holding not in the admitted canonical source closure; inventoried for recovery
wedge1-aip,6bb69176e691199bc232da489374c042441471f0,regulation/jurisdiction/regional/bulk/DET-98-2022-FITO-.txt,5a3de1e7364e97cffeb55ebfed46329c4978792ca6ea4a16781858c0908f8248,EXCLUDED_INVENTORIED,,legal holding not in the admitted canonical source closure; inventoried for recovery
wedge1-aip,6bb69176e691199bc232da489374c042441471f0,regulation/jurisdiction/regional/bulk/DET-99-2022-FITO-46b041b7cc5f.pdf,46b041b7cc5fa10dfc21f86023ed429763bb40a7b4f5b1d2b65d7386d5821403,EXCLUDED_INVENTORIED,,legal holding not in the admitted canonical source closure; inventoried for recovery
wedge1-aip,6bb69176e691199bc232da489374c042441471f0,regulation/jurisdiction/regional/bulk/DET-99-2022-FITO-46b041b7cc5f.txt,8ee90d2f0329832e6ef7b6d88feec24f78e6cc32f0e5f06e5382505688566c9f,EXCLUDED_INVENTORIED,,legal holding not in the admitted canonical source closure; inventoried for recovery
wedge1-aip,6bb69176e691199bc232da489374c042441471f0,regulation/jurisdiction/regional/bulk/DET-99-2024-FITO-.pdf,584035b532bea969a8b573750fdf24c9da3305c5fff5b26f736f238480c0bbdd,EXCLUDED_INVENTORIED,,legal holding not in the admitted canonical source closure; inventoried for recovery
wedge1-aip,6bb69176e691199bc232da489374c042441471f0,regulation/jurisdiction/regional/bulk/DET-99-2024-FITO-.txt,c04ebfdbce1fd60b0dca08393a5b29734e0417174ee6415b3524446a527a3deb,EXCLUDED_INVENTORIED,,legal holding not in the admitted canonical source closure; inventoried for recovery
wedge1-aip,6bb69176e691199bc232da489374c042441471f0,regulation/jurisdiction/regional/dds39-2025-survey-frames.csv,7866c83ee22952b778737cbecdcc21e62ce886e80f6b6d3b905507c8dbf7205b,EXCLUDED_INVENTORIED,,legal holding not in the admitted canonical source closure; inventoried for recovery
wedge1-aip,6bb69176e691199bc232da489374c042441471f0,regulation/jurisdiction/semantic-readings/ADJUDICATION.md,487260e415e734909dbb658798f8f8cf4a3a81c21e41da5a2833c4f043b2ad23,VERBATIM_ADMITTED,corpus/evidence/wedge1-aip/regulatory-reasoning/semantic-readings/ADJUDICATION.md,"selected authority, source, research, evidence, or production input"
wedge1-aip,6bb69176e691199bc232da489374c042441471f0,regulation/jurisdiction/semantic-readings/CASE_READING_PROGRESS.json,6e6b9a23b12d8cda8b150d5352da463fc14090a2c95f7105ea6dd9510cada08d,VERBATIM_ADMITTED,corpus/evidence/wedge1-aip/regulatory-reasoning/semantic-readings/CASE_READING_PROGRESS.json,"selected authority, source, research, evidence, or production input"
wedge1-aip,6bb69176e691199bc232da489374c042441471f0,regulation/jurisdiction/semantic-readings/EU.md,3f02be6493f40d86e0b7ef5b52055ba5e033d1aacac005625bdc5cbb69654711,VERBATIM_ADMITTED,corpus/evidence/wedge1-aip/regulatory-reasoning/semantic-readings/EU.md,"selected authority, source, research, evidence, or production input"
wedge1-aip,6bb69176e691199bc232da489374c042441471f0,regulation/jurisdiction/semantic-readings/NATIONAL.md,13dcceefbe034e12d30df18217f1a2fd0ada6f9faea736337f5b9f974c83c303,VERBATIM_ADMITTED,corpus/evidence/wedge1-aip/regulatory-reasoning/semantic-readings/NATIONAL.md,"selected authority, source, research, evidence, or production input"
wedge1-aip,6bb69176e691199bc232da489374c042441471f0,regulation/jurisdiction/semantic-readings/REGIONAL.md,de9b85a5f66f8e49cac2dc3d55f68e1873f71e280a0ecfd4e4a2b2ba0d23a4e4,VERBATIM_ADMITTED,corpus/evidence/wedge1-aip/regulatory-reasoning/semantic-readings/REGIONAL.md,"selected authority, source, research, evidence, or production input"
wedge1-aip,6bb69176e691199bc232da489374c042441471f0,regulation/source/02020R1201-20251124.raw.txt,9b774d3af17c53bb2453b1b895df49eefda49d5088ffff93b994bf6048af3b85,EXCLUDED_INVENTORIED,,legal holding not in the admitted canonical source closure; inventoried for recovery
wedge1-aip,6bb69176e691199bc232da489374c042441471f0,regulation/source/02020R1201-20251124.txt,e0b3d3fff0fadbbd111fec64580b1fae17d20ed56c59d27aab014a1203e59d73,EXCLUDED_INVENTORIED,,legal holding not in the admitted canonical source closure; inventoried for recovery
wedge1-aip,6bb69176e691199bc232da489374c042441471f0,regulation/source/consolidations/02020R1201-20200817.html,1cb232ae322497fe707e173519cfb6eb8e3cbdd3794cda6c5925e3270bec79bf,EXCLUDED_INVENTORIED,,legal holding not in the admitted canonical source closure; inventoried for recovery
wedge1-aip,6bb69176e691199bc232da489374c042441471f0,regulation/source/consolidations/02020R1201-20200817.txt,0c2f2f5a1c9f3aa6029968316919fd1c3302849388c0d8c92632e2533719a4b1,VERBATIM_ADMITTED,regulation/source/consolidations/02020R1201-20200817.txt,"selected authority, source, research, evidence, or production input"
wedge1-aip,6bb69176e691199bc232da489374c042441471f0,regulation/source/consolidations/02020R1201-20211011.html,5d9c5d739cadfb03a9956d27239cf7c0552fdc76662dea43c8660e0fb0c7eb8d,EXCLUDED_INVENTORIED,,legal holding not in the admitted canonical source closure; inventoried for recovery
wedge1-aip,6bb69176e691199bc232da489374c042441471f0,regulation/source/consolidations/02020R1201-20211011.txt,45e3ac62539f5f05dccfcb2980038efbaedf9961518a7232e565a63f08db99ae,VERBATIM_ADMITTED,regulation/source/consolidations/02020R1201-20211011.txt,"selected authority, source, research, evidence, or production input"
wedge1-aip,6bb69176e691199bc232da489374c042441471f0,regulation/source/consolidations/02020R1201-20211223.html,fa9edffa4f2439c781e58a82e51c4ebfac3b44544fca4cbabb343490236fcb1d,EXCLUDED_INVENTORIED,,legal holding not in the admitted canonical source closure; inventoried for recovery
wedge1-aip,6bb69176e691199bc232da489374c042441471f0,regulation/source/consolidations/02020R1201-20211223.txt,7399f07ef01d86355316157be4a6a7fc1fb91d27785179b775cdbb1494a167ad,VERBATIM_ADMITTED,regulation/source/consolidations/02020R1201-20211223.txt,"selected authority, source, research, evidence, or production input"
wedge1-aip,6bb69176e691199bc232da489374c042441471f0,regulation/source/consolidations/02020R1201-20230928.html,3486b925fa6c43f4f2ac70a0ae1dc8def5db0a99a0bf1342c2d07535227c16de,EXCLUDED_INVENTORIED,,legal holding not in the admitted canonical source closure; inventoried for recovery
wedge1-aip,6bb69176e691199bc232da489374c042441471f0,regulation/source/consolidations/02020R1201-20230928.txt,bc99293b1ca38ecc84d0751ec8c66f624f8d31fab2b2f521e48b57bf609c08bf,VERBATIM_ADMITTED,regulation/source/consolidations/02020R1201-20230928.txt,"selected authority, source, research, evidence, or production input"
wedge1-aip,6bb69176e691199bc232da489374c042441471f0,regulation/source/consolidations/02020R1201-20240605.html,86c9508b2ecb9cfd28ad0ebc2572250192cd038cb278b3cdc8bc41b3a8708e45,EXCLUDED_INVENTORIED,,legal holding not in the admitted canonical source closure; inventoried for recovery
wedge1-aip,6bb69176e691199bc232da489374c042441471f0,regulation/source/consolidations/02020R1201-20240605.txt,dd0488e1db242996cfa0fa99bb54197fd3b73a311661cc3f8b95571553c4990e,VERBATIM_ADMITTED,regulation/source/consolidations/02020R1201-20240605.txt,"selected authority, source, research, evidence, or production input"
wedge1-aip,6bb69176e691199bc232da489374c042441471f0,regulation/source/consolidations/02020R1201-20241017.html,e5795f0149255b956fdd722f303faabc6865e427cc307185d9586761e82b3146,EXCLUDED_INVENTORIED,,legal holding not in the admitted canonical source closure; inventoried for recovery
wedge1-aip,6bb69176e691199bc232da489374c042441471f0,regulation/source/consolidations/02020R1201-20241017.txt,0b48eb0200b1547987dc8ef6353101b3a1f4aec1378632643e60cdab0688110c,VERBATIM_ADMITTED,regulation/source/consolidations/02020R1201-20241017.txt,"selected authority, source, research, evidence, or production input"
wedge1-aip,6bb69176e691199bc232da489374c042441471f0,regulation/source/consolidations/02020R1201-20250701.html,ef839a9cba022c6049efd99eedbd4ac8187e76d640ed0715f987c7d2f6203ee8,EXCLUDED_INVENTORIED,,legal holding not in the admitted canonical source closure; inventoried for recovery
wedge1-aip,6bb69176e691199bc232da489374c042441471f0,regulation/source/consolidations/02020R1201-20250701.txt,12618f62fc97c09c8f913c103ff58d04537c7f386de1c74c12a12921a366f9fa,VERBATIM_ADMITTED,regulation/source/consolidations/02020R1201-20250701.txt,"selected authority, source, research, evidence, or production input"
wedge1-aip,6bb69176e691199bc232da489374c042441471f0,regulation/source/consolidations/02020R1201-20251124.html,0b525f9ac6762e846523a3488d33a16b7278e2272cd50d43009b8e2de9e528ec,EXCLUDED_INVENTORIED,,legal holding not in the admitted canonical source closure; inventoried for recovery
wedge1-aip,6bb69176e691199bc232da489374c042441471f0,regulation/source/consolidations/02020R1201-20251124.txt,d00d33c426a1e12b81470a4c0c5c5000fdd91caece26057c028e886a07109273,VERBATIM_ADMITTED,regulation/source/consolidations/02020R1201-20251124.txt,"selected authority, source, research, evidence, or production input"
wedge1-aip,6bb69176e691199bc232da489374c042441471f0,regulation/source/manifest-multilingual.tsv,8a7ec6e231c30749c4b8cfe847ce5c022fb455f37b59dd45cb4eeb059fbc51c2,EXCLUDED_INVENTORIED,,legal holding not in the admitted canonical source closure; inventoried for recovery
wedge1-aip,6bb69176e691199bc232da489374c042441471f0,regulation/source/multilingual/02020R1201-20251124-DE.html,a27b7740534bd7229ba5393acf55e9eaf7397dfabb1c5e9389284ab787653cc7,EXCLUDED_INVENTORIED,,legal holding not in the admitted canonical source closure; inventoried for recovery
wedge1-aip,6bb69176e691199bc232da489374c042441471f0,regulation/source/multilingual/02020R1201-20251124-DE.txt,6a52ede5eddac5c86aa1a0a2d8258159d6b16a5aa497de30d4a98a20fd51d61a,EXCLUDED_INVENTORIED,,legal holding not in the admitted canonical source closure; inventoried for recovery
wedge1-aip,6bb69176e691199bc232da489374c042441471f0,regulation/source/multilingual/02020R1201-20251124-ES.html,30fe7e8a0625a977efe9f47a90aef390d312475206077d511492da540bdc70f0,EXCLUDED_INVENTORIED,,legal holding not in the admitted canonical source closure; inventoried for recovery
wedge1-aip,6bb69176e691199bc232da489374c042441471f0,regulation/source/multilingual/02020R1201-20251124-ES.txt,4914ce2fcd27ada9bdd564e2e5ac0d69f4e87a1ee5b2a947c83a319ee2939c2f,EXCLUDED_INVENTORIED,,legal holding not in the admitted canonical source closure; inventoried for recovery
wedge1-aip,6bb69176e691199bc232da489374c042441471f0,regulation/source/multilingual/02020R1201-20251124-FR.html,ae329a1c60a4780dfd7c9e2b058d4d65f94ded7e26d8612906c2fabb8eb31d28,EXCLUDED_INVENTORIED,,legal holding not in the admitted canonical source closure; inventoried for recovery
wedge1-aip,6bb69176e691199bc232da489374c042441471f0,regulation/source/multilingual/02020R1201-20251124-FR.txt,64a7cac719c4abc84496729e6b84097e360d4cea0d2e4c193675e89b168fe9f4,EXCLUDED_INVENTORIED,,legal holding not in the admitted canonical source closure; inventoried for recovery
wedge1-aip,6bb69176e691199bc232da489374c042441471f0,regulation/source/multilingual/02020R1201-20251124-IT.html,9dd3aee381392263c66ff3ccf70e4826087640ef54ede4d3d279c3f30749ec7d,EXCLUDED_INVENTORIED,,legal holding not in the admitted canonical source closure; inventoried for recovery
wedge1-aip,6bb69176e691199bc232da489374c042441471f0,regulation/source/multilingual/02020R1201-20251124-IT.txt,1c4782ab9ea0a85851715cd69d13694ed060643cb9e88718a68abd19b8e0cf38,EXCLUDED_INVENTORIED,,legal holding not in the admitted canonical source closure; inventoried for recovery
wedge1-aip,6bb69176e691199bc232da489374c042441471f0,regulation/source/sc_plant-health_20241106_sum.pdf,3bf19b752a30dcf1695d7b8c44e93380f83be90a7c6be65c9aca0de9af18add8,EXCLUDED_INVENTORIED,,legal holding not in the admitted canonical source closure; inventoried for recovery
wedge1-aip,6bb69176e691199bc232da489374c042441471f0,regulation/source/sc_plant-health_20241212_sum.pdf,d2ce9ec286e9b9ee96f45c3d3f5438aa67b32e4aa7d10a68fa1baa3d37995879,EXCLUDED_INVENTORIED,,legal holding not in the admitted canonical source closure; inventoried for recovery
wedge1-aip,6bb69176e691199bc232da489374c042441471f0,regulation/source/sc_plant-health_20250120_sum.pdf,94da3c7bd6743e07e49f047a2b29c563ad11a0f85fc4e1eacd7f573e5cc9559a,EXCLUDED_INVENTORIED,,legal holding not in the admitted canonical source closure; inventoried for recovery
wedge1-aip,6bb69176e691199bc232da489374c042441471f0,regulation/source/sc_plant-health_20250224_sum.pdf,a8d49307a464112a9998757148a0957777d7a2ed408c64a6b35128987f7ec187,EXCLUDED_INVENTORIED,,legal holding not in the admitted canonical source closure; inventoried for recovery
wedge1-aip,6bb69176e691199bc232da489374c042441471f0,regulation/source/sc_plant-health_20250327_sum.pdf,2761a09a2bf196f0e7758c88387fe365fd6e0f327108147aa4956cd5f95c45c4,EXCLUDED_INVENTORIED,,legal holding not in the admitted canonical source closure; inventoried for recovery
wedge1-aip,6bb69176e691199bc232da489374c042441471f0,regulation/source/sc_plant-health_20250428_sum.pdf,6e42643f476aff1c84212c6a9ece468cbb720ad3b51475c514eb496f1cf82e86,EXCLUDED_INVENTORIED,,legal holding not in the admitted canonical source closure; inventoried for recovery
wedge1-aip,6bb69176e691199bc232da489374c042441471f0,regulation/source/superseded-20241017.txt,91d6e3228b7543daa98181134c0a7eb7c60d848c592a3b63ebb1ddfb38574315,EXCLUDED_INVENTORIED,,legal holding not in the admitted canonical source closure; inventoried for recovery
wedge1-aip,6bb69176e691199bc232da489374c042441471f0,regulation/stage-a/MULTILINGUAL_AUDIT.md,d54acde8b705400352bba0788436c8f1037a74e5b0147444753d8d2c4d2713d4,VERBATIM_ADMITTED,regulation/stage-a/MULTILINGUAL_AUDIT.md,"selected authority, source, research, evidence, or production input"
wedge1-aip,6bb69176e691199bc232da489374c042441471f0,regulation/stage-a/SCHEMA.md,9355ae9c9de35e16e9fe6d1211aa7a7285c4cc10bcd9217545fcd0bb4b31ceb3,VERBATIM_ADMITTED,regulation/stage-a/SCHEMA.md,"selected authority, source, research, evidence, or production input"
wedge1-aip,6bb69176e691199bc232da489374c042441471f0,regulation/stage-a/annex-versions.csv,b8c444b8f1e2a93218bfcdeaa900d55945066a58327e8b82e5b60407b343ea6e,VERBATIM_ADMITTED,regulation/stage-a/annex-versions.csv,"selected authority, source, research, evidence, or production input"
wedge1-aip,6bb69176e691199bc232da489374c042441471f0,regulation/stage-a/authoring-eu.json,759d0ae7ac1876bcc365a86dd58b8450a94d027c37c5c5cf32f8a5c15f49c5c0,VERBATIM_ADMITTED,regulation/stage-a/authoring-eu.json,"selected authority, source, research, evidence, or production input"
wedge1-aip,6bb69176e691199bc232da489374c042441471f0,regulation/stage-a/dependency-manifest.csv,2ee32d9dcbc3bb8279c8e48a588c9773bba5261cd6373038b00ad6ccda2e33d1,VERBATIM_ADMITTED,regulation/stage-a/dependency-manifest.csv,"selected authority, source, research, evidence, or production input"
wedge1-aip,6bb69176e691199bc232da489374c042441471f0,regulation/stage-a/provision-versions.csv,da9a1ab1e816673ea8c969edc6d29a219da806bd678163e7e1bdb592bc815c09,VERBATIM_ADMITTED,regulation/stage-a/provision-versions.csv,"selected authority, source, research, evidence, or production input"
wedge1-aip,6bb69176e691199bc232da489374c042441471f0,regulation/stage-a/stable-provisions.csv,2410d1ae78649d9aad88d1cdb2cf5565ec80cdf74ba42641c31365d663cdb23c,VERBATIM_ADMITTED,regulation/stage-a/stable-provisions.csv,"selected authority, source, research, evidence, or production input"
wedge1-aip,6bb69176e691199bc232da489374c042441471f0,regulation/stage-b/CONSULTANT_REFRESH.md,f177f862cbb3e8b54b1c2245038c667269b220e9b08ee03a014ab4f7916aaaa3,VERBATIM_ADMITTED,corpus/evidence/wedge1-aip/regulatory-reasoning/CONSULTANT_REFRESH.md,"selected authority, source, research, evidence, or production input"
wedge1-aip,6bb69176e691199bc232da489374c042441471f0,regulation/stage-b/PLAN.md,c2b9a032a5ca07cd6d473f3cea3ad0f40fd15d3b4e77b8a53f45f7f50ce3f889,EXCLUDED_INVENTORIED,,legal holding not in the admitted canonical source closure; inventoried for recovery
wedge1-aip,6bb69176e691199bc232da489374c042441471f0,regulation/stage-b/README.md,3eaf2210ce1da1c591d22121b65f09d4f685444013b4405106cac5fbf6894e3d,EXCLUDED_INVENTORIED,,legal holding not in the admitted canonical source closure; inventoried for recovery
wedge1-aip,6bb69176e691199bc232da489374c042441471f0,regulation/stage-b/clocks-and-parameters.json,3d0a2d3334dfb53a5d3cc8740d16f623befb88948d718805c28ff7dd8bccb56f,VERBATIM_ADMITTED,regulation/stage-b/clocks-and-parameters.json,"selected authority, source, research, evidence, or production input"
wedge1-aip,6bb69176e691199bc232da489374c042441471f0,regulation/stage-b/generated/clocks.csv,4fe6e95c5e090d47339a9047045aec8f21f12dbd1c455abdade694225a79df31,EXCLUDED_INVENTORIED,,legal holding not in the admitted canonical source closure; inventoried for recovery
wedge1-aip,6bb69176e691199bc232da489374c042441471f0,regulation/stage-b/generated/generation-status.json,3c52b0485d660e17237fb4229c22c05eb09ee278e3020b301aa0cad89be04cb9,EXCLUDED_INVENTORIED,,legal holding not in the admitted canonical source closure; inventoried for recovery
wedge1-aip,6bb69176e691199bc232da489374c042441471f0,regulation/stage-b/generated/parameters.csv,675864a9493862347e07fd30bb4d66215d6c80705cc8a027af298642e28fe1e0,EXCLUDED_INVENTORIED,,legal holding not in the admitted canonical source closure; inventoried for recovery
wedge1-aip,6bb69176e691199bc232da489374c042441471f0,regulation/stage-b/population.json,2121e9f49a4baae8408723f510566b65865b2bc55a9bb5b4be47cb34983817fc,VERBATIM_ADMITTED,regulation/stage-b/population.json,"selected authority, source, research, evidence, or production input"
wedge1-aip,6bb69176e691199bc232da489374c042441471f0,research/.DS_Store,b8846b04f4c2b75c0946205dc0f6a38453300e0d31f6a4ecd4eeae3e3f59d0b2,EXCLUDED_INVENTORIED,,"filesystem metadata; no authority, evidence, or production role"
wedge1-aip,6bb69176e691199bc232da489374c042441471f0,research/first-principles-ontology-grounding.md,9b48c91518f65e1687cec077a9e790bc497745bb0c86a4532711c7f21e991209,VERBATIM_ADMITTED,corpus/evidence/wedge1-aip/research/first-principles-ontology-grounding.md,"selected authority, source, research, evidence, or production input"
wedge1-aip,6bb69176e691199bc232da489374c042441471f0,research/tree-inventory/CSIC_JRC_HANDOFF.md,ed4a7bfc5e746415782755cb0d359808d6afc403b3ab1a26f7942ada3d6a8380,VERBATIM_ADMITTED,corpus/evidence/wedge1-aip/research/tree-inventory/CSIC_JRC_HANDOFF.md,"selected authority, source, research, evidence, or production input"
wedge1-aip,6bb69176e691199bc232da489374c042441471f0,research/tree-inventory/CSIC_JRC_TREE_INVENTORY_RESULT.md,3c268d5d826ac981d9b8dce9869048c68b25768d54b112e6d547b6ff3db6209e,VERBATIM_ADMITTED,corpus/evidence/wedge1-aip/research/tree-inventory/CSIC_JRC_TREE_INVENTORY_RESULT.md,"selected authority, source, research, evidence, or production input"
wedge1-aip,6bb69176e691199bc232da489374c042441471f0,research/tree-inventory/RUNBOOK.md,84fde516f9a68f9ee6726567adbefe30a427ba860c456b10451db08c07814e0f,VERBATIM_ADMITTED,corpus/evidence/wedge1-aip/research/tree-inventory/RUNBOOK.md,"selected authority, source, research, evidence, or production input"
wedge1-aip,6bb69176e691199bc232da489374c042441471f0,research/tree-inventory/artifacts/manifests/SHA256_MANIFEST.json,03aa18e847612c56fafcfb77f2a340385487f3c775d7a3d07286707addee9556,VERBATIM_ADMITTED,corpus/evidence/wedge1-aip/research/tree-inventory/artifacts/manifests/SHA256_MANIFEST.json,"selected authority, source, research, evidence, or production input"
wedge1-aip,6bb69176e691199bc232da489374c042441471f0,research/tree-inventory/artifacts/manifests/citations.json,1027fb49aeaee5bb58e081747507fac1b01e392e32dd3f173d1b210e93a62608,VERBATIM_ADMITTED,corpus/evidence/wedge1-aip/research/tree-inventory/artifacts/manifests/citations.json,"selected authority, source, research, evidence, or production input"
wedge1-aip,6bb69176e691199bc232da489374c042441471f0,research/tree-inventory/artifacts/requests/CSIC_JRC_DATA_REQUEST_DRAFT.md,9b2cde8739138d7313acd82725b8f34ef528249d9794ae78967696fa33329ae3,VERBATIM_ADMITTED,corpus/evidence/wedge1-aip/research/tree-inventory/artifacts/requests/CSIC_JRC_DATA_REQUEST_DRAFT.md,"selected authority, source, research, evidence, or production input"
wedge1-aip,6bb69176e691199bc232da489374c042441471f0,research/tree-inventory/artifacts/scripts/audit_quantalab_tables.py,48862ad6bf8205d6660c0415626a961d28f36425de44aa7581b5ec3b7bd2563b,VERBATIM_ADMITTED,corpus/evidence/wedge1-aip/research/tree-inventory/artifacts/scripts/audit_quantalab_tables.py,"selected authority, source, research, evidence, or production input"
wedge1-aip,6bb69176e691199bc232da489374c042441471f0,research/tree-inventory/artifacts/scripts/inventory_recovered_rdata.R,ff251f3c4e411965d0b9b25a3541990743969d3917d466926cc3b9d6819e20cd,VERBATIM_ADMITTED,corpus/evidence/wedge1-aip/research/tree-inventory/artifacts/scripts/inventory_recovered_rdata.R,"selected authority, source, research, evidence, or production input"
wedge1-aip,6bb69176e691199bc232da489374c042441471f0,research/tree-inventory/artifacts/scripts/reconstruct_qpcr67_2015.py,55f708091bb821d2dcbf08ece8669a9be9b17f706537beb381410163d0e46853,VERBATIM_ADMITTED,corpus/evidence/wedge1-aip/research/tree-inventory/artifacts/scripts/reconstruct_qpcr67_2015.py,"selected authority, source, research, evidence, or production input"
wedge1-aip,6bb69176e691199bc232da489374c042441471f0,research/tree-inventory/artifacts/validation/precision_sample_100.csv,34fd02c916a12b7a9fcda56d01c5db5ff9aec396adb0aa31d31a2304e810bf64,VERBATIM_ADMITTED,corpus/evidence/wedge1-aip/research/tree-inventory/artifacts/validation/precision_sample_100.csv,"selected authority, source, research, evidence, or production input"
wedge1-aip,6bb69176e691199bc232da489374c042441471f0,research/tree-inventory/artifacts/validation/qpcr67_location_matches.csv,327f61d411a4cdf5794200ba52647447831e5aad59556cc306f66b4c25d612b5,VERBATIM_ADMITTED,corpus/evidence/wedge1-aip/research/tree-inventory/artifacts/validation/qpcr67_location_matches.csv,"selected authority, source, research, evidence, or production input"
wedge1-aip,6bb69176e691199bc232da489374c042441471f0,research/tree-inventory/artifacts/validation/quantalab_current_table_audit.json,887fde99ce22937a8b3c7fb76415567c35283c6410b0ada52333270493a19cd8,VERBATIM_ADMITTED,corpus/evidence/wedge1-aip/research/tree-inventory/artifacts/validation/quantalab_current_table_audit.json,"selected authority, source, research, evidence, or production input"
wedge1-aip,6bb69176e691199bc232da489374c042441471f0,research/tree-inventory/artifacts/validation/reconstruction_quality.json,c86776c7311acfadfaf9658fbf86ffa37e2f2cb1af17102719264df9460b2157,VERBATIM_ADMITTED,corpus/evidence/wedge1-aip/research/tree-inventory/artifacts/validation/reconstruction_quality.json,"selected authority, source, research, evidence, or production input"
wedge1-aip,6bb69176e691199bc232da489374c042441471f0,research/tree-inventory/artifacts/validation/recovered_rdata_inventory.csv,2b30768e690f669bb347b6d97954ed12165b5e77b520b1c7b6d819e8879e881c,VERBATIM_ADMITTED,corpus/evidence/wedge1-aip/research/tree-inventory/artifacts/validation/recovered_rdata_inventory.csv,"selected authority, source, research, evidence, or production input"
wedge1-aip,6bb69176e691199bc232da489374c042441471f0,research/workflow-redesign/ai-fde-prompt-outputs/p01.md,afea970230cdb22b3e933f1df35bf794fec85353d59d321e197fdc1b4563f5e7,VERBATIM_ADMITTED,corpus/evidence/wedge1-aip/research/workflow-redesign/ai-fde-prompt-outputs/p01.md,"selected authority, source, research, evidence, or production input"
wedge1-aip,6bb69176e691199bc232da489374c042441471f0,research/workflow-redesign/ai-fde-prompt-outputs/p02.md,c93c0acb0543f70af3bd71dcd40352dfd3c3b4816e1d880551674563ba533868,VERBATIM_ADMITTED,corpus/evidence/wedge1-aip/research/workflow-redesign/ai-fde-prompt-outputs/p02.md,"selected authority, source, research, evidence, or production input"
wedge1-aip,6bb69176e691199bc232da489374c042441471f0,research/workflow-redesign/b1-extraction-reference.md,02636e1aeb9d941588573d578d94e93cc6f487163919294803c6adfa697e5ef3,VERBATIM_ADMITTED,corpus/evidence/wedge1-aip/research/workflow-redesign/b1-extraction-reference.md,"selected authority, source, research, evidence, or production input"
wedge1-aip,6bb69176e691199bc232da489374c042441471f0,research/workflow-redesign/b1.1-object-data-mapping.md,017b262df9ae09d292adda1d218a01fbc81293af17091429ed5e1e9abded74d4,VERBATIM_ADMITTED,corpus/evidence/wedge1-aip/research/workflow-redesign/b1.1-object-data-mapping.md,"selected authority, source, research, evidence, or production input"
wedge1-aip,6bb69176e691199bc232da489374c042441471f0,research/workflow-redesign/connected-operating-model.md,c8588869d11855130fe352c04c68716987b4655bf731cd7b5ac2dc992cac7cbf,VERBATIM_ADMITTED,corpus/evidence/wedge1-aip/research/workflow-redesign/connected-operating-model.md,"selected authority, source, research, evidence, or production input"
wedge1-aip,6bb69176e691199bc232da489374c042441471f0,research/workflow-redesign/consultant-claim-adjudication.md,c1daa853b893f455e077997f0a0427ae8f422da08098fc49f0683e6c6d851980,VERBATIM_ADMITTED,corpus/evidence/wedge1-aip/research/workflow-redesign/consultant-claim-adjudication.md,"selected authority, source, research, evidence, or production input"
wedge1-aip,6bb69176e691199bc232da489374c042441471f0,research/workflow-redesign/cordon-build-sequence.md,c75f720dfbc3d1586707abfe21d4291c921a09dfc779b2b2bcada3e08ed8665c,VERBATIM_ADMITTED,corpus/evidence/wedge1-aip/research/workflow-redesign/cordon-build-sequence.md,"selected authority, source, research, evidence, or production input"
wedge1-aip,6bb69176e691199bc232da489374c042441471f0,research/workflow-redesign/cordon-operator-graph.html,8836295487a14da0cd491bbddfa2beb571853c878a9de47c005be3a38252d651,VERBATIM_ADMITTED,corpus/evidence/wedge1-aip/research/workflow-redesign/cordon-operator-graph.html,"selected authority, source, research, evidence, or production input"
wedge1-aip,6bb69176e691199bc232da489374c042441471f0,research/workflow-redesign/cordon-reference-INDEX.md,956e1b37c10a7bd8a32ae9cc42b4e2b7ac928e372b581cc8380edd5f7d965f00,VERBATIM_ADMITTED,corpus/evidence/wedge1-aip/research/workflow-redesign/cordon-reference-INDEX.md,"selected authority, source, research, evidence, or production input"
wedge1-aip,6bb69176e691199bc232da489374c042441471f0,research/workflow-redesign/crawl4ai-consultant-verify/csr.regione.puglia.it__bando-intervento-srd01.01a-8b663a3a27.md,107a70f288fb7527f4435f4069ee76d9c47c83cbb38e7b77ea5b89b64dfbff85,VERBATIM_ADMITTED,corpus/evidence/wedge1-aip/research/workflow-redesign/crawl4ai-consultant-verify/csr.regione.puglia.it__bando-intervento-srd01.01a-8b663a3a27.md,"selected authority, source, research, evidence, or production input"
wedge1-aip,6bb69176e691199bc232da489374c042441471f0,research/workflow-redesign/crawl4ai-consultant-verify/csr.regione.puglia.it__bando-intervento-srd01.01b-6c1f63a3b4.md,3ea27d8dfcd18f4e85c1438e16533573b504879457aec239e27b2703e2716199,VERBATIM_ADMITTED,corpus/evidence/wedge1-aip/research/workflow-redesign/crawl4ai-consultant-verify/csr.regione.puglia.it__bando-intervento-srd01.01b-6c1f63a3b4.md,"selected authority, source, research, evidence, or production input"
wedge1-aip,6bb69176e691199bc232da489374c042441471f0,research/workflow-redesign/crawl4ai-consultant-verify/eur-lex.europa.eu__legal-content__EN__TXT__HTML-4001d99095.md,210cb0b6fdf301bf35bd469e55d548ae83482f24d61cfcba013d78e1af4623d2,VERBATIM_ADMITTED,corpus/evidence/wedge1-aip/research/workflow-redesign/crawl4ai-consultant-verify/eur-lex.europa.eu__legal-content__EN__TXT__HTML-4001d99095.md,"selected authority, source, research, evidence, or production input"
wedge1-aip,6bb69176e691199bc232da489374c042441471f0,research/workflow-redesign/crawl4ai-consultant-verify/manifest.json,5116ac53c3c8caa43d89e11f89c74b63aff27e4180a654544037a6cea9fcb80e,VERBATIM_ADMITTED,corpus/evidence/wedge1-aip/research/workflow-redesign/crawl4ai-consultant-verify/manifest.json,"selected authority, source, research, evidence, or production input"
wedge1-aip,6bb69176e691199bc232da489374c042441471f0,research/workflow-redesign/crawl4ai-consultant-verify/press.regione.puglia.it__-__piano-di-rigenerazione-olivicola-lo-stato-di-attuazione-865dea4905.md,941ca618bf97b73cfa1e5e1cd42f6319bc3f446cf420a613620e01e79717365a,VERBATIM_ADMITTED,corpus/evidence/wedge1-aip/research/workflow-redesign/crawl4ai-consultant-verify/press.regione.puglia.it__-__piano-di-rigenerazione-olivicola-lo-stato-di-attuazione-865dea4905.md,"selected authority, source, research, evidence, or production input"
wedge1-aip,6bb69176e691199bc232da489374c042441471f0,research/workflow-redesign/crawl4ai-consultant-verify/scrivania-service-inventory.json,2b63fb337dccc7d12444f06ce3cb6c9385d287123a36f0f731c0f1d0f776d970,VERBATIM_ADMITTED,corpus/evidence/wedge1-aip/research/workflow-redesign/crawl4ai-consultant-verify/scrivania-service-inventory.json,"selected authority, source, research, evidence, or production input"
wedge1-aip,6bb69176e691199bc232da489374c042441471f0,research/workflow-redesign/crawl4ai-consultant-verify/scrivania.regione.puglia.it-61e722e69d.md,98c43b23fafb880bb7b5217715fd40ba7f95137ed67cfe9dd9b2bbf8641347fa,VERBATIM_ADMITTED,corpus/evidence/wedge1-aip/research/workflow-redesign/crawl4ai-consultant-verify/scrivania.regione.puglia.it-61e722e69d.md,"selected authority, source, research, evidence, or production input"
wedge1-aip,6bb69176e691199bc232da489374c042441471f0,research/workflow-redesign/crawl4ai-consultant-verify/sit-citations.json,9c1021ddc97cff40d5d87cace95ff8a9ab101ff64eeb23df78ddc0709c220540,VERBATIM_ADMITTED,corpus/evidence/wedge1-aip/research/workflow-redesign/crawl4ai-consultant-verify/sit-citations.json,"selected authority, source, research, evidence, or production input"
wedge1-aip,6bb69176e691199bc232da489374c042441471f0,research/workflow-redesign/crawl4ai-consultant-verify/sit-layer-workflow-candidates.json,4ee7c718e0306b75aed0bcb1cbecb0d2f4aac9b085e0b79347840f6689786f45,VERBATIM_ADMITTED,corpus/evidence/wedge1-aip/research/workflow-redesign/crawl4ai-consultant-verify/sit-layer-workflow-candidates.json,"selected authority, source, research, evidence, or production input"
wedge1-aip,6bb69176e691199bc232da489374c042441471f0,research/workflow-redesign/crawl4ai-consultant-verify/sit-selected-layer-probes.json,bf9984613ce8454a5aa0b81f753dc12c838d6c5f1f93803f31360b26992738ba,VERBATIM_ADMITTED,corpus/evidence/wedge1-aip/research/workflow-redesign/crawl4ai-consultant-verify/sit-selected-layer-probes.json,"selected authority, source, research, evidence, or production input"
wedge1-aip,6bb69176e691199bc232da489374c042441471f0,research/workflow-redesign/crawl4ai-consultant-verify/sit-service-metadata-inventory.json,5a89ad53c9d07abb03bcd4e544c9b916f3e29e4541ed3ca502e5bfe979d4ec1b,VERBATIM_ADMITTED,corpus/evidence/wedge1-aip/research/workflow-redesign/crawl4ai-consultant-verify/sit-service-metadata-inventory.json,"selected authority, source, research, evidence, or production input"
wedge1-aip,6bb69176e691199bc232da489374c042441471f0,research/workflow-redesign/crawl4ai-consultant-verify/sit-services-inventory.json,034a1268f02b6ed22babb4c44d611a4b6b34935187fb87175474b6cfcb6dc5ea,VERBATIM_ADMITTED,corpus/evidence/wedge1-aip/research/workflow-redesign/crawl4ai-consultant-verify/sit-services-inventory.json,"selected authority, source, research, evidence, or production input"
wedge1-aip,6bb69176e691199bc232da489374c042441471f0,research/workflow-redesign/crawl4ai-consultant-verify/sit-workflow-candidates.json,827a8e835dd20a8f48b1e69119bbff9de89ef2ce2aab4e52c13cc464282d0bd5,VERBATIM_ADMITTED,corpus/evidence/wedge1-aip/research/workflow-redesign/crawl4ai-consultant-verify/sit-workflow-candidates.json,"selected authority, source, research, evidence, or production input"
wedge1-aip,6bb69176e691199bc232da489374c042441471f0,research/workflow-redesign/crawl4ai-consultant-verify/webapps.sit.puglia.it__arcgis__rest__services__Operationals2-f466d5bdd8.md,f3b5fdb33ac0923137aae092fa561d403c22681ecc17de8b4b3c122eff234a00,VERBATIM_ADMITTED,corpus/evidence/wedge1-aip/research/workflow-redesign/crawl4ai-consultant-verify/webapps.sit.puglia.it__arcgis__rest__services__Operationals2-f466d5bdd8.md,"selected authority, source, research, evidence, or production input"
wedge1-aip,6bb69176e691199bc232da489374c042441471f0,research/workflow-redesign/crawl4ai-consultant-verify/webapps.sit.puglia.it__arcgis__rest__services__Operationals3-94217ecd81.md,8cc86123338a96e2a9570270479a9a931bf100ec4b08946502da13ce8e31cfac,VERBATIM_ADMITTED,corpus/evidence/wedge1-aip/research/workflow-redesign/crawl4ai-consultant-verify/webapps.sit.puglia.it__arcgis__rest__services__Operationals3-94217ecd81.md,"selected authority, source, research, evidence, or production input"
wedge1-aip,6bb69176e691199bc232da489374c042441471f0,research/workflow-redesign/crawl4ai-consultant-verify/www.cortecostituzionale.it__actionSchedaPronuncia.do-ff0785b938.md,cd0ce05fd760f5e66249eed82704748d0563a684afee7d4bc84c428c318127df,VERBATIM_ADMITTED,corpus/evidence/wedge1-aip/research/workflow-redesign/crawl4ai-consultant-verify/www.cortecostituzionale.it__actionSchedaPronuncia.do-ff0785b938.md,"selected authority, source, research, evidence, or production input"
wedge1-aip,6bb69176e691199bc232da489374c042441471f0,research/workflow-redesign/crawl4ai-consultant-verify/www.masaf.gov.it__xylella_piano_sostegno-e39f5af8d1.md,153b33655b6f3611686758cecfa95f1a283e8069b8c2628a5c169fea15b79410,VERBATIM_ADMITTED,corpus/evidence/wedge1-aip/research/workflow-redesign/crawl4ai-consultant-verify/www.masaf.gov.it__xylella_piano_sostegno-e39f5af8d1.md,"selected authority, source, research, evidence, or production input"
wedge1-aip,6bb69176e691199bc232da489374c042441471f0,research/workflow-redesign/crawl4ai-municipal-verify/manifest.json,641f81d5852b5d45929921dda8a70db112a2a21cf7916bc7d0985c9bf7dda15c,VERBATIM_ADMITTED,corpus/evidence/wedge1-aip/research/workflow-redesign/crawl4ai-municipal-verify/manifest.json,"selected authority, source, research, evidence, or production input"
wedge1-aip,6bb69176e691199bc232da489374c042441471f0,research/workflow-redesign/crawl4ai-municipal-verify/prefettura.interno.gov.it__it__prefetture__barletta-andria-trani__notizie__xylella-bisceglie-prefettura-tavolo-seguire-levoluzione-7754d0d26f.md,b4b0cb2a6a0097590545d3f93f2f747d8bee74a0d5829f3f3576821117ccbae0,VERBATIM_ADMITTED,corpus/evidence/wedge1-aip/research/workflow-redesign/crawl4ai-municipal-verify/prefettura.interno.gov.it__it__prefetture__barletta-andria-trani__notizie__xylella-bisceglie-prefettura-tavolo-seguire-levoluzione-7754d0d26f.md,"selected authority, source, research, evidence, or production input"
wedge1-aip,6bb69176e691199bc232da489374c042441471f0,research/workflow-redesign/crawl4ai-municipal-verify/sportellotelematico.comune.bitonto.ba.it__action_3Ar_puglia_3Aautorizzazione.paesaggistica.ordinaria.semplificata-cf097d546a.md,177251fd0354498b39fbadd023cede9a90d9cf071bcc87e09e202381f4ddb7ef,VERBATIM_ADMITTED,corpus/evidence/wedge1-aip/research/workflow-redesign/crawl4ai-municipal-verify/sportellotelematico.comune.bitonto.ba.it__action_3Ar_puglia_3Aautorizzazione.paesaggistica.ordinaria.semplificata-cf097d546a.md,"selected authority, source, research, evidence, or production input"
wedge1-aip,6bb69176e691199bc232da489374c042441471f0,research/workflow-redesign/crawl4ai-municipal-verify/www.comune.monopoli.ba.it__Novita__Avvisi__Applicazione-delle-misure-fitosanitarie-di-lotta-al-vettore-per-il-contrasto-ed-il-controllo-di-X-a5c7ed4e3d.md,d0f7570524e77f00ff7f7563eb760c0dc735190f173f4a8a73d787b987440af5,VERBATIM_ADMITTED,corpus/evidence/wedge1-aip/research/workflow-redesign/crawl4ai-municipal-verify/www.comune.monopoli.ba.it__Novita__Avvisi__Applicazione-delle-misure-fitosanitarie-di-lotta-al-vettore-per-il-contrasto-ed-il-controllo-di-X-a5c7ed4e3d.md,"selected authority, source, research, evidence, or production input"
wedge1-aip,6bb69176e691199bc232da489374c042441471f0,research/workflow-redesign/crawl4ai-municipal-verify/www.comune.monopoli.ba.it__Novita__Avvisi__Controllo-per-la-Xylella-fastidiosa-nel-territorio-del-comune-di-Monopoli-5c3609067b.md,015601cf8862d3d025e1ffa0ffca51972a91d25eeae6b8ab152884a9c58cfc81,VERBATIM_ADMITTED,corpus/evidence/wedge1-aip/research/workflow-redesign/crawl4ai-municipal-verify/www.comune.monopoli.ba.it__Novita__Avvisi__Controllo-per-la-Xylella-fastidiosa-nel-territorio-del-comune-di-Monopoli-5c3609067b.md,"selected authority, source, research, evidence, or production input"
wedge1-aip,6bb69176e691199bc232da489374c042441471f0,research/workflow-redesign/crawl4ai-municipal-verify/www.comune.monopoli.ba.it__Servizi__Valutazione-di-Incidenza-Ambientale-V.Inc.A-eeea7535d3.md,ec0a93665670252a4dc066ecf73952883c77f532f112135de610e291fd36b335,VERBATIM_ADMITTED,corpus/evidence/wedge1-aip/research/workflow-redesign/crawl4ai-municipal-verify/www.comune.monopoli.ba.it__Servizi__Valutazione-di-Incidenza-Ambientale-V.Inc.A-eeea7535d3.md,"selected authority, source, research, evidence, or production input"
wedge1-aip,6bb69176e691199bc232da489374c042441471f0,research/workflow-redesign/fanout/ade-cadastre-preflight.md,6ce1554beaa8010e8728cb5314c0716b8dae8d15b9f970ab11f70bcd78bd7b81,VERBATIM_ADMITTED,corpus/evidence/wedge1-aip/research/workflow-redesign/fanout/ade-cadastre-preflight.md,"selected authority, source, research, evidence, or production input"
wedge1-aip,6bb69176e691199bc232da489374c042441471f0,research/workflow-redesign/fanout/adjudication.md,585f4b9105fc145f54d8e51f9ec60a57d534ad530bb5c8376e4ffe7ef3842bb3,VERBATIM_ADMITTED,corpus/evidence/wedge1-aip/research/workflow-redesign/fanout/adjudication.md,"selected authority, source, research, evidence, or production input"
wedge1-aip,6bb69176e691199bc232da489374c042441471f0,research/workflow-redesign/fanout/data-field-universe.md,cdd88cf4f6feba4fdb64276e23c0e75d4da696c0331e0522cd9c5633edb0792f,VERBATIM_ADMITTED,corpus/evidence/wedge1-aip/research/workflow-redesign/fanout/data-field-universe.md,"selected authority, source, research, evidence, or production input"
wedge1-aip,6bb69176e691199bc232da489374c042441471f0,research/workflow-redesign/fanout/operator-reality.md,f85c025bd803ab86fcc32c3b6a080ee05d03f2f72d9ae6cc80812c04810069e3,VERBATIM_ADMITTED,corpus/evidence/wedge1-aip/research/workflow-redesign/fanout/operator-reality.md,"selected authority, source, research, evidence, or production input"
wedge1-aip,6bb69176e691199bc232da489374c042441471f0,research/workflow-redesign/fanout/plant-lot-reopening-gate.md,1370925feb8df5bb397042d33fb5dd295fb1dbf5aacbf052389544390aaa38d0,VERBATIM_ADMITTED,corpus/evidence/wedge1-aip/research/workflow-redesign/fanout/plant-lot-reopening-gate.md,"selected authority, source, research, evidence, or production input"
wedge1-aip,6bb69176e691199bc232da489374c042441471f0,research/workflow-redesign/fanout/platform-product-opportunities.md,dd473039e983f3df178a6e28854958d49aa883cf5042f0800a1df48d6f6e6ab6,VERBATIM_ADMITTED,corpus/evidence/wedge1-aip/research/workflow-redesign/fanout/platform-product-opportunities.md,"selected authority, source, research, evidence, or production input"
wedge1-aip,6bb69176e691199bc232da489374c042441471f0,research/workflow-redesign/final-domain-coverage-saturation.md,d171af8d8965e759b7307b7e5ebc9a34100ce002faae603f8f289bde2a30c02c,VERBATIM_ADMITTED,corpus/evidence/wedge1-aip/research/workflow-redesign/final-domain-coverage-saturation.md,"selected authority, source, research, evidence, or production input"
wedge1-aip,6bb69176e691199bc232da489374c042441471f0,research/workflow-redesign/first-wave-comparison.md,73f95cd08d2ccaac5c7e1aa2f5a07399d7504e611a60670226eec1a2efcc140a,VERBATIM_ADMITTED,corpus/evidence/wedge1-aip/research/workflow-redesign/first-wave-comparison.md,"selected authority, source, research, evidence, or production input"
wedge1-aip,6bb69176e691199bc232da489374c042441471f0,research/workflow-redesign/gate-2-operating-model-recommendation-adjudication.md,2637dd0082f1b74816f9823122661ee56c3c1c83f5f8eec4ab6f94695adad3d3,VERBATIM_ADMITTED,corpus/evidence/wedge1-aip/research/workflow-redesign/gate-2-operating-model-recommendation-adjudication.md,"selected authority, source, research, evidence, or production input"
wedge1-aip,6bb69176e691199bc232da489374c042441471f0,research/workflow-redesign/gate-3-noun-candidates.md,56963f62a95e96c7c3c71300f1713615ad2308948c45509b131a02b35dac811c,VERBATIM_ADMITTED,corpus/evidence/wedge1-aip/research/workflow-redesign/gate-3-noun-candidates.md,"selected authority, source, research, evidence, or production input"
wedge1-aip,6bb69176e691199bc232da489374c042441471f0,research/workflow-redesign/gate-3-private-data-resolution-adjudication.md,e3107741227cdfd8c603e9f7a6dc3724d80af4f120a4ac11723429c7a8f13185,VERBATIM_ADMITTED,corpus/evidence/wedge1-aip/research/workflow-redesign/gate-3-private-data-resolution-adjudication.md,"selected authority, source, research, evidence, or production input"
wedge1-aip,6bb69176e691199bc232da489374c042441471f0,research/workflow-redesign/gate-4-relationship-candidates.md,6daf61f4da6c892fd45f44a8dc81f2a519ce07d45848ef86aee7bd8a289edc06,VERBATIM_ADMITTED,corpus/evidence/wedge1-aip/research/workflow-redesign/gate-4-relationship-candidates.md,"selected authority, source, research, evidence, or production input"
wedge1-aip,6bb69176e691199bc232da489374c042441471f0,research/workflow-redesign/gate-5-core-ontology.md,9cfe0782e1f35c25d17a47eb8cd9e7b30846f3fe6d4333784d98252ed2ce4429,VERBATIM_ADMITTED,corpus/evidence/wedge1-aip/research/workflow-redesign/gate-5-core-ontology.md,"selected authority, source, research, evidence, or production input"
wedge1-aip,6bb69176e691199bc232da489374c042441471f0,research/workflow-redesign/gate-5-documentation-mece-reconciliation.md,b9559f1516f39c18281741d4d2bd00640c4902ec671ed556c657551e602c83ec,VERBATIM_ADMITTED,corpus/evidence/wedge1-aip/research/workflow-redesign/gate-5-documentation-mece-reconciliation.md,"selected authority, source, research, evidence, or production input"
wedge1-aip,6bb69176e691199bc232da489374c042441471f0,research/workflow-redesign/gate-5-exact-relationship-inventory.md,38a8bf9ae14762ac334bb3999c8b6ceaba3ae853df9262b78bafd6cbecd33f68,VERBATIM_ADMITTED,corpus/evidence/wedge1-aip/research/workflow-redesign/gate-5-exact-relationship-inventory.md,"selected authority, source, research, evidence, or production input"
wedge1-aip,6bb69176e691199bc232da489374c042441471f0,research/workflow-redesign/gate-5-integrated-candidate-synthesis.md,095bc3f0963fe2cef81b28da65e9ac69cc97dc0b58cb2334cb3b916130c076bf,VERBATIM_ADMITTED,corpus/evidence/wedge1-aip/research/workflow-redesign/gate-5-integrated-candidate-synthesis.md,"selected authority, source, research, evidence, or production input"
wedge1-aip,6bb69176e691199bc232da489374c042441471f0,research/workflow-redesign/gate-5-kinetic-interface-candidates.md,e2e8d432cbcf8a725707e03ad1923fc851524a2c3b6f944758683ff84ede78e0,VERBATIM_ADMITTED,corpus/evidence/wedge1-aip/research/workflow-redesign/gate-5-kinetic-interface-candidates.md,"selected authority, source, research, evidence, or production input"
wedge1-aip,6bb69176e691199bc232da489374c042441471f0,research/workflow-redesign/gate-5-mece-coverage-audit.md,38ffd0481097fd5468d1fb64bd628da082e29c626adbf40c361f399a682dc195,VERBATIM_ADMITTED,corpus/evidence/wedge1-aip/research/workflow-redesign/gate-5-mece-coverage-audit.md,"selected authority, source, research, evidence, or production input"
wedge1-aip,6bb69176e691199bc232da489374c042441471f0,research/workflow-redesign/gate-5-mece-exclusivity-audit.md,50e88565c3455c3ce39209c485253c3bf81acb353e2acf125088fb57b93a26e1,VERBATIM_ADMITTED,corpus/evidence/wedge1-aip/research/workflow-redesign/gate-5-mece-exclusivity-audit.md,"selected authority, source, research, evidence, or production input"
wedge1-aip,6bb69176e691199bc232da489374c042441471f0,research/workflow-redesign/gate-5-mece-post-correction-verification.md,d61f60eb0ddc539573bf3bb3e3488b67144000191f23c7b3f869796863753bda,VERBATIM_ADMITTED,corpus/evidence/wedge1-aip/research/workflow-redesign/gate-5-mece-post-correction-verification.md,"selected authority, source, research, evidence, or production input"
wedge1-aip,6bb69176e691199bc232da489374c042441471f0,research/workflow-redesign/gate-5-mece-self-audit.md,c4ed6ac625522f59cbb8fee58722f06cfbdce358df8a62cca19a181f3d8ae334,VERBATIM_ADMITTED,corpus/evidence/wedge1-aip/research/workflow-redesign/gate-5-mece-self-audit.md,"selected authority, source, research, evidence, or production input"
wedge1-aip,6bb69176e691199bc232da489374c042441471f0,research/workflow-redesign/gate-5-minimum-direct-link-graph.md,a8cd5a19b2a300eed0cd536fa62fc57fe5102b4ca67fa0f11101a31564f255d1,VERBATIM_ADMITTED,corpus/evidence/wedge1-aip/research/workflow-redesign/gate-5-minimum-direct-link-graph.md,"selected authority, source, research, evidence, or production input"
wedge1-aip,6bb69176e691199bc232da489374c042441471f0,research/workflow-redesign/gate-5-minimum-operator-properties.md,ce0f1e3fa62b4a88714d89b11950c774604980f4ca060da363dd2b5118a2c5e2,VERBATIM_ADMITTED,corpus/evidence/wedge1-aip/research/workflow-redesign/gate-5-minimum-operator-properties.md,"selected authority, source, research, evidence, or production input"
wedge1-aip,6bb69176e691199bc232da489374c042441471f0,research/workflow-redesign/gate-5-object-event-admission.md,be5bec66a11667277ba1f2ed1ec34750a18d43398c0edc0bfcf2fbf787a3b37f,VERBATIM_ADMITTED,corpus/evidence/wedge1-aip/research/workflow-redesign/gate-5-object-event-admission.md,"selected authority, source, research, evidence, or production input"
wedge1-aip,6bb69176e691199bc232da489374c042441471f0,research/workflow-redesign/gate-5-operator-capability-ledger-five-responsibilities.md,4720c04ac4701e6fec59afb5ec64e3df1bc8d825112c9c3e7cbf1dddf345d60f,VERBATIM_ADMITTED,corpus/evidence/wedge1-aip/research/workflow-redesign/gate-5-operator-capability-ledger-five-responsibilities.md,"selected authority, source, research, evidence, or production input"
wedge1-aip,6bb69176e691199bc232da489374c042441471f0,research/workflow-redesign/gate-5-operator-centered-pruning-audit.md,e1f9495fc789e5b5f62f96db6fff63f87c052b59ff00f902f4a59b8e2635150c,VERBATIM_ADMITTED,corpus/evidence/wedge1-aip/research/workflow-redesign/gate-5-operator-centered-pruning-audit.md,"selected authority, source, research, evidence, or production input"
wedge1-aip,6bb69176e691199bc232da489374c042441471f0,research/workflow-redesign/gate-5-operator-decision-ledger-six-questions.md,881739020c3f65536ab7d93dec4f96f85755e0cf4ec2e36577d4103bdbe92fae,VERBATIM_ADMITTED,corpus/evidence/wedge1-aip/research/workflow-redesign/gate-5-operator-decision-ledger-six-questions.md,"selected authority, source, research, evidence, or production input"
wedge1-aip,6bb69176e691199bc232da489374c042441471f0,research/workflow-redesign/gate-5-operator-graph-adversarial-audit.md,1c5d460c28a1844bdc9ec7cefbfbd7bdd53523b5f5acaf7d92d1ae508bdda084,VERBATIM_ADMITTED,corpus/evidence/wedge1-aip/research/workflow-redesign/gate-5-operator-graph-adversarial-audit.md,"selected authority, source, research, evidence, or production input"
wedge1-aip,6bb69176e691199bc232da489374c042441471f0,research/workflow-redesign/gate-5-operator-ledger-reconciliation.md,23cd9bfb6e2c7c15acf4650fb968f161125986dd943ecabae5b46e6e5125c26c,VERBATIM_ADMITTED,corpus/evidence/wedge1-aip/research/workflow-redesign/gate-5-operator-ledger-reconciliation.md,"selected authority, source, research, evidence, or production input"
wedge1-aip,6bb69176e691199bc232da489374c042441471f0,research/workflow-redesign/gate-5-operator-reground.md,b071ec58b4401b4ecb03387f49c824206411ed39069f1b321f3959da847a3cb7,VERBATIM_ADMITTED,corpus/evidence/wedge1-aip/research/workflow-redesign/gate-5-operator-reground.md,"selected authority, source, research, evidence, or production input"
wedge1-aip,6bb69176e691199bc232da489374c042441471f0,research/workflow-redesign/gate-5-proceeding-scope-minimum.md,72dbdf5752583267134287838e4d45a843487c81d3faf0e44cf7940510854710,VERBATIM_ADMITTED,corpus/evidence/wedge1-aip/research/workflow-redesign/gate-5-proceeding-scope-minimum.md,"selected authority, source, research, evidence, or production input"
wedge1-aip,6bb69176e691199bc232da489374c042441471f0,research/workflow-redesign/gate-5-reconciled-operator-graph.md,1438c06669788a48bafe26712d8630cbcd96a547d851a5930d1879dadc69d4ee,VERBATIM_ADMITTED,corpus/evidence/wedge1-aip/research/workflow-redesign/gate-5-reconciled-operator-graph.md,"selected authority, source, research, evidence, or production input"
wedge1-aip,6bb69176e691199bc232da489374c042441471f0,research/workflow-redesign/gate-5-reground.md,1303874d67f8456067c40d2f2d1afe770f3b42daae47e0cc3d792b9e23e87d70,VERBATIM_ADMITTED,corpus/evidence/wedge1-aip/research/workflow-redesign/gate-5-reground.md,"selected authority, source, research, evidence, or production input"
wedge1-aip,6bb69176e691199bc232da489374c042441471f0,research/workflow-redesign/gate-5-relationship-compression-a.md,048327df226ccfeaa573285c25cc49063610bcd525737b5237160d377bafe0a1,VERBATIM_ADMITTED,corpus/evidence/wedge1-aip/research/workflow-redesign/gate-5-relationship-compression-a.md,"selected authority, source, research, evidence, or production input"
wedge1-aip,6bb69176e691199bc232da489374c042441471f0,research/workflow-redesign/gate-5-relationship-compression-adversarial.md,966b9fdf1a085e2ba077ff2911a1a41fb05349235f8312e7a6ff887ad439b180,VERBATIM_ADMITTED,corpus/evidence/wedge1-aip/research/workflow-redesign/gate-5-relationship-compression-adversarial.md,"selected authority, source, research, evidence, or production input"
wedge1-aip,6bb69176e691199bc232da489374c042441471f0,research/workflow-redesign/gate-5-relationship-compression-b.md,d772f54d3c33a4177eab120ef1a157691e1849ec178504a98b90d839d39eeb39,VERBATIM_ADMITTED,corpus/evidence/wedge1-aip/research/workflow-redesign/gate-5-relationship-compression-b.md,"selected authority, source, research, evidence, or production input"
wedge1-aip,6bb69176e691199bc232da489374c042441471f0,research/workflow-redesign/gate-5-relationship-representation-ledger.md,9e49404d16c9f02d6a0bee3eab34bc6842d2fb76cc4377d12a7fc61ada44b8c8,VERBATIM_ADMITTED,corpus/evidence/wedge1-aip/research/workflow-redesign/gate-5-relationship-representation-ledger.md,"selected authority, source, research, evidence, or production input"
wedge1-aip,6bb69176e691199bc232da489374c042441471f0,research/workflow-redesign/gate-6-adversarial-capability-audit.md,89fb51f6a3b36c1d334dfb0a88b783c4e7f6e5eb92b4881d1efde1eea30a39c1,VERBATIM_ADMITTED,corpus/evidence/wedge1-aip/research/workflow-redesign/gate-6-adversarial-capability-audit.md,"selected authority, source, research, evidence, or production input"
wedge1-aip,6bb69176e691199bc232da489374c042441471f0,research/workflow-redesign/gate-6-aip-action-function-capability-map.md,04f0428eb900af94f8410c6153505314a931e2174909c202fea76a78f7fc09b6,VERBATIM_ADMITTED,corpus/evidence/wedge1-aip/research/workflow-redesign/gate-6-aip-action-function-capability-map.md,"selected authority, source, research, evidence, or production input"
wedge1-aip,6bb69176e691199bc232da489374c042441471f0,research/workflow-redesign/gate-6-aip-mechanism-purpose-ledger.md,68245a97fcafb0acfd1092dab3b36cd8dd8c8c50bc35a38f952e17da3ee7ecb3,VERBATIM_ADMITTED,corpus/evidence/wedge1-aip/research/workflow-redesign/gate-6-aip-mechanism-purpose-ledger.md,"selected authority, source, research, evidence, or production input"
wedge1-aip,6bb69176e691199bc232da489374c042441471f0,research/workflow-redesign/gate-6-capability-reconciliation.md,54fed7418505476b848e9c5f4a0be5791e8f82797489e96f8aafcefa957d5e84,VERBATIM_ADMITTED,corpus/evidence/wedge1-aip/research/workflow-redesign/gate-6-capability-reconciliation.md,"selected authority, source, research, evidence, or production input"
wedge1-aip,6bb69176e691199bc232da489374c042441471f0,research/workflow-redesign/gate-6-data-mechanism-purpose-ledger.md,c19dc954f4c208f4f9286ea3479853dd393f8b3a42fe880e43cf70cd5aad2739,VERBATIM_ADMITTED,corpus/evidence/wedge1-aip/research/workflow-redesign/gate-6-data-mechanism-purpose-ledger.md,"selected authority, source, research, evidence, or production input"
wedge1-aip,6bb69176e691199bc232da489374c042441471f0,research/workflow-redesign/gate-6-mechanism-purpose-adversarial-audit.md,5b9ae30f541b0f55da7b98b38bcdcba017334f56f04ee3cfd7ecb7c01fbb244f,VERBATIM_ADMITTED,corpus/evidence/wedge1-aip/research/workflow-redesign/gate-6-mechanism-purpose-adversarial-audit.md,"selected authority, source, research, evidence, or production input"
wedge1-aip,6bb69176e691199bc232da489374c042441471f0,research/workflow-redesign/gate-6-ontology-data-capability-map.md,4d9355f388f8cc1539d20136947010ac9e5a2518ce32225557a07fd2681d034f,VERBATIM_ADMITTED,corpus/evidence/wedge1-aip/research/workflow-redesign/gate-6-ontology-data-capability-map.md,"selected authority, source, research, evidence, or production input"
wedge1-aip,6bb69176e691199bc232da489374c042441471f0,research/workflow-redesign/gate-6-parent-mechanism-purpose-self-map.md,6628a53c819345d4b6fb112283697dcf1acd0db73bcc663222d2d8241bb7f1df,VERBATIM_ADMITTED,corpus/evidence/wedge1-aip/research/workflow-redesign/gate-6-parent-mechanism-purpose-self-map.md,"selected authority, source, research, evidence, or production input"
wedge1-aip,6bb69176e691199bc232da489374c042441471f0,research/workflow-redesign/gate-7-ai-fde-ontology-handoff-prompts.md,06103e194d4911d3c6c24d0e14e17fd9c2c031775e84c5db9e0c3c9c74e9da89,VERBATIM_ADMITTED,corpus/evidence/wedge1-aip/research/workflow-redesign/gate-7-ai-fde-ontology-handoff-prompts.md,"selected authority, source, research, evidence, or production input"
wedge1-aip,6bb69176e691199bc232da489374c042441471f0,research/workflow-redesign/gate-7-operator-surface-architecture-comparison.md,4701ce669b3a71db24d5e5b65df62f8725d7c423a637a8e8b3023a68f5bc1c00,VERBATIM_ADMITTED,corpus/evidence/wedge1-aip/research/workflow-redesign/gate-7-operator-surface-architecture-comparison.md,"selected authority, source, research, evidence, or production input"
wedge1-aip,6bb69176e691199bc232da489374c042441471f0,research/workflow-redesign/gate-7-real-data-to-ontology-mapping-ledger.md,75f99c4fc6ce15413215045aab6883d6e5c1ee26bcde829d786eb0c453330b76,VERBATIM_ADMITTED,corpus/evidence/wedge1-aip/research/workflow-redesign/gate-7-real-data-to-ontology-mapping-ledger.md,"selected authority, source, research, evidence, or production input"
wedge1-aip,6bb69176e691199bc232da489374c042441471f0,research/workflow-redesign/handbook-claim-adjudication.md,acedf592d5f6fa6d2c950ae47f7e13ce769fba8d48a25b2f0a04478d780b410b,VERBATIM_ADMITTED,corpus/evidence/wedge1-aip/research/workflow-redesign/handbook-claim-adjudication.md,"selected authority, source, research, evidence, or production input"
wedge1-aip,6bb69176e691199bc232da489374c042441471f0,research/workflow-redesign/individual-tree-inventory-feasibility.md,76d98e1774490339cbc9ca3affe83c25c5a9d2576cc705aa24c1dd8bfd10c04b,VERBATIM_ADMITTED,corpus/evidence/wedge1-aip/research/workflow-redesign/individual-tree-inventory-feasibility.md,"selected authority, source, research, evidence, or production input"
wedge1-aip,6bb69176e691199bc232da489374c042441471f0,research/workflow-redesign/municipal-government-workflows.md,8ffc325e963f2916909f070627fbe6c376704cfe9dc29b19264176b1e798d1f3,VERBATIM_ADMITTED,corpus/evidence/wedge1-aip/research/workflow-redesign/municipal-government-workflows.md,"selected authority, source, research, evidence, or production input"
wedge1-aip,6bb69176e691199bc232da489374c042441471f0,research/workflow-redesign/palantir-ontology-current-grounding.md,d5dee048039515928582afe8c525d7219974132448fc35eade6644b5198e0ec9,VERBATIM_ADMITTED,corpus/evidence/wedge1-aip/research/workflow-redesign/palantir-ontology-current-grounding.md,"selected authority, source, research, evidence, or production input"
wedge1-aip,6bb69176e691199bc232da489374c042441471f0,research/workflow-redesign/recon/duties-proceedings-outcome-acts.md,24d5a99d4807d8138d02b3be80b7bcacc571c2fa460789292ed1a4c888571746,VERBATIM_ADMITTED,corpus/evidence/wedge1-aip/research/workflow-redesign/recon/duties-proceedings-outcome-acts.md,"selected authority, source, research, evidence, or production input"
wedge1-aip,6bb69176e691199bc232da489374c042441471f0,research/workflow-redesign/recon/fronts-and-monitoring.md,833addbbb11a285aa8ab226fe1a3fcc6065a17078d3c9d857c00724254745569,VERBATIM_ADMITTED,corpus/evidence/wedge1-aip/research/workflow-redesign/recon/fronts-and-monitoring.md,"selected authority, source, research, evidence, or production input"
wedge1-aip,6bb69176e691199bc232da489374c042441471f0,research/workflow-redesign/recon/programme-instrument-universe.md,2cb9417b084da15151b43f8d428912aff6ea9c5559afe4dd6fed0e0d58d9fa34,VERBATIM_ADMITTED,corpus/evidence/wedge1-aip/research/workflow-redesign/recon/programme-instrument-universe.md,"selected authority, source, research, evidence, or production input"
wedge1-aip,6bb69176e691199bc232da489374c042441471f0,research/workflow-redesign/regov-lanes/lane-a-government-operator-web.md,692ba41fbd772421bdc5d102e93e6956ead40e008fdc3d4d95fb691732b14e9c,VERBATIM_ADMITTED,corpus/evidence/wedge1-aip/research/workflow-redesign/regov-lanes/lane-a-government-operator-web.md,"selected authority, source, research, evidence, or production input"
wedge1-aip,6bb69176e691199bc232da489374c042441471f0,research/workflow-redesign/regov-lanes/lane-a-government-operator-web.pdf,0f41decd1438deb9e96a4539cf3b43d5c271b03f1e45e620dadb516dfc10bb64,VERBATIM_ADMITTED,corpus/evidence/wedge1-aip/research/workflow-redesign/regov-lanes/lane-a-government-operator-web.pdf,"selected authority, source, research, evidence, or production input"
wedge1-aip,6bb69176e691199bc232da489374c042441471f0,research/workflow-redesign/regov-lanes/lane-b-data-geospatial-web.md,146a2e37f9a5e88143cc714fb0ddc38a761cd812db54873296fec8b41cfbe15a,VERBATIM_ADMITTED,corpus/evidence/wedge1-aip/research/workflow-redesign/regov-lanes/lane-b-data-geospatial-web.md,"selected authority, source, research, evidence, or production input"
wedge1-aip,6bb69176e691199bc232da489374c042441471f0,research/workflow-redesign/regov-lanes/lane-c-repo-evidence.md,6112bb458bd169359224d099e6462ad272182d36649b03e1e8cae98ed2abc2b6,VERBATIM_ADMITTED,corpus/evidence/wedge1-aip/research/workflow-redesign/regov-lanes/lane-c-repo-evidence.md,"selected authority, source, research, evidence, or production input"
wedge1-aip,6bb69176e691199bc232da489374c042441471f0,research/workflow-redesign/repo-data-and-process-evidence.md,cac54854f787c62db861cce66621a5a1e8b373c821524c7bbce694e4cd6936cd,VERBATIM_ADMITTED,corpus/evidence/wedge1-aip/research/workflow-redesign/repo-data-and-process-evidence.md,"selected authority, source, research, evidence, or production input"
wedge1-aip,6bb69176e691199bc232da489374c042441471f0,research/workflow-redesign/repo-program-workflows.md,add4b3c02c1c14f9c88b401be7e6487f0730306da195f315a419bd1fd9ddceaa,VERBATIM_ADMITTED,corpus/evidence/wedge1-aip/research/workflow-redesign/repo-program-workflows.md,"selected authority, source, research, evidence, or production input"
wedge1-aip,6bb69176e691199bc232da489374c042441471f0,research/workflow-redesign/repo-tracked-inventory.json,df6491977a521bca648800cce80f9db7e2cdc5167bd2cf44035a7e4ad73e2b60,VERBATIM_ADMITTED,corpus/evidence/wedge1-aip/research/workflow-redesign/repo-tracked-inventory.json,"selected authority, source, research, evidence, or production input"
wedge1-aip,6bb69176e691199bc232da489374c042441471f0,research/workflow-redesign/scarce-cooperative-capacity-allocation-model-adjudication.md,4d450254ed760e65d29b9a9c37b828da09c374aee5fbf9f3ecd7b8bd36dfdbd2,VERBATIM_ADMITTED,corpus/evidence/wedge1-aip/research/workflow-redesign/scarce-cooperative-capacity-allocation-model-adjudication.md,"selected authority, source, research, evidence, or production input"
wedge1-aip,6bb69176e691199bc232da489374c042441471f0,research/workflow-redesign/semantic-pack/README.md,b4b6db29262acf268a93b7b9aa6e2249e514b514b02cc86dab127a956556d397,VERBATIM_ADMITTED,corpus/evidence/wedge1-aip/research/workflow-redesign/semantic-pack/README.md,"selected authority, source, research, evidence, or production input"
wedge1-aip,6bb69176e691199bc232da489374c042441471f0,research/workflow-redesign/semantic-pack/chatbot-tool-schema.md,d0e921648d355b4a8b962005e4649b1bef75df2d66d7603de360c9ab11d65bad,VERBATIM_ADMITTED,corpus/evidence/wedge1-aip/research/workflow-redesign/semantic-pack/chatbot-tool-schema.md,"selected authority, source, research, evidence, or production input"
wedge1-aip,6bb69176e691199bc232da489374c042441471f0,research/workflow-redesign/semantic-pack/demo-script-v0.md,874bc5c66fd26c705633d6e47976546107ee5978821a9ed9086c91ffae7af020,VERBATIM_ADMITTED,corpus/evidence/wedge1-aip/research/workflow-redesign/semantic-pack/demo-script-v0.md,"selected authority, source, research, evidence, or production input"
wedge1-aip,6bb69176e691199bc232da489374c042441471f0,research/workflow-redesign/semantic-pack/demo-trajectory-data-bindings.md,44f8d73c0bbd0aaf7a8250d2d058526520bbbde8d887090e189d06e0df2f258e,VERBATIM_ADMITTED,corpus/evidence/wedge1-aip/research/workflow-redesign/semantic-pack/demo-trajectory-data-bindings.md,"selected authority, source, research, evidence, or production input"
wedge1-aip,6bb69176e691199bc232da489374c042441471f0,research/workflow-redesign/semantic-pack/kernel-accept-cooperative-execution-mandate.md,ed99d6a692a8627f428e2dfc993aaf6464dd259aa00b6c049f580ae1c15903b2,VERBATIM_ADMITTED,corpus/evidence/wedge1-aip/research/workflow-redesign/semantic-pack/kernel-accept-cooperative-execution-mandate.md,"selected authority, source, research, evidence, or production input"
wedge1-aip,6bb69176e691199bc232da489374c042441471f0,research/workflow-redesign/semantic-pack/kernel-commit-or-rebalance-intervention-capacity.md,7e773dedf22b8c45ee4be841864596c4867f4069ae6c1dd91ae704d7916e09f0,VERBATIM_ADMITTED,corpus/evidence/wedge1-aip/research/workflow-redesign/semantic-pack/kernel-commit-or-rebalance-intervention-capacity.md,"selected authority, source, research, evidence, or production input"
wedge1-aip,6bb69176e691199bc232da489374c042441471f0,research/workflow-redesign/semantic-pack/kernel-decide-cooperative-pursuit.md,02c5ba4d87d7ff476bb10172bd64f8b5b205573765851ca3af06cad2b7c29aba,VERBATIM_ADMITTED,corpus/evidence/wedge1-aip/research/workflow-redesign/semantic-pack/kernel-decide-cooperative-pursuit.md,"selected authority, source, research, evidence, or production input"
wedge1-aip,6bb69176e691199bc232da489374c042441471f0,research/workflow-redesign/semantic-pack/kernel-dispatch-intervention.md,a6f80891311697f9ee32bffd8a9dad3822e6c4f29404075c6756133851638aa2,VERBATIM_ADMITTED,corpus/evidence/wedge1-aip/research/workflow-redesign/semantic-pack/kernel-dispatch-intervention.md,"selected authority, source, research, evidence, or production input"
wedge1-aip,6bb69176e691199bc232da489374c042441471f0,research/workflow-redesign/semantic-pack/now-view-projection-contract.md,80a201f5d011f0592e7e668708f94827b56f5224204a88b5011590790678811e,VERBATIM_ADMITTED,corpus/evidence/wedge1-aip/research/workflow-redesign/semantic-pack/now-view-projection-contract.md,"selected authority, source, research, evidence, or production input"
wedge1-aip,6bb69176e691199bc232da489374c042441471f0,research/workflow-redesign/sit-scrivania-source-audit.md,29be19d2282d2bebe204b035b3d7f96caaf4353981f0731b957fb5ba01b0b6ba,VERBATIM_ADMITTED,corpus/evidence/wedge1-aip/research/workflow-redesign/sit-scrivania-source-audit.md,"selected authority, source, research, evidence, or production input"
wedge1-aip,6bb69176e691199bc232da489374c042441471f0,research/workflow-redesign/unknown-unknowns-field-system.md,3cc9c3916a4f19a611e80903359de61ce868a7a11d5b643795fc58ea1fd27c74,VERBATIM_ADMITTED,corpus/evidence/wedge1-aip/research/workflow-redesign/unknown-unknowns-field-system.md,"selected authority, source, research, evidence, or production input"
wedge1-aip,6bb69176e691199bc232da489374c042441471f0,research/workflow-redesign/unknown-unknowns-institutional.md,5002c3f979ca6b123a200264b0924b3b712c892c763421067ec92a3adb4ab88d,VERBATIM_ADMITTED,corpus/evidence/wedge1-aip/research/workflow-redesign/unknown-unknowns-institutional.md,"selected authority, source, research, evidence, or production input"
wedge1-aip,6bb69176e691199bc232da489374c042441471f0,research/workflow-redesign/web-art6-collective-case.md,9ab1cff9b7d3be1e3cc18c5cfc21b69e1e35c860ac7f1257c542bb2efdced024,VERBATIM_ADMITTED,corpus/evidence/wedge1-aip/research/workflow-redesign/web-art6-collective-case.md,"selected authority, source, research, evidence, or production input"
wedge1-aip,6bb69176e691199bc232da489374c042441471f0,research/workflow-redesign/web-caa-office-practice.md,a527c4a5c137a00e5a438277df1904a7e6f3dbd03c8abe093b4e868061c40257,VERBATIM_ADMITTED,corpus/evidence/wedge1-aip/research/workflow-redesign/web-caa-office-practice.md,"selected authority, source, research, evidence, or production input"
wedge1-aip,6bb69176e691199bc232da489374c042441471f0,research/workflow-redesign/web-cooperative-governance-practice.md,e90e9a28e98afe9a21a9bacb5c7b52a739b2808cca4d689aca48097c386c943c,VERBATIM_ADMITTED,corpus/evidence/wedge1-aip/research/workflow-redesign/web-cooperative-governance-practice.md,"selected authority, source, research, evidence, or production input"
wedge1-aip,6bb69176e691199bc232da489374c042441471f0,research/workflow-redesign/web-field-capacity-aftercare.md,308ae543dd3ddd238b1ed20c07cc243d60c2368b7c755ad4a99c69f85304fa83,VERBATIM_ADMITTED,corpus/evidence/wedge1-aip/research/workflow-redesign/web-field-capacity-aftercare.md,"selected authority, source, research, evidence, or production input"
wedge1-aip,6bb69176e691199bc232da489374c042441471f0,research/workflow-redesign/web-field-delivery-deep-dive.md,588e2340078451f1dfef5d13fa3851d921bf2c85091b28b803de214c20d37fbc,VERBATIM_ADMITTED,corpus/evidence/wedge1-aip/research/workflow-redesign/web-field-delivery-deep-dive.md,"selected authority, source, research, evidence, or production input"
wedge1-aip,6bb69176e691199bc232da489374c042441471f0,research/workflow-redesign/web-formal-institutions.md,eb6f1b8e57264268c53095712474c73bb46a3f0de75c8b845c29974dd61eb85d,VERBATIM_ADMITTED,corpus/evidence/wedge1-aip/research/workflow-redesign/web-formal-institutions.md,"selected authority, source, research, evidence, or production input"
wedge1-aip,6bb69176e691199bc232da489374c042441471f0,research/workflow-redesign/web-operator-practice.md,cf3d88d027eb31868a531529aaf0e9c99cd052536eda296de79d919dfdafc719,VERBATIM_ADMITTED,corpus/evidence/wedge1-aip/research/workflow-redesign/web-operator-practice.md,"selected authority, source, research, evidence, or production input"
wedge1-aip,6bb69176e691199bc232da489374c042441471f0,research/workflow-redesign/web-payment-deep-dive.md,6c757ddd1423300f53bc3f71e71ddc413b0f5b01aae91c6a6ad90c64aef75c3b,VERBATIM_ADMITTED,corpus/evidence/wedge1-aip/research/workflow-redesign/web-payment-deep-dive.md,"selected authority, source, research, evidence, or production input"
wedge1-aip,6bb69176e691199bc232da489374c042441471f0,research/workflow-redesign/workflow-research-synthesis.md,b9a6742dca05dfc8bb626ba4806751cf31397342fb39792387c96e7033c44cc8,VERBATIM_ADMITTED,corpus/evidence/wedge1-aip/research/workflow-redesign/workflow-research-synthesis.md,"selected authority, source, research, evidence, or production input"
wedge1-aip,6bb69176e691199bc232da489374c042441471f0,reviews/2026-09-02-stage-b/FACET-1-APERTURE.md,9e35c1966360dabad34c189cf1dd4b82521ab506f1d426cfd44fe2d3c9c2272c,VERBATIM_ADMITTED,corpus/evidence/wedge1-aip/stage-b-review/FACET-1-APERTURE.md,"selected authority, source, research, evidence, or production input"
wedge1-aip,6bb69176e691199bc232da489374c042441471f0,reviews/2026-09-02-stage-b/FACET-2-FIDELITY.md,acaeef72934b630f15e00c141a49575b2f657dcb86a6df53a7ac26978990d891,VERBATIM_ADMITTED,corpus/evidence/wedge1-aip/stage-b-review/FACET-2-FIDELITY.md,"selected authority, source, research, evidence, or production input"
wedge1-aip,6bb69176e691199bc232da489374c042441471f0,reviews/2026-09-02-stage-b/FACET-3-STRUCTURE.md,606213f7c35606fc93fc6c04480bf0f433d331fe1edaa11a805237f4587a670f,VERBATIM_ADMITTED,corpus/evidence/wedge1-aip/stage-b-review/FACET-3-STRUCTURE.md,"selected authority, source, research, evidence, or production input"
wedge1-aip,6bb69176e691199bc232da489374c042441471f0,reviews/2026-09-02-stage-b/FACET-4-ESSENCE.md,792c8ee1d0953af42e47597d4f996f6cc92fdbcbc5ec83792afe9c843613650a,VERBATIM_ADMITTED,corpus/evidence/wedge1-aip/stage-b-review/FACET-4-ESSENCE.md,"selected authority, source, research, evidence, or production input"
wedge1-aip,6bb69176e691199bc232da489374c042441471f0,reviews/2026-09-02-stage-b/cycle-1-F1-APERTURE.json,c649aaad8725c059231deaf19a0a1d8ad2cfc1f9457fefb3eae670e297647828,VERBATIM_ADMITTED,corpus/evidence/wedge1-aip/stage-b-review/cycle-1-F1-APERTURE.json,"selected authority, source, research, evidence, or production input"
wedge1-aip,6bb69176e691199bc232da489374c042441471f0,reviews/2026-09-02-stage-b/cycle-1-F2-FIDELITY.json,08b2220c121aeeeb1bb01fa38527f972c01d7ddbae2ec24a69c82c052ede92a8,VERBATIM_ADMITTED,corpus/evidence/wedge1-aip/stage-b-review/cycle-1-F2-FIDELITY.json,"selected authority, source, research, evidence, or production input"
wedge1-aip,6bb69176e691199bc232da489374c042441471f0,reviews/2026-09-02-stage-b/cycle-1-F3-STRUCTURE.json,0badb80ef15fd66fca860589cda34bd6bbc92fb1d71d7a5b0708d5b408871172,VERBATIM_ADMITTED,corpus/evidence/wedge1-aip/stage-b-review/cycle-1-F3-STRUCTURE.json,"selected authority, source, research, evidence, or production input"
wedge1-aip,6bb69176e691199bc232da489374c042441471f0,reviews/2026-09-02-stage-b/cycle-2-F1-APERTURE.json,4d7153c0f385588193da82932316c734c1f55b8fed84cfb8c9b525e2a068385a,VERBATIM_ADMITTED,corpus/evidence/wedge1-aip/stage-b-review/cycle-2-F1-APERTURE.json,"selected authority, source, research, evidence, or production input"
wedge1-aip,6bb69176e691199bc232da489374c042441471f0,reviews/2026-09-02-stage-b/cycle-2-F2-FIDELITY.json,8ddc202ec2d868c44facfcdb92d86c12d8bdabc2a1f73af83cdd27e7ec703d71,VERBATIM_ADMITTED,corpus/evidence/wedge1-aip/stage-b-review/cycle-2-F2-FIDELITY.json,"selected authority, source, research, evidence, or production input"
wedge1-aip,6bb69176e691199bc232da489374c042441471f0,reviews/2026-09-02-stage-b/cycle-2-F3-STRUCTURE.json,8cdb0cb616489261ff78b3676b6bb170ec174fbd5b87a8698e59574a79beeafa,VERBATIM_ADMITTED,corpus/evidence/wedge1-aip/stage-b-review/cycle-2-F3-STRUCTURE.json,"selected authority, source, research, evidence, or production input"
wedge1-aip,6bb69176e691199bc232da489374c042441471f0,reviews/2026-09-02-stage-b/cycle-3-F1-APERTURE.json,70792f0aeae36063b7ea212588291d0330f9a3b2784be70ceb5e57771e37e1a6,VERBATIM_ADMITTED,corpus/evidence/wedge1-aip/stage-b-review/cycle-3-F1-APERTURE.json,"selected authority, source, research, evidence, or production input"
wedge1-aip,6bb69176e691199bc232da489374c042441471f0,reviews/2026-09-02-stage-b/cycle-3-F2-FIDELITY.json,380567ba84e5a3d50e840c0b8b90f40d736c27543005baf3665258a12dd355aa,VERBATIM_ADMITTED,corpus/evidence/wedge1-aip/stage-b-review/cycle-3-F2-FIDELITY.json,"selected authority, source, research, evidence, or production input"
wedge1-aip,6bb69176e691199bc232da489374c042441471f0,reviews/2026-09-02-stage-b/cycle-3-F3-STRUCTURE.json,369204cb48c7a184b0563111da644a840051065c64b310dc3468a81b9746af42,VERBATIM_ADMITTED,corpus/evidence/wedge1-aip/stage-b-review/cycle-3-F3-STRUCTURE.json,"selected authority, source, research, evidence, or production input"
wedge1-aip,6bb69176e691199bc232da489374c042441471f0,reviews/2026-09-02-stage-b/cycle-3-F4-ESSENCE.json,072c0cc90a89807f822ea659b0289be5da576d9631acab40bba37ecc7bdbcb4c,VERBATIM_ADMITTED,corpus/evidence/wedge1-aip/stage-b-review/cycle-3-F4-ESSENCE.json,"selected authority, source, research, evidence, or production input"
wedge1-aip,6bb69176e691199bc232da489374c042441471f0,reviews/2026-09-02-stage-b/cycle-4-F1-APERTURE.json,e304a75246cf7b8366e4c516b2ec9dc5299b92cba8d5422572e5becc37293f3b,VERBATIM_ADMITTED,corpus/evidence/wedge1-aip/stage-b-review/cycle-4-F1-APERTURE.json,"selected authority, source, research, evidence, or production input"
wedge1-aip,6bb69176e691199bc232da489374c042441471f0,reviews/2026-09-02-stage-b/cycle-4-F2-FIDELITY.json,b887b220bb2336979d4e44891f94dd85e434f0c2edc0feacad3f30a1dfb39608,VERBATIM_ADMITTED,corpus/evidence/wedge1-aip/stage-b-review/cycle-4-F2-FIDELITY.json,"selected authority, source, research, evidence, or production input"
wedge1-aip,6bb69176e691199bc232da489374c042441471f0,reviews/2026-09-02-stage-b/cycle-4-F3-STRUCTURE.json,c5a4207c2eb1c708b7e890c3f9e96ca5e8e9923396f1187eb9b00638a0a9666f,VERBATIM_ADMITTED,corpus/evidence/wedge1-aip/stage-b-review/cycle-4-F3-STRUCTURE.json,"selected authority, source, research, evidence, or production input"
wedge1-aip,6bb69176e691199bc232da489374c042441471f0,reviews/2026-09-02-stage-b/cycle-4-F4-ESSENCE.json,fd0a9b8c67763901ccb4a396cd878780d87d591a0175781f5f811ad697d12ef1,VERBATIM_ADMITTED,corpus/evidence/wedge1-aip/stage-b-review/cycle-4-F4-ESSENCE.json,"selected authority, source, research, evidence, or production input"
wedge1-aip,6bb69176e691199bc232da489374c042441471f0,reviews/REVIEWER_BRIEF_TEMPLATE.md,e58a7bdaa835495abe4d4d5cae8e3258e37ad50c7c1638931dce421833f73962,EXCLUDED_INVENTORIED,,development-stage or historical implementation record
wedge1-aip,6bb69176e691199bc232da489374c042441471f0,reviews/REVIEWER_CONTEXT.md,016189b97f861a00492f1f65b2d30b4fdabf05ec0a9107ebe369a2612075d12b,EXCLUDED_INVENTORIED,,development-stage or historical implementation record
wedge1-aip,6bb69176e691199bc232da489374c042441471f0,reviews/REVIEW_WORKFLOW.md,b493655c017a927a16ebeaffb55dc9b4c8fc3dbec569a69e14464d65ee77a85e,EXCLUDED_INVENTORIED,,development-stage or historical implementation record
wedge1-aip,6bb69176e691199bc232da489374c042441471f0,reviews/act-census-ruling.md,7b1287b832a1ad2b5d8bf957be3d5bc2de8d8f8f04fa9a9b4a2053af34728063,EXCLUDED_INVENTORIED,,development-stage or historical implementation record
wedge1-aip,6bb69176e691199bc232da489374c042441471f0,reviews/b1.1-implementation-canon.md,50beaad3dc2ce219b5ffdbf817a412367702488f23f911507a01ef7c5dcc7415,EXCLUDED_INVENTORIED,,development-stage or historical implementation record
wedge1-aip,6bb69176e691199bc232da489374c042441471f0,reviews/b1.1-implementation-foundry.md,73d982ba5fa188db4b370449aa3a3e72fdfde9a6dca42bfa07a3fe93e2a2fb10,EXCLUDED_INVENTORIED,,development-stage or historical implementation record
wedge1-aip,6bb69176e691199bc232da489374c042441471f0,reviews/b1.1-implementation-operating-picture.md,3eef772e153d92428a69648cfaea299e37652e7f40ce840f17e0cbc189269bca,EXCLUDED_INVENTORIED,,development-stage or historical implementation record
wedge1-aip,6bb69176e691199bc232da489374c042441471f0,reviews/b1.1-parcel-source-transition-final-review.md,6016b47c76bb0261dc8507c733ea770961e3f50dc71f08cb9fa39e78096ae99f,EXCLUDED_INVENTORIED,,development-stage or historical implementation record
wedge1-aip,6bb69176e691199bc232da489374c042441471f0,reviews/b1.1-parcel-source-transition-review.md,8bae1539aa28f0a80d633549a2ae321cabfa44d527b29f0483997196709f0223,EXCLUDED_INVENTORIED,,development-stage or historical implementation record
wedge1-aip,6bb69176e691199bc232da489374c042441471f0,reviews/b1.1-plan-final-review.md,e5aed060535da8c9e75a2de3332153d8c05443094474bc2520348632e5cdc1f0,EXCLUDED_INVENTORIED,,development-stage or historical implementation record
wedge1-aip,6bb69176e691199bc232da489374c042441471f0,reviews/b1.1-plan-re-review.md,205bfd2ff84d7db733551c8739148633135984e5978c6712fa936bcd6955ba49,EXCLUDED_INVENTORIED,,development-stage or historical implementation record
wedge1-aip,6bb69176e691199bc232da489374c042441471f0,reviews/b1.1-plan-review.md,3d86980742d468ce03084bc8e16bffe86ef879c5718473a1a4ad98acff4f8ccf,EXCLUDED_INVENTORIED,,development-stage or historical implementation record
wedge1-aip,6bb69176e691199bc232da489374c042441471f0,reviews/b1.1-re-review-ruling.md,b3de8e3b3a59ecb86ce0cd0e53fda85064f0560e8f4110af07ade1c610e84609,EXCLUDED_INVENTORIED,,development-stage or historical implementation record
wedge1-aip,6bb69176e691199bc232da489374c042441471f0,reviews/b2-duty-slice-ontology-final-review.md,9d13b1852a5e84d307ccb5f7e47c6f4bcc1b062a784ebfe99f0b4d4e1724c6db,EXCLUDED_INVENTORIED,,development-stage or historical implementation record
wedge1-aip,6bb69176e691199bc232da489374c042441471f0,reviews/b2-duty-slice-ontology-plan-review.md,2396dcde13ecd003d25435d2d7cad262eef330333632b19e2dadb85f642c3df9,EXCLUDED_INVENTORIED,,development-stage or historical implementation record
wedge1-aip,6bb69176e691199bc232da489374c042441471f0,reviews/b2-instrument-media-amendment-final-review.md,873b16159e769e162806e48c803e65daeb83802c6c5d1604fd97481865725e24,EXCLUDED_INVENTORIED,,development-stage or historical implementation record
wedge1-aip,6bb69176e691199bc232da489374c042441471f0,reviews/b2-instrument-media-amendment-review.md,7f95448867117ef264e735ef9b1d52f8b6ed0a19a3230bee782330172a9b4256,EXCLUDED_INVENTORIED,,development-stage or historical implementation record
wedge1-aip,6bb69176e691199bc232da489374c042441471f0,reviews/b3-kernel-adversarial-verification.md,7024861553db1b040888f5da75020d123d33073e785463a2ab3d4e2fd423d6b3,EXCLUDED_INVENTORIED,,development-stage or historical implementation record
wedge1-aip,6bb69176e691199bc232da489374c042441471f0,reviews/b3-kernel-alignment-final-review.md,89e0c28d605a2aabf1cda18fa3c84099a67edbb26403e7dfbec25bec97e56017,EXCLUDED_INVENTORIED,,development-stage or historical implementation record
wedge1-aip,6bb69176e691199bc232da489374c042441471f0,reviews/b3-kernel-alignment-review.md,72b28f3f8ad1db39fb89d4f3e2311324b0cd5e51ff7c6f610f95e7738fd51287,EXCLUDED_INVENTORIED,,development-stage or historical implementation record
wedge1-aip,6bb69176e691199bc232da489374c042441471f0,reviews/b3-kernel-platform-review.md,a336979e6e7ee3fad811ec57e2a6c20251cc9a79e23a4a5a2512b827f53dd3f7,EXCLUDED_INVENTORIED,,development-stage or historical implementation record
wedge1-aip,6bb69176e691199bc232da489374c042441471f0,reviews/b3-pure-dispatch-kernel-final-review.md,63c3dbbc2191bff590e496d3ca5e848039efddd6b6782d275bf8fa530dfc482b,EXCLUDED_INVENTORIED,,development-stage or historical implementation record
wedge1-aip,6bb69176e691199bc232da489374c042441471f0,reviews/b3-pure-dispatch-kernel-implementation-review.md,1a8b9c2a077d75ca7e741ddbfdcdfd6a1d77ccb7c1f5f8ba0dcff25e1321a77c,EXCLUDED_INVENTORIED,,development-stage or historical implementation record
wedge1-aip,6bb69176e691199bc232da489374c042441471f0,reviews/b3-pure-dispatch-kernel-plan-review.md,3ee6fce04e86f58faaf635581520d279545efbf08d6cdd287af6c72427ac3958,EXCLUDED_INVENTORIED,,development-stage or historical implementation record
wedge1-aip,6bb69176e691199bc232da489374c042441471f0,reviews/b4-capacity-plan-review.md,cf827a103cde454ce3521971794a6a4a3b2ce3508adb53e38f0a946dae2fe077,EXCLUDED_INVENTORIED,,development-stage or historical implementation record
wedge1-aip,6bb69176e691199bc232da489374c042441471f0,reviews/browser-lane-audit.md,9215436a65b3bc9b7fc75251d7ab09b8db1b778ef42de5226668f2c0956c33db,EXCLUDED_INVENTORIED,,development-stage or historical implementation record
wedge1-aip,6bb69176e691199bc232da489374c042441471f0,reviews/capability-rulings.md,09bac7c7514936e43188c12a84695d24c163624277e4a9c3e8812bace484c678,EXCLUDED_INVENTORIED,,development-stage or historical implementation record
wedge1-aip,6bb69176e691199bc232da489374c042441471f0,reviews/consultant-2026-08-19-adjudication.md,2859c9806bec9d11bf7572207fd9799e74ea1fad5f7e5823bcf51aa4c75ffca3,EXCLUDED_INVENTORIED,,development-stage or historical implementation record
wedge1-aip,6bb69176e691199bc232da489374c042441471f0,reviews/data-to-master-plan-review.md,3edb4bf506ddda3e38d3ed8a9fd47db1d1613510fdeda0d747008e86b5934be0,EXCLUDED_INVENTORIED,,development-stage or historical implementation record
wedge1-aip,6bb69176e691199bc232da489374c042441471f0,reviews/deferral-audit.md,02f0b755516b6ee9c78941ab69e7886945477e8c8f47819926ef6f313ef59fec,EXCLUDED_INVENTORIED,,development-stage or historical implementation record
wedge1-aip,6bb69176e691199bc232da489374c042441471f0,reviews/ferro-b1-data-spine.md,40a0e43fcf1fcd3a6a8bb868845a83f35ceadc04645d12b12ca2800689843289,EXCLUDED_INVENTORIED,,development-stage or historical implementation record
wedge1-aip,6bb69176e691199bc232da489374c042441471f0,reviews/ferro-b1.1-platform-native.md,a9364fcc33645b147bcb6e93c38c88fcd8253b37175dd09c81b2ecff269c756c,EXCLUDED_INVENTORIED,,development-stage or historical implementation record
wedge1-aip,6bb69176e691199bc232da489374c042441471f0,reviews/ferro-cordon-build-sequence-commit.md,a11b05117a1cb6c2f396a64f321c317c838e0e5802b6012f0fcbde349abf9cd4,EXCLUDED_INVENTORIED,,development-stage or historical implementation record
wedge1-aip,6bb69176e691199bc232da489374c042441471f0,reviews/ferro-cordon-demo-recon-commit.md,332ae7909418d57328c8f4e2ff7712644e1de634ce7c7c2b234cbf7c0bdcff39,EXCLUDED_INVENTORIED,,development-stage or historical implementation record
wedge1-aip,6bb69176e691199bc232da489374c042441471f0,reviews/ferro-cordon-reference-repo.md,0605a87cc07f4d41a3c8f737e4f736848c9acdab69a39664459b87f9c5868006,EXCLUDED_INVENTORIED,,development-stage or historical implementation record
wedge1-aip,6bb69176e691199bc232da489374c042441471f0,reviews/ferro-cordon-semantic-pack-commit.md,3d7abe7176e9cf356427441cab2ff984cb7c11f3c33480dd1cafb4140c2590de,EXCLUDED_INVENTORIED,,development-stage or historical implementation record
wedge1-aip,6bb69176e691199bc232da489374c042441471f0,reviews/ontology-enrichment-cycle1.md,2089f8ffc1ad769692e2bb0423121d209d62b84942e4d792085a892d408ac32a,EXCLUDED_INVENTORIED,,development-stage or historical implementation record
wedge1-aip,6bb69176e691199bc232da489374c042441471f0,reviews/ontology-enrichment-merged.md,a3be8415fd99b1bd36e7ab59f5d2c83dbbdb78465f46c039a4c7c612463f6c93,EXCLUDED_INVENTORIED,,development-stage or historical implementation record
wedge1-aip,6bb69176e691199bc232da489374c042441471f0,reviews/ontology-enrichment-plan-review.md,75abefe2491bf20dbd72dda9623c88194f007803be46c972d08c69f6f477716c,EXCLUDED_INVENTORIED,,development-stage or historical implementation record
wedge1-aip,6bb69176e691199bc232da489374c042441471f0,reviews/ontology-enrichment-verdict.md,6812b942aa65a0f9cfed24ac1bf0cfc0a5a535f88681c2a4a449a32e38486df0,EXCLUDED_INVENTORIED,,development-stage or historical implementation record
wedge1-aip,6bb69176e691199bc232da489374c042441471f0,reviews/reground-ferro-and-zones.md,e3a6373e3f8928f99da3c766d425bfa847ddf3215897f265c7e42b8f8f37626a,EXCLUDED_INVENTORIED,,development-stage or historical implementation record
wedge1-aip,6bb69176e691199bc232da489374c042441471f0,reviews/reground-scale-and-lane.md,7cf84ebf6b9523f3f93dc277ecc0ad870bc9c782319f3a693b2c9113709fc07b,EXCLUDED_INVENTORIED,,development-stage or historical implementation record
wedge1-aip,6bb69176e691199bc232da489374c042441471f0,reviews/repo-backup-and-exposure.md,41681b6effd32436a1a00930afd6dce4a55c22b61a8a2fd109f7862695cf8a39,EXCLUDED_INVENTORIED,,development-stage or historical implementation record
wedge1-aip,6bb69176e691199bc232da489374c042441471f0,reviews/setup-w1-w2-plan-review.md,f2eefe189b22e5eece0b19bbcf986e1ffd2bf31ea755977b81352a293688052f,EXCLUDED_INVENTORIED,,development-stage or historical implementation record
wedge1-aip,6bb69176e691199bc232da489374c042441471f0,reviews/surface-capability-probes-plan-review.md,2c6bef746262f160a8339e041fb2fff0848938bb8e027aab944ac73c68615e7b,EXCLUDED_INVENTORIED,,development-stage or historical implementation record
wedge1-aip,6bb69176e691199bc232da489374c042441471f0,reviews/tier0-cycle1-domain.md,df47bdbeb3e9e5918a6648f0c1dae8b53e21dd43f9bce4ce96ba2209b3bd140f,EXCLUDED_INVENTORIED,,development-stage or historical implementation record
wedge1-aip,6bb69176e691199bc232da489374c042441471f0,reviews/tier0-cycle1-ontology.md,7e763b2e9b7d1b8399b347b1e5d610c7c40e8ad535985e2cbccde80372f3437a,EXCLUDED_INVENTORIED,,development-stage or historical implementation record
wedge1-aip,6bb69176e691199bc232da489374c042441471f0,reviews/tier0-cycle1-platform.md,ea0b2b9c510ed561309577afac74c5d54335ed4c8bfa71ce64470afbe620419e,EXCLUDED_INVENTORIED,,development-stage or historical implementation record
wedge1-aip,6bb69176e691199bc232da489374c042441471f0,reviews/tier0-cycle1.md,c4e14f4f11f7ec2542f79c4ee1a608ec8afe6125ceee1a907a3c1c11e618bd9f,EXCLUDED_INVENTORIED,,development-stage or historical implementation record
wedge1-aip,6bb69176e691199bc232da489374c042441471f0,reviews/tier0-cycle2-domain.md,e559dca4d53efd7c0fe6a8a86567d155f8d955b645e587e96bf852321d3fc15f,EXCLUDED_INVENTORIED,,development-stage or historical implementation record
wedge1-aip,6bb69176e691199bc232da489374c042441471f0,reviews/tier0-cycle2-ontology.md,cb7deba27a99f371837eaaa336a1d940305ec4f90ed90fbcd2f6e06848ca5a74,EXCLUDED_INVENTORIED,,development-stage or historical implementation record
wedge1-aip,6bb69176e691199bc232da489374c042441471f0,reviews/tier0-cycle2-platform.md,3498d171ee975dfe229fc4dc972147621c174206a0f377d47d754f98b8a61acd,EXCLUDED_INVENTORIED,,development-stage or historical implementation record
wedge1-aip,6bb69176e691199bc232da489374c042441471f0,reviews/tier0-cycle2.md,0af59cc19050b9d9bea001eb29fc23d69a045c0ca23c4167053340665e54944d,EXCLUDED_INVENTORIED,,development-stage or historical implementation record
wedge1-aip,6bb69176e691199bc232da489374c042441471f0,reviews/tier0-cycle3-domain.md,97958d7c9127be5fa162ff2cfa8081cf6c3b17facab09478a8a60f7fdcd3717d,EXCLUDED_INVENTORIED,,development-stage or historical implementation record
wedge1-aip,6bb69176e691199bc232da489374c042441471f0,reviews/tier0-cycle3-ontology.md,8c05ef1e2b980cf0ec09b2a44017f76ad7c2849c7e9994eefeff57f1a20d64b2,EXCLUDED_INVENTORIED,,development-stage or historical implementation record
wedge1-aip,6bb69176e691199bc232da489374c042441471f0,reviews/tier0-cycle3-platform.md,4ea8169a9d2e520a121199901616ee89bc61a45940f82f17e6a6acc6e28b3060,EXCLUDED_INVENTORIED,,development-stage or historical implementation record
wedge1-aip,6bb69176e691199bc232da489374c042441471f0,reviews/tier0-cycle3.md,712ae8d2ba0fb6f1fc30103f2c445dc1cfbb12547bde2d40cefe09216cbf8a66,EXCLUDED_INVENTORIED,,development-stage or historical implementation record
wedge1-aip,6bb69176e691199bc232da489374c042441471f0,reviews/tier0-cycle4-plan-review.md,d1ee0dd99c6c4da016b0647d07c47b53013e9aec789790c0c10199754fc1b638,EXCLUDED_INVENTORIED,,development-stage or historical implementation record
wedge1-aip,6bb69176e691199bc232da489374c042441471f0,reviews/tier0-cycle4.md,4f90523a07c0edb489c9343428e4f8d30f1cd2ac0539cd1cb30e4b4014392f5b,EXCLUDED_INVENTORIED,,development-stage or historical implementation record
wedge1-aip,6bb69176e691199bc232da489374c042441471f0,reviews/tier0-cycle5.md,8d1f4e01fd350e31454dd3a7f2a04cafb41d9de9b6a618f59fadc82994b787c1,EXCLUDED_INVENTORIED,,development-stage or historical implementation record
wedge1-aip,6bb69176e691199bc232da489374c042441471f0,reviews/tier0-f1-verdict.md,9c736fd098fb2ac6742446c673541e117c827d5a2c06ac8c6fca49a19f51764b,EXCLUDED_INVENTORIED,,development-stage or historical implementation record
wedge1-aip,6bb69176e691199bc232da489374c042441471f0,reviews/tier0-f2-verdict.md,dcc8474c9f7c01ec778a2d2296b6c380524966941be2d976841728bab90a90d5,EXCLUDED_INVENTORIED,,development-stage or historical implementation record
wedge1-aip,6bb69176e691199bc232da489374c042441471f0,reviews/tier0-f3-verdict.md,edb032705e9556ae8c72f4c383f753078f2eeae9245c4ead7cf8af3ab3ebbe48,EXCLUDED_INVENTORIED,,development-stage or historical implementation record
wedge1-aip,6bb69176e691199bc232da489374c042441471f0,reviews/tier0-spine-plan-review.md,1e5223c62f65ae210061fd780c1f9a0bfdf80044642396bde5c1c9a014653e6b,EXCLUDED_INVENTORIED,,development-stage or historical implementation record
wedge1-aip,6bb69176e691199bc232da489374c042441471f0,reviews/tierE-engine-plan-review.md,ac3e0815c77c37171b7a7d244b3294e1bdee7c7dfc4f69976468f120ceb7ddd6,EXCLUDED_INVENTORIED,,development-stage or historical implementation record
wedge1-aip,6bb69176e691199bc232da489374c042441471f0,reviews/tierG-addendum-plan-review.md,59c551c933bb1aa8977eee57ba9de33bf5a7e7568d4fe6e361de00c406adb8cc,EXCLUDED_INVENTORIED,,development-stage or historical implementation record
wedge1-aip,6bb69176e691199bc232da489374c042441471f0,reviews/tierG-cadastral-gf.md,3f0b613f3d5f687fc7e7f611ce7a789c0c48e7ea632aa41a015cf59d46aa194f,EXCLUDED_INVENTORIED,,development-stage or historical implementation record
wedge1-aip,6bb69176e691199bc232da489374c042441471f0,reviews/tierG-plan-review.md,4cba9cfa929cb6e1a77ae65d7a4204ab0f5451177a31c7c0d1bef33f8dd5ab64,EXCLUDED_INVENTORIED,,development-stage or historical implementation record
wedge1-aip,6bb69176e691199bc232da489374c042441471f0,reviews/tierL-legal-corpus-plan-review.md,a9559826ac5bb3d9610fd0f628802a3544bd3e61ac2e1066255bff93d8de71ea,EXCLUDED_INVENTORIED,,development-stage or historical implementation record
wedge1-aip,6bb69176e691199bc232da489374c042441471f0,reviews/tierP-product-plan-review.md,b0cdb8dcfbab162c214d803223e5cc201ba724ee7108cd7c919bf8e53c5554a1,EXCLUDED_INVENTORIED,,development-stage or historical implementation record
wedge1-aip,6bb69176e691199bc232da489374c042441471f0,reviews/w1-cycle1-domain.md,16f0b5a72e678e6ec9987d87f4a88cf52d24b9b5b5b24e58bfe44043bea16744,EXCLUDED_INVENTORIED,,development-stage or historical implementation record
wedge1-aip,6bb69176e691199bc232da489374c042441471f0,reviews/w1-cycle1-ontology.md,7b2ba0fe094405dd8c95118237ba8c118a018424f3eb3ac18d1e4a175fbc3e76,EXCLUDED_INVENTORIED,,development-stage or historical implementation record
wedge1-aip,6bb69176e691199bc232da489374c042441471f0,reviews/w1-cycle1-platform.md,dee7b7e302cb751c87a0eb2685f528215b41d323cff5201ea86c17d26276c966,EXCLUDED_INVENTORIED,,development-stage or historical implementation record
wedge1-aip,6bb69176e691199bc232da489374c042441471f0,reviews/w1-cycle1.md,63512a202f4905e9ec96019c81d90cbbf88fcaf42db017b79ca77c9989f5acfe,EXCLUDED_INVENTORIED,,development-stage or historical implementation record
wedge1-aip,6bb69176e691199bc232da489374c042441471f0,reviews/w1-cycle2.md,0dc66e7b033404e3adc4bb822af13c30d4e9807b24ff888066ed47f20998e76d,EXCLUDED_INVENTORIED,,development-stage or historical implementation record
wedge1-aip,6bb69176e691199bc232da489374c042441471f0,reviews/w1-merge-ruling-2.md,5ddbffb13b83988f7543b6136bbbc80625ed839172ebdc03b3dae2be4cc673b6,EXCLUDED_INVENTORIED,,development-stage or historical implementation record
wedge1-aip,6bb69176e691199bc232da489374c042441471f0,reviews/w1-merge-ruling-3.md,6bc6bd731ee4645f390576d8c4d944173a6ff5cbd4b0f4b17aad4afdb3a6c08f,EXCLUDED_INVENTORIED,,development-stage or historical implementation record
wedge1-aip,6bb69176e691199bc232da489374c042441471f0,reviews/w1-merge-ruling-4.md,464a4b1ba6a47a1363d7172f5834a73b53381f6fd908a203e7245b9fd01973ff,EXCLUDED_INVENTORIED,,development-stage or historical implementation record
wedge1-aip,6bb69176e691199bc232da489374c042441471f0,reviews/w1-merge-ruling-5.md,301d94e06089961874e29c28858a88d02051a6a2d35d9bfcd768a12198b87c4f,EXCLUDED_INVENTORIED,,development-stage or historical implementation record
wedge1-aip,6bb69176e691199bc232da489374c042441471f0,reviews/w1-merge-ruling-6.md,3433e7eb3387279e504a14d4c62e4e1b78d8d371e9a687ae46b60d65232cc16d,EXCLUDED_INVENTORIED,,development-stage or historical implementation record
wedge1-aip,6bb69176e691199bc232da489374c042441471f0,reviews/w1-merged.md,cbcff4387c8f9120740f7f48a34083eb34364c2b6481cb389c3c594f6876be15,EXCLUDED_INVENTORIED,,development-stage or historical implementation record
wedge1-aip,6bb69176e691199bc232da489374c042441471f0,reviews/w2-cycle1-domain.md,49a9237804eaf2d02dda82b9986e4800b55d61d73ca8dd57be3414a25e37ea12,EXCLUDED_INVENTORIED,,development-stage or historical implementation record
wedge1-aip,6bb69176e691199bc232da489374c042441471f0,reviews/w2-cycle1-ontology.md,35dda4992ea639466dfbff6927b93a0e0d4de79dc19e1658621f19f1176b39de,EXCLUDED_INVENTORIED,,development-stage or historical implementation record
wedge1-aip,6bb69176e691199bc232da489374c042441471f0,reviews/w2-cycle1-platform.md,04f989097c8225556b643d144d0616c1421d72db2cde03c2e702a4ff2bd0504b,EXCLUDED_INVENTORIED,,development-stage or historical implementation record
wedge1-aip,6bb69176e691199bc232da489374c042441471f0,reviews/w2-cycle1.md,f750737102c9c229297628828800b9c1b91a8120fa808e7dbfe31996c9916352,EXCLUDED_INVENTORIED,,development-stage or historical implementation record
wedge1-aip,6bb69176e691199bc232da489374c042441471f0,reviews/w2-cycle2.md,9ff429786d9a43978ecb8bd1b7af294a6b873aa99bd835c5161942c0de96720b,EXCLUDED_INVENTORIED,,development-stage or historical implementation record
wedge1-aip,6bb69176e691199bc232da489374c042441471f0,reviews/w2-cycle3.md,73a9ecbd8d9cd8244cea8a7be8056a8da87d16ea3031c23d9100fbce42ee7a68,EXCLUDED_INVENTORIED,,development-stage or historical implementation record
wedge1-aip,6bb69176e691199bc232da489374c042441471f0,reviews/w2-merged.md,ec127ada1a1bc13db5a922342f2f240419bc30cbda4bc7fa644cf5deea2acd1d,EXCLUDED_INVENTORIED,,development-stage or historical implementation record
wedge1-aip,6bb69176e691199bc232da489374c042441471f0,reviews/w3-close-ruling.md,ffbe30e651c80419e8cc88a0a67971b13a7ec20935a987e84a9e7824b91f6048,EXCLUDED_INVENTORIED,,development-stage or historical implementation record
wedge1-aip,6bb69176e691199bc232da489374c042441471f0,reviews/w3-cycle-count-escalation.md,4dab0205f7363fd93fc5c92b630018428fb1b2abcb17c17fb7227e757f5b091f,EXCLUDED_INVENTORIED,,development-stage or historical implementation record
wedge1-aip,6bb69176e691199bc232da489374c042441471f0,reviews/w3-cycle1-domain.md,c98d9449b33b7b6c269704be188857afab13ce17b82e705c9935e3bebfb2fa05,EXCLUDED_INVENTORIED,,development-stage or historical implementation record
wedge1-aip,6bb69176e691199bc232da489374c042441471f0,reviews/w3-cycle1-ontology.md,79d747bed49c753bad3f4af337408b1a3078a51ccbab39f27185154e5f6f1f02,EXCLUDED_INVENTORIED,,development-stage or historical implementation record
wedge1-aip,6bb69176e691199bc232da489374c042441471f0,reviews/w3-cycle1-platform.md,582a6f1d658bb29ef5c2f33093b769b3fc290344fe0d0689f292d7da51364462,EXCLUDED_INVENTORIED,,development-stage or historical implementation record
wedge1-aip,6bb69176e691199bc232da489374c042441471f0,reviews/w3-cycle1.md,718d74cc6719ac51df8e671954ab0a9abc2d2ebec9d5c1c8a4f48156597d6329,EXCLUDED_INVENTORIED,,development-stage or historical implementation record
wedge1-aip,6bb69176e691199bc232da489374c042441471f0,reviews/w3-cycle2-domain.md,5b63858c21b6ae0a45451486676d7d71f6d92c824a3c4a6f245ff015aed48148,EXCLUDED_INVENTORIED,,development-stage or historical implementation record
wedge1-aip,6bb69176e691199bc232da489374c042441471f0,reviews/w3-cycle2-ontology.md,535834058871a44d8e4c7fe965b4ea6ae7b60ee0009d6063092786d2a7d93f00,EXCLUDED_INVENTORIED,,development-stage or historical implementation record
wedge1-aip,6bb69176e691199bc232da489374c042441471f0,reviews/w3-cycle2-plan-review.md,434a664e505bfb6e6c77bc62ee1cc1db36410b0a41b46bfb3908de9271f18910,EXCLUDED_INVENTORIED,,development-stage or historical implementation record
wedge1-aip,6bb69176e691199bc232da489374c042441471f0,reviews/w3-cycle2-platform.md,59af8c13ab1b1902e47cc183e48d7f2f8996d5fd58ebdb4e9205d99d1e30a319,EXCLUDED_INVENTORIED,,development-stage or historical implementation record
wedge1-aip,6bb69176e691199bc232da489374c042441471f0,reviews/w3-cycle2-preflight.md,c528410b493972540fcf7e552ed28bdd4b1f5abfff282151c692e3dccf28d4e8,EXCLUDED_INVENTORIED,,development-stage or historical implementation record
wedge1-aip,6bb69176e691199bc232da489374c042441471f0,reviews/w3-cycle2.md,d4afb7d23149d567dd4d5bf55dd1a4fea36571663150b6aa61fd880dde05ecb1,EXCLUDED_INVENTORIED,,development-stage or historical implementation record
wedge1-aip,6bb69176e691199bc232da489374c042441471f0,reviews/w3-cycle3-domain.md,a559a1fd2dbefc905903eed937f5e947be10170b01449104c570d00cd4ac5278,EXCLUDED_INVENTORIED,,development-stage or historical implementation record
wedge1-aip,6bb69176e691199bc232da489374c042441471f0,reviews/w3-cycle3-ontology.md,b683594b2c8fe416540e0487f784e3665f2c2ac63a95f64f9c00827a4875b661,EXCLUDED_INVENTORIED,,development-stage or historical implementation record
wedge1-aip,6bb69176e691199bc232da489374c042441471f0,reviews/w3-cycle3-platform.md,52e1420e92166fb592fe25a3dc85163dd3a9e8e325bf6ace6233d367213deba1,EXCLUDED_INVENTORIED,,development-stage or historical implementation record
wedge1-aip,6bb69176e691199bc232da489374c042441471f0,reviews/w3-cycle3-preflight.md,75ece8aa5cb7e3f79628e27c622a5bd91056c19f595aa2e6153181d932fdcf3d,EXCLUDED_INVENTORIED,,development-stage or historical implementation record
wedge1-aip,6bb69176e691199bc232da489374c042441471f0,reviews/w3-cycle3.md,34453a5c0ed11280e05b042d76ae8cd5daf9e52b04d973deb69c1d779bd35f05,EXCLUDED_INVENTORIED,,development-stage or historical implementation record
wedge1-aip,6bb69176e691199bc232da489374c042441471f0,reviews/w3-cycle4-domain.md,3778cf2d936182aedb1262843ea7888b4ab975afdc6142ff7ff3bb8c1a55f86a,EXCLUDED_INVENTORIED,,development-stage or historical implementation record
wedge1-aip,6bb69176e691199bc232da489374c042441471f0,reviews/w3-cycle4-ontology.md,5f324d9e4fecebf546880620894f6bd1ca9e7c6fe8971cc903dbea3175f74856,EXCLUDED_INVENTORIED,,development-stage or historical implementation record
wedge1-aip,6bb69176e691199bc232da489374c042441471f0,reviews/w3-cycle4-platform.md,55568c77e8a3f95622974064c67069ff955ef60549f41583c51320abfb5d6ffb,EXCLUDED_INVENTORIED,,development-stage or historical implementation record
wedge1-aip,6bb69176e691199bc232da489374c042441471f0,reviews/w3-cycle4.md,42cc14fdb8bee5b1e729dd8c6f239e1114d0ee47f6d89208c4634249450ef417,EXCLUDED_INVENTORIED,,development-stage or historical implementation record
wedge1-aip,6bb69176e691199bc232da489374c042441471f0,reviews/w3-cycle5-domain.md,954e7563ddd19e897eb8a47cd3156ca4f7b160ca7172ff9ea54271bbc4b4e53a,EXCLUDED_INVENTORIED,,development-stage or historical implementation record
wedge1-aip,6bb69176e691199bc232da489374c042441471f0,reviews/w3-cycle5-ontology.md,3dfd8a2016550a539cdc900db8ff90421087a29eccc1d276baa990a3f5439271,EXCLUDED_INVENTORIED,,development-stage or historical implementation record
wedge1-aip,6bb69176e691199bc232da489374c042441471f0,reviews/w3-cycle5-platform.md,680eeed5aea41862a6f44ac641939974d102678f6258d1c63a08e3248ec6c740,EXCLUDED_INVENTORIED,,development-stage or historical implementation record
wedge1-aip,6bb69176e691199bc232da489374c042441471f0,reviews/w3-cycle5-preflight.md,cfbaa923f32b2694f2da83afadcb9a53b45540284a9654b9873fb53137b7f6ae,EXCLUDED_INVENTORIED,,development-stage or historical implementation record
wedge1-aip,6bb69176e691199bc232da489374c042441471f0,reviews/w3-plan-review.md,85f583a3910cfb2bc86560d68f635c8674e691607a21ce5281ebbcbf7802c91c,EXCLUDED_INVENTORIED,,development-stage or historical implementation record
wedge1-aip,6bb69176e691199bc232da489374c042441471f0,reviews/w4-lane-ruling.md,de96dee6a46f2ac89502b65fe4e19c1e888caf139ada3af375588b0afd0cfdf6,EXCLUDED_INVENTORIED,,development-stage or historical implementation record
wedge1-aip,6bb69176e691199bc232da489374c042441471f0,reviews/w4-w5-plan-review.md,cbd2446686c168e374f877f04b1ffc6429f807523326437c9f025035433df0f7,EXCLUDED_INVENTORIED,,development-stage or historical implementation record
wedge1-aip,6bb69176e691199bc232da489374c042441471f0,scarce-cooperative-capacity-allocation-model.md,63fa1a27301840c2f83a1019bb4f0d0539af28b492e3e624ac205c0779ba1347,EXCLUDED_INVENTORIED,,"assessed legacy artifact with no surviving authority, evidence, or production role"
wedge1-aip,6bb69176e691199bc232da489374c042441471f0,scripts/acquire.py,feca401b7b3efa2477daa256bbe707b1325b138167eb52a08fb34cd088a8d01b,EXCLUDED_INVENTORIED,,"legacy, one-time, platform-specific, or superseded script"
wedge1-aip,6bb69176e691199bc232da489374c042441471f0,scripts/build_prescription_addressees.py,8cf09941a79b116d42f22f17ce691691d8b02a3953e1f14cf1a1dfeb81a0f3fa,EXCLUDED_INVENTORIED,,"legacy, one-time, platform-specific, or superseded script"
wedge1-aip,6bb69176e691199bc232da489374c042441471f0,scripts/build_pugliaolive_private_graph.py,f9a86373750eeb7bae35e4993ce33d1dc0c8d1cd43a9f5fe52eaf7a75926050e,EXCLUDED_INVENTORIED,,"legacy, one-time, platform-specific, or superseded script"
wedge1-aip,6bb69176e691199bc232da489374c042441471f0,scripts/build_removal_orders.py,0868be4e3c327c78ec19c98a226a933e5e7476df4a7f9fa482c89922614697f8,EXCLUDED_INVENTORIED,,"legacy, one-time, platform-specific, or superseded script"
wedge1-aip,6bb69176e691199bc232da489374c042441471f0,scripts/build_stage_b.py,c07271d656e2edb811d6f3966aeb80c8248b9547437babb1530d4168aa53c72a,EXCLUDED_INVENTORIED,,"legacy, one-time, platform-specific, or superseded script"
wedge1-aip,6bb69176e691199bc232da489374c042441471f0,scripts/build_stage_b_all.sh,6d7d4520f6ec9b378aa3bdd843f172d3e423ca07b87ddc952f1e40a00ffa3f92,EXCLUDED_INVENTORIED,,"legacy, one-time, platform-specific, or superseded script"
wedge1-aip,6bb69176e691199bc232da489374c042441471f0,scripts/c4a.py,a3182a53f511776d017bd79c1e134901a24b3a29aa8e98de477575cd2ce65853,EXCLUDED_INVENTORIED,,"legacy, one-time, platform-specific, or superseded script"
wedge1-aip,6bb69176e691199bc232da489374c042441471f0,scripts/census.py,2ed7f9fb2e2ef95816a4a426aa3d0bbe04e1643251291b8b0777beb90efee2a9,EXCLUDED_INVENTORIED,,"legacy, one-time, platform-specific, or superseded script"
wedge1-aip,6bb69176e691199bc232da489374c042441471f0,scripts/check_containment_eligibility.py,0ef38d9ac2f1d25551a60db51845914dac7a97a94e4a3f6175c10804e8b4d700,EXCLUDED_INVENTORIED,,"legacy, one-time, platform-specific, or superseded script"
wedge1-aip,6bb69176e691199bc232da489374c042441471f0,scripts/check_ring_parity.py,670937229f764923ad8056e59a322168d66a1b8d1bfce336c03840eb3aea9635,EXCLUDED_INVENTORIED,,"legacy, one-time, platform-specific, or superseded script"
wedge1-aip,6bb69176e691199bc232da489374c042441471f0,scripts/ci_checks.py,f17e3d1f47f2348f337d39ff0b606d22c677631873487e3b2803543e085eb1f3,EXCLUDED_INVENTORIED,,"legacy, one-time, platform-specific, or superseded script"
wedge1-aip,6bb69176e691199bc232da489374c042441471f0,scripts/ci_probe.py,1a106d46cec4c4a352b3e0c7dda459e7e5300f34b4279e6905f29b11e84ff747,EXCLUDED_INVENTORIED,,"legacy, one-time, platform-specific, or superseded script"
wedge1-aip,6bb69176e691199bc232da489374c042441471f0,scripts/connor_commit.sh,d1abde113bf1492477fa7648074bc6675e48763555633f4089bb8992c79661ef,EXCLUDED_INVENTORIED,,"legacy, one-time, platform-specific, or superseded script"
wedge1-aip,6bb69176e691199bc232da489374c042441471f0,scripts/emit_w1_platform.py,af2862098caff100579952b95d7bf08f177f55c8caeeb2bf085089512ba95f84,EXCLUDED_INVENTORIED,,"legacy, one-time, platform-specific, or superseded script"
wedge1-aip,6bb69176e691199bc232da489374c042441471f0,scripts/extract_demo_parcels.py,40d3a14d98ec94b694c0428cab9f08e119ef6be7d77eeb0a8df5b8a85fb290be,EXCLUDED_INVENTORIED,,"legacy, one-time, platform-specific, or superseded script"
wedge1-aip,6bb69176e691199bc232da489374c042441471f0,scripts/extract_ring.py,1cc61be14a70373d9df3176d2722219527f7413a74488b39b94b6d851c8b4025,EXCLUDED_INVENTORIED,,"legacy, one-time, platform-specific, or superseded script"
wedge1-aip,6bb69176e691199bc232da489374c042441471f0,scripts/extract_s1.py,9ba8f7a83bfbf78e3c3a7e91eacec4b208271b52661e536401eae7c593d1c57b,EXCLUDED_INVENTORIED,,"legacy, one-time, platform-specific, or superseded script"
wedge1-aip,6bb69176e691199bc232da489374c042441471f0,scripts/extract_s2_comune.py,9d7c1ebf9bdf67e91ac31b63293b8c93df3b0d43e26b787c4e73201750a1e954,EXCLUDED_INVENTORIED,,"legacy, one-time, platform-specific, or superseded script"
wedge1-aip,6bb69176e691199bc232da489374c042441471f0,scripts/extract_s2_rest.py,dbc5f858523e01f57c2cf14742c3ebc5449eeb85a66dc483568ac71e0eda75b5,EXCLUDED_INVENTORIED,,"legacy, one-time, platform-specific, or superseded script"
wedge1-aip,6bb69176e691199bc232da489374c042441471f0,scripts/fapi.py,94f27341237bd107c72eeeb47f9650c87038741dc5c8c01dabe24624f8249f2e,EXCLUDED_INVENTORIED,,"legacy, one-time, platform-specific, or superseded script"
wedge1-aip,6bb69176e691199bc232da489374c042441471f0,scripts/fbuilds.py,bbb394af43b71f29c5b2eb45a830a5795a3008c50da15b2de67d67347e7059b5,EXCLUDED_INVENTORIED,,"legacy, one-time, platform-specific, or superseded script"
wedge1-aip,6bb69176e691199bc232da489374c042441471f0,scripts/ferro_remove_wfs_gap_steer.md,1adf53622075f10dfe7d6b6b1d4fcd20faaa4357b7c62a6a1e3f6c0693b3264c,EXCLUDED_INVENTORIED,,"legacy, one-time, platform-specific, or superseded script"
wedge1-aip,6bb69176e691199bc232da489374c042441471f0,scripts/ferro_task30_prompt.md,eba1e5b1730fa217f46a3280b0730a17f2c71bfae305af457b59ca218728cdb8,EXCLUDED_INVENTORIED,,"legacy, one-time, platform-specific, or superseded script"
wedge1-aip,6bb69176e691199bc232da489374c042441471f0,scripts/ferro_task31_prompt.md,da78256282bfb43b88464588d000e325e34f37003197e2d15ee519846937ed0d,EXCLUDED_INVENTORIED,,"legacy, one-time, platform-specific, or superseded script"
wedge1-aip,6bb69176e691199bc232da489374c042441471f0,scripts/ferro_task32_prompt.md,450c50344c643113c71ffd8ce7fa45dc5a0d6cc70ab24efbb519770f038172e0,EXCLUDED_INVENTORIED,,"legacy, one-time, platform-specific, or superseded script"
wedge1-aip,6bb69176e691199bc232da489374c042441471f0,scripts/ferro_task33_prompt.md,b06647c91a4b75d99fef560398f952155184e0e8e8db7c001d9d483c51ea6769,EXCLUDED_INVENTORIED,,"legacy, one-time, platform-specific, or superseded script"
wedge1-aip,6bb69176e691199bc232da489374c042441471f0,scripts/ferro_task34_prompt.md,20b444be00f15dd9f8b228cfff4bfafc77dc81a79fb168d4ee39102a790bd747,EXCLUDED_INVENTORIED,,"legacy, one-time, platform-specific, or superseded script"
wedge1-aip,6bb69176e691199bc232da489374c042441471f0,scripts/ferro_task35_prompt.md,77af7332d4a43979bada1d334ec0e6a5ca4b83ec39d43a04bea8d08b0c3a73e2,EXCLUDED_INVENTORIED,,"legacy, one-time, platform-specific, or superseded script"
wedge1-aip,6bb69176e691199bc232da489374c042441471f0,scripts/ferro_task36_prompt.md,50946a2c9aa6a57dbc3cad3523568ea7f308fb251593c175b09a52ad7b95715f,EXCLUDED_INVENTORIED,,"legacy, one-time, platform-specific, or superseded script"
wedge1-aip,6bb69176e691199bc232da489374c042441471f0,scripts/ferro_task37_prompt.md,d7f0678f451a44f4b8300a907346f6fa55afc921037a7d8594eb1fdb78b06799,EXCLUDED_INVENTORIED,,"legacy, one-time, platform-specific, or superseded script"
wedge1-aip,6bb69176e691199bc232da489374c042441471f0,scripts/ferro_task38_prompt.md,1741d335adf6081ee8dbd7dcffc75107e76e6611940b9f68345f2539459c1f41,EXCLUDED_INVENTORIED,,"legacy, one-time, platform-specific, or superseded script"
wedge1-aip,6bb69176e691199bc232da489374c042441471f0,scripts/ferro_task39_prompt.md,12506afafbc28055c78cd12cd39324f6846d5e94fbca6b66b339551cb2f5a109,EXCLUDED_INVENTORIED,,"legacy, one-time, platform-specific, or superseded script"
wedge1-aip,6bb69176e691199bc232da489374c042441471f0,scripts/ferro_task40_prompt.md,78b2f25f2a8565bbbaefb3a5b6ec6067052e154f2fdacd090aba56975c9b997d,EXCLUDED_INVENTORIED,,"legacy, one-time, platform-specific, or superseded script"
wedge1-aip,6bb69176e691199bc232da489374c042441471f0,scripts/ferro_task41_prompt.md,05fe3b7b93d06a44ae5fec78e5a82054302807d3f90b00ff7e1fb3885dafce6b,EXCLUDED_INVENTORIED,,"legacy, one-time, platform-specific, or superseded script"
wedge1-aip,6bb69176e691199bc232da489374c042441471f0,scripts/ferro_task42_prompt.md,3256b8cb6806e63f0220b9f9e329fab4b40b255765f984eb0bf18f64bdd6c340,EXCLUDED_INVENTORIED,,"legacy, one-time, platform-specific, or superseded script"
wedge1-aip,6bb69176e691199bc232da489374c042441471f0,scripts/ferro_task43_prompt.md,31709448212093042c12e066fdf275194e9a89aa593bc08c641146a7a0d476c6,EXCLUDED_INVENTORIED,,"legacy, one-time, platform-specific, or superseded script"
wedge1-aip,6bb69176e691199bc232da489374c042441471f0,scripts/ferro_task44_prompt.md,8423789d4c3c0d9329da2160d5ecdb1a98454ae3faee59e505acf6a9b046c9f4,EXCLUDED_INVENTORIED,,"legacy, one-time, platform-specific, or superseded script"
wedge1-aip,6bb69176e691199bc232da489374c042441471f0,scripts/ferro_task45_prompt.md,72add6c062594dc9c58a94ba02e977b193c81738bbd50c21ce034db3dfd27526,EXCLUDED_INVENTORIED,,"legacy, one-time, platform-specific, or superseded script"
wedge1-aip,6bb69176e691199bc232da489374c042441471f0,scripts/ferro_task46_prompt.md,170fa695ba128a695f1d67a37e662a23a3fe715b6c5e83a5e27797ccddcafab6,EXCLUDED_INVENTORIED,,"legacy, one-time, platform-specific, or superseded script"
wedge1-aip,6bb69176e691199bc232da489374c042441471f0,scripts/ferro_task47_prompt.md,e06b5996adc15bfc1b97709e8bffc44ab2c76cb4b1aab313728866db16f973ee,EXCLUDED_INVENTORIED,,"legacy, one-time, platform-specific, or superseded script"
wedge1-aip,6bb69176e691199bc232da489374c042441471f0,scripts/ferro_task47_steer.md,eba28c62f15cf77e674ddf946259018208ca4ecedba1677a1331c52817124ef6,EXCLUDED_INVENTORIED,,"legacy, one-time, platform-specific, or superseded script"
wedge1-aip,6bb69176e691199bc232da489374c042441471f0,scripts/ferro_task48_prompt.md,20ac8a543f1b71be0a6c04fa71320b011188c0d676b1732d2a5b3d2381a50ec3,EXCLUDED_INVENTORIED,,"legacy, one-time, platform-specific, or superseded script"
wedge1-aip,6bb69176e691199bc232da489374c042441471f0,scripts/ferro_task49_finish_b1.1.md,89b7e2e288b720464f9f3e44f48db42f8a0302f79d16aea9a7a41215a7b9fc23,EXCLUDED_INVENTORIED,,"legacy, one-time, platform-specific, or superseded script"
wedge1-aip,6bb69176e691199bc232da489374c042441471f0,scripts/ferro_task50_media_and_close_b1.1.md,fb808283638d9bde083810ddc407d493bad5be667d1329e8eb89524a14e80273,EXCLUDED_INVENTORIED,,"legacy, one-time, platform-specific, or superseded script"
wedge1-aip,6bb69176e691199bc232da489374c042441471f0,scripts/ferro_task51_trivial_b11_recovery.md,2b631d5a9b90049a588a6127ce0f00ee826bc458ec9254def7608573f54f4682,EXCLUDED_INVENTORIED,,"legacy, one-time, platform-specific, or superseded script"
wedge1-aip,6bb69176e691199bc232da489374c042441471f0,scripts/ferro_task52_sprint_close_b11.md,efaf216c4d0f9279e7a6e0cdd054f5415debae28124db46d62eebe9fcde06f53,EXCLUDED_INVENTORIED,,"legacy, one-time, platform-specific, or superseded script"
wedge1-aip,6bb69176e691199bc232da489374c042441471f0,scripts/ferro_wfs_only_steer.md,7f33416b34c7e10851971bbb6489c8b1e9fceef74c6fe0bd65caa09919e935b2,EXCLUDED_INVENTORIED,,"legacy, one-time, platform-specific, or superseded script"
wedge1-aip,6bb69176e691199bc232da489374c042441471f0,scripts/foundry_browser_client.py,b5933c722c60824d42332be9b9033543452675cfd978bec90d989796bcf28889,EXCLUDED_INVENTORIED,,"legacy, one-time, platform-specific, or superseded script"
wedge1-aip,6bb69176e691199bc232da489374c042441471f0,scripts/foundry_env.sh,2462fc54b0e9573f7314873ce6628b614d637cb54ededfa31565e2113aa8fde8,EXCLUDED_INVENTORIED,,"legacy, one-time, platform-specific, or superseded script"
wedge1-aip,6bb69176e691199bc232da489374c042441471f0,scripts/foundry_probe.sh,50c947ae6ac3120a7ce8e4bb01b8f22f4cfc8393ef8d954593b26213dea68112,EXCLUDED_INVENTORIED,,"legacy, one-time, platform-specific, or superseded script"
wedge1-aip,6bb69176e691199bc232da489374c042441471f0,scripts/fwrite.py,c1f7db4ea667ef4cc38c50f1a7d3c1f110c839aeb99d837d2c6199c8e7cb109c,EXCLUDED_INVENTORIED,,"legacy, one-time, platform-specific, or superseded script"
wedge1-aip,6bb69176e691199bc232da489374c042441471f0,scripts/generate_jurisdiction_step6.py,a8191f5f6b9d054ee603f0500e3cfc8868f31ae8d9727ed3a05a70c938b6f65e,VERBATIM_ADMITTED,scripts/generate_jurisdiction_step6.py,"selected authority, source, research, evidence, or production input"
wedge1-aip,6bb69176e691199bc232da489374c042441471f0,scripts/generate_stage_a_eu_projections.py,f3dedf374810831856c6e8d7912f0183fad59aa76af9c29881864d720d36b1a1,VERBATIM_ADMITTED,scripts/generate_stage_a_eu_projections.py,"selected authority, source, research, evidence, or production input"
wedge1-aip,6bb69176e691199bc232da489374c042441471f0,scripts/generate_stage_b.py,caec28159bfecece117dd487937ad22ccbc8915ea423e38e42d0a4b21ed36f4b,VERBATIM_ADMITTED,scripts/generate_stage_b.py,"selected authority, source, research, evidence, or production input"
wedge1-aip,6bb69176e691199bc232da489374c042441471f0,scripts/html_to_text.py,2fdd081979564c0d248586761b9171c9158d7c98974a5573daba616cd0eab07b,EXCLUDED_INVENTORIED,,"legacy, one-time, platform-specific, or superseded script"
wedge1-aip,6bb69176e691199bc232da489374c042441471f0,scripts/merge_proposal.py,f66b697efaa90925a52830f9924bee143ee915f738daa9dde577b2e3f1f6eecc,EXCLUDED_INVENTORIED,,"legacy, one-time, platform-specific, or superseded script"
wedge1-aip,6bb69176e691199bc232da489374c042441471f0,scripts/operating_picture.py,dea1c0b66291c2013ac2f03372ed2d219a399026a479ea3b2638c14fba775f2c,EXCLUDED_INVENTORIED,,"legacy, one-time, platform-specific, or superseded script"
wedge1-aip,6bb69176e691199bc232da489374c042441471f0,scripts/parse_addressee_positions.py,c4577def6148e1bd3479262a7c343fbd43575de80e9b7d629eb8fd320b696e6e,EXCLUDED_INVENTORIED,,"legacy, one-time, platform-specific, or superseded script"
wedge1-aip,6bb69176e691199bc232da489374c042441471f0,scripts/repair_procedure_steps.py,7dd8bcda3b92efeffc87cd066adbfeae5a52845a76077f67f0106523219e505c,EXCLUDED_INVENTORIED,,"legacy, one-time, platform-specific, or superseded script"
wedge1-aip,6bb69176e691199bc232da489374c042441471f0,scripts/resolve_rule.py,981633d443b31c4a0dae2d2c61b26c454d82c86e16b28b4ad07028c1bde189de,EXCLUDED_INVENTORIED,,"legacy, one-time, platform-specific, or superseded script"
wedge1-aip,6bb69176e691199bc232da489374c042441471f0,scripts/run_ferro_task1.sh,11e7868248840f179d1609c1f8ed2e4723d4b8ee7f1c3e1c31f250ab415bca90,EXCLUDED_INVENTORIED,,"legacy, one-time, platform-specific, or superseded script"
wedge1-aip,6bb69176e691199bc232da489374c042441471f0,scripts/run_ferro_task10.sh,4d91b5bc51bf75bf322f9ba316d4f306afe8e3ccc50982f26c393e71aff49421,EXCLUDED_INVENTORIED,,"legacy, one-time, platform-specific, or superseded script"
wedge1-aip,6bb69176e691199bc232da489374c042441471f0,scripts/run_ferro_task11.sh,c866f0d64e2089cdb9de5c87e27f3c2efadfbf4abf91094eda1c0b0dc6541f54,EXCLUDED_INVENTORIED,,"legacy, one-time, platform-specific, or superseded script"
wedge1-aip,6bb69176e691199bc232da489374c042441471f0,scripts/run_ferro_task12.sh,84beecce6b431259220bf99a0d623587a1a7dfcc8714015ba853926ed7976a3b,EXCLUDED_INVENTORIED,,"legacy, one-time, platform-specific, or superseded script"
wedge1-aip,6bb69176e691199bc232da489374c042441471f0,scripts/run_ferro_task13.sh,d40e90a6768343d32d3d7811a585905f36124b224eaa26f7eedcdebdd13e4629,EXCLUDED_INVENTORIED,,"legacy, one-time, platform-specific, or superseded script"
wedge1-aip,6bb69176e691199bc232da489374c042441471f0,scripts/run_ferro_task14.sh,46769d2b04e00cf3c6354ddae2da79baba2c71c5bb5a534f77c3dda0374e3e74,EXCLUDED_INVENTORIED,,"legacy, one-time, platform-specific, or superseded script"
wedge1-aip,6bb69176e691199bc232da489374c042441471f0,scripts/run_ferro_task15.sh,d44172a265c6f47c50a3c9398c1de242cd5222c9a7d5ca192700e65420a1f6bc,EXCLUDED_INVENTORIED,,"legacy, one-time, platform-specific, or superseded script"
wedge1-aip,6bb69176e691199bc232da489374c042441471f0,scripts/run_ferro_task16.sh,71cdecb356d4aca0b0f2f30e90339dac8cb33f15064719efc78905e97bef221b,EXCLUDED_INVENTORIED,,"legacy, one-time, platform-specific, or superseded script"
wedge1-aip,6bb69176e691199bc232da489374c042441471f0,scripts/run_ferro_task17.sh,46333c27ad796cdad37137b9854f736647a353e7b246534cee54511b8b7f2b62,EXCLUDED_INVENTORIED,,"legacy, one-time, platform-specific, or superseded script"
wedge1-aip,6bb69176e691199bc232da489374c042441471f0,scripts/run_ferro_task18.sh,83392d1e309e3cce50f7df8fd5e48b4613bf545270a2f0bcf6140a1997915feb,EXCLUDED_INVENTORIED,,"legacy, one-time, platform-specific, or superseded script"
wedge1-aip,6bb69176e691199bc232da489374c042441471f0,scripts/run_ferro_task19.sh,d0697fc9b036b71559ff558f236fcfe66020e1086c9546d693bbf23021c1a404,EXCLUDED_INVENTORIED,,"legacy, one-time, platform-specific, or superseded script"
wedge1-aip,6bb69176e691199bc232da489374c042441471f0,scripts/run_ferro_task2.sh,ce5638cb2bde750da846d21ee63a0519f8f28a020ef404767e8b2daec2d62e00,EXCLUDED_INVENTORIED,,"legacy, one-time, platform-specific, or superseded script"
wedge1-aip,6bb69176e691199bc232da489374c042441471f0,scripts/run_ferro_task20.sh,aae75a9a3008cb451477aa64b2977e7c725b6a3b0e88e38b6255726e4dc379b7,EXCLUDED_INVENTORIED,,"legacy, one-time, platform-specific, or superseded script"
wedge1-aip,6bb69176e691199bc232da489374c042441471f0,scripts/run_ferro_task21.sh,4eff5f46e34e9289b8ec290d39ecc3d0deade65c8a3870424479f51fd3228257,EXCLUDED_INVENTORIED,,"legacy, one-time, platform-specific, or superseded script"
wedge1-aip,6bb69176e691199bc232da489374c042441471f0,scripts/run_ferro_task22.sh,e26e7f12225bc870e2ff704d0510c9efc61e8788b606d0850be6223f66115bc9,EXCLUDED_INVENTORIED,,"legacy, one-time, platform-specific, or superseded script"
wedge1-aip,6bb69176e691199bc232da489374c042441471f0,scripts/run_ferro_task23.sh,402d981ea20d5983498f48b5418a4680292018846c99d37e224c6c3d742dd1ed,EXCLUDED_INVENTORIED,,"legacy, one-time, platform-specific, or superseded script"
wedge1-aip,6bb69176e691199bc232da489374c042441471f0,scripts/run_ferro_task24.sh,a79f2ac61204d678eeee4c85c501964be4609f37e9812388870fc7f83ae6c294,EXCLUDED_INVENTORIED,,"legacy, one-time, platform-specific, or superseded script"
wedge1-aip,6bb69176e691199bc232da489374c042441471f0,scripts/run_ferro_task25.sh,829fe124bb99581d84b966f08accb98f94299c927038dd97561013a9332e0788,EXCLUDED_INVENTORIED,,"legacy, one-time, platform-specific, or superseded script"
wedge1-aip,6bb69176e691199bc232da489374c042441471f0,scripts/run_ferro_task26.sh,e0bf65f81e164ae2d7b36ef6e14547e7f6c0731d0ddf08f1bf6d6a14907fa670,EXCLUDED_INVENTORIED,,"legacy, one-time, platform-specific, or superseded script"
wedge1-aip,6bb69176e691199bc232da489374c042441471f0,scripts/run_ferro_task27.sh,7f4815410b638216931eeac10b08dfdd84e66d21989e5a4e36d3a033ad4a5cc1,EXCLUDED_INVENTORIED,,"legacy, one-time, platform-specific, or superseded script"
wedge1-aip,6bb69176e691199bc232da489374c042441471f0,scripts/run_ferro_task28.sh,3045ff8a1c2176665865b94fd3205092dcd86f193387862a8d1e4424cd5f8f7d,EXCLUDED_INVENTORIED,,"legacy, one-time, platform-specific, or superseded script"
wedge1-aip,6bb69176e691199bc232da489374c042441471f0,scripts/run_ferro_task29.sh,7222e3b3dc636f0373e9d44b7c8d9ecc600b2dfebf262f8748324a99e381b61d,EXCLUDED_INVENTORIED,,"legacy, one-time, platform-specific, or superseded script"
wedge1-aip,6bb69176e691199bc232da489374c042441471f0,scripts/run_ferro_task3.sh,f9e17b089d44a6a2a6f10f210b5215cae17afbf92b28529d62139be6cba1c929,EXCLUDED_INVENTORIED,,"legacy, one-time, platform-specific, or superseded script"
wedge1-aip,6bb69176e691199bc232da489374c042441471f0,scripts/run_ferro_task30.sh,39be9837ef6bfef5cc00f923d45793e11b53e11937b912ab462fd1c06f4ee16c,EXCLUDED_INVENTORIED,,"legacy, one-time, platform-specific, or superseded script"
wedge1-aip,6bb69176e691199bc232da489374c042441471f0,scripts/run_ferro_task31.sh,84ffff966680abc1ba9bc9449e3384be02f1ab0adf6bdc10dad4570bd4d89fb4,EXCLUDED_INVENTORIED,,"legacy, one-time, platform-specific, or superseded script"
wedge1-aip,6bb69176e691199bc232da489374c042441471f0,scripts/run_ferro_task32.sh,92392f6e2facee8eda67196d021839f7d6c0ab3b613d5dfafff9a9a77bd43971,EXCLUDED_INVENTORIED,,"legacy, one-time, platform-specific, or superseded script"
wedge1-aip,6bb69176e691199bc232da489374c042441471f0,scripts/run_ferro_task33.sh,adfc051ac042a5d77b668208311f9f990e0c775381c2ebc0bca9da408a71919c,EXCLUDED_INVENTORIED,,"legacy, one-time, platform-specific, or superseded script"
wedge1-aip,6bb69176e691199bc232da489374c042441471f0,scripts/run_ferro_task34.sh,289b7cdc8d5efe5190aa63533147c536b3ed04b49d779e00722bc71ddac7b1e7,EXCLUDED_INVENTORIED,,"legacy, one-time, platform-specific, or superseded script"
wedge1-aip,6bb69176e691199bc232da489374c042441471f0,scripts/run_ferro_task35.sh,6a3892876c5f61f56e712c2863fc6fc55f166714a1f0ba8a1e9a09d31353bef3,EXCLUDED_INVENTORIED,,"legacy, one-time, platform-specific, or superseded script"
wedge1-aip,6bb69176e691199bc232da489374c042441471f0,scripts/run_ferro_task36.sh,27b55624a8b948bbf23283a225a391808ea1e8248226dcc92dad9ab5ae8d1033,EXCLUDED_INVENTORIED,,"legacy, one-time, platform-specific, or superseded script"
wedge1-aip,6bb69176e691199bc232da489374c042441471f0,scripts/run_ferro_task37.sh,e6c44290b7b5a9bf3b3df17ee1c8d505aeec08ab70be179819a90d944db51359,EXCLUDED_INVENTORIED,,"legacy, one-time, platform-specific, or superseded script"
wedge1-aip,6bb69176e691199bc232da489374c042441471f0,scripts/run_ferro_task38.sh,cf3f5e1c96e69d663fca26345dab6c2b149d248c923b2acd1679b4154b7b8d72,EXCLUDED_INVENTORIED,,"legacy, one-time, platform-specific, or superseded script"
wedge1-aip,6bb69176e691199bc232da489374c042441471f0,scripts/run_ferro_task39.sh,9bf02d90af14e7704de021395fc7beef1b842b2bf6ce729ca4e8b87a1b0af320,EXCLUDED_INVENTORIED,,"legacy, one-time, platform-specific, or superseded script"
wedge1-aip,6bb69176e691199bc232da489374c042441471f0,scripts/run_ferro_task4.sh,6d8fc9f189cb8315c51a977ce4781e3f7a22cdfd811ac22b7c8cece0b100115d,EXCLUDED_INVENTORIED,,"legacy, one-time, platform-specific, or superseded script"
wedge1-aip,6bb69176e691199bc232da489374c042441471f0,scripts/run_ferro_task40.sh,f0615e7e4744f360bd51d942d8ab574f6e540e1debbeef25851dca0e89e7cb9f,EXCLUDED_INVENTORIED,,"legacy, one-time, platform-specific, or superseded script"
wedge1-aip,6bb69176e691199bc232da489374c042441471f0,scripts/run_ferro_task41.sh,811c1b814dcc9b256fc6df782724ff5ede2ea417bf697c039b64032c1405019e,EXCLUDED_INVENTORIED,,"legacy, one-time, platform-specific, or superseded script"
wedge1-aip,6bb69176e691199bc232da489374c042441471f0,scripts/run_ferro_task42.sh,5a8043cb3b06e7de99cefcb94408ef3a9ce7eea45ad8f2dacab7c236f261fa9d,EXCLUDED_INVENTORIED,,"legacy, one-time, platform-specific, or superseded script"
wedge1-aip,6bb69176e691199bc232da489374c042441471f0,scripts/run_ferro_task44.sh,fd1eab18f1dc4775b72269d7431d0ae0e910ae13e8a07ce6ccbeaf9fe965e77d,EXCLUDED_INVENTORIED,,"legacy, one-time, platform-specific, or superseded script"
wedge1-aip,6bb69176e691199bc232da489374c042441471f0,scripts/run_ferro_task45.sh,c7304296d3dc66a3c32f90e418c5f3471b62e5c1442c2d137b11d9cdfca777d2,EXCLUDED_INVENTORIED,,"legacy, one-time, platform-specific, or superseded script"
wedge1-aip,6bb69176e691199bc232da489374c042441471f0,scripts/run_ferro_task46.sh,7a948c294a0bc91e64a2888d45de0acd1040e97a92488931bfd16e75f87f2a12,EXCLUDED_INVENTORIED,,"legacy, one-time, platform-specific, or superseded script"
wedge1-aip,6bb69176e691199bc232da489374c042441471f0,scripts/run_ferro_task47.sh,c4a2ec685056b85a8ee899c69072951f79a9027ed14e84e6bd213117db92e61c,EXCLUDED_INVENTORIED,,"legacy, one-time, platform-specific, or superseded script"
wedge1-aip,6bb69176e691199bc232da489374c042441471f0,scripts/run_ferro_task5.sh,aa04482f5738d406372d8d38c3c4362d72779dcfc942aed75a79ea004bcf2185,EXCLUDED_INVENTORIED,,"legacy, one-time, platform-specific, or superseded script"
wedge1-aip,6bb69176e691199bc232da489374c042441471f0,scripts/run_ferro_task6.sh,f7f834f6a028af1c7248b1f4023d78767ab728b3345aece38e5a1a3943d7601a,EXCLUDED_INVENTORIED,,"legacy, one-time, platform-specific, or superseded script"
wedge1-aip,6bb69176e691199bc232da489374c042441471f0,scripts/run_ferro_task7.sh,04b80c900ecfee26cd37de3183a70f31e0d88251f6250aea0ac5aa59ecccb6ca,EXCLUDED_INVENTORIED,,"legacy, one-time, platform-specific, or superseded script"
wedge1-aip,6bb69176e691199bc232da489374c042441471f0,scripts/run_ferro_task8.sh,d670f2806077dce3983d2ee3c19d40e76f742e4c7d00e0a70a08511e7d66b996,EXCLUDED_INVENTORIED,,"legacy, one-time, platform-specific, or superseded script"
wedge1-aip,6bb69176e691199bc232da489374c042441471f0,scripts/run_ferro_task9.sh,1ed3f26711f60e9be81a0100386e61c94c5cef996744e1bc8a9c74d8c8653bda,EXCLUDED_INVENTORIED,,"legacy, one-time, platform-specific, or superseded script"
wedge1-aip,6bb69176e691199bc232da489374c042441471f0,scripts/run_ingest_until_complete.py,4da5c9225aa8981cd54c28e310c48b89fd054f7617e257d779186133e1cddd6d,EXCLUDED_INVENTORIED,,"legacy, one-time, platform-specific, or superseded script"
wedge1-aip,6bb69176e691199bc232da489374c042441471f0,scripts/run_removal_trajectory.py,3838ba964a324b6cda15e4c58a86fa349eb279ac8c990b38ff1dde6e2cb05776,EXCLUDED_INVENTORIED,,"legacy, one-time, platform-specific, or superseded script"
wedge1-aip,6bb69176e691199bc232da489374c042441471f0,scripts/show_article.py,0981cb3dc41341aaa4e6d668dcbf0837e8cf1b97bea7232869cdd4e8f6811d75,EXCLUDED_INVENTORIED,,"legacy, one-time, platform-specific, or superseded script"
wedge1-aip,6bb69176e691199bc232da489374c042441471f0,scripts/show_removal_clock.py,fd8e1262f0a310d4ee4329a2ccfb2a74f70ca6c79780540ef3c6c5f5a09e78a5,EXCLUDED_INVENTORIED,,"legacy, one-time, platform-specific, or superseded script"
wedge1-aip,6bb69176e691199bc232da489374c042441471f0,scripts/sweep_population.py,1dd39f5299e7d8a82522a6fc47405e6f75b90165766e758623da6f7ae05e50c0,EXCLUDED_INVENTORIED,,"legacy, one-time, platform-specific, or superseded script"
wedge1-aip,6bb69176e691199bc232da489374c042441471f0,scripts/sweep_properties.py,d590992bc9e0eadcb85e73e7478f78fdac80648fa25d1bd6a02933dd64e96dd5,EXCLUDED_INVENTORIED,,"legacy, one-time, platform-specific, or superseded script"
wedge1-aip,6bb69176e691199bc232da489374c042441471f0,scripts/verify_containment_locally.py,0d5b83e58899c0b750d51173d5c21b89606bd916dca0f618cc17020cad480e13,EXCLUDED_INVENTORIED,,"legacy, one-time, platform-specific, or superseded script"
wedge1-aip,6bb69176e691199bc232da489374c042441471f0,scripts/verify_jurisdiction_stage_a.py,cc5e6423ce599139eddd53824352dea26a8923b6796f40b983d0d9507a72f18f,CONSOLIDATED_PRODUCTION,scripts/verify_jurisdiction_stage_a.py,"adapted to verify the new single current-state owner rather than the contradictory legacy snapshot"
wedge1-aip,6bb69176e691199bc232da489374c042441471f0,scripts/verify_measure_regime.py,bc28413a7551f68fdfd0a0ec5cbf5acad81e2f69ec97fca0c6e8236ad6ad26d5,EXCLUDED_INVENTORIED,,"legacy, one-time, platform-specific, or superseded script"
wedge1-aip,6bb69176e691199bc232da489374c042441471f0,scripts/verify_stage_a.py,47bace3924fce68a80dd3104d29fd09fa204a59e7a7e915f089b9b553b58afb7,VERBATIM_ADMITTED,scripts/verify_stage_a.py,"selected authority, source, research, evidence, or production input"
wedge1-aip,6bb69176e691199bc232da489374c042441471f0,scripts/verify_stage_b.py,22f50410a434873846a2f64bde9b67163e0aaa74eecb09e8a41d0d53457f4533,VERBATIM_ADMITTED,scripts/verify_stage_b.py,"selected authority, source, research, evidence, or production input"
wedge1-aip,6bb69176e691199bc232da489374c042441471f0,scripts/verify_zone_math.py,2548503d44603e12f9ade7ac8081b53638730408051d7b612d42d6f219447cf8,EXCLUDED_INVENTORIED,,"legacy, one-time, platform-specific, or superseded script"
olive-xylella,62246bba810a53c7204bb24b1abeb5b4ab942b6d,.gitignore,8854cdf850f53323e50d8ec32998bf115c5a96ce8e4cbc216e5c458248eb8d53,EXCLUDED_INVENTORIED,,"assessed legacy artifact with no surviving authority, evidence, or production role"
olive-xylella,62246bba810a53c7204bb24b1abeb5b4ab942b6d,.hermes/plans/2026-08-15_143215-f7-imagery.md,0d371cacb5c7e39ebdf3e1789062009e9e5f0d6011eb2b0901669d679de2a06b,EXCLUDED_INVENTORIED,,legacy product or harness surface outside the canonical program nucleus
olive-xylella,62246bba810a53c7204bb24b1abeb5b4ab942b6d,.hermes/plans/2026-08-15_145047-experiment1-vhr.md,e6870982da70efb743bc0a08ec57c66c377bd3cdc446b83d47b0fc4599887559,EXCLUDED_INVENTORIED,,legacy product or harness surface outside the canonical program nucleus
olive-xylella,62246bba810a53c7204bb24b1abeb5b4ab942b6d,.hermes/plans/2026-08-16_ferro-profile-design.md,bd4e7a9782d6fcf2c1d5124ed2bf235d1cdc815ea24d89bbe345647efd604036,EXCLUDED_INVENTORIED,,legacy product or harness surface outside the canonical program nucleus
olive-xylella,62246bba810a53c7204bb24b1abeb5b4ab942b6d,AGENTIC_DEVELOPMENT_FIRST_PRINCIPLES.md,4950888995f9cb4f0092a50e3a670c4a311ed495ba940cc48468399538b18393,EXCLUDED_INVENTORIED,,"assessed legacy artifact with no surviving authority, evidence, or production role"
olive-xylella,62246bba810a53c7204bb24b1abeb5b4ab942b6d,AGENTS.md,6ebe15359b4f2c2f27f878165a60243fc23f6cf5937d763e6df15116360e322d,EXCLUDED_INVENTORIED,,superseded or mixed authority consolidated into the new constitution/current-state owner
olive-xylella,62246bba810a53c7204bb24b1abeb5b4ab942b6d,CORDON.md,bce58a199fee11cafee76af06f8f50b145dd441357affc58bdf4c56d0ad555f5,EXCLUDED_INVENTORIED,,superseded or mixed authority consolidated into the new constitution/current-state owner
olive-xylella,62246bba810a53c7204bb24b1abeb5b4ab942b6d,SCHEMA.md,884c71d4941646bb02898bbcacca91649a77bfc325084bde9df85ac6301dae5d,EXCLUDED_INVENTORIED,,"assessed legacy artifact with no surviving authority, evidence, or production role"
olive-xylella,62246bba810a53c7204bb24b1abeb5b4ab942b6d,briefs/build_landscape_iso.py,a947c99bb4bc14571785f41719af1626e76ae548de319f9d54e9e14611ec218e,VERBATIM_ADMITTED,corpus/evidence/olive-xylella/briefs/build_landscape_iso.py,"selected authority, source, research, evidence, or production input"
olive-xylella,62246bba810a53c7204bb24b1abeb5b4ab942b6d,briefs/cordon-landscape-isometric.html,4abfae088075ae55a00f4b7b0ef25f28d32433c762d6488652867d34c8747cf0,VERBATIM_ADMITTED,corpus/evidence/olive-xylella/briefs/cordon-landscape-isometric.html,"selected authority, source, research, evidence, or production input"
olive-xylella,62246bba810a53c7204bb24b1abeb5b4ab942b6d,briefs/it-onepager-skeleton.md,7993afa50ddd1c9f41b717817dbf0f666e7efd68af05fb9a58d8c78b7a5865b2,VERBATIM_ADMITTED,corpus/evidence/olive-xylella/briefs/it-onepager-skeleton.md,"selected authority, source, research, evidence, or production input"
olive-xylella,62246bba810a53c7204bb24b1abeb5b4ab942b6d,briefs/murge-surveillance-gap.md,7f58089a62600f978f5c5e3bcac1ac3f0ec6c1625ed3be9ad9ebcab2f86a0d0d,VERBATIM_ADMITTED,corpus/evidence/olive-xylella/briefs/murge-surveillance-gap.md,"selected authority, source, research, evidence, or production input"
olive-xylella,62246bba810a53c7204bb24b1abeb5b4ab942b6d,briefs/wv3-esa-tpm-proposal.md,a9476d9e4814686a9b682bd55550ca6bdfd1c58b77667f557def8ac36d7538a4,VERBATIM_ADMITTED,corpus/evidence/olive-xylella/briefs/wv3-esa-tpm-proposal.md,"selected authority, source, research, evidence, or production input"
olive-xylella,62246bba810a53c7204bb24b1abeb5b4ab942b6d,checks/verify_day1.py,1861f3fec4819c5b178ffc221d2b69ff0e7b9ef94cc5d94a881ced76015cff6d,EXCLUDED_INVENTORIED,,"assessed legacy artifact with no surviving authority, evidence, or production role"
olive-xylella,62246bba810a53c7204bb24b1abeb5b4ab942b6d,checks/verify_scene_join.py,dbd5aa9947b036e167db3b5c507f570a804798a46222b7a7bb2b536acbe17590,EXCLUDED_INVENTORIED,,"assessed legacy artifact with no surviving authority, evidence, or production role"
olive-xylella,62246bba810a53c7204bb24b1abeb5b4ab942b6d,concepts/camp-csv.md,2719434cb4ece05ece3b1f4b6681cc1a64f42c6290a4099d30e4498be7d92ee6,VERBATIM_ADMITTED,corpus/evidence/olive-xylella/concepts/camp-csv.md,"selected authority, source, research, evidence, or production input"
olive-xylella,62246bba810a53c7204bb24b1abeb5b4ab942b6d,concepts/front-nowcast.md,0f221fa21731c3a0f06eb3d3546d1370f1e54a26ff5f505241f93648136ea2ba,VERBATIM_ADMITTED,corpus/evidence/olive-xylella/concepts/front-nowcast.md,"selected authority, source, research, evidence, or production input"
olive-xylella,62246bba810a53c7204bb24b1abeb5b4ab942b6d,concepts/oqds.md,bf5ea79450fd78d7a63171677aa04027bc5dbe2e3cdc81abf9c0bbbd5cfdd553,VERBATIM_ADMITTED,corpus/evidence/olive-xylella/concepts/oqds.md,"selected authority, source, research, evidence, or production input"
olive-xylella,62246bba810a53c7204bb24b1abeb5b4ab942b6d,concepts/previsual-detection.md,eb9825cf5675e05e457b353fcd8b11dd4fb44fd9fc927d66d1eee30ff9df074a,VERBATIM_ADMITTED,corpus/evidence/olive-xylella/concepts/previsual-detection.md,"selected authority, source, research, evidence, or production input"
olive-xylella,62246bba810a53c7204bb24b1abeb5b4ab942b6d,concepts/puglia-monitoring.md,c66044d0665f9c67a366264ba45eba2e34ec382356adb6313df3b1368ae56128,VERBATIM_ADMITTED,corpus/evidence/olive-xylella/concepts/puglia-monitoring.md,"selected authority, source, research, evidence, or production input"
olive-xylella,62246bba810a53c7204bb24b1abeb5b4ab942b6d,concepts/resistance-decoder.md,b56b688e02d2924eb83db5321fa49064e1ba75c51131965da895a5108bdb5da3,VERBATIM_ADMITTED,corpus/evidence/olive-xylella/concepts/resistance-decoder.md,"selected authority, source, research, evidence, or production input"
olive-xylella,62246bba810a53c7204bb24b1abeb5b4ab942b6d,concepts/resistance-not-immunity.md,73a21520aa7fc8311a098bec718e6bcd2bf3b8e20b6525da34bbf06c41643f37,VERBATIM_ADMITTED,corpus/evidence/olive-xylella/concepts/resistance-not-immunity.md,"selected authority, source, research, evidence, or production input"
olive-xylella,62246bba810a53c7204bb24b1abeb5b4ab942b6d,data/CAMP_XLSX.md,4fdeb243f2a752467e811d04a79cf12d9b65a58aca6fea2bef87b97c262088fa,VERBATIM_ADMITTED,corpus/evidence/olive-xylella/data/CAMP_XLSX.md,"selected authority, source, research, evidence, or production input"
olive-xylella,62246bba810a53c7204bb24b1abeb5b4ab942b6d,data/CRECCO.md,17061d2227bf80dff679657c9d52ad175bdee0328278101625869454dc480834,VERBATIM_ADMITTED,corpus/evidence/olive-xylella/data/CRECCO.md,"selected authority, source, research, evidence, or production input"
olive-xylella,62246bba810a53c7204bb24b1abeb5b4ab942b6d,data/DATA_UNIVERSE_CIVIC.md,57ce68200996abab14682fd7cd1bec1f5d5971ebdcbeebe59442694bc19af2b4,VERBATIM_ADMITTED,corpus/evidence/olive-xylella/data/DATA_UNIVERSE_CIVIC.md,"selected authority, source, research, evidence, or production input"
olive-xylella,62246bba810a53c7204bb24b1abeb5b4ab942b6d,data/DATA_UNIVERSE_FLIPS.md,815a225c6294550552dae90d1c7e86a46249c28c43a075bcaa5e37ac111e6fa3,VERBATIM_ADMITTED,corpus/evidence/olive-xylella/data/DATA_UNIVERSE_FLIPS.md,"selected authority, source, research, evidence, or production input"
olive-xylella,62246bba810a53c7204bb24b1abeb5b4ab942b6d,data/DATA_UNIVERSE_GEO.md,daffb6829c92d200a9ff30b88b6edf57af916f396e0d066a46effb998bb71d1c,VERBATIM_ADMITTED,corpus/evidence/olive-xylella/data/DATA_UNIVERSE_GEO.md,"selected authority, source, research, evidence, or production input"
olive-xylella,62246bba810a53c7204bb24b1abeb5b4ab942b6d,data/DAY1.md,aadede4bd2c587ead57354d2ba9b6dbf4becb9b07c0f1c7181064c7501e70125,VERBATIM_ADMITTED,corpus/evidence/olive-xylella/data/DAY1.md,"selected authority, source, research, evidence, or production input"
olive-xylella,62246bba810a53c7204bb24b1abeb5b4ab942b6d,data/ORTOFOTO.md,b496f5ceff8ac4a9cd26e12d574ea3c9099690f95e6ad4971088b2b0dab579b5,VERBATIM_ADMITTED,corpus/evidence/olive-xylella/data/ORTOFOTO.md,"selected authority, source, research, evidence, or production input"
olive-xylella,62246bba810a53c7204bb24b1abeb5b4ab942b6d,data/PRISMA.md,0ac8500b6c1a38b5ca4f5fe43fb35681769431d03f483f114eb3b9adf9f351f4,VERBATIM_ADMITTED,corpus/evidence/olive-xylella/data/PRISMA.md,"selected authority, source, research, evidence, or production input"
olive-xylella,62246bba810a53c7204bb24b1abeb5b4ab942b6d,data/README.md,7b599d34f07ff24eff388beb31c36be2761b909ec9ab2d2aa93bc837766d5487,VERBATIM_ADMITTED,corpus/evidence/olive-xylella/data/README.md,"selected authority, source, research, evidence, or production input"
olive-xylella,62246bba810a53c7204bb24b1abeb5b4ab942b6d,data/_camp_xlsx_inventory.json,634fb84c1f9d325c2fea362754cd22be12f6278df147b601d2524240e3630419,VERBATIM_ADMITTED,corpus/evidence/olive-xylella/data/_camp_xlsx_inventory.json,"selected authority, source, research, evidence, or production input"
olive-xylella,62246bba810a53c7204bb24b1abeb5b4ab942b6d,data/_inventory_camp_2020_2022.json,4f9e5683b3ce4fbd898d928509049de84edb1bfb3a65c73b713207132eaccbc8,VERBATIM_ADMITTED,corpus/evidence/olive-xylella/data/_inventory_camp_2020_2022.json,"selected authority, source, research, evidence, or production input"
olive-xylella,62246bba810a53c7204bb24b1abeb5b4ab942b6d,data/_stats_partial.json,7f230b86e0111f0988fbd401f94b2639073e41a949c363cce72b2910a505899c,VERBATIM_ADMITTED,corpus/evidence/olive-xylella/data/_stats_partial.json,"selected authority, source, research, evidence, or production input"
olive-xylella,62246bba810a53c7204bb24b1abeb5b4ab942b6d,data/analyze_camp_xlsx.py,97cf2b725681faeb3d9fd23dcf87d7f4ad31fd3663ff2ae821fbabf71f15b48a,VERBATIM_ADMITTED,corpus/evidence/olive-xylella/data/analyze_camp_xlsx.py,"selected authority, source, research, evidence, or production input"
olive-xylella,62246bba810a53c7204bb24b1abeb5b4ab942b6d,data/decoder/SOURCES.md,5519fde6912afb170c622c6e67a43599a08f4ec193aea81cbe5ffc5f3386ea4e,VERBATIM_ADMITTED,corpus/evidence/olive-xylella/data/decoder/SOURCES.md,"selected authority, source, research, evidence, or production input"
olive-xylella,62246bba810a53c7204bb24b1abeb5b4ab942b6d,data/decoder/v0-genes.md,43cea793327c3c5c47059c155dc1e4f756e4438b9bb6d9c6e59d401d7be6a9f9,VERBATIM_ADMITTED,corpus/evidence/olive-xylella/data/decoder/v0-genes.md,"selected authority, source, research, evidence, or production input"
olive-xylella,62246bba810a53c7204bb24b1abeb5b4ab942b6d,data/decoder/v1-targets.md,4f277fa2fa00b5b8f1bc261d8c2b17fb8e890ecccfd81c34091074b8716afbaa,VERBATIM_ADMITTED,corpus/evidence/olive-xylella/data/decoder/v1-targets.md,"selected authority, source, research, evidence, or production input"
olive-xylella,62246bba810a53c7204bb24b1abeb5b4ab942b6d,entities/cnr-ipsp.md,0fce12a4240053964526f0a1ddba0a4eea5bb9d784b64663adfc912a43c57aa6,VERBATIM_ADMITTED,corpus/evidence/olive-xylella/entities/cnr-ipsp.md,"selected authority, source, research, evidence, or production input"
olive-xylella,62246bba810a53c7204bb24b1abeb5b4ab942b6d,entities/leccino.md,171dde3c77ed48567aa763503a4cda7c59ba63598bbff8163519501861b69e17,VERBATIM_ADMITTED,corpus/evidence/olive-xylella/entities/leccino.md,"selected authority, source, research, evidence, or production input"
olive-xylella,62246bba810a53c7204bb24b1abeb5b4ab942b6d,entities/philaenus-spumarius.md,67b9b3253605ded61b309d605f5054785dc107d58b30f8c8e8ab86f745e4dc48,VERBATIM_ADMITTED,corpus/evidence/olive-xylella/entities/philaenus-spumarius.md,"selected authority, source, research, evidence, or production input"
olive-xylella,62246bba810a53c7204bb24b1abeb5b4ab942b6d,entities/xylella-fastidiosa.md,41325f872ddc86f3e50fe186a6953ea15e922b4828ebf776315ef022cd9df0bd,VERBATIM_ADMITTED,corpus/evidence/olive-xylella/entities/xylella-fastidiosa.md,"selected authority, source, research, evidence, or production input"
olive-xylella,62246bba810a53c7204bb24b1abeb5b4ab942b6d,index.md,32723a7e8b65ae92fc8e3645963b7ae6c4d41b1d7499f2e4c955c89f0e3ed2cf,EXCLUDED_INVENTORIED,,"assessed legacy artifact with no surviving authority, evidence, or production role"
olive-xylella,62246bba810a53c7204bb24b1abeb5b4ab942b6d,interface/README.md,9a85b6d4a6add7ba0de8af6fe5cca9288aac8cceaeb811c44f88da556500a429,EXCLUDED_INVENTORIED,,legacy product or harness surface outside the canonical program nucleus
olive-xylella,62246bba810a53c7204bb24b1abeb5b4ab942b6d,interface/build_display_data.py,b33ebe6dda0abed53f35b75e9622852e1a0ba20a11b7849f6463f1fa4cf7e0c3,EXCLUDED_INVENTORIED,,legacy product or harness surface outside the canonical program nucleus
olive-xylella,62246bba810a53c7204bb24b1abeb5b4ab942b6d,interface/data/campaigns.json,6d8b46d2e805904467f7978e25f84f2c22f4eec9882be4b1611e25424a6f1f3c,EXCLUDED_INVENTORIED,,legacy product or harness surface outside the canonical program nucleus
olive-xylella,62246bba810a53c7204bb24b1abeb5b4ab942b6d,interface/data/comune_campaign.json,7800880ae09a020a18539daa183ba5fbbd7d41fe08a56c80aed422e2307e50d0,EXCLUDED_INVENTORIED,,legacy product or harness surface outside the canonical program nucleus
olive-xylella,62246bba810a53c7204bb24b1abeb5b4ab942b6d,interface/data/comune_year.json,5f9151951283946024ed0a4ac3d1ac4478f98632e82a4931cd6658c440010045,EXCLUDED_INVENTORIED,,legacy product or harness surface outside the canonical program nucleus
olive-xylella,62246bba810a53c7204bb24b1abeb5b4ab942b6d,interface/data/cordon_data.js,24874d2f45caefd0d1a7a5e52ac1a0369b6f1303757072d6c3579fe0c5f1616a,EXCLUDED_INVENTORIED,,legacy product or harness surface outside the canonical program nucleus
olive-xylella,62246bba810a53c7204bb24b1abeb5b4ab942b6d,interface/data/meta.json,60f6490e532c66dbe1d7528459cf2563ab1baedfaf1ccdcce2679825d5b309f1,EXCLUDED_INVENTORIED,,legacy product or harness surface outside the canonical program nucleus
olive-xylella,62246bba810a53c7204bb24b1abeb5b4ab942b6d,interface/data/ndmi100.json,0384699be47ee40a10f335e7b6d77b21d4ea1dc7563f05a6e64a6092fceb65b9,EXCLUDED_INVENTORIED,,legacy product or harness surface outside the canonical program nucleus
olive-xylella,62246bba810a53c7204bb24b1abeb5b4ab942b6d,interface/data/years.json,3dfd1d50b0aee70b6ac38ad7147973d053b849e4a1a1d63549830295ec580a83,EXCLUDED_INVENTORIED,,legacy product or harness surface outside the canonical program nucleus
olive-xylella,62246bba810a53c7204bb24b1abeb5b4ab942b6d,interface/index.html,84cecebed881e4be590e8b865464577d12a63a47b0a94f7f074c20eb7f1f1fd0,EXCLUDED_INVENTORIED,,legacy product or harness surface outside the canonical program nucleus
olive-xylella,62246bba810a53c7204bb24b1abeb5b4ab942b6d,log.md,95632cc042b903201d343649a220c10c6a96892b05048299c2c85b9288b8de98,EXCLUDED_INVENTORIED,,"assessed legacy artifact with no surviving authority, evidence, or production role"
olive-xylella,62246bba810a53c7204bb24b1abeb5b4ab942b6d,nowcast/ARTIFACT_A.md,9f6a5f04be30095a879eb2696b050788d3032e28dd05abf5fa96eb1ed8840763,VERBATIM_ADMITTED,corpus/evidence/olive-xylella/nowcast/ARTIFACT_A.md,"selected authority, source, research, evidence, or production input"
olive-xylella,62246bba810a53c7204bb24b1abeb5b4ab942b6d,nowcast/CROWN_DILUTION.md,fa7388c9a23adb4a552208287062da8dc0db35f51302551d23f43a2b82f82f20,VERBATIM_ADMITTED,corpus/evidence/olive-xylella/nowcast/CROWN_DILUTION.md,"selected authority, source, research, evidence, or production input"
olive-xylella,62246bba810a53c7204bb24b1abeb5b4ab942b6d,nowcast/CULTIVAR_FIELD.md,76a8b358e3ce371498f526ee633ae4de12e4c723b748e7fb272c844898acffd2,VERBATIM_ADMITTED,corpus/evidence/olive-xylella/nowcast/CULTIVAR_FIELD.md,"selected authority, source, research, evidence, or production input"
olive-xylella,62246bba810a53c7204bb24b1abeb5b4ab942b6d,nowcast/EXPERIMENT1.md,f3188cfdeb228e5308c212e9f9f0942b2eb2a4a46c037317d0413c538f0197a3,VERBATIM_ADMITTED,corpus/evidence/olive-xylella/nowcast/EXPERIMENT1.md,"selected authority, source, research, evidence, or production input"
olive-xylella,62246bba810a53c7204bb24b1abeb5b4ab942b6d,nowcast/F7.md,63780c0c15eef27d6e763ff3df87670ed4189302e416dbed0a70b027a4090617,VERBATIM_ADMITTED,corpus/evidence/olive-xylella/nowcast/F7.md,"selected authority, source, research, evidence, or production input"
olive-xylella,62246bba810a53c7204bb24b1abeb5b4ab942b6d,nowcast/FRONT_RATE.md,2088598940d652d3dfeb0153f9dbd2d16783de23bbcae93c78735e62d4975401,VERBATIM_ADMITTED,corpus/evidence/olive-xylella/nowcast/FRONT_RATE.md,"selected authority, source, research, evidence, or production input"
olive-xylella,62246bba810a53c7204bb24b1abeb5b4ab942b6d,nowcast/NEGATIVE.md,03dca2b63b39854f1ca1f7c7986b36addc01017d2078efa12c64782602978910,VERBATIM_ADMITTED,corpus/evidence/olive-xylella/nowcast/NEGATIVE.md,"selected authority, source, research, evidence, or production input"
olive-xylella,62246bba810a53c7204bb24b1abeb5b4ab942b6d,nowcast/README.md,299c7370896ea6231d5c09742697bbb02c59007eec064e07d2016101791a5ebc,VERBATIM_ADMITTED,corpus/evidence/olive-xylella/nowcast/README.md,"selected authority, source, research, evidence, or production input"
olive-xylella,62246bba810a53c7204bb24b1abeb5b4ab942b6d,nowcast/SCENE_JOIN.md,168ee096de4e4c2ec7d8cefffb86128da651129b50094f1b8dc057082b52379a,VERBATIM_ADMITTED,corpus/evidence/olive-xylella/nowcast/SCENE_JOIN.md,"selected authority, source, research, evidence, or production input"
olive-xylella,62246bba810a53c7204bb24b1abeb5b4ab942b6d,nowcast/SR.md,537c471110853b03addcd810de4ea3a608d62e1fecb054714baee07bc38efb76,VERBATIM_ADMITTED,corpus/evidence/olive-xylella/nowcast/SR.md,"selected authority, source, research, evidence, or production input"
olive-xylella,62246bba810a53c7204bb24b1abeb5b4ab942b6d,nowcast/TEMPORAL.md,25a4c95581b87fcba60b9313e56838ae1fa7803b619bedb2d6bd732597d3fd46,VERBATIM_ADMITTED,corpus/evidence/olive-xylella/nowcast/TEMPORAL.md,"selected authority, source, research, evidence, or production input"
olive-xylella,62246bba810a53c7204bb24b1abeb5b4ab942b6d,nowcast/VALIDATION.md,55b885dfef791aba79448e1bfe7dadcc43d899445d329836f95ccb3f8f7d9d21,VERBATIM_ADMITTED,corpus/evidence/olive-xylella/nowcast/VALIDATION.md,"selected authority, source, research, evidence, or production input"
olive-xylella,62246bba810a53c7204bb24b1abeb5b4ab942b6d,nowcast/camp_crecco_overlap.py,72991f66bbb4f1a476fc2a320b95d25a04a2ac32d700ba0d42e69608cb97891d,VERBATIM_ADMITTED,corpus/evidence/olive-xylella/nowcast/camp_crecco_overlap.py,"selected authority, source, research, evidence, or production input"
olive-xylella,62246bba810a53c7204bb24b1abeb5b4ab942b6d,nowcast/crown_fraction_2021.py,372945a55f47836200ab7a144905eb6f439b48dd4ae6b0c39068761fdc00a203,VERBATIM_ADMITTED,corpus/evidence/olive-xylella/nowcast/crown_fraction_2021.py,"selected authority, source, research, evidence, or production input"
olive-xylella,62246bba810a53c7204bb24b1abeb5b4ab942b6d,nowcast/crown_stratified_paired.py,d485f529ef50044a18c3427e3c947e0345d258548b3763de8f99f3d05d43010b,VERBATIM_ADMITTED,corpus/evidence/olive-xylella/nowcast/crown_stratified_paired.py,"selected authority, source, research, evidence, or production input"
olive-xylella,62246bba810a53c7204bb24b1abeb5b4ab942b6d,nowcast/cultivar_conversion.py,c7737de13c0c2621314591e2483dba13577c3a796c3a7d0a36ce20e34627246e,VERBATIM_ADMITTED,corpus/evidence/olive-xylella/nowcast/cultivar_conversion.py,"selected authority, source, research, evidence, or production input"
olive-xylella,62246bba810a53c7204bb24b1abeb5b4ab942b6d,nowcast/experiment1_extract.py,0135bac4fcd5d697cdc433a7472bf83da6bd28f04bbf0c3ab628b8ac4d711f62,VERBATIM_ADMITTED,corpus/evidence/olive-xylella/nowcast/experiment1_extract.py,"selected authority, source, research, evidence, or production input"
olive-xylella,62246bba810a53c7204bb24b1abeb5b4ab942b6d,nowcast/experiment1_match.py,f20113ad1edc328c0cfa78a9db9165ec5aaad5c946b4752f5bd69b36b85ad235,VERBATIM_ADMITTED,corpus/evidence/olive-xylella/nowcast/experiment1_match.py,"selected authority, source, research, evidence, or production input"
olive-xylella,62246bba810a53c7204bb24b1abeb5b4ab942b6d,nowcast/experiment1_paired.py,ad83f57336cfeaf3088482a21fe745b4c899899f11d16a8858e267262922a4ad,VERBATIM_ADMITTED,corpus/evidence/olive-xylella/nowcast/experiment1_paired.py,"selected authority, source, research, evidence, or production input"
olive-xylella,62246bba810a53c7204bb24b1abeb5b4ab942b6d,nowcast/experiment1_sr.py,7587e6b4a10aa49a4812a81ed6fc337310fb83f0c3c239db9d5f4173b6d0a52e,VERBATIM_ADMITTED,corpus/evidence/olive-xylella/nowcast/experiment1_sr.py,"selected authority, source, research, evidence, or production input"
olive-xylella,62246bba810a53c7204bb24b1abeb5b4ab942b6d,nowcast/experiment1_temporal.py,79391e82cfb43d8a7bea2d5200db8cb37272404d9b87f4823f70ef93f37ead47,VERBATIM_ADMITTED,corpus/evidence/olive-xylella/nowcast/experiment1_temporal.py,"selected authority, source, research, evidence, or production input"
olive-xylella,62246bba810a53c7204bb24b1abeb5b4ab942b6d,nowcast/f7_count.py,14abccb9c95950e6b26d63358b59d1dfec0e4eebf2e7d17f460e476104892b15,VERBATIM_ADMITTED,corpus/evidence/olive-xylella/nowcast/f7_count.py,"selected authority, source, research, evidence, or production input"
olive-xylella,62246bba810a53c7204bb24b1abeb5b4ab942b6d,nowcast/f7_join.py,61776c8cb9018790898c0d513f7718ac5f6c715b926ec4f5ca91f498f72f2613,VERBATIM_ADMITTED,corpus/evidence/olive-xylella/nowcast/f7_join.py,"selected authority, source, research, evidence, or production input"
olive-xylella,62246bba810a53c7204bb24b1abeb5b4ab942b6d,nowcast/front_rate.py,3f63bfe23db44cbd999214bd32913eb4fb8df8a03195770062deedee031bf3db,VERBATIM_ADMITTED,corpus/evidence/olive-xylella/nowcast/front_rate.py,"selected authority, source, research, evidence, or production input"
olive-xylella,62246bba810a53c7204bb24b1abeb5b4ab942b6d,nowcast/join_one_scene.py,48573cb4e96cc0c7f1c6009086f5f25b4d41e64446ea36246496a9743b0333c3,VERBATIM_ADMITTED,corpus/evidence/olive-xylella/nowcast/join_one_scene.py,"selected authority, source, research, evidence, or production input"
olive-xylella,62246bba810a53c7204bb24b1abeb5b4ab942b6d,nowcast/probe_repeat_visits.py,f7428898b6177f8a8a9a84c88f0c7092a88deed9a684b201d782d7aee0f95eec,VERBATIM_ADMITTED,corpus/evidence/olive-xylella/nowcast/probe_repeat_visits.py,"selected authority, source, research, evidence, or production input"
olive-xylella,62246bba810a53c7204bb24b1abeb5b4ab942b6d,nowcast/resample_aug22.py,8a9cc5167ab2373720cc477033ac5a5dbb941763d0a154347a0cfe5f7a7536fd,VERBATIM_ADMITTED,corpus/evidence/olive-xylella/nowcast/resample_aug22.py,"selected authority, source, research, evidence, or production input"
olive-xylella,62246bba810a53c7204bb24b1abeb5b4ab942b6d,producers/STRATEGY.md,e7ad6860ead88c6e0195678c8d3d9e7c65cdd4b43fafe2fdb49eff710b8ddb8c,VERBATIM_ADMITTED,corpus/evidence/olive-xylella/producers/STRATEGY.md,"selected authority, source, research, evidence, or production input"
olive-xylella,62246bba810a53c7204bb24b1abeb5b4ab942b6d,producers/amalberga-profile.md,96376d2f48a3c26e223548749541d8b0c223e4076d67e3932d571475560b5243,VERBATIM_ADMITTED,corpus/evidence/olive-xylella/producers/amalberga-profile.md,"selected authority, source, research, evidence, or production input"
olive-xylella,62246bba810a53c7204bb24b1abeb5b4ab942b6d,producers/front_exposure.py,4c50fc7faa669ce5a906d9bc90e4f3d611766d26c2c460e49c8da5a80b1e8fd7,VERBATIM_ADMITTED,corpus/evidence/olive-xylella/producers/front_exposure.py,"selected authority, source, research, evidence, or production input"
olive-xylella,62246bba810a53c7204bb24b1abeb5b4ab942b6d,producers/playbook-2026.md,82ca27019e2b1fca797ea26f1bf17fbfe7085d54afd93f818920f73402fa0c48,VERBATIM_ADMITTED,corpus/evidence/olive-xylella/producers/playbook-2026.md,"selected authority, source, research, evidence, or production input"
olive-xylella,62246bba810a53c7204bb24b1abeb5b4ab942b6d,queries/assumption-reopen-live.md,162c495958f829383cbe8af5770ae5b23d09a595d4d7bca612d313bd4a2aceb0,VERBATIM_ADMITTED,corpus/evidence/olive-xylella/queries/assumption-reopen-live.md,"selected authority, source, research, evidence, or production input"
olive-xylella,62246bba810a53c7204bb24b1abeb5b4ab942b6d,queries/detection-surveillance-challenge.md,c88007bf2f100d5aaa649ef700851b255a86236342149a82c59a6db70b0ce5d1,VERBATIM_ADMITTED,corpus/evidence/olive-xylella/queries/detection-surveillance-challenge.md,"selected authority, source, research, evidence, or production input"
olive-xylella,62246bba810a53c7204bb24b1abeb5b4ab942b6d,queries/foundry-platform-atlas-draft.md,54c1c2aab35c78754d93b0adbfc5979ed61f6812b3242cf6c94310bebb3ad99b,VERBATIM_ADMITTED,corpus/evidence/olive-xylella/queries/foundry-platform-atlas-draft.md,"selected authority, source, research, evidence, or production input"
olive-xylella,62246bba810a53c7204bb24b1abeb5b4ab942b6d,queries/intervention-landscape-challenge.md,e9c09a41c0d129f1f3a77178d57e5c9663a7b1308eb75f36772023b5cebe12c5,VERBATIM_ADMITTED,corpus/evidence/olive-xylella/queries/intervention-landscape-challenge.md,"selected authority, source, research, evidence, or production input"
olive-xylella,62246bba810a53c7204bb24b1abeb5b4ab942b6d,queries/resistance-decoder-challenge.batch0.md,917aedaa8cb79c56484b78df3c1def847938584c642a059dafbe97a9f099692c,VERBATIM_ADMITTED,corpus/evidence/olive-xylella/queries/resistance-decoder-challenge.batch0.md,"selected authority, source, research, evidence, or production input"
olive-xylella,62246bba810a53c7204bb24b1abeb5b4ab942b6d,queries/resistance-decoder-challenge.md,917aedaa8cb79c56484b78df3c1def847938584c642a059dafbe97a9f099692c,VERBATIM_ADMITTED,corpus/evidence/olive-xylella/queries/resistance-decoder-challenge.md,"selected authority, source, research, evidence, or production input"
olive-xylella,62246bba810a53c7204bb24b1abeb5b4ab942b6d,queries/resistance-decoder-challenge.relaunch.md,e9cce823e685fc56f9ca8cc0e79e3797a18416d64a81e7fc36febc6be072726f,VERBATIM_ADMITTED,corpus/evidence/olive-xylella/queries/resistance-decoder-challenge.relaunch.md,"selected authority, source, research, evidence, or production input"
olive-xylella,62246bba810a53c7204bb24b1abeb5b4ab942b6d,queries/telos-pivot-resilience-os.md,6f8cf754b0f095fd1936f806c596a55d3ab23adf6e4cfdc56e34afa6569a7cf7,VERBATIM_ADMITTED,corpus/evidence/olive-xylella/queries/telos-pivot-resilience-os.md,"selected authority, source, research, evidence, or production input"
olive-xylella,62246bba810a53c7204bb24b1abeb5b4ab942b6d,queries/telos-pivot-verification.md,ac6bada887204610ff24b36607eacf01e880fd4b9384cc7d197b97a4c8511249,VERBATIM_ADMITTED,corpus/evidence/olive-xylella/queries/telos-pivot-verification.md,"selected authority, source, research, evidence, or production input"
olive-xylella,62246bba810a53c7204bb24b1abeb5b4ab942b6d,queries/telos-review-S0-self.md,1c55fc3b553d7bdd0a266aa26a65e218e5f8ec1f4ac8d1649ebb2634899c31fc,VERBATIM_ADMITTED,corpus/evidence/olive-xylella/queries/telos-review-S0-self.md,"selected authority, source, research, evidence, or production input"
olive-xylella,62246bba810a53c7204bb24b1abeb5b4ab942b6d,queries/telos-review-S1-spread.md,5ebd77bd3f75649290288e1dae52bfcda8173948b4824946f2807a610aeffd28,VERBATIM_ADMITTED,corpus/evidence/olive-xylella/queries/telos-review-S1-spread.md,"selected authority, source, research, evidence, or production input"
olive-xylella,62246bba810a53c7204bb24b1abeb5b4ab942b6d,queries/telos-review-S2-severity-replant.md,c8f5831c29dff4c6e51c4c3341b8ca4e4b8fac284647519c39fe25d0d5fe622f,VERBATIM_ADMITTED,corpus/evidence/olive-xylella/queries/telos-review-S2-severity-replant.md,"selected authority, source, research, evidence, or production input"
olive-xylella,62246bba810a53c7204bb24b1abeb5b4ab942b6d,queries/telos-review-S4-tailrisk.md,637abb7a3610b3bd65e67e1bb10d6229dfbdac46845fd31c41981c48c4aea987,VERBATIM_ADMITTED,corpus/evidence/olive-xylella/queries/telos-review-S4-tailrisk.md,"selected authority, source, research, evidence, or production input"
olive-xylella,62246bba810a53c7204bb24b1abeb5b4ab942b6d,queries/telos-review-S7-producer-market.md,4ace4d179b52850c4b793f95c8ae5354d492f0b9968d76d14f781d303f4e6c9f,VERBATIM_ADMITTED,corpus/evidence/olive-xylella/queries/telos-review-S7-producer-market.md,"selected authority, source, research, evidence, or production input"
olive-xylella,62246bba810a53c7204bb24b1abeb5b4ab942b6d,queries/telos-review-S8-product-feasibility.md,60e24e866eb91abff03595a48ab75a4da71fd77ecaaa185566d4db4d0b5d94d2,VERBATIM_ADMITTED,corpus/evidence/olive-xylella/queries/telos-review-S8-product-feasibility.md,"selected authority, source, research, evidence, or production input"
olive-xylella,62246bba810a53c7204bb24b1abeb5b4ab942b6d,queries/telos-review-S9-producer-playbook.md,27dd72e4d3b1d27e9b06c6ac8a47830e1ece0f741f531ea962da9f341ca7581a,VERBATIM_ADMITTED,corpus/evidence/olive-xylella/queries/telos-review-S9-producer-playbook.md,"selected authority, source, research, evidence, or production input"
olive-xylella,62246bba810a53c7204bb24b1abeb5b4ab942b6d,queries/telos-synthesis.md,9e51dbed58d84a28c4fc1ddc43f87492594950d58a2af6bf058c917575725108,VERBATIM_ADMITTED,corpus/evidence/olive-xylella/queries/telos-synthesis.md,"selected authority, source, research, evidence, or production input"
olive-xylella,62246bba810a53c7204bb24b1abeb5b4ab942b6d,raw/articles/.gitkeep,e3b0c44298fc1c149afbf4c8996fb92427ae41e4649b934ca495991b7852b855,VERBATIM_ADMITTED,corpus/evidence/olive-xylella/raw/articles/.gitkeep,"selected authority, source, research, evidence, or production input"
olive-xylella,62246bba810a53c7204bb24b1abeb5b4ab942b6d,raw/articles/agromillora-2025-xylella-picture.extract.md,5cecc8302ba0eaf3d6f9e9cfbf614267007bc3ba6c02f358d1fcde568fe1bb47,VERBATIM_ADMITTED,corpus/evidence/olive-xylella/raw/articles/agromillora-2025-xylella-picture.extract.md,"selected authority, source, research, evidence, or production input"
olive-xylella,62246bba810a53c7204bb24b1abeb5b4ab942b6d,raw/articles/ahern-2014.pdf.txt,fc1f4954dae6d8c583e6c1cc47e5532289fa6d40ef208fb23f12775ee8d7ec98,VERBATIM_ADMITTED,corpus/evidence/olive-xylella/raw/articles/ahern-2014.pdf.txt,"selected authority, source, research, evidence, or production input"
olive-xylella,62246bba810a53c7204bb24b1abeb5b4ab942b6d,raw/articles/efsa-2016.pdf.txt,3f04ff17febeaef9b94be2bc0ce443e2d79860922fd8388106eab57f6af1400b,VERBATIM_ADMITTED,corpus/evidence/olive-xylella/raw/articles/efsa-2016.pdf.txt,"selected authority, source, research, evidence, or production input"
olive-xylella,62246bba810a53c7204bb24b1abeb5b4ab942b6d,raw/articles/giampetruzzi-2016.pdf.txt,8d7ca5527647b5fe53ea11310bda24959c675141300e0f4443eb181746d99f17,VERBATIM_ADMITTED,corpus/evidence/olive-xylella/raw/articles/giampetruzzi-2016.pdf.txt,"selected authority, source, research, evidence, or production input"
olive-xylella,62246bba810a53c7204bb24b1abeb5b4ab942b6d,raw/articles/la-notte-2024.pdf.txt,17b61ca2f17441a167e3167d152adb8b30d0c7fba08b0f0f1dff7ca815c59de6,VERBATIM_ADMITTED,corpus/evidence/olive-xylella/raw/articles/la-notte-2024.pdf.txt,"selected authority, source, research, evidence, or production input"
olive-xylella,62246bba810a53c7204bb24b1abeb5b4ab942b6d,raw/articles/montilon-2022.pdf.txt,e1ce9bc2ae5d5c9cd3818db3b181caf017ccd78477260a2bc300539741bdd221,VERBATIM_ADMITTED,corpus/evidence/olive-xylella/raw/articles/montilon-2022.pdf.txt,"selected authority, source, research, evidence, or production input"
olive-xylella,62246bba810a53c7204bb24b1abeb5b4ab942b6d,raw/articles/pavan-2021.pdf.txt,84be298a2d0c72ad60945b6b0ba06cfc36553a63c8b8209fc0d2544bc9f1338c,VERBATIM_ADMITTED,corpus/evidence/olive-xylella/raw/articles/pavan-2021.pdf.txt,"selected authority, source, research, evidence, or production input"
olive-xylella,62246bba810a53c7204bb24b1abeb5b4ab942b6d,raw/articles/sabella-2019.pdf.txt,66c54f0d7bcce03ccb74952bee59fbbcc3115f11474e876cd17aa2031dfb69a9,VERBATIM_ADMITTED,corpus/evidence/olive-xylella/raw/articles/sabella-2019.pdf.txt,"selected authority, source, research, evidence, or production input"
olive-xylella,62246bba810a53c7204bb24b1abeb5b4ab942b6d,raw/articles/sabri-2024-mate2.extract.md,98c134f57c1a857243275e15d091ef33ab0e617d8db44b8f1eb7c805c5e591c2,VERBATIM_ADMITTED,corpus/evidence/olive-xylella/raw/articles/sabri-2024-mate2.extract.md,"selected authority, source, research, evidence, or production input"
olive-xylella,62246bba810a53c7204bb24b1abeb5b4ab942b6d,raw/articles/schneider-2020-pnas.extract.md,d3b747dc7d0325f174758aaa2f45782710afab6cad956f2751123523b8834d91,VERBATIM_ADMITTED,corpus/evidence/olive-xylella/raw/articles/schneider-2020-pnas.extract.md,"selected authority, source, research, evidence, or production input"
olive-xylella,62246bba810a53c7204bb24b1abeb5b4ab942b6d,raw/articles/surano-2022.pdf.txt,1f0e409c721695a7037c964984f99331672978e5def894afdee2e69b50302cfc,VERBATIM_ADMITTED,corpus/evidence/olive-xylella/raw/articles/surano-2022.pdf.txt,"selected authority, source, research, evidence, or production input"
olive-xylella,62246bba810a53c7204bb24b1abeb5b4ab942b6d,raw/articles/zarco-2018.pdf.txt,b7ca2ea694602d555ac077ceec63fa6d97a164e62ee6d64d6941e9a2aa8ce8c8,VERBATIM_ADMITTED,corpus/evidence/olive-xylella/raw/articles/zarco-2018.pdf.txt,"selected authority, source, research, evidence, or production input"
olive-xylella,62246bba810a53c7204bb24b1abeb5b4ab942b6d,raw/data/.gitkeep,e3b0c44298fc1c149afbf4c8996fb92427ae41e4649b934ca495991b7852b855,VERBATIM_ADMITTED,corpus/evidence/olive-xylella/raw/data/.gitkeep,"selected authority, source, research, evidence, or production input"
olive-xylella,62246bba810a53c7204bb24b1abeb5b4ab942b6d,raw/extracts/giampetruzzi-2016-bmc-genomics.txt,0a65fa9006dc49cd5ecf7eca3927c4ba56b3a5943f45337c05cd039f76c77c95,VERBATIM_ADMITTED,corpus/evidence/olive-xylella/raw/extracts/giampetruzzi-2016-bmc-genomics.txt,"selected authority, source, research, evidence, or production input"
olive-xylella,62246bba810a53c7204bb24b1abeb5b4ab942b6d,raw/extracts/la-notte-2024-frontiers.txt,716cf677368d676e90eee3e0c5dc580b6fef58d0660a7070abc47abcd28751b2,VERBATIM_ADMITTED,corpus/evidence/olive-xylella/raw/extracts/la-notte-2024-frontiers.txt,"selected authority, source, research, evidence, or production input"
olive-xylella,62246bba810a53c7204bb24b1abeb5b4ab942b6d,raw/extracts/pavan-2021-frontiers.txt,a42fb34288066d7d41b1038b7b6246aa1b8b5497abbd381525505bf0b7a7c187,VERBATIM_ADMITTED,corpus/evidence/olive-xylella/raw/extracts/pavan-2021-frontiers.txt,"selected authority, source, research, evidence, or production input"
olive-xylella,62246bba810a53c7204bb24b1abeb5b4ab942b6d,raw/extracts/sabri-2024-frontiers-mate2.txt,581b48652a8fd4b0054589902bf5cb8735a6a4e3253ccb5212ca8a5d75b03955,VERBATIM_ADMITTED,corpus/evidence/olive-xylella/raw/extracts/sabri-2024-frontiers-mate2.txt,"selected authority, source, research, evidence, or production input"
olive-xylella,62246bba810a53c7204bb24b1abeb5b4ab942b6d,raw/extracts/surano-2022-frontiers.txt,332ac096c62a9327b0add87d4e07fa9da02ae668f8d122cb43c282461cd1c024,VERBATIM_ADMITTED,corpus/evidence/olive-xylella/raw/extracts/surano-2022-frontiers.txt,"selected authority, source, research, evidence, or production input"
olive-xylella,62246bba810a53c7204bb24b1abeb5b4ab942b6d,raw/papers/MANIFEST.md,937f15afd99c4c52fb1929be25576e7d8aacd21b0ed6347ae53e85993fc73912,VERBATIM_ADMITTED,corpus/evidence/olive-xylella/raw/papers/MANIFEST.md,"selected authority, source, research, evidence, or production input"
olive-xylella,62246bba810a53c7204bb24b1abeb5b4ab942b6d,raw/papers/efsa-2016-treatments.pdf,e5b6f933dc13535c04462706c350f9d9ca7b96acfc49500a2463cb2431e54567,VERBATIM_ADMITTED,corpus/evidence/olive-xylella/raw/papers/efsa-2016-treatments.pdf,"selected authority, source, research, evidence, or production input"
olive-xylella,62246bba810a53c7204bb24b1abeb5b4ab942b6d,raw/papers/giampetruzzi-2016-bmc-genomics.pdf,fdd6777ef540b088d725802d272b9f4ba23d7512ec63dcdfb8949cc68e002964,VERBATIM_ADMITTED,corpus/evidence/olive-xylella/raw/papers/giampetruzzi-2016-bmc-genomics.pdf,"selected authority, source, research, evidence, or production input"
olive-xylella,62246bba810a53c7204bb24b1abeb5b4ab942b6d,raw/papers/la-notte-2024-frontiers.pdf,103dfdf5ee894474303037d77fa7aaffe71af2e55ead29701c31057fb07a3b47,VERBATIM_ADMITTED,corpus/evidence/olive-xylella/raw/papers/la-notte-2024-frontiers.pdf,"selected authority, source, research, evidence, or production input"
olive-xylella,62246bba810a53c7204bb24b1abeb5b4ab942b6d,raw/papers/pavan-2021-frontiers.pdf,cddbd9875d9d6233b7782ed51e2545618dbb4acec1aad12d52bdc1eb8cb13e85,VERBATIM_ADMITTED,corpus/evidence/olive-xylella/raw/papers/pavan-2021-frontiers.pdf,"selected authority, source, research, evidence, or production input"
olive-xylella,62246bba810a53c7204bb24b1abeb5b4ab942b6d,raw/papers/sabri-2024-frontiers-mate2.pdf,f20eeaf5ba6a97073ae53f2345b70a163d78e13a252ee430e827682be13cacb6,VERBATIM_ADMITTED,corpus/evidence/olive-xylella/raw/papers/sabri-2024-frontiers-mate2.pdf,"selected authority, source, research, evidence, or production input"
olive-xylella,62246bba810a53c7204bb24b1abeb5b4ab942b6d,raw/papers/surano-2022-frontiers.pdf,aa65d4a79df558e9327405b11c57a4a7223992fecd55d628be5f6cd27314c2c4,VERBATIM_ADMITTED,corpus/evidence/olive-xylella/raw/papers/surano-2022-frontiers.pdf,"selected authority, source, research, evidence, or production input"
olive-xylella,62246bba810a53c7204bb24b1abeb5b4ab942b6d,raw/papers/zarco-tejada-2018-natureplants.pdf,d1997d0f0e7d2b00db4494541584eb37ddcb1b97ad705dd74d22d2abdb84f163,VERBATIM_ADMITTED,corpus/evidence/olive-xylella/raw/papers/zarco-tejada-2018-natureplants.pdf,"selected authority, source, research, evidence, or production input"
olive-xylella,62246bba810a53c7204bb24b1abeb5b4ab942b6d,raw/papers/zarco-tejada-2021-natcomm.pdf,a59e9392c1f9e5364a42507f194b173561cc9428277b42f170c3ea3ca9575979,VERBATIM_ADMITTED,corpus/evidence/olive-xylella/raw/papers/zarco-tejada-2021-natcomm.pdf,"selected authority, source, research, evidence, or production input"
olive-xylella,62246bba810a53c7204bb24b1abeb5b4ab942b6d,raw/supp/ahern-2014.xml,e3b0c44298fc1c149afbf4c8996fb92427ae41e4649b934ca495991b7852b855,VERBATIM_ADMITTED,corpus/evidence/olive-xylella/raw/supp/ahern-2014.xml,"selected authority, source, research, evidence, or production input"
olive-xylella,62246bba810a53c7204bb24b1abeb5b4ab942b6d,raw/supp/epmc-supp.zip,0312100979dbefd0f48c3c9729edeb05bb646c7724a8918b4132b3f5999b1040,VERBATIM_ADMITTED,corpus/evidence/olive-xylella/raw/supp/epmc-supp.zip,"selected authority, source, research, evidence, or production input"
olive-xylella,62246bba810a53c7204bb24b1abeb5b4ab942b6d,raw/supp/giam-article.html,32ed63159c77e21ee19ca1b9aa3213ccf0218eb59539560b132a8e68ef0e18ea,VERBATIM_ADMITTED,corpus/evidence/olive-xylella/raw/supp/giam-article.html,"selected authority, source, research, evidence, or production input"
olive-xylella,62246bba810a53c7204bb24b1abeb5b4ab942b6d,raw/supp/giampetruzzi-2016-MOESM3.xlsx,e78269d70e3509d9014861debeec8eadda236d5e226c715438c9104b2047226c,VERBATIM_ADMITTED,corpus/evidence/olive-xylella/raw/supp/giampetruzzi-2016-MOESM3.xlsx,"selected authority, source, research, evidence, or production input"
olive-xylella,62246bba810a53c7204bb24b1abeb5b4ab942b6d,raw/supp/giampetruzzi-2016-MOESM4.xlsx,6f3282f476b1c62653e157408e1a788d1b1f7c19495bad599e12878087673b09,VERBATIM_ADMITTED,corpus/evidence/olive-xylella/raw/supp/giampetruzzi-2016-MOESM4.xlsx,"selected authority, source, research, evidence, or production input"
olive-xylella,62246bba810a53c7204bb24b1abeb5b4ab942b6d,raw/supp/giampetruzzi-2016-MOESM9.xlsx,f45ed5fdccf7e3c55adfdc0a258dc9756235dbbfef10b3a6a173a07e7a5786d8,VERBATIM_ADMITTED,corpus/evidence/olive-xylella/raw/supp/giampetruzzi-2016-MOESM9.xlsx,"selected authority, source, research, evidence, or production input"
olive-xylella,62246bba810a53c7204bb24b1abeb5b4ab942b6d,raw/supp/lanotte-2024-DataSheet1.docx,c7b00e5cf1ed1e530f468086dafc2590bb38ade92fa8d3d408c2a3a1e8c70396,VERBATIM_ADMITTED,corpus/evidence/olive-xylella/raw/supp/lanotte-2024-DataSheet1.docx,"selected authority, source, research, evidence, or production input"
olive-xylella,62246bba810a53c7204bb24b1abeb5b4ab942b6d,raw/supp/lanotte-DataSheet1.docx,137fe8c974a789297d00fdb2b4d0d7bab34cdf859e8483cbdc0f08597359bb88,VERBATIM_ADMITTED,corpus/evidence/olive-xylella/raw/supp/lanotte-DataSheet1.docx,"selected authority, source, research, evidence, or production input"
olive-xylella,62246bba810a53c7204bb24b1abeb5b4ab942b6d,raw/supp/lanotte-Table1.docx,a975064d27cab46f9493e3a03c36a12cdfe3ee7514bddfaddc1151909fcdd126,VERBATIM_ADMITTED,corpus/evidence/olive-xylella/raw/supp/lanotte-Table1.docx,"selected authority, source, research, evidence, or production input"
olive-xylella,62246bba810a53c7204bb24b1abeb5b4ab942b6d,raw/supp/lanotte-Table2.docx,9c82c71fb5c43575dc31d8960cf8f1b0552f7d31eb6ec16d51f929f8f1656f70,VERBATIM_ADMITTED,corpus/evidence/olive-xylella/raw/supp/lanotte-Table2.docx,"selected authority, source, research, evidence, or production input"
olive-xylella,62246bba810a53c7204bb24b1abeb5b4ab942b6d,raw/supp/lanotte-Table3.xlsx,fb734c46646d101dff81d8fba96af995f32a45e3a430e7eb11757b46ea27d59c,VERBATIM_ADMITTED,corpus/evidence/olive-xylella/raw/supp/lanotte-Table3.xlsx,"selected authority, source, research, evidence, or production input"
olive-xylella,62246bba810a53c7204bb24b1abeb5b4ab942b6d,raw/supp/lanotte-Table4.xlsx,8868eb50f7213fa319ee63067d3858b489c0db32d98bf586fa0dc4667b28aff8,VERBATIM_ADMITTED,corpus/evidence/olive-xylella/raw/supp/lanotte-Table4.xlsx,"selected authority, source, research, evidence, or production input"
olive-xylella,62246bba810a53c7204bb24b1abeb5b4ab942b6d,raw/supp/lanotte-Table5.xlsx,5b9509210d2eb96ecb2a017f9b6f3f5a70c8ee61ed654e1a9b5db1f30ac7f8a6,VERBATIM_ADMITTED,corpus/evidence/olive-xylella/raw/supp/lanotte-Table5.xlsx,"selected authority, source, research, evidence, or production input"
olive-xylella,62246bba810a53c7204bb24b1abeb5b4ab942b6d,raw/supp/lanotte-Table6.docx,29e643b4bdd5cb5bbd6610b7d880855967b00c88a6224e1ac516d02553cdca61,VERBATIM_ADMITTED,corpus/evidence/olive-xylella/raw/supp/lanotte-Table6.docx,"selected authority, source, research, evidence, or production input"
olive-xylella,62246bba810a53c7204bb24b1abeb5b4ab942b6d,raw/supp/lanotte-article.html,c7b00e5cf1ed1e530f468086dafc2590bb38ade92fa8d3d408c2a3a1e8c70396,VERBATIM_ADMITTED,corpus/evidence/olive-xylella/raw/supp/lanotte-article.html,"selected authority, source, research, evidence, or production input"
olive-xylella,62246bba810a53c7204bb24b1abeb5b4ab942b6d,raw/supp/lanotte-epmc/DataSheet1.docx,b1ed0022bb993c8d15a5946a2e80c825bb6153d4e6ac76d97d2b04c4d3368f55,VERBATIM_ADMITTED,corpus/evidence/olive-xylella/raw/supp/lanotte-epmc/DataSheet1.docx,"selected authority, source, research, evidence, or production input"
olive-xylella,62246bba810a53c7204bb24b1abeb5b4ab942b6d,raw/supp/lanotte-epmc/Presentation1.pptx,c3611827c9a694744fe69043b88c77366817e4e1034704c95498907cc8e8114d,VERBATIM_ADMITTED,corpus/evidence/olive-xylella/raw/supp/lanotte-epmc/Presentation1.pptx,"selected authority, source, research, evidence, or production input"
olive-xylella,62246bba810a53c7204bb24b1abeb5b4ab942b6d,raw/supp/lanotte-epmc/Presentation2.pdf,138a92deb3ab1299fbdd7f4a23c6ddfe02941280f831f549092af34e0390bfa4,VERBATIM_ADMITTED,corpus/evidence/olive-xylella/raw/supp/lanotte-epmc/Presentation2.pdf,"selected authority, source, research, evidence, or production input"
olive-xylella,62246bba810a53c7204bb24b1abeb5b4ab942b6d,raw/supp/lanotte-epmc/Presentation3.pptx,fc6d6651ce43be3d5da47b7730365e86ff8d3902991295c4ec5a33bccb9a214d,VERBATIM_ADMITTED,corpus/evidence/olive-xylella/raw/supp/lanotte-epmc/Presentation3.pptx,"selected authority, source, research, evidence, or production input"
olive-xylella,62246bba810a53c7204bb24b1abeb5b4ab942b6d,raw/supp/lanotte-epmc/Presentation4.pptx,ff758edf3ea91f3e66e6eeb57f12fba2a0a131cc598f9833d316ef0b2db64fc8,VERBATIM_ADMITTED,corpus/evidence/olive-xylella/raw/supp/lanotte-epmc/Presentation4.pptx,"selected authority, source, research, evidence, or production input"
olive-xylella,62246bba810a53c7204bb24b1abeb5b4ab942b6d,raw/supp/lanotte-epmc/Presentation5.pptx,847ab5dcb7b1e3ed13d344ce8d521e7dd9cef533c41e301ebf86d9a3de379111,VERBATIM_ADMITTED,corpus/evidence/olive-xylella/raw/supp/lanotte-epmc/Presentation5.pptx,"selected authority, source, research, evidence, or production input"
olive-xylella,62246bba810a53c7204bb24b1abeb5b4ab942b6d,raw/supp/lanotte-epmc/Presentation6.pptx,063d04107398121c2c591bedff6ec348d442cb7a8b5416e43e40d6d3e581123a,VERBATIM_ADMITTED,corpus/evidence/olive-xylella/raw/supp/lanotte-epmc/Presentation6.pptx,"selected authority, source, research, evidence, or production input"
olive-xylella,62246bba810a53c7204bb24b1abeb5b4ab942b6d,raw/supp/lanotte-epmc/Presentation7.pptx,f34cb5227df8ecd3235c42407086df29c8a4b2435ffee940519db8e3e3f79265,VERBATIM_ADMITTED,corpus/evidence/olive-xylella/raw/supp/lanotte-epmc/Presentation7.pptx,"selected authority, source, research, evidence, or production input"
olive-xylella,62246bba810a53c7204bb24b1abeb5b4ab942b6d,raw/supp/lanotte-epmc/Presentation8.pptx,351556014c9ab0659d3637d8e47af3d49fb902c75ae20c3a728dd124db8dc44a,VERBATIM_ADMITTED,corpus/evidence/olive-xylella/raw/supp/lanotte-epmc/Presentation8.pptx,"selected authority, source, research, evidence, or production input"
olive-xylella,62246bba810a53c7204bb24b1abeb5b4ab942b6d,raw/supp/lanotte-epmc/Presentation9.pdf,030ee5bc3dba551aa61d07cd40c9edd4e3e67f74f9bcfbd26f29af23afdb6ea8,VERBATIM_ADMITTED,corpus/evidence/olive-xylella/raw/supp/lanotte-epmc/Presentation9.pdf,"selected authority, source, research, evidence, or production input"
olive-xylella,62246bba810a53c7204bb24b1abeb5b4ab942b6d,raw/supp/lanotte-epmc/Table1.docx,bbd9f121c5525107243831290285664ff09ef761989efa18f8f78940c951547b,VERBATIM_ADMITTED,corpus/evidence/olive-xylella/raw/supp/lanotte-epmc/Table1.docx,"selected authority, source, research, evidence, or production input"
olive-xylella,62246bba810a53c7204bb24b1abeb5b4ab942b6d,raw/supp/lanotte-epmc/Table2.docx,5f96143c98705237225fb3205fd55ac461623cc80e6ed2ebd7c589bc0cdac366,VERBATIM_ADMITTED,corpus/evidence/olive-xylella/raw/supp/lanotte-epmc/Table2.docx,"selected authority, source, research, evidence, or production input"
olive-xylella,62246bba810a53c7204bb24b1abeb5b4ab942b6d,raw/supp/lanotte-epmc/Table3.xlsx,51f03b20141c5692bea84559b4b4952bbddafa8665a56399a1714e5cb56f8171,VERBATIM_ADMITTED,corpus/evidence/olive-xylella/raw/supp/lanotte-epmc/Table3.xlsx,"selected authority, source, research, evidence, or production input"
olive-xylella,62246bba810a53c7204bb24b1abeb5b4ab942b6d,raw/supp/lanotte-epmc/Table4.xlsx,d2178971aafcafc05507e88f15b5ca270bf7857bdbdc3086d543cb138c3f0dc7,VERBATIM_ADMITTED,corpus/evidence/olive-xylella/raw/supp/lanotte-epmc/Table4.xlsx,"selected authority, source, research, evidence, or production input"
olive-xylella,62246bba810a53c7204bb24b1abeb5b4ab942b6d,raw/supp/lanotte-epmc/Table5.xlsx,2208df1d866b589b72a6b9ef6731e627b46bd496f716d0ab6b1327c8832c12db,VERBATIM_ADMITTED,corpus/evidence/olive-xylella/raw/supp/lanotte-epmc/Table5.xlsx,"selected authority, source, research, evidence, or production input"
olive-xylella,62246bba810a53c7204bb24b1abeb5b4ab942b6d,raw/supp/lanotte-epmc/Table6.docx,d39a09b3282b3c5558d7e987b4e93ddbd62b4d577994d99f4e81f57f2cd9de1b,VERBATIM_ADMITTED,corpus/evidence/olive-xylella/raw/supp/lanotte-epmc/Table6.docx,"selected authority, source, research, evidence, or production input"
olive-xylella,62246bba810a53c7204bb24b1abeb5b4ab942b6d,raw/supp/lanotte-epmc/fpls-15-1457831-g001.gif,8d050996a52be292665309b792082ae26bc21cd5c138c95ab4746d33cfe06aa8,VERBATIM_ADMITTED,corpus/evidence/olive-xylella/raw/supp/lanotte-epmc/fpls-15-1457831-g001.gif,"selected authority, source, research, evidence, or production input"
olive-xylella,62246bba810a53c7204bb24b1abeb5b4ab942b6d,raw/supp/lanotte-epmc/fpls-15-1457831-g001.jpg,7e360a628a42e5481479bacf71b2a60f5b78be54ccfc7eb09227175d974f77c8,VERBATIM_ADMITTED,corpus/evidence/olive-xylella/raw/supp/lanotte-epmc/fpls-15-1457831-g001.jpg,"selected authority, source, research, evidence, or production input"
olive-xylella,62246bba810a53c7204bb24b1abeb5b4ab942b6d,raw/supp/lanotte-epmc/fpls-15-1457831-g002.gif,3d360764e75b49b3398feeb52a65a92299274b820e2ba0c6bf4d41d03db363d6,VERBATIM_ADMITTED,corpus/evidence/olive-xylella/raw/supp/lanotte-epmc/fpls-15-1457831-g002.gif,"selected authority, source, research, evidence, or production input"
olive-xylella,62246bba810a53c7204bb24b1abeb5b4ab942b6d,raw/supp/lanotte-epmc/fpls-15-1457831-g002.jpg,1c15ec81d79f1d36a52982e25a74123eababe4f737be41be86189bd9b7b0c8b8,VERBATIM_ADMITTED,corpus/evidence/olive-xylella/raw/supp/lanotte-epmc/fpls-15-1457831-g002.jpg,"selected authority, source, research, evidence, or production input"
olive-xylella,62246bba810a53c7204bb24b1abeb5b4ab942b6d,raw/supp/lanotte-epmc/fpls-15-1457831-g003.gif,de3cf052d5c6ad758f567b1f6bf8c153e700a5ac22c935e7df32fb33c1e98a67,VERBATIM_ADMITTED,corpus/evidence/olive-xylella/raw/supp/lanotte-epmc/fpls-15-1457831-g003.gif,"selected authority, source, research, evidence, or production input"
olive-xylella,62246bba810a53c7204bb24b1abeb5b4ab942b6d,raw/supp/lanotte-epmc/fpls-15-1457831-g003.jpg,68eb807c4ce6f69e91a7bca7fcce488c365d7199d43f326f2e125cc3a3b7a740,VERBATIM_ADMITTED,corpus/evidence/olive-xylella/raw/supp/lanotte-epmc/fpls-15-1457831-g003.jpg,"selected authority, source, research, evidence, or production input"
olive-xylella,62246bba810a53c7204bb24b1abeb5b4ab942b6d,raw/supp/lanotte-epmc/fpls-15-1457831-g004.gif,05cdd0331e006f964da5584049c7843eac70a2285c93998f6e32f3d1d694095c,VERBATIM_ADMITTED,corpus/evidence/olive-xylella/raw/supp/lanotte-epmc/fpls-15-1457831-g004.gif,"selected authority, source, research, evidence, or production input"
olive-xylella,62246bba810a53c7204bb24b1abeb5b4ab942b6d,raw/supp/lanotte-epmc/fpls-15-1457831-g004.jpg,13afdb897caeaf4a74029309b7c881faeb9f459b69221a2992f39f2fcc1db994,VERBATIM_ADMITTED,corpus/evidence/olive-xylella/raw/supp/lanotte-epmc/fpls-15-1457831-g004.jpg,"selected authority, source, research, evidence, or production input"
olive-xylella,62246bba810a53c7204bb24b1abeb5b4ab942b6d,raw/supp/lanotte-epmc/fpls-15-1457831-g005.gif,b4c9505c971116b05494a4ead4272d5a42963daddcb9341c3a395ee65ca55ef5,VERBATIM_ADMITTED,corpus/evidence/olive-xylella/raw/supp/lanotte-epmc/fpls-15-1457831-g005.gif,"selected authority, source, research, evidence, or production input"
olive-xylella,62246bba810a53c7204bb24b1abeb5b4ab942b6d,raw/supp/lanotte-epmc/fpls-15-1457831-g005.jpg,5d8222f5550b6a44e566b4c40e8bf93aa6d4c8fbd4f812fc24131948c813e89d,VERBATIM_ADMITTED,corpus/evidence/olive-xylella/raw/supp/lanotte-epmc/fpls-15-1457831-g005.jpg,"selected authority, source, research, evidence, or production input"
olive-xylella,62246bba810a53c7204bb24b1abeb5b4ab942b6d,raw/supp/lanotte-epmc/fpls-15-1457831-g006.gif,0102675daac96bd47806ebc857e91849e34cb01c396380b9e4e6294fac32331f,VERBATIM_ADMITTED,corpus/evidence/olive-xylella/raw/supp/lanotte-epmc/fpls-15-1457831-g006.gif,"selected authority, source, research, evidence, or production input"
olive-xylella,62246bba810a53c7204bb24b1abeb5b4ab942b6d,raw/supp/lanotte-epmc/fpls-15-1457831-g006.jpg,47140e441615479e69f7fe62242344882ce51db92499d58f80f3488d784264aa,VERBATIM_ADMITTED,corpus/evidence/olive-xylella/raw/supp/lanotte-epmc/fpls-15-1457831-g006.jpg,"selected authority, source, research, evidence, or production input"
olive-xylella,62246bba810a53c7204bb24b1abeb5b4ab942b6d,raw/supp/lanotte-epmc/fpls-15-1457831-g007.gif,e873d3c20aab140a2994b5493555587b41beff76c6fd55a43b2560362d94e248,VERBATIM_ADMITTED,corpus/evidence/olive-xylella/raw/supp/lanotte-epmc/fpls-15-1457831-g007.gif,"selected authority, source, research, evidence, or production input"
olive-xylella,62246bba810a53c7204bb24b1abeb5b4ab942b6d,raw/supp/lanotte-epmc/fpls-15-1457831-g007.jpg,44f9e2df36a7d44662acc58507fcd42e2f0f73284035f363435b790b5ac29fdf,VERBATIM_ADMITTED,corpus/evidence/olive-xylella/raw/supp/lanotte-epmc/fpls-15-1457831-g007.jpg,"selected authority, source, research, evidence, or production input"
olive-xylella,62246bba810a53c7204bb24b1abeb5b4ab942b6d,raw/supp/lanotte-epmc/fpls-15-1457831-g008.gif,93dfd0afbe739003e0fbad4f188bad6813f13197592134404cd3981eb3392816,VERBATIM_ADMITTED,corpus/evidence/olive-xylella/raw/supp/lanotte-epmc/fpls-15-1457831-g008.gif,"selected authority, source, research, evidence, or production input"
olive-xylella,62246bba810a53c7204bb24b1abeb5b4ab942b6d,raw/supp/lanotte-epmc/fpls-15-1457831-g008.jpg,02649b5a99f957ddde532401d7c34f349c28b601b0ebfc31aa2922d9daed36ba,VERBATIM_ADMITTED,corpus/evidence/olive-xylella/raw/supp/lanotte-epmc/fpls-15-1457831-g008.jpg,"selected authority, source, research, evidence, or production input"
olive-xylella,62246bba810a53c7204bb24b1abeb5b4ab942b6d,raw/supp/lanotte-epmc/fpls-15-1457831-g009.gif,4511a2595507867c25fa46299ebc7da7edd354fcaa907a2cdbb63c692bdcc009,VERBATIM_ADMITTED,corpus/evidence/olive-xylella/raw/supp/lanotte-epmc/fpls-15-1457831-g009.gif,"selected authority, source, research, evidence, or production input"
olive-xylella,62246bba810a53c7204bb24b1abeb5b4ab942b6d,raw/supp/lanotte-epmc/fpls-15-1457831-g009.jpg,e3e43494b991fb350608410e4e61c4c6416264c81d2d1f0851ce145466febe5a,VERBATIM_ADMITTED,corpus/evidence/olive-xylella/raw/supp/lanotte-epmc/fpls-15-1457831-g009.jpg,"selected authority, source, research, evidence, or production input"
olive-xylella,62246bba810a53c7204bb24b1abeb5b4ab942b6d,raw/supp/montilon-2022.pdf,035eebe678337a35e57ae69d8a73b7f2d7bc05abe8b965011f91678182af35d7,VERBATIM_ADMITTED,corpus/evidence/olive-xylella/raw/supp/montilon-2022.pdf,"selected authority, source, research, evidence, or production input"
olive-xylella,62246bba810a53c7204bb24b1abeb5b4ab942b6d,raw/supp/pmc.html,1588398e40ad76e7aeaba809dc237902bd02537f32456d6bfc47fa8fe4f28d59,VERBATIM_ADMITTED,corpus/evidence/olive-xylella/raw/supp/pmc.html,"selected authority, source, research, evidence, or production input"
olive-xylella,62246bba810a53c7204bb24b1abeb5b4ab942b6d,raw/supp/sabella-2019.pdf,3de56c10b04d0d9230c3792fa4097c63031316f9d21494d095e7784a57e5fcc0,VERBATIM_ADMITTED,corpus/evidence/olive-xylella/raw/supp/sabella-2019.pdf,"selected authority, source, research, evidence, or production input"
olive-xylella,62246bba810a53c7204bb24b1abeb5b4ab942b6d,raw/supp/try_DataSheet1.docx,e3b0c44298fc1c149afbf4c8996fb92427ae41e4649b934ca495991b7852b855,VERBATIM_ADMITTED,corpus/evidence/olive-xylella/raw/supp/try_DataSheet1.docx,"selected authority, source, research, evidence, or production input"
olive-xylella,62246bba810a53c7204bb24b1abeb5b4ab942b6d,raw/supp/try_DataSheet_1.docx,e3b0c44298fc1c149afbf4c8996fb92427ae41e4649b934ca495991b7852b855,VERBATIM_ADMITTED,corpus/evidence/olive-xylella/raw/supp/try_DataSheet_1.docx,"selected authority, source, research, evidence, or production input"
olive-xylella,62246bba810a53c7204bb24b1abeb5b4ab942b6d,raw/supp/try_Data_Sheet_1.docx,e3b0c44298fc1c149afbf4c8996fb92427ae41e4649b934ca495991b7852b855,VERBATIM_ADMITTED,corpus/evidence/olive-xylella/raw/supp/try_Data_Sheet_1.docx,"selected authority, source, research, evidence, or production input"
olive-xylella,62246bba810a53c7204bb24b1abeb5b4ab942b6d,raw/supp/try_Table_1.docx,e3b0c44298fc1c149afbf4c8996fb92427ae41e4649b934ca495991b7852b855,VERBATIM_ADMITTED,corpus/evidence/olive-xylella/raw/supp/try_Table_1.docx,"selected authority, source, research, evidence, or production input"
