dependency_id,source_provision_version_id,source_stable_provision_id,target_ref,target_instrument,target_provision,dependency_kind,status,note
f476d350680223e82ccd,EU-2016-2031:Art.31(2):more-stringent-measure-notification:v1,EU-2016-2031:Art.31(2):more-stringent-measure-notification,EU-2016-2031:Art.31:more-stringent-national-measures,EU-2016-2031,31(1),HIGHER_AUTHORITY+AST_PROVISION_REF,RESOLVED_CANONICAL,"Complete declared dependency inventory with authority subset, external-only support and AST-use roles."
00c62943ba2cb164b335,EU-2016-2031:Art.31(2):more-stringent-measure-report-on-request:v1,EU-2016-2031:Art.31(2):more-stringent-measure-report-on-request,EU-2016-2031:Art.31:more-stringent-national-measures,EU-2016-2031,31(1),HIGHER_AUTHORITY,RESOLVED_CANONICAL,"Complete declared dependency inventory with authority subset, external-only support and AST-use roles."
72458249eb0a5326e67c,EU-2017-625:Art.100:national-reference-laboratory-status:v1,EU-2017-625:Art.100:national-reference-laboratory-status,"EU-2017-625:Art.37(1,3-5):official-laboratory-designation-tuple",EU-2017-625,"37(1),(3)-(5)",HIGHER_AUTHORITY,RESOLVED_CANONICAL,"Complete declared dependency inventory with authority subset, external-only support and AST-use roles."
dce591b58601f1523529,EU-2017-625:Art.100:national-reference-laboratory-status:v1,EU-2017-625:Art.100:national-reference-laboratory-status,EU-2017-625:Art.39:official-laboratory-audit-status,EU-2017-625,39,HIGHER_AUTHORITY,RESOLVED_CANONICAL,"Complete declared dependency inventory with authority subset, external-only support and AST-use roles."
f48d7605e52727d0488a,EU-2017-625:Art.100:national-reference-laboratory-status:v1,EU-2017-625:Art.100:national-reference-laboratory-status,EU-2017-625:Art.41:representative-method-derogation-authority,EU-2017-625,41,HIGHER_AUTHORITY,RESOLVED_CANONICAL,"Complete declared dependency inventory with authority subset, external-only support and AST-use roles."
fe44766ea1ea1339f170,EU-2017-625:Art.100:national-reference-laboratory-status:v1,EU-2017-625:Art.100:national-reference-laboratory-status,EU-2017-625:Art.42:temporary-method-designation,EU-2017-625,42,HIGHER_AUTHORITY,RESOLVED_CANONICAL,"Complete declared dependency inventory with authority subset, external-only support and AST-use roles."
93dc3d50ad14eb6e9398,EU-2017-625:Art.101(1):national-reference-laboratory-tasks:v1,EU-2017-625:Art.101(1):national-reference-laboratory-tasks,EU-2017-625:Art.100:national-reference-laboratory-status,EU-2017-625,100,HIGHER_AUTHORITY,RESOLVED_CANONICAL,"Complete declared dependency inventory with authority subset, external-only support and AST-use roles."
39637c896825e4952b5a,EU-2017-625:Art.41:representative-method-derogation-authority:v1,EU-2017-625:Art.41:representative-method-derogation-authority,EU-2021-1353:Art.3:plant-health-partial-accreditation-derogation,EU-2021-1353,3,HIGHER_AUTHORITY+AST_PROVISION_REF,RESOLVED_CANONICAL,"Complete declared dependency inventory with authority subset, external-only support and AST-use roles."
315ba734f79b82ce2340,EU-2021-1353:Art.3:plant-health-partial-accreditation-derogation:v1,EU-2021-1353:Art.3:plant-health-partial-accreditation-derogation,EU-2017-625:Art.41:representative-method-derogation-authority,EU-2017-625,41,HIGHER_AUTHORITY,RESOLVED_CANONICAL,"Complete declared dependency inventory with authority subset, external-only support and AST-use roles."
c923986032c3ab7a655b,IT-CFN-ORD-3-2023:Art.1(1):pest-free-declaration:v1,IT-CFN-ORD-3-2023:Art.1(1):pest-free-declaration,EU-2020-1201:2(1),EU-2020-1201,2(1),HIGHER_AUTHORITY,RESOLVED_ACCEPTED_EU,"Complete declared dependency inventory with authority subset, external-only support and AST-use roles."
c7bed8cf230bb8ba7865,IT-CFN-ORD-3-2023:Art.1(1):pest-free-declaration:v1,IT-CFN-ORD-3-2023:Art.1(1):pest-free-declaration,EU-2020-1201:2(2),EU-2020-1201,2(2),HIGHER_AUTHORITY,RESOLVED_ACCEPTED_EU,"Complete declared dependency inventory with authority subset, external-only support and AST-use roles."
e8f38638da7b8d1d379e,IT-CFN-ORD-3-2023:Art.1(1):pest-free-declaration:v1,IT-CFN-ORD-3-2023:Art.1(1):pest-free-declaration,EU-2020-1201:2(3),EU-2020-1201,2(3),HIGHER_AUTHORITY,RESOLVED_ACCEPTED_EU,"Complete declared dependency inventory with authority subset, external-only support and AST-use roles."
7cc62becb4368ac92356,IT-CFN-ORD-3-2023:Art.1(1):pest-free-declaration:v1,IT-CFN-ORD-3-2023:Art.1(1):pest-free-declaration,EU-2020-1201:2(4),EU-2020-1201,2(4),HIGHER_AUTHORITY,RESOLVED_ACCEPTED_EU,"Complete declared dependency inventory with authority subset, external-only support and AST-use roles."
5b01bc2a7c1973796bfa,IT-CFN-ORD-3-2023:Art.1(2):maintain-pest-free-status:v1,IT-CFN-ORD-3-2023:Art.1(2):maintain-pest-free-status,EU-2020-1201:2(1),EU-2020-1201,2(1),HIGHER_AUTHORITY,RESOLVED_ACCEPTED_EU,"Complete declared dependency inventory with authority subset, external-only support and AST-use roles."
35f21330529f2206a8c2,IT-CFN-ORD-3-2023:Art.1(2):maintain-pest-free-status:v1,IT-CFN-ORD-3-2023:Art.1(2):maintain-pest-free-status,EU-2020-1201:2(2),EU-2020-1201,2(2),HIGHER_AUTHORITY,RESOLVED_ACCEPTED_EU,"Complete declared dependency inventory with authority subset, external-only support and AST-use roles."
d91f35ec6f2470e1de50,IT-CFN-ORD-3-2023:Art.1(2):maintain-pest-free-status:v1,IT-CFN-ORD-3-2023:Art.1(2):maintain-pest-free-status,EU-2020-1201:2(3),EU-2020-1201,2(3),HIGHER_AUTHORITY,RESOLVED_ACCEPTED_EU,"Complete declared dependency inventory with authority subset, external-only support and AST-use roles."
f9fe0caf03b73cb7679d,IT-CFN-ORD-3-2023:Art.1(2):maintain-pest-free-status:v1,IT-CFN-ORD-3-2023:Art.1(2):maintain-pest-free-status,EU-2020-1201:2(4),EU-2020-1201,2(4),HIGHER_AUTHORITY,RESOLVED_ACCEPTED_EU,"Complete declared dependency inventory with authority subset, external-only support and AST-use roles."
503cd24dedfa2b4b8861,IT-DLGS-19-2021:Art.10(1):implement-plan-and-ordinances:v1,IT-DLGS-19-2021:Art.10(1):implement-plan-and-ordinances,IT-DLGS-19-2021:Art.10(1):establish-territorial-unit,IT-DLGS-19-2021,10(1):establish-territorial-unit,AST_PROVISION_REF,RESOLVED_CANONICAL,"Complete declared dependency inventory with authority subset, external-only support and AST-use roles."
601cf5d628fa2dd868aa,IT-DLGS-19-2021:Art.10(3)(a):v1,IT-DLGS-19-2021:Art.10(3)(a),IT-DLGS-19-2021:Art.10(1):establish-territorial-unit,IT-DLGS-19-2021,10(1):establish-territorial-unit,AST_PROVISION_REF,RESOLVED_CANONICAL,"Complete declared dependency inventory with authority subset, external-only support and AST-use roles."
7ea2ea2eb988b7709429,IT-DLGS-19-2021:Art.10(4):v1,IT-DLGS-19-2021:Art.10(4),IT-DLGS-19-2021:Art.10(1):establish-territorial-unit,IT-DLGS-19-2021,10(1):establish-territorial-unit,AST_PROVISION_REF,RESOLVED_CANONICAL,"Complete declared dependency inventory with authority subset, external-only support and AST-use roles."
8be045ff9bc9b5de6ee2,IT-DLGS-19-2021:Art.13(1):corresponding-reference-laboratory:v1,IT-DLGS-19-2021:Art.13(1):corresponding-reference-laboratory,EU-2017-625:Art.100:national-reference-laboratory-status,EU-2017-625,100,HIGHER_AUTHORITY,RESOLVED_CANONICAL,"Complete declared dependency inventory with authority subset, external-only support and AST-use roles."
820e1dfd554273532d02,IT-DLGS-19-2021:Art.13(1):corresponding-reference-laboratory:v1,IT-DLGS-19-2021:Art.13(1):corresponding-reference-laboratory,EU-2017-625:Art.93(1):eu-reference-laboratory-designation,EU-2017-625,93(1),HIGHER_AUTHORITY,RESOLVED_CANONICAL,"Complete declared dependency inventory with authority subset, external-only support and AST-use roles."
f2832df36b7b07ee7ebb,IT-DLGS-19-2021:Art.13(1):unmatched-reference-laboratory:v1,IT-DLGS-19-2021:Art.13(1):unmatched-reference-laboratory,EU-2017-625:Art.100:national-reference-laboratory-status,EU-2017-625,100,HIGHER_AUTHORITY,RESOLVED_CANONICAL,"Complete declared dependency inventory with authority subset, external-only support and AST-use roles."
4c953687511d30431b07,IT-DLGS-19-2021:Art.13(2):v1,IT-DLGS-19-2021:Art.13(2),EU-2017-625:Art.100:national-reference-laboratory-status,EU-2017-625,100,HIGHER_AUTHORITY,RESOLVED_CANONICAL,"Complete declared dependency inventory with authority subset, external-only support and AST-use roles."
6c01c00efea1ced98602,IT-DLGS-19-2021:Art.14(1):designate-official-laboratory:v1,IT-DLGS-19-2021:Art.14(1):designate-official-laboratory,"EU-2017-625:Art.37(1,3-5):official-laboratory-designation-tuple",EU-2017-625,"37(1),(3)-(5)",HIGHER_AUTHORITY+AST_PROVISION_REF,RESOLVED_CANONICAL,"Complete declared dependency inventory with authority subset, external-only support and AST-use roles."
040dbbd2523c9cbc2f36,IT-DLGS-19-2021:Art.14(1):official-laboratory-capacity:v1,IT-DLGS-19-2021:Art.14(1):official-laboratory-capacity,"EU-2017-625:Art.37(1,3-5):official-laboratory-designation-tuple",EU-2017-625,"37(1),(3)-(5)",HIGHER_AUTHORITY,RESOLVED_CANONICAL,"Complete declared dependency inventory with authority subset, external-only support and AST-use roles."
16095e68340d0f848b06,IT-DLGS-19-2021:Art.14(2):v1,IT-DLGS-19-2021:Art.14(2),"EU-2017-625:Art.37(1,3-5):official-laboratory-designation-tuple",EU-2017-625,"37(1),(3)-(5)",HIGHER_AUTHORITY,RESOLVED_CANONICAL,"Complete declared dependency inventory with authority subset, external-only support and AST-use roles."
10d25fe2439616676445,IT-DLGS-19-2021:Art.14(3):cross-region-use:v1,IT-DLGS-19-2021:Art.14(3):cross-region-use,IT-DLGS-19-2021:Art.14(3):cross-region-designation,IT-DLGS-19-2021,14(3):cross-region-designation,AST_PROVISION_REF,RESOLVED_CANONICAL,"Complete declared dependency inventory with authority subset, external-only support and AST-use roles."
e88022f2567eaf167472,IT-DLGS-19-2021:Art.14(4):v1,IT-DLGS-19-2021:Art.14(4),"EU-2017-625:Art.37(1,3-5):official-laboratory-designation-tuple",EU-2017-625,"37(1),(3)-(5)",HIGHER_AUTHORITY,RESOLVED_CANONICAL,"Complete declared dependency inventory with authority subset, external-only support and AST-use roles."
f62ccda7bddb717f1caf,IT-DLGS-19-2021:Art.26(1):prepare-emergency-plan:v1,IT-DLGS-19-2021:Art.26(1):prepare-emergency-plan,EU-2019-1702:priority-pest list,EU-2019-1702,priority-pest list,HIGHER_AUTHORITY,RESOLVED_ACCEPTED_EU_DEPENDENCY,"Complete declared dependency inventory with authority subset, external-only support and AST-use roles."
8e751bd6e45c42fe80a2,IT-DLGS-19-2021:Art.26(2):ministerial-adoption:v1,IT-DLGS-19-2021:Art.26(2):ministerial-adoption,EU-2016-2031:Art.25,EU-2016-2031,Art.25,HIGHER_AUTHORITY,RESOLVED_ACCEPTED_EU_DEPENDENCY,"Complete declared dependency inventory with authority subset, external-only support and AST-use roles."
128e793e6fd699a8b8e0,IT-DLGS-19-2021:Art.26(2):ministerial-adoption:v1,IT-DLGS-19-2021:Art.26(2):ministerial-adoption,IT-DLGS-19-2021:Art.26(1):prepare-emergency-plan,IT-DLGS-19-2021,26(1):prepare-emergency-plan,AST_PROVISION_REF,RESOLVED_CANONICAL,"Complete declared dependency inventory with authority subset, external-only support and AST-use roles."
ea80d6cca8c698a9a099,IT-DLGS-19-2021:Art.26(4):monitor-emergency-plans:v1,IT-DLGS-19-2021:Art.26(4):monitor-emergency-plans,IT-DLGS-19-2021:Art.26(2):ministerial-adoption,IT-DLGS-19-2021,26(2):ministerial-adoption,AST_PROVISION_REF,RESOLVED_CANONICAL,"Complete declared dependency inventory with authority subset, external-only support and AST-use roles."
638346707e3e7ec14a7c,IT-DLGS-19-2021:Art.26(4):update-emergency-plan:v1,IT-DLGS-19-2021:Art.26(4):update-emergency-plan,IT-DLGS-19-2021:Art.26(4):monitor-emergency-plans,IT-DLGS-19-2021,26(4):monitor-emergency-plans,AST_PROVISION_REF,RESOLVED_CANONICAL,"Complete declared dependency inventory with authority subset, external-only support and AST-use roles."
0684bcc33b00d1d21abe,IT-DLGS-19-2021:Art.27(1):v1,IT-DLGS-19-2021:Art.27(1),EU-2016-2031:Art.22,EU-2016-2031,Art.22,HIGHER_AUTHORITY,RESOLVED_ACCEPTED_EU_DEPENDENCY,"Complete declared dependency inventory with authority subset, external-only support and AST-use roles."
a26a958797c6ffd30ec4,IT-DLGS-19-2021:Art.27(3):v1,IT-DLGS-19-2021:Art.27(3),IT-DLGS-19-2021:Art.27(2),IT-DLGS-19-2021,27(2),AST_PROVISION_REF,RESOLVED_CANONICAL,"Complete declared dependency inventory with authority subset, external-only support and AST-use roles."
324e1b62bfa86b556b30,IT-DLGS-19-2021:Art.27(4):adopt-national-programme:v1,IT-DLGS-19-2021:Art.27(4):adopt-national-programme,IT-DLGS-19-2021:Art.27(4):prepare-national-proposal,IT-DLGS-19-2021,27(4):prepare-national-proposal,AST_PROVISION_REF,RESOLVED_CANONICAL,"Complete declared dependency inventory with authority subset, external-only support and AST-use roles."
39a66d78172c323722e6,IT-DLGS-19-2021:Art.27(4):prepare-national-proposal:v1,IT-DLGS-19-2021:Art.27(4):prepare-national-proposal,IT-DLGS-19-2021:Art.27(3),IT-DLGS-19-2021,27(3),AST_PROVISION_REF,RESOLVED_CANONICAL,"Complete declared dependency inventory with authority subset, external-only support and AST-use roles."
aa6a7f5c3eb2c04e81e0,IT-DLGS-19-2021:Art.27(4):publish-national-programme:v1,IT-DLGS-19-2021:Art.27(4):publish-national-programme,IT-DLGS-19-2021:Art.27(4):adopt-national-programme,IT-DLGS-19-2021,27(4):adopt-national-programme,AST_PROVISION_REF,RESOLVED_CANONICAL,"Complete declared dependency inventory with authority subset, external-only support and AST-use roles."
83f8fb0e7967aa458955,IT-DLGS-19-2021:Art.27(6):transmit-adopted-programme:v1,IT-DLGS-19-2021:Art.27(6):transmit-adopted-programme,EU-2016-2031:Art.22,EU-2016-2031,Art.22,HIGHER_AUTHORITY,RESOLVED_ACCEPTED_EU_DEPENDENCY,"Complete declared dependency inventory with authority subset, external-only support and AST-use roles."
7d470097466c14632b1d,IT-DLGS-19-2021:Art.27(6):transmit-prior-year-results:v1,IT-DLGS-19-2021:Art.27(6):transmit-prior-year-results,EU-2016-2031:Art.22,EU-2016-2031,Art.22,HIGHER_AUTHORITY,RESOLVED_ACCEPTED_EU_DEPENDENCY,"Complete declared dependency inventory with authority subset, external-only support and AST-use roles."
7de2e32c96615030d729,IT-DLGS-19-2021:Art.29(2):v1,IT-DLGS-19-2021:Art.29(2),IT-DLGS-19-2021:Art.29(1),IT-DLGS-19-2021,29(1),AST_PROVISION_REF,RESOLVED_CANONICAL,"Complete declared dependency inventory with authority subset, external-only support and AST-use roles."
e976d064d5023dff7279,IT-DLGS-19-2021:Art.31(3):eradication-regime:v1,IT-DLGS-19-2021:Art.31(3):eradication-regime,EU-2020-1201:10,EU-2020-1201,10,HIGHER_AUTHORITY,RESOLVED_ACCEPTED_EU,"Complete declared dependency inventory with authority subset, external-only support and AST-use roles."
e6bf6f72a69e85a0e171,IT-DLGS-19-2021:Art.31(3):eradication-regime:v1,IT-DLGS-19-2021:Art.31(3):eradication-regime,EU-2020-1201:11(1),EU-2020-1201,11(1),HIGHER_AUTHORITY,RESOLVED_ACCEPTED_EU,"Complete declared dependency inventory with authority subset, external-only support and AST-use roles."
017311f5d6bd5d33620c,IT-DLGS-19-2021:Art.31(3):eradication-regime:v1,IT-DLGS-19-2021:Art.31(3):eradication-regime,EU-2020-1201:11(2),EU-2020-1201,11(2),HIGHER_AUTHORITY,RESOLVED_ACCEPTED_EU,"Complete declared dependency inventory with authority subset, external-only support and AST-use roles."
09f8dadd706d6203c0ad,IT-DLGS-19-2021:Art.31(3):eradication-regime:v1,IT-DLGS-19-2021:Art.31(3):eradication-regime,EU-2020-1201:11(3),EU-2020-1201,11(3),HIGHER_AUTHORITY,RESOLVED_ACCEPTED_EU,"Complete declared dependency inventory with authority subset, external-only support and AST-use roles."
306ae2b7c8db90e09b6b,IT-DLGS-19-2021:Art.31(3):eradication-regime:v1,IT-DLGS-19-2021:Art.31(3):eradication-regime,EU-2020-1201:12,EU-2020-1201,12,HIGHER_AUTHORITY,RESOLVED_ACCEPTED_EU,"Complete declared dependency inventory with authority subset, external-only support and AST-use roles."
6e9171a17d8b98bdd23d,IT-DLGS-19-2021:Art.31(3):eradication-regime:v1,IT-DLGS-19-2021:Art.31(3):eradication-regime,EU-2020-1201:7(1),EU-2020-1201,7(1),HIGHER_AUTHORITY,RESOLVED_ACCEPTED_EU,"Complete declared dependency inventory with authority subset, external-only support and AST-use roles."
b95ebcd632d8cbd52d15,IT-DLGS-19-2021:Art.31(3):eradication-regime:v1,IT-DLGS-19-2021:Art.31(3):eradication-regime,EU-2020-1201:8(1),EU-2020-1201,8(1),HIGHER_AUTHORITY,RESOLVED_ACCEPTED_EU,"Complete declared dependency inventory with authority subset, external-only support and AST-use roles."
0a4a4e2e9e04a96e6462,IT-DLGS-19-2021:Art.31(3):eradication-regime:v1,IT-DLGS-19-2021:Art.31(3):eradication-regime,EU-2020-1201:8(2),EU-2020-1201,8(2),HIGHER_AUTHORITY,RESOLVED_ACCEPTED_EU,"Complete declared dependency inventory with authority subset, external-only support and AST-use roles."
87950b90c1740d500114,IT-DLGS-19-2021:Art.31(3):eradication-regime:v1,IT-DLGS-19-2021:Art.31(3):eradication-regime,EU-2020-1201:8(2)(a),EU-2020-1201,8(2)(a),HIGHER_AUTHORITY,RESOLVED_ACCEPTED_EU,"Complete declared dependency inventory with authority subset, external-only support and AST-use roles."
3c4ac66c99e529cff579,IT-DLGS-19-2021:Art.31(3):eradication-regime:v1,IT-DLGS-19-2021:Art.31(3):eradication-regime,EU-2020-1201:8(2)(b),EU-2020-1201,8(2)(b),HIGHER_AUTHORITY,RESOLVED_ACCEPTED_EU,"Complete declared dependency inventory with authority subset, external-only support and AST-use roles."
5afef8651ef730ce74f8,IT-DLGS-19-2021:Art.31(3):eradication-regime:v1,IT-DLGS-19-2021:Art.31(3):eradication-regime,EU-2020-1201:8(2)-sub1,EU-2020-1201,8(2)-sub1,HIGHER_AUTHORITY,RESOLVED_ACCEPTED_EU,"Complete declared dependency inventory with authority subset, external-only support and AST-use roles."
df0cbbaf8db2de620e86,IT-DLGS-19-2021:Art.31(3):eradication-regime:v1,IT-DLGS-19-2021:Art.31(3):eradication-regime,EU-2020-1201:9(1),EU-2020-1201,9(1),HIGHER_AUTHORITY,RESOLVED_ACCEPTED_EU,"Complete declared dependency inventory with authority subset, external-only support and AST-use roles."
b73cae34b9313dc43fde,IT-DLGS-19-2021:Art.31(3):eradication-regime:v1,IT-DLGS-19-2021:Art.31(3):eradication-regime,EU-2020-1201:9(2),EU-2020-1201,9(2),HIGHER_AUTHORITY,RESOLVED_ACCEPTED_EU,"Complete declared dependency inventory with authority subset, external-only support and AST-use roles."
f40a0cbca9560d8d6bd6,IT-DLGS-19-2021:Art.31(3):eradication-regime:v1,IT-DLGS-19-2021:Art.31(3):eradication-regime,EU-2020-1201:9(3),EU-2020-1201,9(3),HIGHER_AUTHORITY,RESOLVED_ACCEPTED_EU,"Complete declared dependency inventory with authority subset, external-only support and AST-use roles."
70d336251221fcd3a507,IT-DLGS-19-2021:Art.31(3):eradication-regime:v1,IT-DLGS-19-2021:Art.31(3):eradication-regime,PUG-LR4-2017:Art.6(1),PUG-LR4-2017,Art.6(1),HIGHER_AUTHORITY,RESOLVED_CANONICAL,"Complete declared dependency inventory with authority subset, external-only support and AST-use roles."
cd1e15d766e52f04c925,IT-DLGS-19-2021:Art.31(3):establish-demarcated-area:v1,IT-DLGS-19-2021:Art.31(3):establish-demarcated-area,EU-2020-1201:4(1),EU-2020-1201,4(1),HIGHER_AUTHORITY+AST_PROVISION_REF,RESOLVED_ACCEPTED_EU,"Complete declared dependency inventory with authority subset, external-only support and AST-use roles."
c9b75fb1abd3cfe6ea5d,IT-DLGS-19-2021:Art.31(3):establish-demarcated-area:v1,IT-DLGS-19-2021:Art.31(3):establish-demarcated-area,IT-DLGS-19-2021:Art.6(3)(g),IT-DLGS-19-2021,6(3)(g),HIGHER_AUTHORITY,RESOLVED_CANONICAL,"Complete declared dependency inventory with authority subset, external-only support and AST-use roles."
e3583a4031787cb7e594,IT-DLGS-19-2021:Art.31(5):committee-action-plan-approval:v1,IT-DLGS-19-2021:Art.31(5):committee-action-plan-approval,EU-2020-1201:12,EU-2020-1201,12,HIGHER_AUTHORITY,RESOLVED_ACCEPTED_EU,"Complete declared dependency inventory with authority subset, external-only support and AST-use roles."
2730adaae443d5d10d3b,IT-DLGS-19-2021:Art.31(5):committee-action-plan-approval:v1,IT-DLGS-19-2021:Art.31(5):committee-action-plan-approval,IT-DLGS-19-2021:Art.31(5):regional-action-plan-proposal,IT-DLGS-19-2021,31(5):regional-action-plan-proposal,AST_PROVISION_REF,RESOLVED_CANONICAL,"Complete declared dependency inventory with authority subset, external-only support and AST-use roles."
b6bd86bd2c1629667675,IT-DLGS-19-2021:Art.31(5):regional-action-plan-proposal:v1,IT-DLGS-19-2021:Art.31(5):regional-action-plan-proposal,EU-2020-1201:12,EU-2020-1201,12,HIGHER_AUTHORITY,RESOLVED_ACCEPTED_EU,"Complete declared dependency inventory with authority subset, external-only support and AST-use roles."
a7dcacb5688cff965c3b,IT-DLGS-19-2021:Art.31(5):regional-action-plan-proposal:v1,IT-DLGS-19-2021:Art.31(5):regional-action-plan-proposal,IT-DLGS-19-2021:Art.31(4),IT-DLGS-19-2021,31(4),AST_PROVISION_REF,RESOLVED_CANONICAL,"Complete declared dependency inventory with authority subset, external-only support and AST-use roles."
63168c4683da0eb5f553,IT-DLGS-19-2021:Art.31(6):adopt-action-plan:v1,IT-DLGS-19-2021:Art.31(6):adopt-action-plan,IT-DLGS-19-2021:Art.31(5):committee-action-plan-approval,IT-DLGS-19-2021,31(5):committee-action-plan-approval,AST_PROVISION_REF,RESOLVED_CANONICAL,"Complete declared dependency inventory with authority subset, external-only support and AST-use roles."
e2ee148f05e465dea511,IT-DLGS-19-2021:Art.31(6):declare-emergency:v1,IT-DLGS-19-2021:Art.31(6):declare-emergency,IT-DLGS-19-2021:Art.31(5):committee-action-plan-approval,IT-DLGS-19-2021,31(5):committee-action-plan-approval,AST_PROVISION_REF,RESOLVED_CANONICAL,"Complete declared dependency inventory with authority subset, external-only support and AST-use roles."
29ceb50a1dd0ff924d65,IT-DLGS-19-2021:Art.31(6):notify-commission:v1,IT-DLGS-19-2021:Art.31(6):notify-commission,IT-DLGS-19-2021:Art.31(6):adopt-action-plan,IT-DLGS-19-2021,31(6):adopt-action-plan,AST_PROVISION_REF,RESOLVED_CANONICAL,"Complete declared dependency inventory with authority subset, external-only support and AST-use roles."
71d74c380464f26483a4,IT-DLGS-19-2021:Art.31(7):v1,IT-DLGS-19-2021:Art.31(7),IT-DLGS-19-2021:Art.31(6):adopt-action-plan,IT-DLGS-19-2021,31(6):adopt-action-plan,AST_PROVISION_REF,RESOLVED_CANONICAL,"Complete declared dependency inventory with authority subset, external-only support and AST-use roles."
1e0a4a68c0a5ba4b2acc,IT-DLGS-19-2021:Art.31(8):establish-territorial-unit:v1,IT-DLGS-19-2021:Art.31(8):establish-territorial-unit,IT-DLGS-19-2021:Art.31(6):adopt-action-plan,IT-DLGS-19-2021,31(6):adopt-action-plan,AST_PROVISION_REF,RESOLVED_CANONICAL,"Complete declared dependency inventory with authority subset, external-only support and AST-use roles."
aa0dd29096ccd2411642,IT-DLGS-19-2021:Art.31(8):implement-action-plan-measures:v1,IT-DLGS-19-2021:Art.31(8):implement-action-plan-measures,IT-DLGS-19-2021:Art.31(8):establish-territorial-unit,IT-DLGS-19-2021,31(8):establish-territorial-unit,AST_PROVISION_REF,RESOLVED_CANONICAL,"Complete declared dependency inventory with authority subset, external-only support and AST-use roles."
313783c87df6d12116b7,IT-DLGS-19-2021:Art.31(9):modify-area-if-necessary:v1,IT-DLGS-19-2021:Art.31(9):modify-area-if-necessary,EU-2020-1201:4(1),EU-2020-1201,4(1),HIGHER_AUTHORITY,RESOLVED_ACCEPTED_EU,"Complete declared dependency inventory with authority subset, external-only support and AST-use roles."
3af21ce0872aa576fda5,IT-DLGS-19-2021:Art.31(9):modify-area-if-necessary:v1,IT-DLGS-19-2021:Art.31(9):modify-area-if-necessary,EU-2020-1201:5(1),EU-2020-1201,5(1),HIGHER_AUTHORITY,RESOLVED_ACCEPTED_EU,"Complete declared dependency inventory with authority subset, external-only support and AST-use roles."
69420cfaafdeca3af23a,IT-DLGS-19-2021:Art.31(9):modify-area-if-necessary:v1,IT-DLGS-19-2021:Art.31(9):modify-area-if-necessary,EU-2020-1201:6(1),EU-2020-1201,6(1),HIGHER_AUTHORITY,RESOLVED_ACCEPTED_EU,"Complete declared dependency inventory with authority subset, external-only support and AST-use roles."
363609735b97821f9dbd,IT-DLGS-19-2021:Art.31(9):modify-area-if-necessary:v1,IT-DLGS-19-2021:Art.31(9):modify-area-if-necessary,IT-DLGS-19-2021:Art.31(9):periodic-area-surveys,IT-DLGS-19-2021,31(9):periodic-area-surveys,AST_PROVISION_REF,RESOLVED_CANONICAL,"Complete declared dependency inventory with authority subset, external-only support and AST-use roles."
2453ee3c9cfd2b2507af,IT-DLGS-19-2021:Art.32(3):determine-completion-costs:v1,IT-DLGS-19-2021:Art.32(3):determine-completion-costs,IT-DLGS-19-2021:Art.32(3):substitute-execution,IT-DLGS-19-2021,32(3):substitute-execution,AST_PROVISION_REF,RESOLVED_CANONICAL,"Complete declared dependency inventory with authority subset, external-only support and AST-use roles."
df76957a57e0ddaa83c1,IT-DLGS-19-2021:Art.32(3):recovery-right:v1,IT-DLGS-19-2021:Art.32(3):recovery-right,IT-DLGS-19-2021:Art.32(3):determine-completion-costs,IT-DLGS-19-2021,32(3):determine-completion-costs,AST_PROVISION_REF,RESOLVED_CANONICAL,"Complete declared dependency inventory with authority subset, external-only support and AST-use roles."
da7b62d394403a5b0909,IT-DLGS-19-2021:Art.33(1):uninfected-protected-plant-removal:v1,IT-DLGS-19-2021:Art.33(1):uninfected-protected-plant-removal,EU-2020-1201:12,EU-2020-1201,12,EXTERNAL_SUPPORT,RESOLVED_ACCEPTED_EU,"Complete declared dependency inventory with authority subset, external-only support and AST-use roles."
6f2735e9523bfcec7523,IT-DLGS-19-2021:Art.33(1):uninfected-protected-plant-removal:v1,IT-DLGS-19-2021:Art.33(1):uninfected-protected-plant-removal,EU-2020-1201:13(2),EU-2020-1201,13(2),EXTERNAL_SUPPORT,RESOLVED_ACCEPTED_EU,"Complete declared dependency inventory with authority subset, external-only support and AST-use roles."
dd8f430fb81059ea19e2,IT-DLGS-19-2021:Art.33(1):uninfected-protected-plant-removal:v1,IT-DLGS-19-2021:Art.33(1):uninfected-protected-plant-removal,EU-2020-1201:7(3),EU-2020-1201,7(3),EXTERNAL_SUPPORT,RESOLVED_ACCEPTED_EU,"Complete declared dependency inventory with authority subset, external-only support and AST-use roles."
a2368d51b5678d8d3a2a,IT-DLGS-19-2021:Art.33(1):uninfected-protected-plant-removal:v1,IT-DLGS-19-2021:Art.33(1):uninfected-protected-plant-removal,IT-DLGS42-A146:Art.146(2),IT-DLGS42-A146,146(2),EXTERNAL_SUPPORT,RESOLVED_CANONICAL,"Complete declared dependency inventory with authority subset, external-only support and AST-use roles."
cf6f33e9bfec6b2d0479,IT-DLGS-19-2021:Art.33(1):uninfected-protected-plant-removal:v1,IT-DLGS-19-2021:Art.33(1):uninfected-protected-plant-removal,IT-DLGS42-A146:Art.146(5):regional-decision-owner,IT-DLGS42-A146,146(5):regional-decision-owner,EXTERNAL_SUPPORT,RESOLVED_CANONICAL,"Complete declared dependency inventory with authority subset, external-only support and AST-use roles."
f48336097e4bb4e030eb,IT-DLGS-19-2021:Art.33(1):uninfected-protected-plant-removal:v1,IT-DLGS-19-2021:Art.33(1):uninfected-protected-plant-removal,IT-DLGS42-A146:Art.146(8):superintendent-opinion,IT-DLGS42-A146,146(8):superintendent-opinion,EXTERNAL_SUPPORT,RESOLVED_CANONICAL,"Complete declared dependency inventory with authority subset, external-only support and AST-use roles."
3cc39d6380d2591dbb56,IT-DLGS-19-2021:Art.33(2):communication-method-and-terms:v1,IT-DLGS-19-2021:Art.33(2):communication-method-and-terms,IT-L241-A21BIS:Art.21-bis(1):individual-communication-effect,IT-L241-A21BIS,21-bis(1):individual-communication-effect,HIGHER_AUTHORITY,RESOLVED_CANONICAL,"Complete declared dependency inventory with authority subset, external-only support and AST-use roles."
ee1e5a861f1c28c87920,IT-DLGS-19-2021:Art.33(2):communication-method-and-terms:v1,IT-DLGS-19-2021:Art.33(2):communication-method-and-terms,IT-L241-A21BIS:Art.21-bis(1):mass-publicity-route,IT-L241-A21BIS,21-bis(1):mass-publicity-route,HIGHER_AUTHORITY,RESOLVED_CANONICAL,"Complete declared dependency inventory with authority subset, external-only support and AST-use roles."
aec8cad5f131eb8f5fbe,IT-DLGS-19-2021:Art.33(2):communication-method-and-terms:v1,IT-DLGS-19-2021:Art.33(2):communication-method-and-terms,IT-L241-A21BIS:Art.21-bis(1):motivated-immediate-effect,IT-L241-A21BIS,21-bis(1):motivated-immediate-effect,HIGHER_AUTHORITY,RESOLVED_CANONICAL,"Complete declared dependency inventory with authority subset, external-only support and AST-use roles."
5d704b25aaa759dcc5c6,IT-DLGS-19-2021:Art.33(2):communication-method-and-terms:v1,IT-DLGS-19-2021:Art.33(2):communication-method-and-terms,IT-L241-A21BIS:Art.21-bis(1):urgent-cautionary-effect,IT-L241-A21BIS,21-bis(1):urgent-cautionary-effect,HIGHER_AUTHORITY,RESOLVED_CANONICAL,"Complete declared dependency inventory with authority subset, external-only support and AST-use roles."
2bf35347e38e074ff7b1,IT-DLGS-19-2021:Art.33(2):public-force-assistance:v1,IT-DLGS-19-2021:Art.33(2):public-force-assistance,IT-DLGS-19-2021:Art.33(2):authorized-land-access,IT-DLGS-19-2021,33(2):authorized-land-access,AST_PROVISION_REF,RESOLVED_CANONICAL,"Complete declared dependency inventory with authority subset, external-only support and AST-use roles."
f9b33bc3730f34e11a70,IT-DLGS-19-2021:Art.55(13):coercive-removal-costs:v1,IT-DLGS-19-2021:Art.55(13):coercive-removal-costs,IT-DLGS-19-2021:Art.55(13):coercive-removal,IT-DLGS-19-2021,55(13):coercive-removal,AST_PROVISION_REF,RESOLVED_CANONICAL,"Complete declared dependency inventory with authority subset, external-only support and AST-use roles."
bb5345dbbc4ca80e20f7,IT-DLGS-19-2021:Art.55(13):obstruction-sanction:v1,IT-DLGS-19-2021:Art.55(13):obstruction-sanction,IT-L689-1981:Art.14:immediate-contest,IT-L689-1981,14:immediate-contest,EXTERNAL_SUPPORT,RESOLVED_CANONICAL,"Complete declared dependency inventory with authority subset, external-only support and AST-use roles."
fb87a99f57528c5cc1c7,IT-DLGS-19-2021:Art.55(13):obstruction-sanction:v1,IT-DLGS-19-2021:Art.55(13):obstruction-sanction,IT-L689-1981:Art.14:later-notification,IT-L689-1981,14:later-notification,EXTERNAL_SUPPORT,RESOLVED_CANONICAL,"Complete declared dependency inventory with authority subset, external-only support and AST-use roles."
1f9697563f9e64a786e3,IT-DLGS-19-2021:Art.55(13):obstruction-sanction:v1,IT-DLGS-19-2021:Art.55(13):obstruction-sanction,IT-L689-1981:Art.17:violation-report,IT-L689-1981,17:violation-report,EXTERNAL_SUPPORT,RESOLVED_CANONICAL,"Complete declared dependency inventory with authority subset, external-only support and AST-use roles."
e1affc4a05dce7d719c5,IT-DLGS-19-2021:Art.55(13):obstruction-sanction:v1,IT-DLGS-19-2021:Art.55(13):obstruction-sanction,IT-L689-1981:Art.18:adjudication-process,IT-L689-1981,18:adjudication-process,EXTERNAL_SUPPORT,RESOLVED_CANONICAL,"Complete declared dependency inventory with authority subset, external-only support and AST-use roles."
6fda8d1528ed39544957,IT-DLGS-19-2021:Art.55(13):omitted-removal-sanction:v1,IT-DLGS-19-2021:Art.55(13):omitted-removal-sanction,IT-L689-1981:Art.14:immediate-contest,IT-L689-1981,14:immediate-contest,EXTERNAL_SUPPORT,RESOLVED_CANONICAL,"Complete declared dependency inventory with authority subset, external-only support and AST-use roles."
f1f90b691558b90b78c7,IT-DLGS-19-2021:Art.55(13):omitted-removal-sanction:v1,IT-DLGS-19-2021:Art.55(13):omitted-removal-sanction,IT-L689-1981:Art.14:later-notification,IT-L689-1981,14:later-notification,EXTERNAL_SUPPORT,RESOLVED_CANONICAL,"Complete declared dependency inventory with authority subset, external-only support and AST-use roles."
86b35b6da74aa593c2d3,IT-DLGS-19-2021:Art.55(13):omitted-removal-sanction:v1,IT-DLGS-19-2021:Art.55(13):omitted-removal-sanction,IT-L689-1981:Art.17:violation-report,IT-L689-1981,17:violation-report,EXTERNAL_SUPPORT,RESOLVED_CANONICAL,"Complete declared dependency inventory with authority subset, external-only support and AST-use roles."
a72a9ae12322592639e5,IT-DLGS-19-2021:Art.55(13):omitted-removal-sanction:v1,IT-DLGS-19-2021:Art.55(13):omitted-removal-sanction,IT-L689-1981:Art.18:adjudication-process,IT-L689-1981,18:adjudication-process,EXTERNAL_SUPPORT,RESOLVED_CANONICAL,"Complete declared dependency inventory with authority subset, external-only support and AST-use roles."
c1c078b910fe3f3123dc,IT-DLGS-19-2021:Art.55(15):v1,IT-DLGS-19-2021:Art.55(15),IT-L689-1981:Art.14:immediate-contest,IT-L689-1981,14:immediate-contest,EXTERNAL_SUPPORT,RESOLVED_CANONICAL,"Complete declared dependency inventory with authority subset, external-only support and AST-use roles."
f8b361ba965923903da7,IT-DLGS-19-2021:Art.55(15):v1,IT-DLGS-19-2021:Art.55(15),IT-L689-1981:Art.14:later-notification,IT-L689-1981,14:later-notification,EXTERNAL_SUPPORT,RESOLVED_CANONICAL,"Complete declared dependency inventory with authority subset, external-only support and AST-use roles."
a6033666496fbeb3a3ad,IT-DLGS-19-2021:Art.55(15):v1,IT-DLGS-19-2021:Art.55(15),IT-L689-1981:Art.17:violation-report,IT-L689-1981,17:violation-report,EXTERNAL_SUPPORT,RESOLVED_CANONICAL,"Complete declared dependency inventory with authority subset, external-only support and AST-use roles."
9831bb08ed3de4422b9b,IT-DLGS-19-2021:Art.55(15):v1,IT-DLGS-19-2021:Art.55(15),IT-L689-1981:Art.18:adjudication-process,IT-L689-1981,18:adjudication-process,EXTERNAL_SUPPORT,RESOLVED_CANONICAL,"Complete declared dependency inventory with authority subset, external-only support and AST-use roles."
c2040a2f2d646c006afe,IT-DLGS-19-2021:Art.55(25):v1,IT-DLGS-19-2021:Art.55(25),IT-L689-1981:Art.14:immediate-contest,IT-L689-1981,14:immediate-contest,EXTERNAL_SUPPORT,RESOLVED_CANONICAL,"Complete declared dependency inventory with authority subset, external-only support and AST-use roles."
78dbd69e974e7e5f076d,IT-DLGS-19-2021:Art.55(25):v1,IT-DLGS-19-2021:Art.55(25),IT-L689-1981:Art.14:later-notification,IT-L689-1981,14:later-notification,EXTERNAL_SUPPORT,RESOLVED_CANONICAL,"Complete declared dependency inventory with authority subset, external-only support and AST-use roles."
3ac300eb661199238696,IT-DLGS-19-2021:Art.55(25):v1,IT-DLGS-19-2021:Art.55(25),IT-L689-1981:Art.17:violation-report,IT-L689-1981,17:violation-report,EXTERNAL_SUPPORT,RESOLVED_CANONICAL,"Complete declared dependency inventory with authority subset, external-only support and AST-use roles."
ab9dda9f0ebaef3139b7,IT-DLGS-19-2021:Art.55(25):v1,IT-DLGS-19-2021:Art.55(25),IT-L689-1981:Art.18:adjudication-process,IT-L689-1981,18:adjudication-process,EXTERNAL_SUPPORT,RESOLVED_CANONICAL,"Complete declared dependency inventory with authority subset, external-only support and AST-use roles."
bd945123812360f95581,IT-DLGS-19-2021:Art.55(29):v1,IT-DLGS-19-2021:Art.55(29),IT-L689-1981:Art.13:violation-evidence-collection,IT-L689-1981,13:violation-evidence-collection,HIGHER_AUTHORITY,RESOLVED_CANONICAL,"Complete declared dependency inventory with authority subset, external-only support and AST-use roles."
016e80dfb1104d2db00b,IT-DLGS-19-2021:Art.55(29):v1,IT-DLGS-19-2021:Art.55(29),IT-L689-1981:Art.14:immediate-contest,IT-L689-1981,14:immediate-contest,HIGHER_AUTHORITY,RESOLVED_CANONICAL,"Complete declared dependency inventory with authority subset, external-only support and AST-use roles."
fd6373ef5707d01684fb,IT-DLGS-19-2021:Art.55(29):v1,IT-DLGS-19-2021:Art.55(29),IT-L689-1981:Art.14:later-notification,IT-L689-1981,14:later-notification,HIGHER_AUTHORITY,RESOLVED_CANONICAL,"Complete declared dependency inventory with authority subset, external-only support and AST-use roles."
ce3ec92fddc92e97f812,IT-DLGS-19-2021:Art.55(29):v1,IT-DLGS-19-2021:Art.55(29),IT-L689-1981:Art.14:untimely-notification-extinction,IT-L689-1981,14:untimely-notification-extinction,HIGHER_AUTHORITY,RESOLVED_CANONICAL,"Complete declared dependency inventory with authority subset, external-only support and AST-use roles."
abb4f056f09023b78444,IT-DLGS-19-2021:Art.55(29):v1,IT-DLGS-19-2021:Art.55(29),IT-L689-1981:Art.16:reduced-payment,IT-L689-1981,16:reduced-payment,HIGHER_AUTHORITY,RESOLVED_CANONICAL,"Complete declared dependency inventory with authority subset, external-only support and AST-use roles."
26f51fb88cc464ef0996,IT-DLGS-19-2021:Art.55(29):v1,IT-DLGS-19-2021:Art.55(29),IT-L689-1981:Art.17:violation-report,IT-L689-1981,17:violation-report,HIGHER_AUTHORITY,RESOLVED_CANONICAL,"Complete declared dependency inventory with authority subset, external-only support and AST-use roles."
6be7b865d84771cc71c4,IT-DLGS-19-2021:Art.55(29):v1,IT-DLGS-19-2021:Art.55(29),IT-L689-1981:Art.18:adjudication-process,IT-L689-1981,18:adjudication-process,HIGHER_AUTHORITY,RESOLVED_CANONICAL,"Complete declared dependency inventory with authority subset, external-only support and AST-use roles."
59577e69c1708c66d181,IT-DLGS-19-2021:Art.55(29):v1,IT-DLGS-19-2021:Art.55(29),IT-L689-1981:Art.18:defence-and-hearing-request,IT-L689-1981,18:defence-and-hearing-request,HIGHER_AUTHORITY,RESOLVED_CANONICAL,"Complete declared dependency inventory with authority subset, external-only support and AST-use roles."
19a0a0350a3e0c1b82f7,IT-DLGS-19-2021:Art.55(9):notification-violation:v1,IT-DLGS-19-2021:Art.55(9):notification-violation,IT-DLGS-19-2021:Art.28(1),IT-DLGS-19-2021,28(1),HIGHER_AUTHORITY,RESOLVED_CANONICAL,"Complete declared dependency inventory with authority subset, external-only support and AST-use roles."
baa3cd127c2ae7d70523,IT-DLGS-19-2021:Art.55(9):notification-violation:v1,IT-DLGS-19-2021:Art.55(9):notification-violation,IT-L689-1981:Art.14:immediate-contest,IT-L689-1981,14:immediate-contest,HIGHER_AUTHORITY,RESOLVED_CANONICAL,"Complete declared dependency inventory with authority subset, external-only support and AST-use roles."
e32d3b226470df233043,IT-DLGS-19-2021:Art.55(9):notification-violation:v1,IT-DLGS-19-2021:Art.55(9):notification-violation,IT-L689-1981:Art.14:later-notification,IT-L689-1981,14:later-notification,HIGHER_AUTHORITY,RESOLVED_CANONICAL,"Complete declared dependency inventory with authority subset, external-only support and AST-use roles."
cebfe182966ed18e060c,IT-DLGS-19-2021:Art.55(9):notification-violation:v1,IT-DLGS-19-2021:Art.55(9):notification-violation,IT-L689-1981:Art.17:violation-report,IT-L689-1981,17:violation-report,HIGHER_AUTHORITY,RESOLVED_CANONICAL,"Complete declared dependency inventory with authority subset, external-only support and AST-use roles."
5d9baa7a138f93455f60,IT-DLGS-19-2021:Art.55(9):notification-violation:v1,IT-DLGS-19-2021:Art.55(9):notification-violation,IT-L689-1981:Art.18:adjudication-process,IT-L689-1981,18:adjudication-process,HIGHER_AUTHORITY,RESOLVED_CANONICAL,"Complete declared dependency inventory with authority subset, external-only support and AST-use roles."
7959aaaec4561084476c,IT-DLGS-19-2021:Art.6(3)(g):v1,IT-DLGS-19-2021:Art.6(3)(g),EU-2016-2031:Art.18,EU-2016-2031,Art.18,HIGHER_AUTHORITY,RESOLVED_ACCEPTED_EU_DEPENDENCY,"Complete declared dependency inventory with authority subset, external-only support and AST-use roles."
30b23a8a2dea28d9a949,IT-DLGS-19-2021:Art.6(3)(g):v1,IT-DLGS-19-2021:Art.6(3)(g),EU-2020-1201:4(1),EU-2020-1201,4(1),HIGHER_AUTHORITY+AST_PROVISION_REF,RESOLVED_ACCEPTED_EU,"Complete declared dependency inventory with authority subset, external-only support and AST-use roles."
766d3d5a25430898a077,IT-DLGS-19-2021:Art.6(3)(g):v1,IT-DLGS-19-2021:Art.6(3)(g),EU-2020-1201:5(1),EU-2020-1201,5(1),HIGHER_AUTHORITY,RESOLVED_ACCEPTED_EU,"Complete declared dependency inventory with authority subset, external-only support and AST-use roles."
4b54886c9af1e94b798b,IT-DLGS-19-2021:Art.6(3)(g):v1,IT-DLGS-19-2021:Art.6(3)(g),EU-2020-1201:6(1),EU-2020-1201,6(1),HIGHER_AUTHORITY,RESOLVED_ACCEPTED_EU,"Complete declared dependency inventory with authority subset, external-only support and AST-use roles."
2b4962e5b7555d091a0f,IT-DLGS42-A146:Art.146(5):regional-decision-owner:v1,IT-DLGS42-A146:Art.146(5):regional-decision-owner,IT-DLGS42-A146:Art.146(2),IT-DLGS42-A146,146(2),AST_PROVISION_REF,RESOLVED_CANONICAL,"Complete declared dependency inventory with authority subset, external-only support and AST-use roles."
14375ad086247a2093ea,IT-DM-0677268-2021:Art.1(1):CREA-DC-Firenze-designation:v1,IT-DM-0677268-2021:Art.1(1):CREA-DC-Firenze-designation,EU-2017-625:Art.100:national-reference-laboratory-status,EU-2017-625,100,HIGHER_AUTHORITY+AST_PROVISION_REF,RESOLVED_CANONICAL,"Complete declared dependency inventory with authority subset, external-only support and AST-use roles."
f706144736bdda26b24d,IT-DM-0677268-2021:Art.1(1):CREA-DC-Firenze-designation:v1,IT-DM-0677268-2021:Art.1(1):CREA-DC-Firenze-designation,IT-DLGS-19-2021:Art.13(1):corresponding-reference-laboratory,IT-DLGS-19-2021,13(1):corresponding-reference-laboratory,HIGHER_AUTHORITY,RESOLVED_CANONICAL,"Complete declared dependency inventory with authority subset, external-only support and AST-use roles."
1e9c5f5e2748b3781380,IT-DM-0677268-2021:Art.1(1):CREA-DC-Firenze-designation:v1,IT-DM-0677268-2021:Art.1(1):CREA-DC-Firenze-designation,IT-DLGS-19-2021:Art.13(2),IT-DLGS-19-2021,13(2),HIGHER_AUTHORITY,RESOLVED_CANONICAL,"Complete declared dependency inventory with authority subset, external-only support and AST-use roles."
81a2a5350312692e6efa,IT-DM-0677268-2021:Art.1(1):CREA-DC-Firenze-designation:v1,IT-DM-0677268-2021:Art.1(1):CREA-DC-Firenze-designation,IT-DM-0677268-2021:Art.2(1):entry-into-force,IT-DM-0677268-2021,2(1):entry-into-force,HIGHER_AUTHORITY+AST_PROVISION_REF,RESOLVED_CANONICAL,"Complete declared dependency inventory with authority subset, external-only support and AST-use roles."
22b52222430fe70b8071,IT-DM-0677268-2021:Art.1(1):CREA-DC-Roma-designation:v1,IT-DM-0677268-2021:Art.1(1):CREA-DC-Roma-designation,EU-2017-625:Art.100:national-reference-laboratory-status,EU-2017-625,100,HIGHER_AUTHORITY+AST_PROVISION_REF,RESOLVED_CANONICAL,"Complete declared dependency inventory with authority subset, external-only support and AST-use roles."
b7c26f1ad5d36386621f,IT-DM-0677268-2021:Art.1(1):CREA-DC-Roma-designation:v1,IT-DM-0677268-2021:Art.1(1):CREA-DC-Roma-designation,IT-DLGS-19-2021:Art.13(1):corresponding-reference-laboratory,IT-DLGS-19-2021,13(1):corresponding-reference-laboratory,HIGHER_AUTHORITY,RESOLVED_CANONICAL,"Complete declared dependency inventory with authority subset, external-only support and AST-use roles."
36fc71dfd2f92be41b92,IT-DM-0677268-2021:Art.1(1):CREA-DC-Roma-designation:v1,IT-DM-0677268-2021:Art.1(1):CREA-DC-Roma-designation,IT-DLGS-19-2021:Art.13(2),IT-DLGS-19-2021,13(2),HIGHER_AUTHORITY,RESOLVED_CANONICAL,"Complete declared dependency inventory with authority subset, external-only support and AST-use roles."
3b1644d21a10f3cb46d3,IT-DM-0677268-2021:Art.1(1):CREA-DC-Roma-designation:v1,IT-DM-0677268-2021:Art.1(1):CREA-DC-Roma-designation,IT-DM-0677268-2021:Art.2(1):entry-into-force,IT-DM-0677268-2021,2(1):entry-into-force,HIGHER_AUTHORITY+AST_PROVISION_REF,RESOLVED_CANONICAL,"Complete declared dependency inventory with authority subset, external-only support and AST-use roles."
3f37efe2d8e08e9fac12,IT-DM-0677268-2021:Art.2(1):entry-into-force:v1,IT-DM-0677268-2021:Art.2(1):entry-into-force,IT-DM-0677268-2021:Art.2(1):publication-event,IT-DM-0677268-2021,Art.2(1) publication event,HIGHER_AUTHORITY+AST_PROVISION_REF,RESOLVED_CANONICAL,"Complete declared dependency inventory with authority subset, external-only support and AST-use roles."
0c9d18ef4987d38e3f6e,IT-DM-0677268-2021:Art.2(1):operate-within-competence:v1,IT-DM-0677268-2021:Art.2(1):operate-within-competence,EU-2017-625:Art.100:national-reference-laboratory-status,EU-2017-625,100,HIGHER_AUTHORITY,RESOLVED_CANONICAL,"Complete declared dependency inventory with authority subset, external-only support and AST-use roles."
0321a5c5377c6f7859e1,IT-DM-0677268-2021:Art.2(1):operate-within-competence:v1,IT-DM-0677268-2021:Art.2(1):operate-within-competence,EU-2017-625:Art.101(1):national-reference-laboratory-tasks,EU-2017-625,101(1),HIGHER_AUTHORITY,RESOLVED_CANONICAL,"Complete declared dependency inventory with authority subset, external-only support and AST-use roles."
8b9c3217469327a90cd2,IT-DM-0677268-2021:Art.2(1):operate-within-competence:v1,IT-DM-0677268-2021:Art.2(1):operate-within-competence,IT-DLGS-19-2021:Art.13(5)-stem,IT-DLGS-19-2021,13(5),HIGHER_AUTHORITY,RESOLVED_CANONICAL,"Complete declared dependency inventory with authority subset, external-only support and AST-use roles."
a9bfa98a1345d86d1697,IT-DM-0677268-2021:Art.2(1):operate-within-competence:v1,IT-DM-0677268-2021:Art.2(1):operate-within-competence,IT-DM-0677268-2021:Art.1(1):CREA-DC-Firenze-designation,IT-DM-0677268-2021,1(1):CREA-DC-Firenze-designation,AST_PROVISION_REF,RESOLVED_CANONICAL,"Complete declared dependency inventory with authority subset, external-only support and AST-use roles."
28da5675f5cc2efba426,IT-DM-0677268-2021:Art.2(1):operate-within-competence:v1,IT-DM-0677268-2021:Art.2(1):operate-within-competence,IT-DM-0677268-2021:Art.1(1):CREA-DC-Roma-designation,IT-DM-0677268-2021,1(1):CREA-DC-Roma-designation,AST_PROVISION_REF,RESOLVED_CANONICAL,"Complete declared dependency inventory with authority subset, external-only support and AST-use roles."
f551d2f20b17ab8e93ab,IT-DM-169819-2022:Art.10(6):cross-region-convention:v1,IT-DM-169819-2022:Art.10(6):cross-region-convention,"EU-2017-625:Art.37(1,3-5):official-laboratory-designation-tuple",EU-2017-625,"37(1),(3)-(5)",HIGHER_AUTHORITY,RESOLVED_CANONICAL,"Complete declared dependency inventory with authority subset, external-only support and AST-use roles."
47f093128d5ba2ecbc7c,IT-DM-169819-2022:Art.10(6):cross-region-convention:v1,IT-DM-169819-2022:Art.10(6):cross-region-convention,IT-DLGS-19-2021:Art.14(3):cross-region-designation,IT-DLGS-19-2021,14(3):cross-region-designation,HIGHER_AUTHORITY,RESOLVED_CANONICAL,"Complete declared dependency inventory with authority subset, external-only support and AST-use roles."
43f34d7f73929765c65f,IT-DM-169819-2022:Art.11(1):official-laboratory-designation:v1,IT-DM-169819-2022:Art.11(1):official-laboratory-designation,IT-DLGS-19-2021:Art.14(1):designate-official-laboratory,IT-DLGS-19-2021,14(1):designate-official-laboratory,HIGHER_AUTHORITY,RESOLVED_CANONICAL,"Complete declared dependency inventory with authority subset, external-only support and AST-use roles."
e5de00e044d5170513d7,IT-DM-169819-2022:Art.11(1):official-laboratory-designation:v1,IT-DM-169819-2022:Art.11(1):official-laboratory-designation,IT-DLGS-19-2021:Art.14(2),IT-DLGS-19-2021,14(2),HIGHER_AUTHORITY,RESOLVED_CANONICAL,"Complete declared dependency inventory with authority subset, external-only support and AST-use roles."
a9998d3e51dd1605c06f,IT-DM-169819-2022:Art.11(6):notify-adaptation:v1,IT-DM-169819-2022:Art.11(6):notify-adaptation,IT-DM-169819-2022:Art.11(6):adapt-to-annex-iii,IT-DM-169819-2022,11(6):adapt-to-annex-iii,AST_PROVISION_REF,RESOLVED_CANONICAL,"Complete declared dependency inventory with authority subset, external-only support and AST-use roles."
bc3af2b09b2e9461e1c6,IT-DM-169819-2022:Art.14(3):research-laboratory-notification:v1,IT-DM-169819-2022:Art.14(3):research-laboratory-notification,IT-DLGS-19-2021:Art.28(1),IT-DLGS-19-2021,28(1),HIGHER_AUTHORITY,RESOLVED_CANONICAL,"Complete declared dependency inventory with authority subset, external-only support and AST-use roles."
02f838036b532b66e825,IT-DM-169819-2022:Art.18(3):self-control-laboratory-notification:v1,IT-DM-169819-2022:Art.18(3):self-control-laboratory-notification,IT-DLGS-19-2021:Art.28(1),IT-DLGS-19-2021,28(1),HIGHER_AUTHORITY,RESOLVED_CANONICAL,"Complete declared dependency inventory with authority subset, external-only support and AST-use roles."
cbb6d826185a06f11eeb,IT-DM-169819-2022:Art.3(2):official-sample-laboratory-class:v1,IT-DM-169819-2022:Art.3(2):official-sample-laboratory-class,IT-DLGS-19-2021:Art.13(1):corresponding-reference-laboratory,IT-DLGS-19-2021,13(1):corresponding-reference-laboratory,HIGHER_AUTHORITY,RESOLVED_CANONICAL,"Complete declared dependency inventory with authority subset, external-only support and AST-use roles."
b4a7bbdc5fe601076903,IT-DM-169819-2022:Art.3(2):official-sample-laboratory-class:v1,IT-DM-169819-2022:Art.3(2):official-sample-laboratory-class,IT-DLGS-19-2021:Art.13(2),IT-DLGS-19-2021,13(2),HIGHER_AUTHORITY,RESOLVED_CANONICAL,"Complete declared dependency inventory with authority subset, external-only support and AST-use roles."
e29dc24110c300e7c03f,IT-DM-169819-2022:Art.3(2):official-sample-laboratory-class:v1,IT-DM-169819-2022:Art.3(2):official-sample-laboratory-class,IT-DLGS-19-2021:Art.14(1):designate-official-laboratory,IT-DLGS-19-2021,14(1):designate-official-laboratory,HIGHER_AUTHORITY,RESOLVED_CANONICAL,"Complete declared dependency inventory with authority subset, external-only support and AST-use roles."
d4a551b5fdd6e3c0575a,IT-DM-169819-2022:Art.3(2):official-sample-laboratory-class:v1,IT-DM-169819-2022:Art.3(2):official-sample-laboratory-class,IT-DLGS-19-2021:Art.14(2),IT-DLGS-19-2021,14(2),HIGHER_AUTHORITY,RESOLVED_CANONICAL,"Complete declared dependency inventory with authority subset, external-only support and AST-use roles."
b3f220c536f6c0bced99,IT-DM-169819-2022:Art.5:national-reference-minimum-qualification:v1,IT-DM-169819-2022:Art.5:national-reference-minimum-qualification,EU-2017-625:Art.100:national-reference-laboratory-status,EU-2017-625,100,HIGHER_AUTHORITY,RESOLVED_CANONICAL,"Complete declared dependency inventory with authority subset, external-only support and AST-use roles."
4d8e085d9b0bf3c8cd40,IT-DM-169819-2022:Art.7(10):ministerial-revocation:v1,IT-DM-169819-2022:Art.7(10):ministerial-revocation,IT-DLGS-19-2021:Art.13(4),IT-DLGS-19-2021,13(4),HIGHER_AUTHORITY,RESOLVED_CANONICAL,"Complete declared dependency inventory with authority subset, external-only support and AST-use roles."
b3e09ac1716196df0a00,IT-DM-169819-2022:Art.7(11):revocation-after-cessation-notice:v1,IT-DM-169819-2022:Art.7(11):revocation-after-cessation-notice,IT-DM-169819-2022:Art.7(11):cessation-notice,IT-DM-169819-2022,7(11):cessation-notice,AST_PROVISION_REF,RESOLVED_CANONICAL,"Complete declared dependency inventory with authority subset, external-only support and AST-use roles."
d548d3f52993b4fad582,IT-DM-169819-2022:Art.7(4):national-reference-designation:v1,IT-DM-169819-2022:Art.7(4):national-reference-designation,IT-DLGS-19-2021:Art.13(1):corresponding-reference-laboratory,IT-DLGS-19-2021,13(1):corresponding-reference-laboratory,HIGHER_AUTHORITY,RESOLVED_CANONICAL,"Complete declared dependency inventory with authority subset, external-only support and AST-use roles."
eace5441f5983bb1612a,IT-DM-169819-2022:Art.7(4):national-reference-designation:v1,IT-DM-169819-2022:Art.7(4):national-reference-designation,IT-DLGS-19-2021:Art.13(2),IT-DLGS-19-2021,13(2),HIGHER_AUTHORITY,RESOLVED_CANONICAL,"Complete declared dependency inventory with authority subset, external-only support and AST-use roles."
554b981988442b65ffc4,IT-DM-169819-2022:Art.8(2):eligible-official-laboratory-classes:v1,IT-DM-169819-2022:Art.8(2):eligible-official-laboratory-classes,"EU-2017-625:Art.37(1,3-5):official-laboratory-designation-tuple",EU-2017-625,"37(1),(3)-(5)",HIGHER_AUTHORITY,RESOLVED_CANONICAL,"Complete declared dependency inventory with authority subset, external-only support and AST-use roles."
7f482a0ea1ee5f270321,IT-DM-169819-2022:Art.8(2):eligible-official-laboratory-classes:v1,IT-DM-169819-2022:Art.8(2):eligible-official-laboratory-classes,EU-2017-625:Art.40(1)(b):other-official-activity-derogation,EU-2017-625,40(1)(b),HIGHER_AUTHORITY,RESOLVED_CANONICAL,"Complete declared dependency inventory with authority subset, external-only support and AST-use roles."
e0c8e61053aebb760bbd,IT-DM-169819-2022:Art.8(2):eligible-official-laboratory-classes:v1,IT-DM-169819-2022:Art.8(2):eligible-official-laboratory-classes,EU-2017-625:Art.41:representative-method-derogation-authority,EU-2017-625,41,HIGHER_AUTHORITY,RESOLVED_CANONICAL,"Complete declared dependency inventory with authority subset, external-only support and AST-use roles."
89ad8f639547a1d25961,IT-DM-169819-2022:Art.8(2):eligible-official-laboratory-classes:v1,IT-DM-169819-2022:Art.8(2):eligible-official-laboratory-classes,EU-2017-625:Art.42:temporary-method-designation,EU-2017-625,42,HIGHER_AUTHORITY,RESOLVED_CANONICAL,"Complete declared dependency inventory with authority subset, external-only support and AST-use roles."
842f710b96567a3111af,IT-DM-169819-2022:Art.8(2):eligible-official-laboratory-classes:v1,IT-DM-169819-2022:Art.8(2):eligible-official-laboratory-classes,EU-2021-1353:Art.3:plant-health-partial-accreditation-derogation,EU-2021-1353,3,HIGHER_AUTHORITY,RESOLVED_CANONICAL,"Complete declared dependency inventory with authority subset, external-only support and AST-use roles."
98b0c77a5632070f3ff3,IT-DM-169819-2022:Art.8(3):out-of-region-official-laboratory:v1,IT-DM-169819-2022:Art.8(3):out-of-region-official-laboratory,EU-2017-625:Art.39:official-laboratory-audit-status,EU-2017-625,39,HIGHER_AUTHORITY,RESOLVED_CANONICAL,"Complete declared dependency inventory with authority subset, external-only support and AST-use roles."
2946d4e746335c8a5f57,IT-DM-169819-2022:Art.8(3):out-of-region-official-laboratory:v1,IT-DM-169819-2022:Art.8(3):out-of-region-official-laboratory,IT-DLGS-19-2021:Art.14(3):cross-region-designation,IT-DLGS-19-2021,14(3):cross-region-designation,HIGHER_AUTHORITY,RESOLVED_CANONICAL,"Complete declared dependency inventory with authority subset, external-only support and AST-use roles."
0c7d59fd288e36cf9448,IT-DM-169819-2022:Art.9(1):official-laboratory-minimum-qualification:v1,IT-DM-169819-2022:Art.9(1):official-laboratory-minimum-qualification,"EU-2017-625:Art.37(1,3-5):official-laboratory-designation-tuple",EU-2017-625,"37(1),(3)-(5)",HIGHER_AUTHORITY,RESOLVED_CANONICAL,"Complete declared dependency inventory with authority subset, external-only support and AST-use roles."
6a29689d2fc52ed85ed7,IT-DM-169819-2022:entry-into-force:v1,IT-DM-169819-2022:entry-into-force,IT-DM-169819-2022:publication,IT-DM-169819-2022,publication,AST_PROVISION_REF,RESOLVED_CANONICAL,"Complete declared dependency inventory with authority subset, external-only support and AST-use roles."
142586c932b5889493c6,IT-DM-2022-XYLELLA-PLAN:§6.2:action-plan-15-working-days:v1,IT-DM-2022-XYLELLA-PLAN:§6.2:action-plan-15-working-days,IT-DLGS-19-2021:Art.31(4),IT-DLGS-19-2021,31(4),HIGHER_AUTHORITY,RESOLVED_CANONICAL,"Complete declared dependency inventory with authority subset, external-only support and AST-use roles."
92f90ec90f80f0ac166d,IT-DM-2022-XYLELLA-PLAN:§6.2:action-plan-15-working-days:v1,IT-DM-2022-XYLELLA-PLAN:§6.2:action-plan-15-working-days,IT-DLGS-19-2021:Art.31(5):committee-action-plan-approval,IT-DLGS-19-2021,31(5):committee-action-plan-approval,HIGHER_AUTHORITY,RESOLVED_CANONICAL,"Complete declared dependency inventory with authority subset, external-only support and AST-use roles."
3eb017df5ae178658706,IT-DM-2022-XYLELLA-PLAN:§6.2:action-plan-15-working-days:v1,IT-DM-2022-XYLELLA-PLAN:§6.2:action-plan-15-working-days,IT-DLGS-19-2021:Art.31(5):regional-action-plan-proposal,IT-DLGS-19-2021,31(5):regional-action-plan-proposal,HIGHER_AUTHORITY,RESOLVED_CANONICAL,"Complete declared dependency inventory with authority subset, external-only support and AST-use roles."
6060ba3bffa8a88b8b79,IT-DM-2022-XYLELLA-PLAN:§6.4:communicate-no-demarcation:v1,IT-DM-2022-XYLELLA-PLAN:§6.4:communicate-no-demarcation,EU-2020-1201:5(3),EU-2020-1201,5(3),HIGHER_AUTHORITY+AST_PROVISION_REF,RESOLVED_ACCEPTED_EU,"Complete declared dependency inventory with authority subset, external-only support and AST-use roles."
b3b43f043ffbb81944e3,IT-DM-2022-XYLELLA-PLAN:§6.4:communicate-no-demarcation:v1,IT-DM-2022-XYLELLA-PLAN:§6.4:communicate-no-demarcation,IT-DM-2022-XYLELLA-PLAN:Art.1:adoption,IT-DM-2022-XYLELLA-PLAN,1:adoption,HIGHER_AUTHORITY+AST_PROVISION_REF,RESOLVED_CANONICAL,"Complete declared dependency inventory with authority subset, external-only support and AST-use roles."
555b623708f640486886,IT-DM-2022-XYLELLA-PLAN:§6.4:no-demarcation-two-year-follow-up:post-m5-v2,IT-DM-2022-XYLELLA-PLAN:§6.4:no-demarcation-two-year-follow-up,EU-2016-2031:Art.31:more-stringent-national-measures,EU-2016-2031,31(1),EXTERNAL_SUPPORT,RESOLVED_CANONICAL,"Complete declared dependency inventory with authority subset, external-only support and AST-use roles."
840f31a6296b16a7f946,IT-DM-2022-XYLELLA-PLAN:§6.4:no-demarcation-two-year-follow-up:post-m5-v2,IT-DM-2022-XYLELLA-PLAN:§6.4:no-demarcation-two-year-follow-up,EU-2020-1201:5(3),EU-2020-1201,5(3),HIGHER_AUTHORITY,RESOLVED_ACCEPTED_EU,"Complete declared dependency inventory with authority subset, external-only support and AST-use roles."
3882efc3e85dcb35c0e5,IT-DM-2022-XYLELLA-PLAN:§6.4:no-demarcation-two-year-follow-up:post-m5-v2,IT-DM-2022-XYLELLA-PLAN:§6.4:no-demarcation-two-year-follow-up,EU-2020-1201:5(4),EU-2020-1201,5(4),HIGHER_AUTHORITY+AST_PROVISION_REF,RESOLVED_ACCEPTED_EU,"Complete declared dependency inventory with authority subset, external-only support and AST-use roles."
83554a235edfdd0c9dd8,IT-DM-2022-XYLELLA-PLAN:§6.4:no-demarcation-two-year-follow-up:post-m5-v2,IT-DM-2022-XYLELLA-PLAN:§6.4:no-demarcation-two-year-follow-up,IT-DLGS-19-2021:Art.26(2):ministerial-adoption,IT-DLGS-19-2021,26(2):ministerial-adoption,HIGHER_AUTHORITY,RESOLVED_CANONICAL,"Complete declared dependency inventory with authority subset, external-only support and AST-use roles."
2f375f02eba3a02d8697,IT-DM-2022-XYLELLA-PLAN:§6.4:no-demarcation-two-year-follow-up:post-m5-v2,IT-DM-2022-XYLELLA-PLAN:§6.4:no-demarcation-two-year-follow-up,IT-DLGS-19-2021:Art.5(4)(e),IT-DLGS-19-2021,5(4)(e),HIGHER_AUTHORITY,RESOLVED_CANONICAL,"Complete declared dependency inventory with authority subset, external-only support and AST-use roles."
4aa92273b95e8427dcc9,IT-DM-2022-XYLELLA-PLAN:§6.4:no-demarcation-two-year-follow-up:post-m5-v2,IT-DM-2022-XYLELLA-PLAN:§6.4:no-demarcation-two-year-follow-up,IT-DM-2022-XYLELLA-PLAN:Art.1:adoption,IT-DM-2022-XYLELLA-PLAN,1:adoption,HIGHER_AUTHORITY+AST_PROVISION_REF,RESOLVED_CANONICAL,"Complete declared dependency inventory with authority subset, external-only support and AST-use roles."
58a62890e2c1b85c4b57,IT-DM-2022-XYLELLA-PLAN:§6.4:no-demarcation-two-year-follow-up:pre-m5-v1,IT-DM-2022-XYLELLA-PLAN:§6.4:no-demarcation-two-year-follow-up,EU-2020-1201:5(3),EU-2020-1201,5(3),HIGHER_AUTHORITY,RESOLVED_ACCEPTED_EU,"Complete declared dependency inventory with authority subset, external-only support and AST-use roles."
1b5314d3885a66d667ce,IT-DM-2022-XYLELLA-PLAN:§6.4:no-demarcation-two-year-follow-up:pre-m5-v1,IT-DM-2022-XYLELLA-PLAN:§6.4:no-demarcation-two-year-follow-up,EU-2020-1201:5(4),EU-2020-1201,5(4),HIGHER_AUTHORITY+AST_PROVISION_REF,RESOLVED_ACCEPTED_EU,"Complete declared dependency inventory with authority subset, external-only support and AST-use roles."
ff64c400e9cc38e7f2ca,IT-DM-2022-XYLELLA-PLAN:§6.4:no-demarcation-two-year-follow-up:pre-m5-v1,IT-DM-2022-XYLELLA-PLAN:§6.4:no-demarcation-two-year-follow-up,IT-DLGS-19-2021:Art.26(2):ministerial-adoption,IT-DLGS-19-2021,26(2):ministerial-adoption,HIGHER_AUTHORITY,RESOLVED_CANONICAL,"Complete declared dependency inventory with authority subset, external-only support and AST-use roles."
4bd1324a143e9e771419,IT-DM-2022-XYLELLA-PLAN:§6.4:no-demarcation-two-year-follow-up:pre-m5-v1,IT-DM-2022-XYLELLA-PLAN:§6.4:no-demarcation-two-year-follow-up,IT-DLGS-19-2021:Art.5(4)(e),IT-DLGS-19-2021,5(4)(e),HIGHER_AUTHORITY,RESOLVED_CANONICAL,"Complete declared dependency inventory with authority subset, external-only support and AST-use roles."
f932802cfb0e6f8eeb32,IT-DM-2022-XYLELLA-PLAN:§6.4:no-demarcation-two-year-follow-up:pre-m5-v1,IT-DM-2022-XYLELLA-PLAN:§6.4:no-demarcation-two-year-follow-up,IT-DM-2022-XYLELLA-PLAN:Art.1:adoption,IT-DM-2022-XYLELLA-PLAN,1:adoption,HIGHER_AUTHORITY+AST_PROVISION_REF,RESOLVED_CANONICAL,"Complete declared dependency inventory with authority subset, external-only support and AST-use roles."
546a1d7c3803c026b0f9,IT-DM-2022-XYLELLA-PLAN:§6.5:containment-buffer-5km:v1,IT-DM-2022-XYLELLA-PLAN:§6.5:containment-buffer-5km,EU-2020-1201:12,EU-2020-1201,12,HIGHER_AUTHORITY+AST_PROVISION_REF,RESOLVED_ACCEPTED_EU,"Complete declared dependency inventory with authority subset, external-only support and AST-use roles."
53a75a9d7f2dec342a8b,IT-DM-2022-XYLELLA-PLAN:§6.5:containment-buffer-5km:v1,IT-DM-2022-XYLELLA-PLAN:§6.5:containment-buffer-5km,EU-2020-1201:4(2)(b),EU-2020-1201,4(2)(b),HIGHER_AUTHORITY,RESOLVED_ACCEPTED_EU,"Complete declared dependency inventory with authority subset, external-only support and AST-use roles."
f28c3327b4613e921652,IT-DM-2022-XYLELLA-PLAN:§6.6.2:containment-vector-treatment-band-5km:post-m5-v2,IT-DM-2022-XYLELLA-PLAN:§6.6.2:containment-vector-treatment-band-5km,EU-2016-2031:Art.31(2):more-stringent-measure-notification,EU-2016-2031,31(2),HIGHER_AUTHORITY,RESOLVED_CANONICAL,"Complete declared dependency inventory with authority subset, external-only support and AST-use roles."
bc1d84cc1c2d08520d41,IT-DM-2022-XYLELLA-PLAN:§6.6.2:containment-vector-treatment-band-5km:post-m5-v2,IT-DM-2022-XYLELLA-PLAN:§6.6.2:containment-vector-treatment-band-5km,EU-2016-2031:Art.31:more-stringent-national-measures,EU-2016-2031,31(1),EXTERNAL_SUPPORT,RESOLVED_CANONICAL,"Complete declared dependency inventory with authority subset, external-only support and AST-use roles."
57010e57b46bbdc4c778,IT-DM-2022-XYLELLA-PLAN:§6.6.2:containment-vector-treatment-band-5km:post-m5-v2,IT-DM-2022-XYLELLA-PLAN:§6.6.2:containment-vector-treatment-band-5km,EU-2020-1201:12,EU-2020-1201,12,HIGHER_AUTHORITY,RESOLVED_ACCEPTED_EU,"Complete declared dependency inventory with authority subset, external-only support and AST-use roles."
66c1a151004df1698f72,IT-DM-2022-XYLELLA-PLAN:§6.6.2:containment-vector-treatment-band-5km:post-m5-v2,IT-DM-2022-XYLELLA-PLAN:§6.6.2:containment-vector-treatment-band-5km,EU-2020-1201:14(2),EU-2020-1201,14(2),HIGHER_AUTHORITY,RESOLVED_ACCEPTED_EU,"Complete declared dependency inventory with authority subset, external-only support and AST-use roles."
9b1fb6c6f1b0cd173d94,IT-DM-2022-XYLELLA-PLAN:§6.6.2:containment-vector-treatment-band-5km:post-m5-v2,IT-DM-2022-XYLELLA-PLAN:§6.6.2:containment-vector-treatment-band-5km,IT-DM-2022-XYLELLA-PLAN:Art.1:adoption,IT-DM-2022-XYLELLA-PLAN,1:adoption,AST_PROVISION_REF,RESOLVED_CANONICAL,"Complete declared dependency inventory with authority subset, external-only support and AST-use roles."
ba0281b8483840719e26,IT-DM-2022-XYLELLA-PLAN:§6.6.2:containment-vector-treatment-band-5km:post-m5-v2,IT-DM-2022-XYLELLA-PLAN:§6.6.2:containment-vector-treatment-band-5km,PUG-LR4-2017:Art.6(1),PUG-LR4-2017,Art.6(1),HIGHER_AUTHORITY,RESOLVED_CANONICAL,"Complete declared dependency inventory with authority subset, external-only support and AST-use roles."
621558a7a79e113dff2d,IT-DM-2022-XYLELLA-PLAN:§6.6.2:containment-vector-treatment-band-5km:pre-m5-v1,IT-DM-2022-XYLELLA-PLAN:§6.6.2:containment-vector-treatment-band-5km,EU-2016-2031:Art.31:more-stringent-national-measures,EU-2016-2031,31(1),HIGHER_AUTHORITY,RESOLVED_CANONICAL,"Complete declared dependency inventory with authority subset, external-only support and AST-use roles."
39d1d7b341203ef71b9f,IT-DM-2022-XYLELLA-PLAN:§6.6.2:containment-vector-treatment-band-5km:pre-m5-v1,IT-DM-2022-XYLELLA-PLAN:§6.6.2:containment-vector-treatment-band-5km,EU-2020-1201:12,EU-2020-1201,12,HIGHER_AUTHORITY,RESOLVED_ACCEPTED_EU,"Complete declared dependency inventory with authority subset, external-only support and AST-use roles."
58642122296d3740ff13,IT-DM-2022-XYLELLA-PLAN:§6.6.2:containment-vector-treatment-band-5km:pre-m5-v1,IT-DM-2022-XYLELLA-PLAN:§6.6.2:containment-vector-treatment-band-5km,EU-2020-1201:14(2),EU-2020-1201,14(2),HIGHER_AUTHORITY+AST_PROVISION_REF,RESOLVED_ACCEPTED_EU,"Complete declared dependency inventory with authority subset, external-only support and AST-use roles."
8fd9c60337c593b9d37b,IT-DM-2022-XYLELLA-PLAN:§6.6.2:containment-vector-treatment-band-5km:pre-m5-v1,IT-DM-2022-XYLELLA-PLAN:§6.6.2:containment-vector-treatment-band-5km,IT-DM-2022-XYLELLA-PLAN:Art.1:adoption,IT-DM-2022-XYLELLA-PLAN,1:adoption,AST_PROVISION_REF,RESOLVED_CANONICAL,"Complete declared dependency inventory with authority subset, external-only support and AST-use roles."
ff7553eb877416a78114,IT-DM-2022-XYLELLA-PLAN:§6.6.2:containment-vector-treatment-band-5km:pre-m5-v1,IT-DM-2022-XYLELLA-PLAN:§6.6.2:containment-vector-treatment-band-5km,PUG-LR4-2017:Art.6(1),PUG-LR4-2017,Art.6(1),HIGHER_AUTHORITY,RESOLVED_CANONICAL,"Complete declared dependency inventory with authority subset, external-only support and AST-use roles."
057eaea1dfddcafb55e0,IT-DM-2022-XYLELLA-PLAN:§6.7:containment-surveillance-band-5km:post-m5-v2,IT-DM-2022-XYLELLA-PLAN:§6.7:containment-surveillance-band-5km,EU-2016-2031:Art.31(2):more-stringent-measure-notification,EU-2016-2031,31(2),HIGHER_AUTHORITY,RESOLVED_CANONICAL,"Complete declared dependency inventory with authority subset, external-only support and AST-use roles."
e60a8bb736166dd183f2,IT-DM-2022-XYLELLA-PLAN:§6.7:containment-surveillance-band-5km:post-m5-v2,IT-DM-2022-XYLELLA-PLAN:§6.7:containment-surveillance-band-5km,EU-2016-2031:Art.31:more-stringent-national-measures,EU-2016-2031,31(1),EXTERNAL_SUPPORT,RESOLVED_CANONICAL,"Complete declared dependency inventory with authority subset, external-only support and AST-use roles."
bd248848e72cd3dcaaa2,IT-DM-2022-XYLELLA-PLAN:§6.7:containment-surveillance-band-5km:post-m5-v2,IT-DM-2022-XYLELLA-PLAN:§6.7:containment-surveillance-band-5km,EU-2020-1201:12,EU-2020-1201,12,HIGHER_AUTHORITY,RESOLVED_ACCEPTED_EU,"Complete declared dependency inventory with authority subset, external-only support and AST-use roles."
3194a781b77e14079a06,IT-DM-2022-XYLELLA-PLAN:§6.7:containment-surveillance-band-5km:post-m5-v2,IT-DM-2022-XYLELLA-PLAN:§6.7:containment-surveillance-band-5km,EU-2020-1201:15(2)(a),EU-2020-1201,15(2)(a),HIGHER_AUTHORITY,RESOLVED_ACCEPTED_EU,"Complete declared dependency inventory with authority subset, external-only support and AST-use roles."
5ef966299bb542c31222,IT-DM-2022-XYLELLA-PLAN:§6.7:containment-surveillance-band-5km:post-m5-v2,IT-DM-2022-XYLELLA-PLAN:§6.7:containment-surveillance-band-5km,IT-DM-2022-XYLELLA-PLAN:Art.1:adoption,IT-DM-2022-XYLELLA-PLAN,1:adoption,AST_PROVISION_REF,RESOLVED_CANONICAL,"Complete declared dependency inventory with authority subset, external-only support and AST-use roles."
c66b8c3a31f49832d017,IT-DM-2022-XYLELLA-PLAN:§6.7:containment-surveillance-band-5km:post-m5-v2,IT-DM-2022-XYLELLA-PLAN:§6.7:containment-surveillance-band-5km,PUG-LR4-2017:Art.6(1),PUG-LR4-2017,Art.6(1),HIGHER_AUTHORITY,RESOLVED_CANONICAL,"Complete declared dependency inventory with authority subset, external-only support and AST-use roles."
796a27aae518aee6331a,IT-DM-2022-XYLELLA-PLAN:§6.7:containment-surveillance-band-5km:pre-m5-v1,IT-DM-2022-XYLELLA-PLAN:§6.7:containment-surveillance-band-5km,EU-2016-2031:Art.31:more-stringent-national-measures,EU-2016-2031,31(1),HIGHER_AUTHORITY,RESOLVED_CANONICAL,"Complete declared dependency inventory with authority subset, external-only support and AST-use roles."
2690414266c6adb3609c,IT-DM-2022-XYLELLA-PLAN:§6.7:containment-surveillance-band-5km:pre-m5-v1,IT-DM-2022-XYLELLA-PLAN:§6.7:containment-surveillance-band-5km,EU-2020-1201:12,EU-2020-1201,12,HIGHER_AUTHORITY,RESOLVED_ACCEPTED_EU,"Complete declared dependency inventory with authority subset, external-only support and AST-use roles."
1a04dc3be9b5cb5b05d1,IT-DM-2022-XYLELLA-PLAN:§6.7:containment-surveillance-band-5km:pre-m5-v1,IT-DM-2022-XYLELLA-PLAN:§6.7:containment-surveillance-band-5km,EU-2020-1201:15(2)(a),EU-2020-1201,15(2)(a),HIGHER_AUTHORITY+AST_PROVISION_REF,RESOLVED_ACCEPTED_EU,"Complete declared dependency inventory with authority subset, external-only support and AST-use roles."
165da21ca22f3e3926c2,IT-DM-2022-XYLELLA-PLAN:§6.7:containment-surveillance-band-5km:pre-m5-v1,IT-DM-2022-XYLELLA-PLAN:§6.7:containment-surveillance-band-5km,IT-DM-2022-XYLELLA-PLAN:Art.1:adoption,IT-DM-2022-XYLELLA-PLAN,1:adoption,AST_PROVISION_REF,RESOLVED_CANONICAL,"Complete declared dependency inventory with authority subset, external-only support and AST-use roles."
54df708fa1dcdf8880a1,IT-DM-2022-XYLELLA-PLAN:§6.7:containment-surveillance-band-5km:pre-m5-v1,IT-DM-2022-XYLELLA-PLAN:§6.7:containment-surveillance-band-5km,PUG-LR4-2017:Art.6(1),PUG-LR4-2017,Art.6(1),HIGHER_AUTHORITY,RESOLVED_CANONICAL,"Complete declared dependency inventory with authority subset, external-only support and AST-use roles."
31cc0cecb1475dda5707,IT-DM-348260-2026-XYLELLA-PLAN:Art.1(1):adoption:v1,IT-DM-348260-2026-XYLELLA-PLAN:Art.1(1):adoption,EU-2016-2031:Art.25,EU-2016-2031,Art.25,HIGHER_AUTHORITY,RESOLVED_ACCEPTED_EU_DEPENDENCY,"Complete declared dependency inventory with authority subset, external-only support and AST-use roles."
01d5ed5d4593c8747618,IT-DM-348260-2026-XYLELLA-PLAN:§8.2:action-plan-15-day-unit-conflict:v1,IT-DM-348260-2026-XYLELLA-PLAN:§8.2:action-plan-15-day-unit-conflict,IT-DLGS-19-2021:Art.31(4),IT-DLGS-19-2021,31(4),HIGHER_AUTHORITY,RESOLVED_CANONICAL,"Complete declared dependency inventory with authority subset, external-only support and AST-use roles."
f35fff49e369b7f01814,IT-DM-348260-2026-XYLELLA-PLAN:§8.2:action-plan-15-day-unit-conflict:v1,IT-DM-348260-2026-XYLELLA-PLAN:§8.2:action-plan-15-day-unit-conflict,IT-DLGS-19-2021:Art.31(5):regional-action-plan-proposal,IT-DLGS-19-2021,31(5):regional-action-plan-proposal,HIGHER_AUTHORITY,RESOLVED_CANONICAL,"Complete declared dependency inventory with authority subset, external-only support and AST-use roles."
e4d47346907629f550b5,IT-DM-348260-2026-XYLELLA-PLAN:§8.2:action-plan-15-day-unit-conflict:v1,IT-DM-348260-2026-XYLELLA-PLAN:§8.2:action-plan-15-day-unit-conflict,IT-DM-348260-2026-XYLELLA-PLAN:Art.1(1):adoption,IT-DM-348260-2026-XYLELLA-PLAN,1(1):adoption,AST_PROVISION_REF,RESOLVED_CANONICAL,"Complete declared dependency inventory with authority subset, external-only support and AST-use roles."
2d75c6a093df9289cc24,IT-DM-348260-2026-XYLELLA-PLAN:§8.5:communicate-no-demarcation:v1,IT-DM-348260-2026-XYLELLA-PLAN:§8.5:communicate-no-demarcation,EU-2020-1201:5(1),EU-2020-1201,5(1),HIGHER_AUTHORITY,RESOLVED_ACCEPTED_EU,"Complete declared dependency inventory with authority subset, external-only support and AST-use roles."
df449d9540022459891f,IT-DM-348260-2026-XYLELLA-PLAN:§8.5:communicate-no-demarcation:v1,IT-DM-348260-2026-XYLELLA-PLAN:§8.5:communicate-no-demarcation,EU-2020-1201:5(2),EU-2020-1201,5(2),HIGHER_AUTHORITY,RESOLVED_ACCEPTED_EU,"Complete declared dependency inventory with authority subset, external-only support and AST-use roles."
1580469baa965a841c97,IT-DM-348260-2026-XYLELLA-PLAN:§8.5:communicate-no-demarcation:v1,IT-DM-348260-2026-XYLELLA-PLAN:§8.5:communicate-no-demarcation,EU-2020-1201:5(3),EU-2020-1201,5(3),HIGHER_AUTHORITY,RESOLVED_ACCEPTED_EU,"Complete declared dependency inventory with authority subset, external-only support and AST-use roles."
823c13495828548ab2ab,IT-DM-348260-2026-XYLELLA-PLAN:§8.5:no-demarcation-surveillance:v1,IT-DM-348260-2026-XYLELLA-PLAN:§8.5:no-demarcation-surveillance,EU-2016-2031:Art.31:more-stringent-national-measures,EU-2016-2031,31(1),EXTERNAL_SUPPORT,RESOLVED_CANONICAL,"Complete declared dependency inventory with authority subset, external-only support and AST-use roles."
d343af006eaf2cb7dd08,IT-DM-348260-2026-XYLELLA-PLAN:§8.5:no-demarcation-surveillance:v1,IT-DM-348260-2026-XYLELLA-PLAN:§8.5:no-demarcation-surveillance,EU-2020-1201:5(1),EU-2020-1201,5(1),HIGHER_AUTHORITY,RESOLVED_ACCEPTED_EU,"Complete declared dependency inventory with authority subset, external-only support and AST-use roles."
adb50cfdf8bbfaddbc2d,IT-DM-348260-2026-XYLELLA-PLAN:§8.5:no-demarcation-surveillance:v1,IT-DM-348260-2026-XYLELLA-PLAN:§8.5:no-demarcation-surveillance,EU-2020-1201:5(2),EU-2020-1201,5(2),HIGHER_AUTHORITY,RESOLVED_ACCEPTED_EU,"Complete declared dependency inventory with authority subset, external-only support and AST-use roles."
81155fbbb599ac003ed2,IT-DM-348260-2026-XYLELLA-PLAN:§8.5:no-demarcation-surveillance:v1,IT-DM-348260-2026-XYLELLA-PLAN:§8.5:no-demarcation-surveillance,EU-2020-1201:5(3),EU-2020-1201,5(3),HIGHER_AUTHORITY,RESOLVED_ACCEPTED_EU,"Complete declared dependency inventory with authority subset, external-only support and AST-use roles."
19a835d0d4eea14575c4,IT-DM-348260-2026-XYLELLA-PLAN:§8.5:no-demarcation-surveillance:v1,IT-DM-348260-2026-XYLELLA-PLAN:§8.5:no-demarcation-surveillance,EU-2020-1201:5(4),EU-2020-1201,5(4),HIGHER_AUTHORITY+AST_PROVISION_REF,RESOLVED_ACCEPTED_EU,"Complete declared dependency inventory with authority subset, external-only support and AST-use roles."
700cb85f57c090aae967,IT-DM-348260-2026-XYLELLA-PLAN:§8.5:no-demarcation-surveillance:v1,IT-DM-348260-2026-XYLELLA-PLAN:§8.5:no-demarcation-surveillance,IT-DM-348260-2026-XYLELLA-PLAN:Art.1(1):adoption,IT-DM-348260-2026-XYLELLA-PLAN,1(1):adoption,HIGHER_AUTHORITY+AST_PROVISION_REF,RESOLVED_CANONICAL,"Complete declared dependency inventory with authority subset, external-only support and AST-use roles."
e25f33db8033cb7d05bb,IT-DM-348260-2026-XYLELLA-PLAN:§8.6:area-composition:v1,IT-DM-348260-2026-XYLELLA-PLAN:§8.6:area-composition,EU-2020-1201:12,EU-2020-1201,12,HIGHER_AUTHORITY,RESOLVED_ACCEPTED_EU,"Complete declared dependency inventory with authority subset, external-only support and AST-use roles."
250d25e764dbf8e74885,IT-DM-348260-2026-XYLELLA-PLAN:§8.6:area-composition:v1,IT-DM-348260-2026-XYLELLA-PLAN:§8.6:area-composition,EU-2020-1201:4(1),EU-2020-1201,4(1),HIGHER_AUTHORITY,RESOLVED_ACCEPTED_EU,"Complete declared dependency inventory with authority subset, external-only support and AST-use roles."
ac60bfbe72e6bd62ab67,IT-DM-348260-2026-XYLELLA-PLAN:§8.6:area-composition:v1,IT-DM-348260-2026-XYLELLA-PLAN:§8.6:area-composition,EU-2020-1201:5(1),EU-2020-1201,5(1),HIGHER_AUTHORITY,RESOLVED_ACCEPTED_EU,"Complete declared dependency inventory with authority subset, external-only support and AST-use roles."
867432d247605ef0e3d8,IT-DM-348260-2026-XYLELLA-PLAN:§8.6:area-composition:v1,IT-DM-348260-2026-XYLELLA-PLAN:§8.6:area-composition,EU-2020-1201:6(1),EU-2020-1201,6(1),HIGHER_AUTHORITY,RESOLVED_ACCEPTED_EU,"Complete declared dependency inventory with authority subset, external-only support and AST-use roles."
642155dda34d32a55280,IT-DM-348260-2026-XYLELLA-PLAN:§9.2:containment-vector-treatment-coverage:v1,IT-DM-348260-2026-XYLELLA-PLAN:§9.2:containment-vector-treatment-coverage,EU-2020-1201:14(2),EU-2020-1201,14(2),HIGHER_AUTHORITY+AST_PROVISION_REF,RESOLVED_ACCEPTED_EU,"Complete declared dependency inventory with authority subset, external-only support and AST-use roles."
3b8939f381501d9e973e,IT-DM-348260-2026-XYLELLA-PLAN:§9.2:containment-vector-treatment-coverage:v1,IT-DM-348260-2026-XYLELLA-PLAN:§9.2:containment-vector-treatment-coverage,IT-DM-348260-2026-XYLELLA-PLAN:Art.1(1):adoption,IT-DM-348260-2026-XYLELLA-PLAN,1(1):adoption,HIGHER_AUTHORITY+AST_PROVISION_REF,RESOLVED_CANONICAL,"Complete declared dependency inventory with authority subset, external-only support and AST-use roles."
78546056d45942495ba0,IT-DM-348260-2026-XYLELLA-PLAN:§9.2:containment-vector-treatment-coverage:v1,IT-DM-348260-2026-XYLELLA-PLAN:§9.2:containment-vector-treatment-coverage,PUG-LR4-2017:Art.6(1),PUG-LR4-2017,Art.6(1),HIGHER_AUTHORITY,RESOLVED_CANONICAL,"Complete declared dependency inventory with authority subset, external-only support and AST-use roles."
5e1f3b7dacc27d9c2748,IT-DM-348260-2026-XYLELLA-PLAN:§9.3:containment-surveillance-band-2km:v1,IT-DM-348260-2026-XYLELLA-PLAN:§9.3:containment-surveillance-band-2km,EU-2020-1201:15(2)(a),EU-2020-1201,15(2)(a),HIGHER_AUTHORITY,RESOLVED_ACCEPTED_EU,"Complete declared dependency inventory with authority subset, external-only support and AST-use roles."
9669b497941da461b4d0,IT-DM-348260-2026-XYLELLA-PLAN:§9.3:containment-surveillance-band-2km:v1,IT-DM-348260-2026-XYLELLA-PLAN:§9.3:containment-surveillance-band-2km,IT-DM-348260-2026-XYLELLA-PLAN:Art.1(1):adoption,IT-DM-348260-2026-XYLELLA-PLAN,1(1):adoption,HIGHER_AUTHORITY+AST_PROVISION_REF,RESOLVED_CANONICAL,"Complete declared dependency inventory with authority subset, external-only support and AST-use roles."
7e56f07bd73827429504,IT-DM-348260-2026-XYLELLA-PLAN:§9.3:containment-surveillance-band-2km:v1,IT-DM-348260-2026-XYLELLA-PLAN:§9.3:containment-surveillance-band-2km,PUG-LR4-2017:Art.6(1),PUG-LR4-2017,Art.6(1),HIGHER_AUTHORITY,RESOLVED_CANONICAL,"Complete declared dependency inventory with authority subset, external-only support and AST-use roles."
419a3de9d63e2ce8ccb2,IT-DTU39-REV1:§4:risk-based-sampling:v1,IT-DTU39-REV1:§4:risk-based-sampling,EU-2020-1201:10,EU-2020-1201,10,HIGHER_AUTHORITY,RESOLVED_ACCEPTED_EU,"Complete declared dependency inventory with authority subset, external-only support and AST-use roles."
4c84c6d4eec665cb4bd8,IT-DTU39-REV1:§4:risk-based-sampling:v1,IT-DTU39-REV1:§4:risk-based-sampling,EU-2020-1201:15(1),EU-2020-1201,15(1),HIGHER_AUTHORITY,RESOLVED_ACCEPTED_EU,"Complete declared dependency inventory with authority subset, external-only support and AST-use roles."
1a4f81622663558da0a6,IT-DTU39-REV1:§4:risk-based-sampling:v1,IT-DTU39-REV1:§4:risk-based-sampling,EU-2020-1201:15(2),EU-2020-1201,15(2),HIGHER_AUTHORITY,RESOLVED_ACCEPTED_EU,"Complete declared dependency inventory with authority subset, external-only support and AST-use roles."
36fa799cae331d578054,IT-DTU39-REV1:§4:risk-based-sampling:v1,IT-DTU39-REV1:§4:risk-based-sampling,EU-2020-1201:2(1),EU-2020-1201,2(1),HIGHER_AUTHORITY,RESOLVED_ACCEPTED_EU,"Complete declared dependency inventory with authority subset, external-only support and AST-use roles."
fbf5e9e70eed29ce9fda,IT-DTU39-REV1:§4:risk-based-sampling:v1,IT-DTU39-REV1:§4:risk-based-sampling,EU-2020-1201:2(3),EU-2020-1201,2(3),HIGHER_AUTHORITY,RESOLVED_ACCEPTED_EU,"Complete declared dependency inventory with authority subset, external-only support and AST-use roles."
7379920b4c3c63161c66,IT-DTU39-REV1:§4:risk-based-sampling:v1,IT-DTU39-REV1:§4:risk-based-sampling,EU-2020-1201:2(4),EU-2020-1201,2(4),HIGHER_AUTHORITY,RESOLVED_ACCEPTED_EU,"Complete declared dependency inventory with authority subset, external-only support and AST-use roles."
66bc19e76b20105ed73e,IT-DTU39-REV1:§5.4:pest-free-positive-confirmation:v1,IT-DTU39-REV1:§5.4:pest-free-positive-confirmation,EU-2020-1201:2(4),EU-2020-1201,2(4),HIGHER_AUTHORITY,RESOLVED_ACCEPTED_EU,"Complete declared dependency inventory with authority subset, external-only support and AST-use roles."
846721602fb94b78c91e,IT-DTU39-REV1:§5.4:pest-free-positive-confirmation:v1,IT-DTU39-REV1:§5.4:pest-free-positive-confirmation,EU-2020-1201:ANNEX-IV:v3,EU-2020-1201,ANNEX-IV:v3,HIGHER_AUTHORITY,RESOLVED_ACCEPTED_EU_ANNEX,"Complete declared dependency inventory with authority subset, external-only support and AST-use roles."
e05185ab8221e820cb32,IT-DTU39-REV1:§5:diagnostic-method-routing:v1,IT-DTU39-REV1:§5:diagnostic-method-routing,EU-2020-1201:ANNEX-IV:v3,EU-2020-1201,ANNEX-IV:v3,HIGHER_AUTHORITY,RESOLVED_ACCEPTED_EU_ANNEX,"Complete declared dependency inventory with authority subset, external-only support and AST-use roles."
7b06761689d35890c2a7,IT-DTU8-REV2:official-laboratory-route-and-continuing-status:v1,IT-DTU8-REV2:official-laboratory-route-and-continuing-status,"EU-2017-625:Art.37(1,3-5):official-laboratory-designation-tuple",EU-2017-625,"37(1),(3)-(5)",HIGHER_AUTHORITY,RESOLVED_CANONICAL,"Complete declared dependency inventory with authority subset, external-only support and AST-use roles."
8f6d2fe1f50f00b472c6,IT-DTU8-REV2:official-laboratory-route-and-continuing-status:v1,IT-DTU8-REV2:official-laboratory-route-and-continuing-status,EU-2017-625:Art.40(1)(b):other-official-activity-derogation,EU-2017-625,40(1)(b),HIGHER_AUTHORITY,RESOLVED_CANONICAL,"Complete declared dependency inventory with authority subset, external-only support and AST-use roles."
09acb39c0d071322f767,IT-DTU8-REV2:official-laboratory-route-and-continuing-status:v1,IT-DTU8-REV2:official-laboratory-route-and-continuing-status,EU-2017-625:Art.42:temporary-method-designation,EU-2017-625,42,HIGHER_AUTHORITY,RESOLVED_CANONICAL,"Complete declared dependency inventory with authority subset, external-only support and AST-use roles."
934f7b32cb93da46ede4,IT-DTU8-REV2:official-laboratory-route-and-continuing-status:v1,IT-DTU8-REV2:official-laboratory-route-and-continuing-status,EU-2021-1353:Art.3:plant-health-partial-accreditation-derogation,EU-2021-1353,3,HIGHER_AUTHORITY,RESOLVED_CANONICAL,"Complete declared dependency inventory with authority subset, external-only support and AST-use roles."
8593e7ce34a405e98eb0,IT-DTU8-REV2:official-laboratory-route-and-continuing-status:v1,IT-DTU8-REV2:official-laboratory-route-and-continuing-status,IT-DM-169819-2022:Art.11(2):suspend-or-revoke,IT-DM-169819-2022,11(2):suspend-or-revoke,HIGHER_AUTHORITY,RESOLVED_CANONICAL,"Complete declared dependency inventory with authority subset, external-only support and AST-use roles."
d4a7a7ae1f37712dc691,IT-L689-1981:Art.16:reduced-payment:v1,IT-L689-1981:Art.16:reduced-payment,IT-L689-1981:Art.14:immediate-contest,IT-L689-1981,14:immediate-contest,AST_PROVISION_REF,RESOLVED_CANONICAL,"Complete declared dependency inventory with authority subset, external-only support and AST-use roles."
6e7f78e8e390f534df87,IT-L689-1981:Art.16:reduced-payment:v1,IT-L689-1981:Art.16:reduced-payment,IT-L689-1981:Art.14:later-notification,IT-L689-1981,14:later-notification,AST_PROVISION_REF,RESOLVED_CANONICAL,"Complete declared dependency inventory with authority subset, external-only support and AST-use roles."
b6012844e45aac495213,IT-L689-1981:Art.17:violation-report:v1,IT-L689-1981:Art.17:violation-report,IT-DLGS-19-2021:Art.55(30):regional-sanction-competence,IT-DLGS-19-2021,55(30):regional-sanction-competence,HIGHER_AUTHORITY,RESOLVED_CANONICAL,"Complete declared dependency inventory with authority subset, external-only support and AST-use roles."
ebf28879aea37d55189a,IT-L689-1981:Art.18:adjudication-process:v1,IT-L689-1981:Art.18:adjudication-process,IT-L689-1981:Art.17:violation-report,IT-L689-1981,17:violation-report,AST_PROVISION_REF,RESOLVED_CANONICAL,"Complete declared dependency inventory with authority subset, external-only support and AST-use roles."
af6b162cbe382b8cccce,IT-L689-1981:Art.18:defence-and-hearing-request:v1,IT-L689-1981:Art.18:defence-and-hearing-request,IT-L689-1981:Art.14:immediate-contest,IT-L689-1981,14:immediate-contest,AST_PROVISION_REF,RESOLVED_CANONICAL,"Complete declared dependency inventory with authority subset, external-only support and AST-use roles."
2fabe347a0f32bc99d7f,IT-L689-1981:Art.18:defence-and-hearing-request:v1,IT-L689-1981:Art.18:defence-and-hearing-request,IT-L689-1981:Art.14:later-notification,IT-L689-1981,14:later-notification,AST_PROVISION_REF,RESOLVED_CANONICAL,"Complete declared dependency inventory with authority subset, external-only support and AST-use roles."
65052839f83d34d10e77,IT-ORD10-2025:Art.4(1):exclusive-accredited-official-analysis:v1,IT-ORD10-2025:Art.4(1):exclusive-accredited-official-analysis,"EU-2017-625:Art.37(1,3-5):official-laboratory-designation-tuple",EU-2017-625,"37(1),(3)-(5)",HIGHER_AUTHORITY,RESOLVED_CANONICAL,"Complete declared dependency inventory with authority subset, external-only support and AST-use roles."
b3f7326c00e7e97a6b58,IT-ORD10-2025:Art.4(2):accredited-capacity:v1,IT-ORD10-2025:Art.4(2):accredited-capacity,IT-DLGS-19-2021:Art.14(1):official-laboratory-capacity,IT-DLGS-19-2021,14(1):official-laboratory-capacity,HIGHER_AUTHORITY,RESOLVED_CANONICAL,"Complete declared dependency inventory with authority subset, external-only support and AST-use roles."
0185f31eb1164c7fc8eb,IT-ORD10-2025:Art.4(2):designation:v1,IT-ORD10-2025:Art.4(2):designation,IT-DLGS-19-2021:Art.14(1):designate-official-laboratory,IT-DLGS-19-2021,14(1):designate-official-laboratory,HIGHER_AUTHORITY,RESOLVED_CANONICAL,"Complete declared dependency inventory with authority subset, external-only support and AST-use roles."
d2dce5142fcf8a776824,IT-ORD10-2025:Art.4(2):designation:v1,IT-ORD10-2025:Art.4(2):designation,IT-DLGS-19-2021:Art.14(2),IT-DLGS-19-2021,14(2),HIGHER_AUTHORITY,RESOLVED_CANONICAL,"Complete declared dependency inventory with authority subset, external-only support and AST-use roles."
1b56c898e3fd1f2081ed,IT-ORD10-2025:Art.5(1):external-use:v1,IT-ORD10-2025:Art.5(1):external-use,IT-ORD10-2025:Art.5(1):external-designation,IT-ORD10-2025,5(1):external-designation,AST_PROVISION_REF,RESOLVED_CANONICAL,"Complete declared dependency inventory with authority subset, external-only support and AST-use roles."
e93f7d1990f4772041c9,IT-ORD10-2025:Art.6(2):external-laboratory-continuing-compliance:v1,IT-ORD10-2025:Art.6(2):external-laboratory-continuing-compliance,IT-DM-169819-2022:Art.10(3):timely-analysis,IT-DM-169819-2022,10(3):timely-analysis,HIGHER_AUTHORITY,RESOLVED_CANONICAL,"Complete declared dependency inventory with authority subset, external-only support and AST-use roles."
5a7da6e8dfc181f884da,IT-ORD10-2025:Art.6(2):external-laboratory-continuing-compliance:v1,IT-ORD10-2025:Art.6(2):external-laboratory-continuing-compliance,IT-DM-169819-2022:Art.10(5):issue-test-report,IT-DM-169819-2022,10(5):issue-test-report,HIGHER_AUTHORITY,RESOLVED_CANONICAL,"Complete declared dependency inventory with authority subset, external-only support and AST-use roles."
b995e9b73acaae87f153,IT-ORD10-2025:Art.6(2):external-laboratory-continuing-compliance:v1,IT-ORD10-2025:Art.6(2):external-laboratory-continuing-compliance,IT-DM-169819-2022:Art.11(2):suspend-or-revoke,IT-DM-169819-2022,11(2):suspend-or-revoke,HIGHER_AUTHORITY,RESOLVED_CANONICAL,"Complete declared dependency inventory with authority subset, external-only support and AST-use roles."
85ce6e68dd8f4de8a278,IT-ORD10-2025:Art.6(2):external-laboratory-continuing-compliance:v1,IT-ORD10-2025:Art.6(2):external-laboratory-continuing-compliance,IT-DM-169819-2022:Art.30:official-method-selection,IT-DM-169819-2022,30(1)-(2):official-method-selection,HIGHER_AUTHORITY+AST_PROVISION_REF,RESOLVED_CANONICAL,"Complete declared dependency inventory with authority subset, external-only support and AST-use roles."
a6a4eb4281b542d201c1,IT-ORD10-2025:Art.6(2):external-laboratory-continuing-compliance:v1,IT-ORD10-2025:Art.6(2):external-laboratory-continuing-compliance,IT-DM-169819-2022:Art.9(1):official-laboratory-minimum-qualification,IT-DM-169819-2022,9(1):official-laboratory-minimum-qualification,HIGHER_AUTHORITY+AST_PROVISION_REF,RESOLVED_CANONICAL,"Complete declared dependency inventory with authority subset, external-only support and AST-use roles."
bbda983016457766e85a,IT-ORD10-2025:Art.6(2):external-laboratory-continuing-compliance:v1,IT-ORD10-2025:Art.6(2):external-laboratory-continuing-compliance,IT-DTU8-REV2:official-laboratory-route-and-continuing-status,IT-DTU8-REV2,route and continuing status,HIGHER_AUTHORITY+AST_PROVISION_REF,RESOLVED_CANONICAL,"Complete declared dependency inventory with authority subset, external-only support and AST-use roles."
ad7c33aece46cd813d4a,IT-PNI-2026:Xylella:Puglia-plant-survey-design:v1,IT-PNI-2026:Xylella:Puglia-plant-survey-design,EU-2020-1201:2(1),EU-2020-1201,2(1),HIGHER_AUTHORITY,RESOLVED_ACCEPTED_EU,"Complete declared dependency inventory with authority subset, external-only support and AST-use roles."
4f2d9936d4cfa3231461,IT-PNI-2026:Xylella:Puglia-plant-survey-design:v1,IT-PNI-2026:Xylella:Puglia-plant-survey-design,EU-2020-1201:2(3),EU-2020-1201,2(3),HIGHER_AUTHORITY,RESOLVED_ACCEPTED_EU,"Complete declared dependency inventory with authority subset, external-only support and AST-use roles."
bd46ae7c3ab6c43949a9,IT-PNI-2026:Xylella:Puglia-plant-survey-design:v1,IT-PNI-2026:Xylella:Puglia-plant-survey-design,EU-2020-1201:2(4),EU-2020-1201,2(4),HIGHER_AUTHORITY,RESOLVED_ACCEPTED_EU,"Complete declared dependency inventory with authority subset, external-only support and AST-use roles."
4ad4bff73f878d9d551a,IT-PNI-2026:Xylella:Puglia-plant-survey-design:v1,IT-PNI-2026:Xylella:Puglia-plant-survey-design,IT-PNI-2026:adoption-and-publication-status,IT-PNI-2026,adoption-and-publication-status,HIGHER_AUTHORITY,RESOLVED_CANONICAL,"Complete declared dependency inventory with authority subset, external-only support and AST-use roles."
593f641966cd49e17c62,IT-PNI-2026:adoption-and-publication-status:v1,IT-PNI-2026:adoption-and-publication-status,IT-DLGS-19-2021:Art.27(4):adopt-national-programme,IT-DLGS-19-2021,27(4):adopt-national-programme,HIGHER_AUTHORITY,RESOLVED_CANONICAL,"Complete declared dependency inventory with authority subset, external-only support and AST-use roles."
1a9947b88f4f7d61f99f,IT-PNI-2026:adoption-and-publication-status:v1,IT-PNI-2026:adoption-and-publication-status,IT-DLGS-19-2021:Art.27(4):publish-national-programme,IT-DLGS-19-2021,27(4):publish-national-programme,HIGHER_AUTHORITY,RESOLVED_CANONICAL,"Complete declared dependency inventory with authority subset, external-only support and AST-use roles."
b6ced37c0b928a519f1a,PUG-DGR1075-2025:Art7(3)-policy:v1,PUG-DGR1075-2025:Art7(3)-policy,EU-2020-1201:7(3),EU-2020-1201,7(3),HIGHER_AUTHORITY,RESOLVED_ACCEPTED_EU,"Complete declared dependency inventory with authority subset, external-only support and AST-use roles."
21d08c75008a3244528b,PUG-DGR1075-2025:Art7(3)-policy:v1,PUG-DGR1075-2025:Art7(3)-policy,IT-DLGS-19-2021:Art.31(5):committee-action-plan-approval,IT-DLGS-19-2021,31(5):committee-action-plan-approval,HIGHER_AUTHORITY,RESOLVED_CANONICAL,"Complete declared dependency inventory with authority subset, external-only support and AST-use roles."
3a6b09bb658a4ec04d52,PUG-DGR1075-2025:Art7(3)-policy:v1,PUG-DGR1075-2025:Art7(3)-policy,IT-DLGS-19-2021:Art.31(6):adopt-action-plan,IT-DLGS-19-2021,31(6):adopt-action-plan,HIGHER_AUTHORITY,RESOLVED_CANONICAL,"Complete declared dependency inventory with authority subset, external-only support and AST-use roles."
703f45055f026aab0403,PUG-DGR1075-2025:Art7(3)-policy:v1,PUG-DGR1075-2025:Art7(3)-policy,IT-DLGS-19-2021:Art.33(1):uninfected-protected-plant-removal,IT-DLGS-19-2021,33(1):uninfected-protected-plant-removal,HIGHER_AUTHORITY,RESOLVED_CANONICAL,"Complete declared dependency inventory with authority subset, external-only support and AST-use roles."
6c012d4be07a4d8b5b0d,PUG-DGR1075-2025:Art7(3)-policy:v1,PUG-DGR1075-2025:Art7(3)-policy,PUG-LR4-2017:Art.8(5):protected-uninfected-retention,PUG-LR4-2017,8(5),HIGHER_AUTHORITY+AST_PROVISION_REF,RESOLVED_CANONICAL,"Complete declared dependency inventory with authority subset, external-only support and AST-use roles."
ff6b0149e3ec6978b1af,PUG-DGR1075-2025:Convention-3.1:arif-surveillance-communication:v1,PUG-DGR1075-2025:Convention-3.1:arif-surveillance-communication,IT-DLGS-19-2021:Art.11(1)(b),IT-DLGS-19-2021,11(1)(b),HIGHER_AUTHORITY,RESOLVED_CANONICAL,"Complete declared dependency inventory with authority subset, external-only support and AST-use roles."
e1492c3c58e5ac453c6e,PUG-DGR1075-2025:Convention-3.1:arif-surveillance-communication:v1,PUG-DGR1075-2025:Convention-3.1:arif-surveillance-communication,PUG-LR3-2010:Art.3-bis(1)(a),PUG-LR3-2010,3-bis(1)(a),HIGHER_AUTHORITY,RESOLVED_CANONICAL,"Complete declared dependency inventory with authority subset, external-only support and AST-use roles."
6bb103b15ca32c6c6c22,PUG-DGR1075-2025:Convention-3.1:osservatorio-survey-control:v1,PUG-DGR1075-2025:Convention-3.1:osservatorio-survey-control,IT-DLGS-19-2021:Art.14(1):designate-official-laboratory,IT-DLGS-19-2021,14(1):designate-official-laboratory,HIGHER_AUTHORITY,RESOLVED_CANONICAL,"Complete declared dependency inventory with authority subset, external-only support and AST-use roles."
0eec50666d1cafa0113c,PUG-DGR1075-2025:Convention-3.1:osservatorio-survey-control:v1,PUG-DGR1075-2025:Convention-3.1:osservatorio-survey-control,IT-DLGS-19-2021:Art.27(3),IT-DLGS-19-2021,27(3),HIGHER_AUTHORITY,RESOLVED_CANONICAL,"Complete declared dependency inventory with authority subset, external-only support and AST-use roles."
27b5bf89eb431f6c7656,PUG-DGR1075-2025:Convention-3.1:osservatorio-survey-control:v1,PUG-DGR1075-2025:Convention-3.1:osservatorio-survey-control,IT-DLGS-19-2021:Art.6(3)(b),IT-DLGS-19-2021,6(3)(b),HIGHER_AUTHORITY,RESOLVED_CANONICAL,"Complete declared dependency inventory with authority subset, external-only support and AST-use roles."
db37ebd1c4c53d3f2093,PUG-DGR1075-2025:§4.3.2:almond-pre-removal-vector-treatment:v1,PUG-DGR1075-2025:§4.3.2:almond-pre-removal-vector-treatment,EU-2020-1201:8(1),EU-2020-1201,8(1),HIGHER_AUTHORITY+AST_PROVISION_REF,RESOLVED_ACCEPTED_EU,"Complete declared dependency inventory with authority subset, external-only support and AST-use roles."
c39a8b67148c0f58fff4,PUG-DGR1075-2025:§4.3.2:almond-pre-removal-vector-treatment:v1,PUG-DGR1075-2025:§4.3.2:almond-pre-removal-vector-treatment,PUG-DGR1075-2025:§4.3.2:mandatory-almond-400m,PUG-DGR1075-2025,§4.3.2:mandatory-almond-400m,HIGHER_AUTHORITY,RESOLVED_CANONICAL,"Complete declared dependency inventory with authority subset, external-only support and AST-use roles."
26affc5c24bdc6473866,PUG-DGR1075-2025:§4.3.2:mandatory-almond-400m:v1,PUG-DGR1075-2025:§4.3.2:mandatory-almond-400m,EU-2020-1201:11(1),EU-2020-1201,11(1),HIGHER_AUTHORITY,RESOLVED_ACCEPTED_EU,"Complete declared dependency inventory with authority subset, external-only support and AST-use roles."
b9dc26e126ab40ce3c5b,PUG-DGR1075-2025:§4.3.2:mandatory-almond-400m:v1,PUG-DGR1075-2025:§4.3.2:mandatory-almond-400m,IT-DLGS-19-2021:Art.31(5):committee-action-plan-approval,IT-DLGS-19-2021,31(5):committee-action-plan-approval,HIGHER_AUTHORITY,RESOLVED_CANONICAL,"Complete declared dependency inventory with authority subset, external-only support and AST-use roles."
a529065375f5f105672b,PUG-DGR1075-2025:§4.3.2:mandatory-almond-400m:v1,PUG-DGR1075-2025:§4.3.2:mandatory-almond-400m,IT-DLGS-19-2021:Art.31(6):adopt-action-plan,IT-DLGS-19-2021,31(6):adopt-action-plan,HIGHER_AUTHORITY,RESOLVED_CANONICAL,"Complete declared dependency inventory with authority subset, external-only support and AST-use roles."
186c292809642f9fd627,PUG-DGR1075-2025:§4.3.2:mandatory-almond-400m:v1,PUG-DGR1075-2025:§4.3.2:mandatory-almond-400m,IT-DLGS-19-2021:Art.6(3)(o),IT-DLGS-19-2021,6(3)(o),HIGHER_AUTHORITY,RESOLVED_CANONICAL,"Complete declared dependency inventory with authority subset, external-only support and AST-use roles."
df92f3201931ffbac2d8,PUG-DGR1075-2025:§4.3.2:mandatory-almond-400m:v1,PUG-DGR1075-2025:§4.3.2:mandatory-almond-400m,PUG-LR4-2017:Art.3(2),PUG-LR4-2017,3(2),HIGHER_AUTHORITY,RESOLVED_CANONICAL,"Complete declared dependency inventory with authority subset, external-only support and AST-use roles."
79380c6ff8b9f421e38d,PUG-DGR1075-2025:§4.5:owner-election-execution:v1,PUG-DGR1075-2025:§4.5:owner-election-execution,IT-DLGS-19-2021:Art.31(5):committee-action-plan-approval,IT-DLGS-19-2021,31(5):committee-action-plan-approval,HIGHER_AUTHORITY,RESOLVED_CANONICAL,"Complete declared dependency inventory with authority subset, external-only support and AST-use roles."
690abea2617f2accd4ca,PUG-DGR1075-2025:§4.5:owner-election-execution:v1,PUG-DGR1075-2025:§4.5:owner-election-execution,IT-DLGS-19-2021:Art.31(6):adopt-action-plan,IT-DLGS-19-2021,31(6):adopt-action-plan,HIGHER_AUTHORITY,RESOLVED_CANONICAL,"Complete declared dependency inventory with authority subset, external-only support and AST-use roles."
a5a863b091698952c08b,PUG-DGR1075-2025:§4.5:owner-election-execution:v1,PUG-DGR1075-2025:§4.5:owner-election-execution,IT-DLGS-19-2021:Art.32(3):primary-implementation,IT-DLGS-19-2021,32(3):primary-implementation,HIGHER_AUTHORITY,RESOLVED_CANONICAL,"Complete declared dependency inventory with authority subset, external-only support and AST-use roles."
7104fef8d5358d803abb,PUG-DGR1075-2025:§4.5:owner-election-execution:v1,PUG-DGR1075-2025:§4.5:owner-election-execution,IT-L241-A21BIS:Art.21-bis(1):individual-communication-effect,IT-L241-A21BIS,21-bis(1):individual-communication-effect,HIGHER_AUTHORITY,RESOLVED_CANONICAL,"Complete declared dependency inventory with authority subset, external-only support and AST-use roles."
629c4f9ae2f4b8f2b17e,PUG-DGR1075-2025:§4.5:owner-evidence:v1,PUG-DGR1075-2025:§4.5:owner-evidence,EU-2020-1201:3(2)(b),EU-2020-1201,3(2)(b),HIGHER_AUTHORITY,RESOLVED_ACCEPTED_EU,"Complete declared dependency inventory with authority subset, external-only support and AST-use roles."
034c6c324421c50b7fc9,PUG-DGR1075-2025:§4.5:owner-evidence:v1,PUG-DGR1075-2025:§4.5:owner-evidence,IT-DLGS-19-2021:Art.31(5):committee-action-plan-approval,IT-DLGS-19-2021,31(5):committee-action-plan-approval,HIGHER_AUTHORITY,RESOLVED_CANONICAL,"Complete declared dependency inventory with authority subset, external-only support and AST-use roles."
a9700522e417fc91cf0e,PUG-DGR1075-2025:§4.5:owner-evidence:v1,PUG-DGR1075-2025:§4.5:owner-evidence,IT-DLGS-19-2021:Art.31(6):adopt-action-plan,IT-DLGS-19-2021,31(6):adopt-action-plan,HIGHER_AUTHORITY,RESOLVED_CANONICAL,"Complete declared dependency inventory with authority subset, external-only support and AST-use roles."
f1d71bad2a5e85355638,PUG-DGR1075-2025:§4.5:prescription:v1,PUG-DGR1075-2025:§4.5:prescription,IT-DLGS-19-2021:Art.32(3):primary-implementation,IT-DLGS-19-2021,32(3):primary-implementation,HIGHER_AUTHORITY,RESOLVED_CANONICAL,"Complete declared dependency inventory with authority subset, external-only support and AST-use roles."
4c71b370b1c0a3fcc774,PUG-DGR1075-2025:§4.5:prescription:v1,PUG-DGR1075-2025:§4.5:prescription,IT-DLGS-19-2021:Art.6(3)(o),IT-DLGS-19-2021,6(3)(o),HIGHER_AUTHORITY,RESOLVED_CANONICAL,"Complete declared dependency inventory with authority subset, external-only support and AST-use roles."
a7ebaf3a1a5b4cd5a977,PUG-DGR1075-2025:§4.5:recipient-notice-route:v1,PUG-DGR1075-2025:§4.5:recipient-notice-route,IT-L241-A21BIS:Art.21-bis(1):individual-communication-effect,IT-L241-A21BIS,21-bis(1):individual-communication-effect,HIGHER_AUTHORITY,RESOLVED_CANONICAL,"Complete declared dependency inventory with authority subset, external-only support and AST-use roles."
31e62c6406937a450d42,PUG-DGR1075-2025:§4.5:recipient-notice-route:v1,PUG-DGR1075-2025:§4.5:recipient-notice-route,IT-L241-A21BIS:Art.21-bis(1):mass-publicity-route,IT-L241-A21BIS,21-bis(1):mass-publicity-route,HIGHER_AUTHORITY,RESOLVED_CANONICAL,"Complete declared dependency inventory with authority subset, external-only support and AST-use roles."
e11ca037ece249f8f834,PUG-DGR1075-2025:§4.5:recipient-notice-route:v1,PUG-DGR1075-2025:§4.5:recipient-notice-route,PUG-DPGR22-2021:Art.20(3):publication-not-notice,PUG-DPGR22-2021,Art.20(3):publication-not-notice,HIGHER_AUTHORITY,RESOLVED_CANONICAL,"Complete declared dependency inventory with authority subset, external-only support and AST-use roles."
f810f9f5bd0ef97f6096,PUG-DGR1075-2025:§4.5:refusal-route:v1,PUG-DGR1075-2025:§4.5:refusal-route,IT-DLGS-19-2021:Art.32(3):substitute-execution,IT-DLGS-19-2021,32(3):substitute-execution,HIGHER_AUTHORITY,RESOLVED_CANONICAL,"Complete declared dependency inventory with authority subset, external-only support and AST-use roles."
34bbe7810b3ad8e7966b,PUG-DGR1075-2025:§4.5:refusal-route:v1,PUG-DGR1075-2025:§4.5:refusal-route,IT-DLGS-19-2021:Art.55(13):coercive-removal,IT-DLGS-19-2021,55(13):coercive-removal,HIGHER_AUTHORITY,RESOLVED_CANONICAL,"Complete declared dependency inventory with authority subset, external-only support and AST-use roles."
f1a74ead896c51ab5cf3,PUG-DGR1075-2025:§4.5:silence-route:v1,PUG-DGR1075-2025:§4.5:silence-route,IT-DLGS-19-2021:Art.31(5):committee-action-plan-approval,IT-DLGS-19-2021,31(5):committee-action-plan-approval,HIGHER_AUTHORITY,RESOLVED_CANONICAL,"Complete declared dependency inventory with authority subset, external-only support and AST-use roles."
17fc5b3d608f1488a51d,PUG-DGR1075-2025:§4.5:silence-route:v1,PUG-DGR1075-2025:§4.5:silence-route,IT-DLGS-19-2021:Art.31(6):adopt-action-plan,IT-DLGS-19-2021,31(6):adopt-action-plan,HIGHER_AUTHORITY,RESOLVED_CANONICAL,"Complete declared dependency inventory with authority subset, external-only support and AST-use roles."
780893ce9c7444a33b4d,PUG-DGR1075-2025:§4.5:silence-route:v1,PUG-DGR1075-2025:§4.5:silence-route,IT-DLGS-19-2021:Art.32(3):primary-implementation,IT-DLGS-19-2021,32(3):primary-implementation,HIGHER_AUTHORITY,RESOLVED_CANONICAL,"Complete declared dependency inventory with authority subset, external-only support and AST-use roles."
1dea5c0b379581511fe4,PUG-DGR1075-2025:§4.5:silence-route:v1,PUG-DGR1075-2025:§4.5:silence-route,IT-L241-A21BIS:Art.21-bis(1):mass-publicity-route,IT-L241-A21BIS,21-bis(1):mass-publicity-route,HIGHER_AUTHORITY,RESOLVED_CANONICAL,"Complete declared dependency inventory with authority subset, external-only support and AST-use roles."
df18a0ff0110f5353e31,PUG-DGR1593-2024:Art7(3)-policy:v1,PUG-DGR1593-2024:Art7(3)-policy,EU-2020-1201:7(3),EU-2020-1201,7(3),HIGHER_AUTHORITY,RESOLVED_ACCEPTED_EU,"Complete declared dependency inventory with authority subset, external-only support and AST-use roles."
640107f2f417d3a3f22a,PUG-DGR1593-2024:Art7(3)-policy:v1,PUG-DGR1593-2024:Art7(3)-policy,IT-DLGS-19-2021:Art.31(5):committee-action-plan-approval,IT-DLGS-19-2021,31(5):committee-action-plan-approval,HIGHER_AUTHORITY,RESOLVED_CANONICAL,"Complete declared dependency inventory with authority subset, external-only support and AST-use roles."
d73db18f92ac97177758,PUG-DGR1593-2024:Art7(3)-policy:v1,PUG-DGR1593-2024:Art7(3)-policy,IT-DLGS-19-2021:Art.31(6):adopt-action-plan,IT-DLGS-19-2021,31(6):adopt-action-plan,HIGHER_AUTHORITY,RESOLVED_CANONICAL,"Complete declared dependency inventory with authority subset, external-only support and AST-use roles."
f12e55a5a92915c11045,PUG-DGR1593-2024:Art7(3)-policy:v1,PUG-DGR1593-2024:Art7(3)-policy,IT-DLGS-19-2021:Art.33(1):uninfected-protected-plant-removal,IT-DLGS-19-2021,33(1):uninfected-protected-plant-removal,HIGHER_AUTHORITY,RESOLVED_CANONICAL,"Complete declared dependency inventory with authority subset, external-only support and AST-use roles."
f79c308894c2bc7c8717,PUG-DGR1593-2024:Art7(3)-policy:v1,PUG-DGR1593-2024:Art7(3)-policy,PUG-LR4-2017:Art.8(5):protected-uninfected-retention,PUG-LR4-2017,8(5),HIGHER_AUTHORITY+AST_PROVISION_REF,RESOLVED_CANONICAL,"Complete declared dependency inventory with authority subset, external-only support and AST-use roles."
46e46219f21dd4fb7d2d,PUG-DGR1593-2024:notice-owner-election:v1,PUG-DGR1593-2024:notice-owner-election,IT-L241-A21BIS:Art.21-bis(1):individual-communication-effect,IT-L241-A21BIS,21-bis(1):individual-communication-effect,HIGHER_AUTHORITY,RESOLVED_CANONICAL,"Complete declared dependency inventory with authority subset, external-only support and AST-use roles."
0332698f262b0704581b,PUG-DGR1593-2024:notice-owner-election:v1,PUG-DGR1593-2024:notice-owner-election,IT-L241-A21BIS:Art.21-bis(1):mass-publicity-route,IT-L241-A21BIS,21-bis(1):mass-publicity-route,HIGHER_AUTHORITY,RESOLVED_CANONICAL,"Complete declared dependency inventory with authority subset, external-only support and AST-use roles."
0cf02abd7a5766cb858a,PUG-DGR1593-2024:notice-publication:v1,PUG-DGR1593-2024:notice-publication,IT-L241-A21BIS:Art.21-bis(1):individual-communication-effect,IT-L241-A21BIS,21-bis(1):individual-communication-effect,HIGHER_AUTHORITY,RESOLVED_CANONICAL,"Complete declared dependency inventory with authority subset, external-only support and AST-use roles."
5f370ad34cdd3ce65781,PUG-DGR1593-2024:notice-publication:v1,PUG-DGR1593-2024:notice-publication,IT-L241-A21BIS:Art.21-bis(1):mass-publicity-route,IT-L241-A21BIS,21-bis(1):mass-publicity-route,HIGHER_AUTHORITY,RESOLVED_CANONICAL,"Complete declared dependency inventory with authority subset, external-only support and AST-use roles."
0b292858bbccd517af2f,PUG-DGR1593-2024:notice-refusal-forced-removal:v1,PUG-DGR1593-2024:notice-refusal-forced-removal,IT-DLGS-19-2021:Art.32(3):primary-implementation,IT-DLGS-19-2021,32(3):primary-implementation,HIGHER_AUTHORITY,RESOLVED_CANONICAL,"Complete declared dependency inventory with authority subset, external-only support and AST-use roles."
3eed8b0fcc35bbe47d68,PUG-DGR1593-2024:notice-silence-substitute-execution:v1,PUG-DGR1593-2024:notice-silence-substitute-execution,IT-DLGS-19-2021:Art.32(3):primary-implementation,IT-DLGS-19-2021,32(3):primary-implementation,HIGHER_AUTHORITY,RESOLVED_CANONICAL,"Complete declared dependency inventory with authority subset, external-only support and AST-use roles."
bf82f6f5f587e60dd71b,PUG-DGR1593-2024:notice-silence-substitute-execution:v1,PUG-DGR1593-2024:notice-silence-substitute-execution,IT-L241-A21BIS:Art.21-bis(1):individual-communication-effect,IT-L241-A21BIS,21-bis(1):individual-communication-effect,HIGHER_AUTHORITY,RESOLVED_CANONICAL,"Complete declared dependency inventory with authority subset, external-only support and AST-use roles."
ac29a68d18c3025e76ca,PUG-DGR1593-2024:notice-silence-substitute-execution:v1,PUG-DGR1593-2024:notice-silence-substitute-execution,IT-L241-A21BIS:Art.21-bis(1):mass-publicity-route,IT-L241-A21BIS,21-bis(1):mass-publicity-route,HIGHER_AUTHORITY,RESOLVED_CANONICAL,"Complete declared dependency inventory with authority subset, external-only support and AST-use roles."
ccd4d490a6c06d540b5c,PUG-DGR1866-2022:Art7(3)-policy:v1,PUG-DGR1866-2022:Art7(3)-policy,EU-2020-1201:7(3),EU-2020-1201,7(3),HIGHER_AUTHORITY,RESOLVED_ACCEPTED_EU,"Complete declared dependency inventory with authority subset, external-only support and AST-use roles."
a472c1e60c433fd5609d,PUG-DGR1866-2022:Art7(3)-policy:v1,PUG-DGR1866-2022:Art7(3)-policy,IT-DLGS-19-2021:Art.33(1):uninfected-protected-plant-removal,IT-DLGS-19-2021,33(1):uninfected-protected-plant-removal,HIGHER_AUTHORITY,RESOLVED_CANONICAL,"Complete declared dependency inventory with authority subset, external-only support and AST-use roles."
36acd2df85e0343eb19b,PUG-DGR1866-2022:notice-owner-election:v1,PUG-DGR1866-2022:notice-owner-election,IT-L241-A21BIS:Art.21-bis(1):individual-communication-effect,IT-L241-A21BIS,21-bis(1):individual-communication-effect,HIGHER_AUTHORITY,RESOLVED_CANONICAL,"Complete declared dependency inventory with authority subset, external-only support and AST-use roles."
5266d3b1f5cf1e3d4b6c,PUG-DGR1866-2022:notice-owner-election:v1,PUG-DGR1866-2022:notice-owner-election,IT-L241-A21BIS:Art.21-bis(1):mass-publicity-route,IT-L241-A21BIS,21-bis(1):mass-publicity-route,HIGHER_AUTHORITY,RESOLVED_CANONICAL,"Complete declared dependency inventory with authority subset, external-only support and AST-use roles."
fbdc9bb896f40328ceb2,PUG-DGR1866-2022:notice-publication:v1,PUG-DGR1866-2022:notice-publication,IT-L241-A21BIS:Art.21-bis(1):individual-communication-effect,IT-L241-A21BIS,21-bis(1):individual-communication-effect,HIGHER_AUTHORITY,RESOLVED_CANONICAL,"Complete declared dependency inventory with authority subset, external-only support and AST-use roles."
1644e745af23c745f275,PUG-DGR1866-2022:notice-publication:v1,PUG-DGR1866-2022:notice-publication,IT-L241-A21BIS:Art.21-bis(1):mass-publicity-route,IT-L241-A21BIS,21-bis(1):mass-publicity-route,HIGHER_AUTHORITY,RESOLVED_CANONICAL,"Complete declared dependency inventory with authority subset, external-only support and AST-use roles."
58f87345c07ee6f94f41,PUG-DGR1866-2022:notice-refusal-forced-removal:v1,PUG-DGR1866-2022:notice-refusal-forced-removal,IT-DLGS-19-2021:Art.32(3):primary-implementation,IT-DLGS-19-2021,32(3):primary-implementation,HIGHER_AUTHORITY,RESOLVED_CANONICAL,"Complete declared dependency inventory with authority subset, external-only support and AST-use roles."
15b836813061925daeb4,PUG-DGR1866-2022:notice-silence-substitute-execution:v1,PUG-DGR1866-2022:notice-silence-substitute-execution,IT-DLGS-19-2021:Art.32(3):primary-implementation,IT-DLGS-19-2021,32(3):primary-implementation,HIGHER_AUTHORITY,RESOLVED_CANONICAL,"Complete declared dependency inventory with authority subset, external-only support and AST-use roles."
00342a7ce39908e08dcb,PUG-DGR1866-2022:notice-silence-substitute-execution:v1,PUG-DGR1866-2022:notice-silence-substitute-execution,IT-L241-A21BIS:Art.21-bis(1):individual-communication-effect,IT-L241-A21BIS,21-bis(1):individual-communication-effect,HIGHER_AUTHORITY,RESOLVED_CANONICAL,"Complete declared dependency inventory with authority subset, external-only support and AST-use roles."
0729f3726370f86cab3d,PUG-DGR1866-2022:notice-silence-substitute-execution:v1,PUG-DGR1866-2022:notice-silence-substitute-execution,IT-L241-A21BIS:Art.21-bis(1):mass-publicity-route,IT-L241-A21BIS,21-bis(1):mass-publicity-route,HIGHER_AUTHORITY,RESOLVED_CANONICAL,"Complete declared dependency inventory with authority subset, external-only support and AST-use roles."
7e40a2346fac70de892d,PUG-DGR1866-2022:st53-crop-exclusion-conflict:v1,PUG-DGR1866-2022:st53-crop-exclusion-conflict,EU-2020-1201:1(c),EU-2020-1201,1(c),HIGHER_AUTHORITY,RESOLVED_ACCEPTED_EU,"Complete declared dependency inventory with authority subset, external-only support and AST-use roles."
f16c80a00b8ab9c77687,PUG-DGR1866-2022:st53-crop-exclusion-conflict:v1,PUG-DGR1866-2022:st53-crop-exclusion-conflict,EU-2020-1201:7(1),EU-2020-1201,7(1),HIGHER_AUTHORITY,RESOLVED_ACCEPTED_EU,"Complete declared dependency inventory with authority subset, external-only support and AST-use roles."
cdc8b1a3562f460e9142,PUG-DGR343-2022:Art7(3)-policy:v1,PUG-DGR343-2022:Art7(3)-policy,EU-2020-1201:7(3),EU-2020-1201,7(3),HIGHER_AUTHORITY,RESOLVED_ACCEPTED_EU,"Complete declared dependency inventory with authority subset, external-only support and AST-use roles."
37d9d748148ff0e034da,PUG-DGR343-2022:Art7(3)-policy:v1,PUG-DGR343-2022:Art7(3)-policy,IT-DLGS-19-2021:Art.33(1):uninfected-protected-plant-removal,IT-DLGS-19-2021,33(1):uninfected-protected-plant-removal,HIGHER_AUTHORITY,RESOLVED_CANONICAL,"Complete declared dependency inventory with authority subset, external-only support and AST-use roles."
17f9e2aec37abb9d59e3,PUG-DGR343-2022:notice-owner-election:v1,PUG-DGR343-2022:notice-owner-election,IT-L241-A21BIS:Art.21-bis(1):individual-communication-effect,IT-L241-A21BIS,21-bis(1):individual-communication-effect,HIGHER_AUTHORITY,RESOLVED_CANONICAL,"Complete declared dependency inventory with authority subset, external-only support and AST-use roles."
30d33a00ff698564fc71,PUG-DGR343-2022:notice-owner-election:v1,PUG-DGR343-2022:notice-owner-election,IT-L241-A21BIS:Art.21-bis(1):mass-publicity-route,IT-L241-A21BIS,21-bis(1):mass-publicity-route,HIGHER_AUTHORITY,RESOLVED_CANONICAL,"Complete declared dependency inventory with authority subset, external-only support and AST-use roles."
baf09c3bbaf897ebf69b,PUG-DGR343-2022:notice-publication:v1,PUG-DGR343-2022:notice-publication,IT-L241-A21BIS:Art.21-bis(1):individual-communication-effect,IT-L241-A21BIS,21-bis(1):individual-communication-effect,HIGHER_AUTHORITY,RESOLVED_CANONICAL,"Complete declared dependency inventory with authority subset, external-only support and AST-use roles."
6080e542770b18b42005,PUG-DGR343-2022:notice-publication:v1,PUG-DGR343-2022:notice-publication,IT-L241-A21BIS:Art.21-bis(1):mass-publicity-route,IT-L241-A21BIS,21-bis(1):mass-publicity-route,HIGHER_AUTHORITY,RESOLVED_CANONICAL,"Complete declared dependency inventory with authority subset, external-only support and AST-use roles."
43e52a2228abe8237c4e,PUG-DGR343-2022:notice-refusal-forced-removal:v1,PUG-DGR343-2022:notice-refusal-forced-removal,IT-DLGS-19-2021:Art.32(3):primary-implementation,IT-DLGS-19-2021,32(3):primary-implementation,HIGHER_AUTHORITY,RESOLVED_CANONICAL,"Complete declared dependency inventory with authority subset, external-only support and AST-use roles."
758d0f73002f714382e6,PUG-DGR343-2022:notice-silence-substitute-execution:v1,PUG-DGR343-2022:notice-silence-substitute-execution,IT-DLGS-19-2021:Art.32(3):primary-implementation,IT-DLGS-19-2021,32(3):primary-implementation,HIGHER_AUTHORITY,RESOLVED_CANONICAL,"Complete declared dependency inventory with authority subset, external-only support and AST-use roles."
6ee60ed1d3568bdfdd0f,PUG-DGR343-2022:notice-silence-substitute-execution:v1,PUG-DGR343-2022:notice-silence-substitute-execution,IT-L241-A21BIS:Art.21-bis(1):individual-communication-effect,IT-L241-A21BIS,21-bis(1):individual-communication-effect,HIGHER_AUTHORITY,RESOLVED_CANONICAL,"Complete declared dependency inventory with authority subset, external-only support and AST-use roles."
16ccb3dbe70f74c465fd,PUG-DGR343-2022:notice-silence-substitute-execution:v1,PUG-DGR343-2022:notice-silence-substitute-execution,IT-L241-A21BIS:Art.21-bis(1):mass-publicity-route,IT-L241-A21BIS,21-bis(1):mass-publicity-route,HIGHER_AUTHORITY,RESOLVED_CANONICAL,"Complete declared dependency inventory with authority subset, external-only support and AST-use roles."
5d9e56336f5b7c05be3c,PUG-DGR538-2021:Art7(3)-policy:v1,PUG-DGR538-2021:Art7(3)-policy,EU-2020-1201:7(3),EU-2020-1201,7(3),HIGHER_AUTHORITY,RESOLVED_ACCEPTED_EU,"Complete declared dependency inventory with authority subset, external-only support and AST-use roles."
08c9899b3ea8e3cfac89,PUG-DGR538-2021:Art7(3)-policy:v1,PUG-DGR538-2021:Art7(3)-policy,IT-DLGS-19-2021:Art.33(1):uninfected-protected-plant-removal,IT-DLGS-19-2021,33(1):uninfected-protected-plant-removal,HIGHER_AUTHORITY,RESOLVED_CANONICAL,"Complete declared dependency inventory with authority subset, external-only support and AST-use roles."
1984302d7c04d85ed44f,PUG-DGR538-2021:notice-owner-election:v1,PUG-DGR538-2021:notice-owner-election,IT-L241-A21BIS:Art.21-bis(1):individual-communication-effect,IT-L241-A21BIS,21-bis(1):individual-communication-effect,HIGHER_AUTHORITY,RESOLVED_CANONICAL,"Complete declared dependency inventory with authority subset, external-only support and AST-use roles."
795cfe743ba78e5198e5,PUG-DGR538-2021:notice-owner-election:v1,PUG-DGR538-2021:notice-owner-election,IT-L241-A21BIS:Art.21-bis(1):mass-publicity-route,IT-L241-A21BIS,21-bis(1):mass-publicity-route,HIGHER_AUTHORITY,RESOLVED_CANONICAL,"Complete declared dependency inventory with authority subset, external-only support and AST-use roles."
0eb2dc46541581b5af6c,PUG-DGR538-2021:notice-publication:v1,PUG-DGR538-2021:notice-publication,IT-L241-A21BIS:Art.21-bis(1):individual-communication-effect,IT-L241-A21BIS,21-bis(1):individual-communication-effect,HIGHER_AUTHORITY,RESOLVED_CANONICAL,"Complete declared dependency inventory with authority subset, external-only support and AST-use roles."
cf93df63e7d4d5a77387,PUG-DGR538-2021:notice-publication:v1,PUG-DGR538-2021:notice-publication,IT-L241-A21BIS:Art.21-bis(1):mass-publicity-route,IT-L241-A21BIS,21-bis(1):mass-publicity-route,HIGHER_AUTHORITY,RESOLVED_CANONICAL,"Complete declared dependency inventory with authority subset, external-only support and AST-use roles."
78c04dd32c2181775ae2,PUG-DGR538-2021:notice-refusal-forced-removal:v1,PUG-DGR538-2021:notice-refusal-forced-removal,IT-DLGS-19-2021:Art.32(3):primary-implementation,IT-DLGS-19-2021,32(3):primary-implementation,HIGHER_AUTHORITY,RESOLVED_CANONICAL,"Complete declared dependency inventory with authority subset, external-only support and AST-use roles."
5efb56b25ec0d21f97d9,PUG-DGR538-2021:notice-silence-substitute-execution:v1,PUG-DGR538-2021:notice-silence-substitute-execution,IT-DLGS-19-2021:Art.32(3):primary-implementation,IT-DLGS-19-2021,32(3):primary-implementation,HIGHER_AUTHORITY,RESOLVED_CANONICAL,"Complete declared dependency inventory with authority subset, external-only support and AST-use roles."
765c091577e817c2b58e,PUG-DGR538-2021:notice-silence-substitute-execution:v1,PUG-DGR538-2021:notice-silence-substitute-execution,IT-L241-A21BIS:Art.21-bis(1):individual-communication-effect,IT-L241-A21BIS,21-bis(1):individual-communication-effect,HIGHER_AUTHORITY,RESOLVED_CANONICAL,"Complete declared dependency inventory with authority subset, external-only support and AST-use roles."
2b140d36923e3828bb7a,PUG-DGR538-2021:notice-silence-substitute-execution:v1,PUG-DGR538-2021:notice-silence-substitute-execution,IT-L241-A21BIS:Art.21-bis(1):mass-publicity-route,IT-L241-A21BIS,21-bis(1):mass-publicity-route,HIGHER_AUTHORITY,RESOLVED_CANONICAL,"Complete declared dependency inventory with authority subset, external-only support and AST-use roles."
8717a77497ae8bfe4610,PUG-DPGR22-2021:Art.20(3):publication-not-notice:v1,PUG-DPGR22-2021:Art.20(3):publication-not-notice,IT-L241-A21BIS:Art.21-bis(1):individual-communication-effect,IT-L241-A21BIS,21-bis(1):individual-communication-effect,HIGHER_AUTHORITY,RESOLVED_CANONICAL,"Complete declared dependency inventory with authority subset, external-only support and AST-use roles."
2a4a8e3970e1fd97e755,PUG-DPGR22-2021:Art.20(3):publication-not-notice:v1,PUG-DPGR22-2021:Art.20(3):publication-not-notice,IT-L241-A21BIS:Art.21-bis(1):mass-publicity-route,IT-L241-A21BIS,21-bis(1):mass-publicity-route,HIGHER_AUTHORITY,RESOLVED_CANONICAL,"Complete declared dependency inventory with authority subset, external-only support and AST-use roles."
5d425e83df61b8d19589,PUG-LR3-2010:Art.3-bis(1)(a):v1,PUG-LR3-2010:Art.3-bis(1)(a),IT-DLGS-19-2021:Art.6(3)(b),IT-DLGS-19-2021,6(3)(b),HIGHER_AUTHORITY,RESOLVED_CANONICAL,"Complete declared dependency inventory with authority subset, external-only support and AST-use roles."
a705e32af39954e9cb3f,PUG-LR3-2010:Art.3-bis(1)(a):v1,PUG-LR3-2010:Art.3-bis(1)(a),PUG-LR4-2017:Art.4(3):survey-route,PUG-LR4-2017,Art.4(3),HIGHER_AUTHORITY,RESOLVED_CANONICAL,"Complete declared dependency inventory with authority subset, external-only support and AST-use roles."
52c206c4734e0f14174d,PUG-LR4-2017:Art.2(1):v1,PUG-LR4-2017:Art.2(1),IT-DLGS-19-2021:Art.28(1),IT-DLGS-19-2021,28(1),HIGHER_AUTHORITY,RESOLVED_CANONICAL,"Complete declared dependency inventory with authority subset, external-only support and AST-use roles."
bc6f84a80b3e185c899d,PUG-LR4-2017:Art.2(2):v1,PUG-LR4-2017:Art.2(2),IT-DLGS-19-2021:Art.28(1),IT-DLGS-19-2021,28(1),HIGHER_AUTHORITY,RESOLVED_CANONICAL,"Complete declared dependency inventory with authority subset, external-only support and AST-use roles."
691acbf6fb92ad82a372,PUG-LR4-2017:Art.2(2):v1,PUG-LR4-2017:Art.2(2),IT-DLGS-19-2021:Art.5(1),IT-DLGS-19-2021,5(1),HIGHER_AUTHORITY,RESOLVED_CANONICAL,"Complete declared dependency inventory with authority subset, external-only support and AST-use roles."
04b143ab89e89e3605b5,PUG-LR4-2017:Art.2(3):v1,PUG-LR4-2017:Art.2(3),IT-DLGS-19-2021:Art.28(3),IT-DLGS-19-2021,28(3),HIGHER_AUTHORITY,RESOLVED_CANONICAL,"Complete declared dependency inventory with authority subset, external-only support and AST-use roles."
7fa8a4476fb1c92cf915,PUG-LR4-2017:Art.2(3):v1,PUG-LR4-2017:Art.2(3),IT-DLGS-19-2021:Art.28(4),IT-DLGS-19-2021,28(4),HIGHER_AUTHORITY,RESOLVED_CANONICAL,"Complete declared dependency inventory with authority subset, external-only support and AST-use roles."
3c33afb244f1cbce6ae4,PUG-LR4-2017:Art.2(4):v1,PUG-LR4-2017:Art.2(4),IT-DLGS-19-2021:Art.28(4),IT-DLGS-19-2021,28(4),HIGHER_AUTHORITY,RESOLVED_CANONICAL,"Complete declared dependency inventory with authority subset, external-only support and AST-use roles."
18d776d76c50d46f1f06,PUG-LR4-2017:Art.2(4):v1,PUG-LR4-2017:Art.2(4),IT-DLGS-19-2021:Art.30(1),IT-DLGS-19-2021,30(1),HIGHER_AUTHORITY,RESOLVED_CANONICAL,"Complete declared dependency inventory with authority subset, external-only support and AST-use roles."
1de4330dd28a78dda159,PUG-LR4-2017:Art.3(1):v1,PUG-LR4-2017:Art.3(1),EU-2020-1201:4(1),EU-2020-1201,4(1),HIGHER_AUTHORITY,RESOLVED_ACCEPTED_EU,"Complete declared dependency inventory with authority subset, external-only support and AST-use roles."
628f915549cdf5b063f9,PUG-LR4-2017:Art.3(1):v1,PUG-LR4-2017:Art.3(1),EU-2020-1201:5(3),EU-2020-1201,5(3),HIGHER_AUTHORITY+AST_PROVISION_REF,RESOLVED_ACCEPTED_EU,"Complete declared dependency inventory with authority subset, external-only support and AST-use roles."
cdcaf537d3afb80342cb,PUG-LR4-2017:Art.3(1):v1,PUG-LR4-2017:Art.3(1),IT-DLGS-19-2021:Art.31(3):establish-demarcated-area,IT-DLGS-19-2021,31(3):establish-demarcated-area,HIGHER_AUTHORITY+AST_PROVISION_REF,RESOLVED_CANONICAL,"Complete declared dependency inventory with authority subset, external-only support and AST-use roles."
ae768a4d99d1b5c079ba,PUG-LR4-2017:Art.3(2):post-LR45-v2,PUG-LR4-2017:Art.3(2),EU-2020-1201:4(1),EU-2020-1201,4(1),HIGHER_AUTHORITY,RESOLVED_ACCEPTED_EU,"Complete declared dependency inventory with authority subset, external-only support and AST-use roles."
580d64b17488654a99ad,PUG-LR4-2017:Art.3(2):post-LR45-v2,PUG-LR4-2017:Art.3(2),EU-2020-1201:4(2),EU-2020-1201,4(2),HIGHER_AUTHORITY,RESOLVED_ACCEPTED_EU,"Complete declared dependency inventory with authority subset, external-only support and AST-use roles."
69732ce6fc414e67e32d,PUG-LR4-2017:Art.3(2):post-LR45-v2,PUG-LR4-2017:Art.3(2),EU-2020-1201:5(1),EU-2020-1201,5(1),HIGHER_AUTHORITY,RESOLVED_ACCEPTED_EU,"Complete declared dependency inventory with authority subset, external-only support and AST-use roles."
6fa6c1813cc126d8f2e7,PUG-LR4-2017:Art.3(2):post-LR45-v2,PUG-LR4-2017:Art.3(2),EU-2020-1201:5(3),EU-2020-1201,5(3),HIGHER_AUTHORITY,RESOLVED_ACCEPTED_EU,"Complete declared dependency inventory with authority subset, external-only support and AST-use roles."
b2369731100888c29335,PUG-LR4-2017:Art.3(2):post-LR45-v2,PUG-LR4-2017:Art.3(2),EU-2020-1201:6(1),EU-2020-1201,6(1),HIGHER_AUTHORITY,RESOLVED_ACCEPTED_EU,"Complete declared dependency inventory with authority subset, external-only support and AST-use roles."
25b330e7f0b7cdfa4ad1,PUG-LR4-2017:Art.3(2):post-LR45-v2,PUG-LR4-2017:Art.3(2),EU-2020-1201:6(2),EU-2020-1201,6(2),HIGHER_AUTHORITY,RESOLVED_ACCEPTED_EU,"Complete declared dependency inventory with authority subset, external-only support and AST-use roles."
0ba5c10315217a7fced1,PUG-LR4-2017:Art.3(2):post-LR45-v2,PUG-LR4-2017:Art.3(2),IT-DLGS-19-2021:Art.31(3):establish-demarcated-area,IT-DLGS-19-2021,31(3):establish-demarcated-area,HIGHER_AUTHORITY+AST_PROVISION_REF,RESOLVED_CANONICAL,"Complete declared dependency inventory with authority subset, external-only support and AST-use roles."
7bbe1a92c03b4a6d4dd8,PUG-LR4-2017:Art.3(2):post-LR45-v2,PUG-LR4-2017:Art.3(2),IT-DLGS-19-2021:Art.6(3)(g),IT-DLGS-19-2021,6(3)(g),HIGHER_AUTHORITY,RESOLVED_CANONICAL,"Complete declared dependency inventory with authority subset, external-only support and AST-use roles."
48d9bbae82ab47ac72b6,PUG-LR4-2017:Art.3(2):pre-LR45-v1,PUG-LR4-2017:Art.3(2),EU-2020-1201:4(2),EU-2020-1201,4(2),HIGHER_AUTHORITY,RESOLVED_ACCEPTED_EU,"Complete declared dependency inventory with authority subset, external-only support and AST-use roles."
c6829dc823b0d40666df,PUG-LR4-2017:Art.3(2):pre-LR45-v1,PUG-LR4-2017:Art.3(2),IT-DLGS-19-2021:Art.6(3)(g),IT-DLGS-19-2021,6(3)(g),HIGHER_AUTHORITY,RESOLVED_CANONICAL,"Complete declared dependency inventory with authority subset, external-only support and AST-use roles."
a4fbbab19929ea67c2e4,PUG-LR4-2017:Art.3(3):v1,PUG-LR4-2017:Art.3(3),EU-2020-1201:4(1),EU-2020-1201,4(1),HIGHER_AUTHORITY,RESOLVED_ACCEPTED_EU,"Complete declared dependency inventory with authority subset, external-only support and AST-use roles."
4ba39b3c539705fcad84,PUG-LR4-2017:Art.3(3):v1,PUG-LR4-2017:Art.3(3),IT-DLGS-19-2021:Art.31(9):modify-area-if-necessary,IT-DLGS-19-2021,31(9):modify-area-if-necessary,HIGHER_AUTHORITY,RESOLVED_CANONICAL,"Complete declared dependency inventory with authority subset, external-only support and AST-use roles."
2b97be4c416d6f3553ce,PUG-LR4-2017:Art.3(4):may-revoke:post-LR45-v2,PUG-LR4-2017:Art.3(4):may-revoke,EU-2020-1201:6(1),EU-2020-1201,6(1),HIGHER_AUTHORITY,RESOLVED_ACCEPTED_EU,"Complete declared dependency inventory with authority subset, external-only support and AST-use roles."
a20f28b9359bfe3e9a4b,PUG-LR4-2017:Art.3(4):may-revoke:post-LR45-v2,PUG-LR4-2017:Art.3(4):may-revoke,EU-2020-1201:6(2),EU-2020-1201,6(2),HIGHER_AUTHORITY,RESOLVED_ACCEPTED_EU,"Complete declared dependency inventory with authority subset, external-only support and AST-use roles."
a6d855156df62c0d33c4,PUG-LR4-2017:Art.3(4):may-revoke:post-LR45-v2,PUG-LR4-2017:Art.3(4):may-revoke,IT-DLGS-19-2021:Art.31(9):modify-area-if-necessary,IT-DLGS-19-2021,31(9):modify-area-if-necessary,HIGHER_AUTHORITY,RESOLVED_CANONICAL,"Complete declared dependency inventory with authority subset, external-only support and AST-use roles."
d095cecb1794ecd290ef,PUG-LR4-2017:Art.3(4):may-revoke:pre-LR45-v1,PUG-LR4-2017:Art.3(4):may-revoke,EU-2020-1201:6(1),EU-2020-1201,6(1),HIGHER_AUTHORITY,RESOLVED_ACCEPTED_EU,"Complete declared dependency inventory with authority subset, external-only support and AST-use roles."
7bceb937c248538f3878,PUG-LR4-2017:Art.3(4):may-revoke:pre-LR45-v1,PUG-LR4-2017:Art.3(4):may-revoke,IT-DLGS-19-2021:Art.31(9):modify-area-if-necessary,IT-DLGS-19-2021,31(9):modify-area-if-necessary,HIGHER_AUTHORITY,RESOLVED_CANONICAL,"Complete declared dependency inventory with authority subset, external-only support and AST-use roles."
1540489983e13dac8b7c,PUG-LR4-2017:Art.4(1):v1,PUG-LR4-2017:Art.4(1),EU-2020-1201:2(1),EU-2020-1201,2(1),HIGHER_AUTHORITY,RESOLVED_ACCEPTED_EU,"Complete declared dependency inventory with authority subset, external-only support and AST-use roles."
5188297b13028b71e105,PUG-LR4-2017:Art.4(1):v1,PUG-LR4-2017:Art.4(1),IT-DLGS-19-2021:Art.27(1),IT-DLGS-19-2021,27(1),HIGHER_AUTHORITY,RESOLVED_CANONICAL,"Complete declared dependency inventory with authority subset, external-only support and AST-use roles."
f917d453eb6dd532b86a,PUG-LR4-2017:Art.4(2):post-LR45-v2,PUG-LR4-2017:Art.4(2),EU-2020-1201:2(3),EU-2020-1201,2(3),HIGHER_AUTHORITY,RESOLVED_ACCEPTED_EU,"Complete declared dependency inventory with authority subset, external-only support and AST-use roles."
8fa1e291f152f8cea758,PUG-LR4-2017:Art.4(2):post-LR45-v2,PUG-LR4-2017:Art.4(2),EU-2020-1201:2(5),EU-2020-1201,2(5),HIGHER_AUTHORITY,RESOLVED_ACCEPTED_EU,"Complete declared dependency inventory with authority subset, external-only support and AST-use roles."
9151b27ef268944df24d,PUG-LR4-2017:Art.4(2):post-LR45-v2,PUG-LR4-2017:Art.4(2),IT-DLGS-19-2021:Art.27(3),IT-DLGS-19-2021,27(3),HIGHER_AUTHORITY,RESOLVED_CANONICAL,"Complete declared dependency inventory with authority subset, external-only support and AST-use roles."
c4c0d1aeb3f625faf182,PUG-LR4-2017:Art.4(2):pre-LR45-v1,PUG-LR4-2017:Art.4(2),EU-2020-1201:1(a),EU-2020-1201,1(a),HIGHER_AUTHORITY,RESOLVED_ACCEPTED_EU,"Complete declared dependency inventory with authority subset, external-only support and AST-use roles."
d613963a3b02792af5a3,PUG-LR4-2017:Art.4(2):pre-LR45-v1,PUG-LR4-2017:Art.4(2),EU-2020-1201:1(b),EU-2020-1201,1(b),HIGHER_AUTHORITY,RESOLVED_ACCEPTED_EU,"Complete declared dependency inventory with authority subset, external-only support and AST-use roles."
85b6fb59343458d9855d,PUG-LR4-2017:Art.4(2):pre-LR45-v1,PUG-LR4-2017:Art.4(2),EU-2020-1201:1(c),EU-2020-1201,1(c),HIGHER_AUTHORITY,RESOLVED_ACCEPTED_EU,"Complete declared dependency inventory with authority subset, external-only support and AST-use roles."
a95e186f2deed5de45dc,PUG-LR4-2017:Art.4(2):pre-LR45-v1,PUG-LR4-2017:Art.4(2),EU-2020-1201:1(d),EU-2020-1201,1(d),HIGHER_AUTHORITY,RESOLVED_ACCEPTED_EU,"Complete declared dependency inventory with authority subset, external-only support and AST-use roles."
1b143ad77b788bd6a17d,PUG-LR4-2017:Art.4(2):pre-LR45-v1,PUG-LR4-2017:Art.4(2),EU-2020-1201:2(3),EU-2020-1201,2(3),HIGHER_AUTHORITY,RESOLVED_ACCEPTED_EU,"Complete declared dependency inventory with authority subset, external-only support and AST-use roles."
135683228d4bff489beb,PUG-LR4-2017:Art.4(3):access:post-LR45-v2,PUG-LR4-2017:Art.4(3):access,IT-DLGS-19-2021:Art.20(1):assistant-identity,IT-DLGS-19-2021,Art.20(1),HIGHER_AUTHORITY,RESOLVED_CANONICAL,"Complete declared dependency inventory with authority subset, external-only support and AST-use roles."
ec12b7cc1f6c75fbbd09,PUG-LR4-2017:Art.4(3):access:post-LR45-v2,PUG-LR4-2017:Art.4(3):access,IT-DLGS-19-2021:Art.20(2):appointment-register,IT-DLGS-19-2021,Art.20(2),HIGHER_AUTHORITY,RESOLVED_CANONICAL,"Complete declared dependency inventory with authority subset, external-only support and AST-use roles."
dbfb22d24c1b8eddd7dc,PUG-LR4-2017:Art.4(3):access:post-LR45-v2,PUG-LR4-2017:Art.4(3):access,IT-DLGS-19-2021:Art.20(3):activity-limits,IT-DLGS-19-2021,Art.20(3),HIGHER_AUTHORITY,RESOLVED_CANONICAL,"Complete declared dependency inventory with authority subset, external-only support and AST-use roles."
067df7452fd03e8c7a88,PUG-LR4-2017:Art.4(3):access:post-LR45-v2,PUG-LR4-2017:Art.4(3):access,IT-DLGS-19-2021:Art.20(4):express-assignment,IT-DLGS-19-2021,Art.20(4),HIGHER_AUTHORITY,RESOLVED_CANONICAL,"Complete declared dependency inventory with authority subset, external-only support and AST-use roles."
edcbb907b564bc8e4146,PUG-LR4-2017:Art.4(3):access:post-LR45-v2,PUG-LR4-2017:Art.4(3):access,IT-DLGS-19-2021:Art.20(5):proposal-not-decision,IT-DLGS-19-2021,Art.20(5),HIGHER_AUTHORITY,RESOLVED_CANONICAL,"Complete declared dependency inventory with authority subset, external-only support and AST-use roles."
ae9deec35f6b7059cc0d,PUG-LR4-2017:Art.4(3):access:post-LR45-v2,PUG-LR4-2017:Art.4(3):access,IT-DLGS-19-2021:Art.24:register-current-status,IT-DLGS-19-2021,Art.24(1)-(5),HIGHER_AUTHORITY,RESOLVED_CANONICAL,"Complete declared dependency inventory with authority subset, external-only support and AST-use roles."
8fe729e1be5138863708,PUG-LR4-2017:Art.4(3):access:post-LR45-v2,PUG-LR4-2017:Art.4(3):access,IT-DLGS-19-2021:Art.33(2):authorized-land-access,IT-DLGS-19-2021,33(2):authorized-land-access,HIGHER_AUTHORITY,RESOLVED_CANONICAL,"Complete declared dependency inventory with authority subset, external-only support and AST-use roles."
e6750a3172970817e859,PUG-LR4-2017:Art.4(3):access:pre-LR45-v1,PUG-LR4-2017:Art.4(3):access,IT-DLGS-19-2021:Art.20(1):assistant-identity,IT-DLGS-19-2021,Art.20(1),HIGHER_AUTHORITY,RESOLVED_CANONICAL,"Complete declared dependency inventory with authority subset, external-only support and AST-use roles."
5b1d2b0dbd65f364c28f,PUG-LR4-2017:Art.4(3):access:pre-LR45-v1,PUG-LR4-2017:Art.4(3):access,IT-DLGS-19-2021:Art.20(2):appointment-register,IT-DLGS-19-2021,Art.20(2),HIGHER_AUTHORITY,RESOLVED_CANONICAL,"Complete declared dependency inventory with authority subset, external-only support and AST-use roles."
dc6225bf2d90bdb60786,PUG-LR4-2017:Art.4(3):access:pre-LR45-v1,PUG-LR4-2017:Art.4(3):access,IT-DLGS-19-2021:Art.20(3):activity-limits,IT-DLGS-19-2021,Art.20(3),HIGHER_AUTHORITY,RESOLVED_CANONICAL,"Complete declared dependency inventory with authority subset, external-only support and AST-use roles."
cb0a7430e5ffe9241b5c,PUG-LR4-2017:Art.4(3):access:pre-LR45-v1,PUG-LR4-2017:Art.4(3):access,IT-DLGS-19-2021:Art.20(4):express-assignment,IT-DLGS-19-2021,Art.20(4),HIGHER_AUTHORITY,RESOLVED_CANONICAL,"Complete declared dependency inventory with authority subset, external-only support and AST-use roles."
8f352dce5d9e7de22d30,PUG-LR4-2017:Art.4(3):access:pre-LR45-v1,PUG-LR4-2017:Art.4(3):access,IT-DLGS-19-2021:Art.20(5):proposal-not-decision,IT-DLGS-19-2021,Art.20(5),HIGHER_AUTHORITY,RESOLVED_CANONICAL,"Complete declared dependency inventory with authority subset, external-only support and AST-use roles."
06e37281a57f333bca62,PUG-LR4-2017:Art.4(3):access:pre-LR45-v1,PUG-LR4-2017:Art.4(3):access,IT-DLGS-19-2021:Art.24:register-current-status,IT-DLGS-19-2021,Art.24(1)-(5),HIGHER_AUTHORITY,RESOLVED_CANONICAL,"Complete declared dependency inventory with authority subset, external-only support and AST-use roles."
d25ed0e2615fd2005504,PUG-LR4-2017:Art.4(3):access:pre-LR45-v1,PUG-LR4-2017:Art.4(3):access,IT-DLGS-19-2021:Art.33(2):authorized-land-access,IT-DLGS-19-2021,33(2):authorized-land-access,HIGHER_AUTHORITY,RESOLVED_CANONICAL,"Complete declared dependency inventory with authority subset, external-only support and AST-use roles."
0e8184e4e657dfd2899b,PUG-LR4-2017:Art.4(3):laboratory:post-LR45-v2,PUG-LR4-2017:Art.4(3):laboratory,IT-DLGS-19-2021:Art.14(1):designate-official-laboratory,IT-DLGS-19-2021,14(1):designate-official-laboratory,HIGHER_AUTHORITY,RESOLVED_CANONICAL,"Complete declared dependency inventory with authority subset, external-only support and AST-use roles."
73b34ea6e41fc685c257,PUG-LR4-2017:Art.4(3):laboratory:post-LR45-v2,PUG-LR4-2017:Art.4(3):laboratory,IT-DLGS-19-2021:Art.14(2),IT-DLGS-19-2021,14(2),HIGHER_AUTHORITY,RESOLVED_CANONICAL,"Complete declared dependency inventory with authority subset, external-only support and AST-use roles."
c96821fd96a0eafcf084,PUG-LR4-2017:Art.4(3):laboratory:pre-LR45-v1,PUG-LR4-2017:Art.4(3):laboratory,IT-DLGS-19-2021:Art.14(1):designate-official-laboratory,IT-DLGS-19-2021,14(1):designate-official-laboratory,HIGHER_AUTHORITY,RESOLVED_CANONICAL,"Complete declared dependency inventory with authority subset, external-only support and AST-use roles."
f60065567541e2e2fd2e,PUG-LR4-2017:Art.4(3):laboratory:pre-LR45-v1,PUG-LR4-2017:Art.4(3):laboratory,IT-DLGS-19-2021:Art.14(2),IT-DLGS-19-2021,14(2),HIGHER_AUTHORITY,RESOLVED_CANONICAL,"Complete declared dependency inventory with authority subset, external-only support and AST-use roles."
d9254a5fc3e825e266ce,PUG-LR4-2017:Art.4(3):sampling:post-LR45-v2,PUG-LR4-2017:Art.4(3):sampling,EU-2020-1201:2(4),EU-2020-1201,2(4),HIGHER_AUTHORITY,RESOLVED_ACCEPTED_EU,"Complete declared dependency inventory with authority subset, external-only support and AST-use roles."
e873c14b37494118f32b,PUG-LR4-2017:Art.4(3):sampling:post-LR45-v2,PUG-LR4-2017:Art.4(3):sampling,EU-2020-1201:2(5),EU-2020-1201,2(5),HIGHER_AUTHORITY,RESOLVED_ACCEPTED_EU,"Complete declared dependency inventory with authority subset, external-only support and AST-use roles."
a9f49437bc48eeedcdf0,PUG-LR4-2017:Art.4(3):sampling:pre-LR45-v1,PUG-LR4-2017:Art.4(3):sampling,EU-2020-1201:2(4),EU-2020-1201,2(4),HIGHER_AUTHORITY,RESOLVED_ACCEPTED_EU,"Complete declared dependency inventory with authority subset, external-only support and AST-use roles."
4709b39dbf32170d587e,PUG-LR4-2017:Art.4(3):sampling:pre-LR45-v1,PUG-LR4-2017:Art.4(3):sampling,EU-2020-1201:2(5),EU-2020-1201,2(5),HIGHER_AUTHORITY,RESOLVED_ACCEPTED_EU,"Complete declared dependency inventory with authority subset, external-only support and AST-use roles."
8ba04b3de5e57a69a8c8,PUG-LR4-2017:Art.4(3):survey-route:post-LR45-v2,PUG-LR4-2017:Art.4(3):survey-route,EU-2020-1201:2(2),EU-2020-1201,2(2),HIGHER_AUTHORITY,RESOLVED_ACCEPTED_EU,"Complete declared dependency inventory with authority subset, external-only support and AST-use roles."
1986a809342228eb8eaa,PUG-LR4-2017:Art.4(3):survey-route:post-LR45-v2,PUG-LR4-2017:Art.4(3):survey-route,IT-DLGS-19-2021:Art.20(1):assistant-identity,IT-DLGS-19-2021,Art.20(1),HIGHER_AUTHORITY,RESOLVED_CANONICAL,"Complete declared dependency inventory with authority subset, external-only support and AST-use roles."
33e20ffeeb613af40367,PUG-LR4-2017:Art.4(3):survey-route:post-LR45-v2,PUG-LR4-2017:Art.4(3):survey-route,IT-DLGS-19-2021:Art.20(2):appointment-register,IT-DLGS-19-2021,Art.20(2),HIGHER_AUTHORITY,RESOLVED_CANONICAL,"Complete declared dependency inventory with authority subset, external-only support and AST-use roles."
c4694147b4a1d3989e63,PUG-LR4-2017:Art.4(3):survey-route:post-LR45-v2,PUG-LR4-2017:Art.4(3):survey-route,IT-DLGS-19-2021:Art.20(3):activity-limits,IT-DLGS-19-2021,Art.20(3),HIGHER_AUTHORITY,RESOLVED_CANONICAL,"Complete declared dependency inventory with authority subset, external-only support and AST-use roles."
4bf8c47f5fd68d489d34,PUG-LR4-2017:Art.4(3):survey-route:post-LR45-v2,PUG-LR4-2017:Art.4(3):survey-route,IT-DLGS-19-2021:Art.20(4):express-assignment,IT-DLGS-19-2021,Art.20(4),HIGHER_AUTHORITY,RESOLVED_CANONICAL,"Complete declared dependency inventory with authority subset, external-only support and AST-use roles."
d9998ffb253c43e3eb0c,PUG-LR4-2017:Art.4(3):survey-route:post-LR45-v2,PUG-LR4-2017:Art.4(3):survey-route,IT-DLGS-19-2021:Art.20(5):proposal-not-decision,IT-DLGS-19-2021,Art.20(5),HIGHER_AUTHORITY,RESOLVED_CANONICAL,"Complete declared dependency inventory with authority subset, external-only support and AST-use roles."
43df5d73d6d12031aa0a,PUG-LR4-2017:Art.4(3):survey-route:post-LR45-v2,PUG-LR4-2017:Art.4(3):survey-route,IT-DLGS-19-2021:Art.24:register-current-status,IT-DLGS-19-2021,Art.24(1)-(5),HIGHER_AUTHORITY,RESOLVED_CANONICAL,"Complete declared dependency inventory with authority subset, external-only support and AST-use roles."
0bdc080a9fab5c3eb8d7,PUG-LR4-2017:Art.4(3):survey-route:post-LR45-v2,PUG-LR4-2017:Art.4(3):survey-route,IT-DLGS-19-2021:Art.6(3)(b),IT-DLGS-19-2021,6(3)(b),HIGHER_AUTHORITY,RESOLVED_CANONICAL,"Complete declared dependency inventory with authority subset, external-only support and AST-use roles."
5f4ccb0aacd37551abc8,PUG-LR4-2017:Art.4(3):survey-route:pre-LR45-v1,PUG-LR4-2017:Art.4(3):survey-route,EU-2020-1201:2(2),EU-2020-1201,2(2),HIGHER_AUTHORITY,RESOLVED_ACCEPTED_EU,"Complete declared dependency inventory with authority subset, external-only support and AST-use roles."
2a3c3f6ea6d77335bab6,PUG-LR4-2017:Art.4(3):survey-route:pre-LR45-v1,PUG-LR4-2017:Art.4(3):survey-route,IT-DLGS-19-2021:Art.20(1):assistant-identity,IT-DLGS-19-2021,Art.20(1),HIGHER_AUTHORITY,RESOLVED_CANONICAL,"Complete declared dependency inventory with authority subset, external-only support and AST-use roles."
7c74724e99f971adac02,PUG-LR4-2017:Art.4(3):survey-route:pre-LR45-v1,PUG-LR4-2017:Art.4(3):survey-route,IT-DLGS-19-2021:Art.20(2):appointment-register,IT-DLGS-19-2021,Art.20(2),HIGHER_AUTHORITY,RESOLVED_CANONICAL,"Complete declared dependency inventory with authority subset, external-only support and AST-use roles."
9d38d925ee9d3bad77ea,PUG-LR4-2017:Art.4(3):survey-route:pre-LR45-v1,PUG-LR4-2017:Art.4(3):survey-route,IT-DLGS-19-2021:Art.20(3):activity-limits,IT-DLGS-19-2021,Art.20(3),HIGHER_AUTHORITY,RESOLVED_CANONICAL,"Complete declared dependency inventory with authority subset, external-only support and AST-use roles."
28ab309af89d62d41dfa,PUG-LR4-2017:Art.4(3):survey-route:pre-LR45-v1,PUG-LR4-2017:Art.4(3):survey-route,IT-DLGS-19-2021:Art.20(4):express-assignment,IT-DLGS-19-2021,Art.20(4),HIGHER_AUTHORITY,RESOLVED_CANONICAL,"Complete declared dependency inventory with authority subset, external-only support and AST-use roles."
3dc6991ac918d4ccc799,PUG-LR4-2017:Art.4(3):survey-route:pre-LR45-v1,PUG-LR4-2017:Art.4(3):survey-route,IT-DLGS-19-2021:Art.20(5):proposal-not-decision,IT-DLGS-19-2021,Art.20(5),HIGHER_AUTHORITY,RESOLVED_CANONICAL,"Complete declared dependency inventory with authority subset, external-only support and AST-use roles."
96af82160e275fd0ddef,PUG-LR4-2017:Art.4(3):survey-route:pre-LR45-v1,PUG-LR4-2017:Art.4(3):survey-route,IT-DLGS-19-2021:Art.24:register-current-status,IT-DLGS-19-2021,Art.24(1)-(5),HIGHER_AUTHORITY,RESOLVED_CANONICAL,"Complete declared dependency inventory with authority subset, external-only support and AST-use roles."
135d23665ad913ad26ec,PUG-LR4-2017:Art.4(3):survey-route:pre-LR45-v1,PUG-LR4-2017:Art.4(3):survey-route,IT-DLGS-19-2021:Art.6(3)(b),IT-DLGS-19-2021,6(3)(b),HIGHER_AUTHORITY,RESOLVED_CANONICAL,"Complete declared dependency inventory with authority subset, external-only support and AST-use roles."
b4615d94720e76ff287e,PUG-LR4-2017:Art.4(4):post-LR45-v2,PUG-LR4-2017:Art.4(4),EU-2020-1201:10,EU-2020-1201,10,HIGHER_AUTHORITY,RESOLVED_ACCEPTED_EU,"Complete declared dependency inventory with authority subset, external-only support and AST-use roles."
1db13b729849ea34d1c5,PUG-LR4-2017:Art.4(4):post-LR45-v2,PUG-LR4-2017:Art.4(4),EU-2020-1201:15(2),EU-2020-1201,15(2),HIGHER_AUTHORITY,RESOLVED_ACCEPTED_EU,"Complete declared dependency inventory with authority subset, external-only support and AST-use roles."
9df20f085248528452b7,PUG-LR4-2017:Art.4(4):pre-LR45-v1,PUG-LR4-2017:Art.4(4),EU-2020-1201:10,EU-2020-1201,10,HIGHER_AUTHORITY,RESOLVED_ACCEPTED_EU,"Complete declared dependency inventory with authority subset, external-only support and AST-use roles."
8b8c4fae9413a4a763e8,PUG-LR4-2017:Art.4(4):pre-LR45-v1,PUG-LR4-2017:Art.4(4),EU-2020-1201:15(2),EU-2020-1201,15(2),HIGHER_AUTHORITY,RESOLVED_ACCEPTED_EU,"Complete declared dependency inventory with authority subset, external-only support and AST-use roles."
684a25f0648a74c2b902,PUG-LR4-2017:Art.4(5):v1,PUG-LR4-2017:Art.4(5),EU-2020-1201:2(3),EU-2020-1201,2(3),HIGHER_AUTHORITY,RESOLVED_ACCEPTED_EU,"Complete declared dependency inventory with authority subset, external-only support and AST-use roles."
f77a0ee6d817422d452d,PUG-LR4-2017:Art.4(6):follow-up:v1,PUG-LR4-2017:Art.4(6):follow-up,EU-2020-1201:2(4a),EU-2020-1201,2(4a),HIGHER_AUTHORITY+AST_PROVISION_REF,RESOLVED_ACCEPTED_EU,"Complete declared dependency inventory with authority subset, external-only support and AST-use roles."
6873a813600dc98d6df6,PUG-LR4-2017:Art.4(6):vector:v1,PUG-LR4-2017:Art.4(6):vector,EU-2020-1201:1(d),EU-2020-1201,1(d),HIGHER_AUTHORITY,RESOLVED_ACCEPTED_EU,"Complete declared dependency inventory with authority subset, external-only support and AST-use roles."
bfcced5afda539a6595e,PUG-LR4-2017:Art.4(6):vector:v1,PUG-LR4-2017:Art.4(6):vector,EU-2020-1201:2(1),EU-2020-1201,2(1),HIGHER_AUTHORITY,RESOLVED_ACCEPTED_EU,"Complete declared dependency inventory with authority subset, external-only support and AST-use roles."
612b09334a858cc74a8a,PUG-LR4-2017:Art.4(6):vector:v1,PUG-LR4-2017:Art.4(6):vector,EU-2020-1201:2(4),EU-2020-1201,2(4),HIGHER_AUTHORITY,RESOLVED_ACCEPTED_EU,"Complete declared dependency inventory with authority subset, external-only support and AST-use roles."
15a54e136b556fab2a02,PUG-LR4-2017:Art.4(7):v1,PUG-LR4-2017:Art.4(7),EU-2020-1201:2(8),EU-2020-1201,2(8),HIGHER_AUTHORITY,RESOLVED_ACCEPTED_EU,"Complete declared dependency inventory with authority subset, external-only support and AST-use roles."
cfa62853adcb7ec70158,PUG-LR4-2017:Art.5(1):v1,PUG-LR4-2017:Art.5(1),EU-2020-1201:7(1),EU-2020-1201,7(1),HIGHER_AUTHORITY,RESOLVED_ACCEPTED_EU,"Complete declared dependency inventory with authority subset, external-only support and AST-use roles."
f1bcef08966deec1cf73,PUG-LR4-2017:Art.5(1):v1,PUG-LR4-2017:Art.5(1),IT-DLGS-19-2021:Art.6(3)(o),IT-DLGS-19-2021,6(3)(o),HIGHER_AUTHORITY,RESOLVED_CANONICAL,"Complete declared dependency inventory with authority subset, external-only support and AST-use roles."
d0495c9980ae17d88bd6,PUG-LR4-2017:Art.5(2):v1,PUG-LR4-2017:Art.5(2),EU-2020-1201:7(1)(a),EU-2020-1201,7(1)(a),HIGHER_AUTHORITY,RESOLVED_ACCEPTED_EU,"Complete declared dependency inventory with authority subset, external-only support and AST-use roles."
33dbaee86820627b4d5e,PUG-LR4-2017:Art.5(2):v1,PUG-LR4-2017:Art.5(2),IT-DLGS-19-2021:Art.6(3)(o),IT-DLGS-19-2021,6(3)(o),HIGHER_AUTHORITY,RESOLVED_CANONICAL,"Complete declared dependency inventory with authority subset, external-only support and AST-use roles."
80d801c4f89ca1ec1725,PUG-LR4-2017:Art.5(3):post-LR45-v2,PUG-LR4-2017:Art.5(3),EU-2020-1201:7(1),EU-2020-1201,7(1),HIGHER_AUTHORITY,RESOLVED_ACCEPTED_EU,"Complete declared dependency inventory with authority subset, external-only support and AST-use roles."
d3c54c6d633e27b9d790,PUG-LR4-2017:Art.5(3):post-LR45-v2,PUG-LR4-2017:Art.5(3),IT-DLGS-19-2021:Art.32(1),IT-DLGS-19-2021,32(1),HIGHER_AUTHORITY,RESOLVED_CANONICAL,"Complete declared dependency inventory with authority subset, external-only support and AST-use roles."
7c359afffb9739451ad5,PUG-LR4-2017:Art.5(3):pre-LR45-v1,PUG-LR4-2017:Art.5(3),EU-2020-1201:7(1),EU-2020-1201,7(1),HIGHER_AUTHORITY,RESOLVED_ACCEPTED_EU,"Complete declared dependency inventory with authority subset, external-only support and AST-use roles."
faaff20aabdda41892a7,PUG-LR4-2017:Art.5(3):pre-LR45-v1,PUG-LR4-2017:Art.5(3),IT-DLGS-19-2021:Art.32(1),IT-DLGS-19-2021,32(1),HIGHER_AUTHORITY,RESOLVED_CANONICAL,"Complete declared dependency inventory with authority subset, external-only support and AST-use roles."
65ef64e99fc73ae4a1e6,PUG-LR4-2017:Art.5(4):post-LR45-v2,PUG-LR4-2017:Art.5(4),EU-2020-1201:7(2),EU-2020-1201,7(2),HIGHER_AUTHORITY,RESOLVED_ACCEPTED_EU,"Complete declared dependency inventory with authority subset, external-only support and AST-use roles."
6c523034008f865587b2,PUG-LR4-2017:Art.5(4):pre-LR45-v1,PUG-LR4-2017:Art.5(4),EU-2020-1201:8(1),EU-2020-1201,8(1),HIGHER_AUTHORITY,RESOLVED_ACCEPTED_EU,"Complete declared dependency inventory with authority subset, external-only support and AST-use roles."
46c37d38e49ac20a649a,PUG-LR4-2017:Art.5(4):pre-LR45-v1,PUG-LR4-2017:Art.5(4),EU-2020-1201:8(2)(a),EU-2020-1201,8(2)(a),HIGHER_AUTHORITY,RESOLVED_ACCEPTED_EU,"Complete declared dependency inventory with authority subset, external-only support and AST-use roles."
036057045e5b7e4ee334,PUG-LR4-2017:Art.5(5):post-LR45-v2,PUG-LR4-2017:Art.5(5),EU-2020-1201:7(2),EU-2020-1201,7(2),HIGHER_AUTHORITY,RESOLVED_ACCEPTED_EU,"Complete declared dependency inventory with authority subset, external-only support and AST-use roles."
6c726cf517744474a5fb,PUG-LR4-2017:Art.5(5):post-LR45-v2,PUG-LR4-2017:Art.5(5),EU-2020-1201:8(1),EU-2020-1201,8(1),HIGHER_AUTHORITY,RESOLVED_ACCEPTED_EU,"Complete declared dependency inventory with authority subset, external-only support and AST-use roles."
261463d8920f1fbc577d,PUG-LR4-2017:Art.5(5):pre-LR45-v1,PUG-LR4-2017:Art.5(5),EU-2020-1201:7(1),EU-2020-1201,7(1),HIGHER_AUTHORITY,RESOLVED_ACCEPTED_EU,"Complete declared dependency inventory with authority subset, external-only support and AST-use roles."
0b4ec79bc4a8b2781660,PUG-LR4-2017:Art.5(5):pre-LR45-v1,PUG-LR4-2017:Art.5(5),EU-2020-1201:8(1),EU-2020-1201,8(1),HIGHER_AUTHORITY,RESOLVED_ACCEPTED_EU,"Complete declared dependency inventory with authority subset, external-only support and AST-use roles."
020cdd1d18feb01c138c,PUG-LR4-2017:Art.5(6):v1,PUG-LR4-2017:Art.5(6),EU-2020-1201:11(1),EU-2020-1201,11(1),HIGHER_AUTHORITY,RESOLVED_ACCEPTED_EU,"Complete declared dependency inventory with authority subset, external-only support and AST-use roles."
e6345a75074b450f7570,PUG-LR4-2017:Art.5(6):v1,PUG-LR4-2017:Art.5(6),IT-DLGS-19-2021:Art.6(3)(o),IT-DLGS-19-2021,6(3)(o),HIGHER_AUTHORITY,RESOLVED_CANONICAL,"Complete declared dependency inventory with authority subset, external-only support and AST-use roles."
e1432106ecc381a37d0d,PUG-LR4-2017:Art.6(1):post-LR45-v2,PUG-LR4-2017:Art.6(1),EU-2020-1201:12,EU-2020-1201,12,HIGHER_AUTHORITY,RESOLVED_ACCEPTED_EU,"Complete declared dependency inventory with authority subset, external-only support and AST-use roles."
336a90bdf8baa7da4103,PUG-LR4-2017:Art.6(1):post-LR45-v2,PUG-LR4-2017:Art.6(1),IT-DLGS-19-2021:Art.31(5):committee-action-plan-approval,IT-DLGS-19-2021,31(5):committee-action-plan-approval,HIGHER_AUTHORITY,RESOLVED_CANONICAL,"Complete declared dependency inventory with authority subset, external-only support and AST-use roles."
703c53876d94a0fe47d9,PUG-LR4-2017:Art.6(1):post-LR45-v2,PUG-LR4-2017:Art.6(1),IT-DLGS-19-2021:Art.31(6):adopt-action-plan,IT-DLGS-19-2021,31(6):adopt-action-plan,HIGHER_AUTHORITY,RESOLVED_CANONICAL,"Complete declared dependency inventory with authority subset, external-only support and AST-use roles."
330ad821509cfba7c098,PUG-LR4-2017:Art.6(1):post-LR45-v2,PUG-LR4-2017:Art.6(1),PUG-LR4-2017:Art.3(2),PUG-LR4-2017,3(2),HIGHER_AUTHORITY,RESOLVED_CANONICAL,"Complete declared dependency inventory with authority subset, external-only support and AST-use roles."
2d7def5b3c8e231fe1c7,PUG-LR4-2017:Art.6(1):pre-LR45-v1,PUG-LR4-2017:Art.6(1),EU-2020-1201:12,EU-2020-1201,12,HIGHER_AUTHORITY,RESOLVED_ACCEPTED_EU,"Complete declared dependency inventory with authority subset, external-only support and AST-use roles."
ae68b35cbd664fabd7f5,PUG-LR4-2017:Art.6(1):pre-LR45-v1,PUG-LR4-2017:Art.6(1),IT-DLGS-19-2021:Art.31(5):committee-action-plan-approval,IT-DLGS-19-2021,31(5):committee-action-plan-approval,HIGHER_AUTHORITY,RESOLVED_CANONICAL,"Complete declared dependency inventory with authority subset, external-only support and AST-use roles."
acf763c30520bd3d9244,PUG-LR4-2017:Art.6(2):post-LR45-v2,PUG-LR4-2017:Art.6(2),EU-2020-1201:13(1),EU-2020-1201,13(1),HIGHER_AUTHORITY+AST_PROVISION_REF,RESOLVED_ACCEPTED_EU,"Complete declared dependency inventory with authority subset, external-only support and AST-use roles."
79924011cc4b7bf585d6,PUG-LR4-2017:Art.6(2):post-LR45-v2,PUG-LR4-2017:Art.6(2),EU-2020-1201:15(2),EU-2020-1201,15(2),HIGHER_AUTHORITY,RESOLVED_ACCEPTED_EU,"Complete declared dependency inventory with authority subset, external-only support and AST-use roles."
467866a121c3a0b44d74,PUG-LR4-2017:Art.6(2):post-LR45-v2,PUG-LR4-2017:Art.6(2),IT-DLGS-19-2021:Art.6(3)(o),IT-DLGS-19-2021,6(3)(o),HIGHER_AUTHORITY,RESOLVED_CANONICAL,"Complete declared dependency inventory with authority subset, external-only support and AST-use roles."
63c68f0b5ad71a423626,PUG-LR4-2017:Art.6(2):post-LR45-v2,PUG-LR4-2017:Art.6(2),PUG-LR4-2017:Art.6(1),PUG-LR4-2017,Art.6(1),HIGHER_AUTHORITY,RESOLVED_CANONICAL,"Complete declared dependency inventory with authority subset, external-only support and AST-use roles."
e478cda031e03c12013f,PUG-LR4-2017:Art.6(2):pre-LR45-v1,PUG-LR4-2017:Art.6(2),EU-2020-1201:13(1),EU-2020-1201,13(1),HIGHER_AUTHORITY,RESOLVED_ACCEPTED_EU,"Complete declared dependency inventory with authority subset, external-only support and AST-use roles."
d21beffc49a6fac4d3c8,PUG-LR4-2017:Art.6(2):pre-LR45-v1,PUG-LR4-2017:Art.6(2),IT-DLGS-19-2021:Art.6(3)(o),IT-DLGS-19-2021,6(3)(o),HIGHER_AUTHORITY,RESOLVED_CANONICAL,"Complete declared dependency inventory with authority subset, external-only support and AST-use roles."
6c9b0eecdaf57401b644,PUG-LR4-2017:Art.6(2):pre-LR45-v1,PUG-LR4-2017:Art.6(2),PUG-LR4-2017:Art.6(1),PUG-LR4-2017,Art.6(1),HIGHER_AUTHORITY,RESOLVED_CANONICAL,"Complete declared dependency inventory with authority subset, external-only support and AST-use roles."
42257c8ce3b7f0e782eb,PUG-LR4-2017:Art.6(3):post-LR45-v2,PUG-LR4-2017:Art.6(3),EU-2020-1201:15(1),EU-2020-1201,15(1),HIGHER_AUTHORITY+AST_PROVISION_REF,RESOLVED_ACCEPTED_EU,"Complete declared dependency inventory with authority subset, external-only support and AST-use roles."
6725d454a7223047dabc,PUG-LR4-2017:Art.6(3):post-LR45-v2,PUG-LR4-2017:Art.6(3),IT-DLGS-19-2021:Art.6(3)(b),IT-DLGS-19-2021,6(3)(b),HIGHER_AUTHORITY,RESOLVED_CANONICAL,"Complete declared dependency inventory with authority subset, external-only support and AST-use roles."
66b60014f7b1f3c5aca9,PUG-LR4-2017:Art.6(3):post-LR45-v2,PUG-LR4-2017:Art.6(3),PUG-LR4-2017:Art.6(1),PUG-LR4-2017,Art.6(1),HIGHER_AUTHORITY,RESOLVED_CANONICAL,"Complete declared dependency inventory with authority subset, external-only support and AST-use roles."
14c9b84a695a0db11cec,PUG-LR4-2017:Art.6(3):pre-LR45-v1,PUG-LR4-2017:Art.6(3),EU-2020-1201:15(1),EU-2020-1201,15(1),HIGHER_AUTHORITY,RESOLVED_ACCEPTED_EU,"Complete declared dependency inventory with authority subset, external-only support and AST-use roles."
076c37528b22c6b44773,PUG-LR4-2017:Art.6(3):pre-LR45-v1,PUG-LR4-2017:Art.6(3),EU-2020-1201:15(2),EU-2020-1201,15(2),HIGHER_AUTHORITY,RESOLVED_ACCEPTED_EU,"Complete declared dependency inventory with authority subset, external-only support and AST-use roles."
19fb76030f90e8572ff5,PUG-LR4-2017:Art.6(3):pre-LR45-v1,PUG-LR4-2017:Art.6(3),PUG-LR4-2017:Art.6(1),PUG-LR4-2017,Art.6(1),HIGHER_AUTHORITY,RESOLVED_CANONICAL,"Complete declared dependency inventory with authority subset, external-only support and AST-use roles."
b02c306904bcfd020995,PUG-LR4-2017:Art.7(1):v1,PUG-LR4-2017:Art.7(1),EU-2020-1201:16(1),EU-2020-1201,16(1),HIGHER_AUTHORITY,RESOLVED_ACCEPTED_EU,"Complete declared dependency inventory with authority subset, external-only support and AST-use roles."
d0f14d92a7e4f3f38469,PUG-LR4-2017:Art.7(1):v1,PUG-LR4-2017:Art.7(1),EU-2020-1201:9(1),EU-2020-1201,9(1),HIGHER_AUTHORITY,RESOLVED_ACCEPTED_EU,"Complete declared dependency inventory with authority subset, external-only support and AST-use roles."
aee8f058b4b64580e30a,PUG-LR4-2017:Art.7(2):v1,PUG-LR4-2017:Art.7(2),EU-2020-1201:14(2),EU-2020-1201,14(2),HIGHER_AUTHORITY,RESOLVED_ACCEPTED_EU,"Complete declared dependency inventory with authority subset, external-only support and AST-use roles."
d6a10a6181ae6ed31dff,PUG-LR4-2017:Art.7(2):v1,PUG-LR4-2017:Art.7(2),EU-2020-1201:8(2)(a),EU-2020-1201,8(2)(a),HIGHER_AUTHORITY,RESOLVED_ACCEPTED_EU,"Complete declared dependency inventory with authority subset, external-only support and AST-use roles."
3a4f5db2ef1b0f0eb75a,PUG-LR4-2017:Art.7(4):v1,PUG-LR4-2017:Art.7(4),IT-DLGS-19-2021:Art.30(2),IT-DLGS-19-2021,30(2),HIGHER_AUTHORITY,RESOLVED_CANONICAL,"Complete declared dependency inventory with authority subset, external-only support and AST-use roles."
1d27cfa9f8e036dd3667,PUG-LR4-2017:Art.8(5):protected-uninfected-retention:post-LR45-v2,PUG-LR4-2017:Art.8(5):protected-uninfected-retention,EU-2020-1201:7(1)(a),EU-2020-1201,7(1)(a),HIGHER_AUTHORITY+AST_PROVISION_REF,RESOLVED_ACCEPTED_EU,"Complete declared dependency inventory with authority subset, external-only support and AST-use roles."
c04f2031e52b30551ecd,PUG-LR4-2017:Art.8(5):protected-uninfected-retention:post-LR45-v2,PUG-LR4-2017:Art.8(5):protected-uninfected-retention,EU-2020-1201:7(1)(b),EU-2020-1201,7(1)(b),HIGHER_AUTHORITY+AST_PROVISION_REF,RESOLVED_ACCEPTED_EU,"Complete declared dependency inventory with authority subset, external-only support and AST-use roles."
784ebce4d3f251bda410,PUG-LR4-2017:Art.8(5):protected-uninfected-retention:post-LR45-v2,PUG-LR4-2017:Art.8(5):protected-uninfected-retention,EU-2020-1201:7(1)(c),EU-2020-1201,7(1)(c),HIGHER_AUTHORITY+AST_PROVISION_REF,RESOLVED_ACCEPTED_EU,"Complete declared dependency inventory with authority subset, external-only support and AST-use roles."
6c38bf7a9eba8f035c69,PUG-LR4-2017:Art.8(5):protected-uninfected-retention:post-LR45-v2,PUG-LR4-2017:Art.8(5):protected-uninfected-retention,EU-2020-1201:7(1)(d),EU-2020-1201,7(1)(d),HIGHER_AUTHORITY+AST_PROVISION_REF,RESOLVED_ACCEPTED_EU,"Complete declared dependency inventory with authority subset, external-only support and AST-use roles."
96e5835606d42d430965,PUG-LR4-2017:Art.8(5):protected-uninfected-retention:post-LR45-v2,PUG-LR4-2017:Art.8(5):protected-uninfected-retention,EU-2020-1201:7(1)(e),EU-2020-1201,7(1)(e),HIGHER_AUTHORITY+AST_PROVISION_REF,RESOLVED_ACCEPTED_EU,"Complete declared dependency inventory with authority subset, external-only support and AST-use roles."
02b80cb453fbd632bc88,PUG-LR4-2017:Art.8(5):protected-uninfected-retention:post-LR45-v2,PUG-LR4-2017:Art.8(5):protected-uninfected-retention,EU-2020-1201:7(3),EU-2020-1201,7(3),HIGHER_AUTHORITY,RESOLVED_ACCEPTED_EU,"Complete declared dependency inventory with authority subset, external-only support and AST-use roles."
07a8aee8676712fd6d34,PUG-LR4-2017:Art.8(5):protected-uninfected-retention:post-LR45-v2,PUG-LR4-2017:Art.8(5):protected-uninfected-retention,EU-2020-1201:7(3)(a),EU-2020-1201,7(3)(a),HIGHER_AUTHORITY+AST_PROVISION_REF,RESOLVED_ACCEPTED_EU,"Complete declared dependency inventory with authority subset, external-only support and AST-use roles."
78b246bb6a4aa19a05d3,PUG-LR4-2017:Art.8(5):protected-uninfected-retention:post-LR45-v2,PUG-LR4-2017:Art.8(5):protected-uninfected-retention,EU-2020-1201:7(3)(b),EU-2020-1201,7(3)(b),HIGHER_AUTHORITY+AST_PROVISION_REF,RESOLVED_ACCEPTED_EU,"Complete declared dependency inventory with authority subset, external-only support and AST-use roles."
b8ad89e5c02590335db2,PUG-LR4-2017:Art.8(5):protected-uninfected-retention:post-LR45-v2,PUG-LR4-2017:Art.8(5):protected-uninfected-retention,IT-DLGS-19-2021:Art.33(1):uninfected-protected-plant-removal,IT-DLGS-19-2021,33(1):uninfected-protected-plant-removal,HIGHER_AUTHORITY,RESOLVED_CANONICAL,"Complete declared dependency inventory with authority subset, external-only support and AST-use roles."
d7cd7f89e7e5f347ee54,PUG-LR4-2017:Art.8(5):protected-uninfected-retention:pre-LR45-v1,PUG-LR4-2017:Art.8(5):protected-uninfected-retention,EU-2020-1201:7(1)(a),EU-2020-1201,7(1)(a),AST_PROVISION_REF,RESOLVED_ACCEPTED_EU,"Complete declared dependency inventory with authority subset, external-only support and AST-use roles."
a8bd255fb94e85c33210,PUG-LR4-2017:Art.8(5):protected-uninfected-retention:pre-LR45-v1,PUG-LR4-2017:Art.8(5):protected-uninfected-retention,EU-2020-1201:7(1)(b),EU-2020-1201,7(1)(b),AST_PROVISION_REF,RESOLVED_ACCEPTED_EU,"Complete declared dependency inventory with authority subset, external-only support and AST-use roles."
989286bd0b751113c842,PUG-LR4-2017:Art.8(5):protected-uninfected-retention:pre-LR45-v1,PUG-LR4-2017:Art.8(5):protected-uninfected-retention,EU-2020-1201:7(1)(c),EU-2020-1201,7(1)(c),AST_PROVISION_REF,RESOLVED_ACCEPTED_EU,"Complete declared dependency inventory with authority subset, external-only support and AST-use roles."
3c2b830e7538709e20b3,PUG-LR4-2017:Art.8(5):protected-uninfected-retention:pre-LR45-v1,PUG-LR4-2017:Art.8(5):protected-uninfected-retention,EU-2020-1201:7(1)(d),EU-2020-1201,7(1)(d),AST_PROVISION_REF,RESOLVED_ACCEPTED_EU,"Complete declared dependency inventory with authority subset, external-only support and AST-use roles."
dd128a2f5389cc1af813,PUG-LR4-2017:Art.8(5):protected-uninfected-retention:pre-LR45-v1,PUG-LR4-2017:Art.8(5):protected-uninfected-retention,EU-2020-1201:7(1)(e),EU-2020-1201,7(1)(e),AST_PROVISION_REF,RESOLVED_ACCEPTED_EU,"Complete declared dependency inventory with authority subset, external-only support and AST-use roles."
8458fc3dbc576ba367f0,PUG-LR4-2017:Art.8(5):protected-uninfected-retention:pre-LR45-v1,PUG-LR4-2017:Art.8(5):protected-uninfected-retention,EU-2020-1201:7(3),EU-2020-1201,7(3),HIGHER_AUTHORITY,RESOLVED_ACCEPTED_EU,"Complete declared dependency inventory with authority subset, external-only support and AST-use roles."
0c5aa2654ff117fdf7ae,PUG-LR4-2017:Art.8(5):protected-uninfected-retention:pre-LR45-v1,PUG-LR4-2017:Art.8(5):protected-uninfected-retention,EU-2020-1201:7(3)(a),EU-2020-1201,7(3)(a),AST_PROVISION_REF,RESOLVED_ACCEPTED_EU,"Complete declared dependency inventory with authority subset, external-only support and AST-use roles."
b4b70d89ed7caf222f12,PUG-LR4-2017:Art.8(5):protected-uninfected-retention:pre-LR45-v1,PUG-LR4-2017:Art.8(5):protected-uninfected-retention,EU-2020-1201:7(3)(b),EU-2020-1201,7(3)(b),AST_PROVISION_REF,RESOLVED_ACCEPTED_EU,"Complete declared dependency inventory with authority subset, external-only support and AST-use roles."
4abe181f6172a823f56b,PUG-LR4-2017:Art.8(5):protected-uninfected-retention:pre-LR45-v1,PUG-LR4-2017:Art.8(5):protected-uninfected-retention,IT-DLGS-19-2021:Art.33(1):uninfected-protected-plant-removal,IT-DLGS-19-2021,33(1):uninfected-protected-plant-removal,HIGHER_AUTHORITY,RESOLVED_CANONICAL,"Complete declared dependency inventory with authority subset, external-only support and AST-use roles."
2e5413d335ba9c767302,PUG-LR4-2017:Art.8(7bis):infected-piana-alternative-boundary:v1,PUG-LR4-2017:Art.8(7bis):infected-piana-alternative-boundary,EU-2020-1201:13(1),EU-2020-1201,13(1),HIGHER_AUTHORITY,RESOLVED_ACCEPTED_EU,"Complete declared dependency inventory with authority subset, external-only support and AST-use roles."
76afd2235275066dc2ad,PUG-LR4-2017:Art.8(7bis):infected-piana-alternative-boundary:v1,PUG-LR4-2017:Art.8(7bis):infected-piana-alternative-boundary,EU-2020-1201:13(2),EU-2020-1201,13(2),HIGHER_AUTHORITY,RESOLVED_ACCEPTED_EU,"Complete declared dependency inventory with authority subset, external-only support and AST-use roles."
f3914d8d8947b176246b,PUG-LR4-2017:Art.8(7bis):infected-piana-alternative-boundary:v1,PUG-LR4-2017:Art.8(7bis):infected-piana-alternative-boundary,EU-2020-1201:7(1)(a),EU-2020-1201,7(1)(a),HIGHER_AUTHORITY,RESOLVED_ACCEPTED_EU,"Complete declared dependency inventory with authority subset, external-only support and AST-use roles."
8c4675f132d89288d494,REG-PUGLIA-U181-DIR-2021-00069:canosa-reduced-buffer:v1,REG-PUGLIA-U181-DIR-2021-00069:canosa-reduced-buffer,EU-2020-1201:5(1),EU-2020-1201,5(1),HIGHER_AUTHORITY,RESOLVED_ACCEPTED_EU,"Complete declared dependency inventory with authority subset, external-only support and AST-use roles."
e7339d822ef82e34a4b2,REG-PUGLIA-U181-DIR-2021-00069:canosa-reduced-buffer:v1,REG-PUGLIA-U181-DIR-2021-00069:canosa-reduced-buffer,IT-DLGS-19-2021:Art.31(3):establish-demarcated-area,IT-DLGS-19-2021,31(3):establish-demarcated-area,HIGHER_AUTHORITY,RESOLVED_CANONICAL,"Complete declared dependency inventory with authority subset, external-only support and AST-use roles."
cf74412eba3a0339406b,REG-PUGLIA-U181-DIR-2021-00069:canosa-reduced-buffer:v1,REG-PUGLIA-U181-DIR-2021-00069:canosa-reduced-buffer,PUG-LR4-2017:Art.3(2),PUG-LR4-2017,3(2),HIGHER_AUTHORITY+AST_PROVISION_REF,RESOLVED_CANONICAL,"Complete declared dependency inventory with authority subset, external-only support and AST-use roles."
4a1cbb5f3114e7e67818,REG-PUGLIA-U181-DIR-2021-00069:partial-parcel-rule:v1,REG-PUGLIA-U181-DIR-2021-00069:partial-parcel-rule,EU-2020-1201:5(1),EU-2020-1201,5(1),HIGHER_AUTHORITY,RESOLVED_ACCEPTED_EU,"Complete declared dependency inventory with authority subset, external-only support and AST-use roles."
e18283fe8ea4cf0e5f40,REG-PUGLIA-U181-DIR-2021-00069:pauca-area-update:v1,REG-PUGLIA-U181-DIR-2021-00069:pauca-area-update,EU-2020-1201:4(1),EU-2020-1201,4(1),HIGHER_AUTHORITY,RESOLVED_ACCEPTED_EU,"Complete declared dependency inventory with authority subset, external-only support and AST-use roles."
626d5f5e365d480d33c6,REG-PUGLIA-U181-DIR-2021-00069:pauca-area-update:v1,REG-PUGLIA-U181-DIR-2021-00069:pauca-area-update,IT-DLGS-19-2021:Art.31(9):modify-area-if-necessary,IT-DLGS-19-2021,31(9):modify-area-if-necessary,HIGHER_AUTHORITY,RESOLVED_CANONICAL,"Complete declared dependency inventory with authority subset, external-only support and AST-use roles."
178bfa02967a2a1a878e,REG-PUGLIA-U181-DIR-2021-00135:case-delta:seasonal-no-treatment-judgment:v1,REG-PUGLIA-U181-DIR-2021-00135:case-delta:seasonal-no-treatment-judgment,EU-2020-1201:13(1),EU-2020-1201,13(1),HIGHER_AUTHORITY,RESOLVED_ACCEPTED_EU,"Complete declared dependency inventory with authority subset, external-only support and AST-use roles."
cc37e850c2d9038d0f46,REG-PUGLIA-U181-DIR-2021-00135:case-delta:seasonal-no-treatment-judgment:v1,REG-PUGLIA-U181-DIR-2021-00135:case-delta:seasonal-no-treatment-judgment,EU-2020-1201:14(1),EU-2020-1201,14(1),HIGHER_AUTHORITY+AST_PROVISION_REF,RESOLVED_ACCEPTED_EU,"Complete declared dependency inventory with authority subset, external-only support and AST-use roles."
41d9e337e559e9590ad6,REG-PUGLIA-U181-DIR-2021-00177:commission-notification:v1,REG-PUGLIA-U181-DIR-2021-00177:commission-notification,EU-2020-1201:6(4),EU-2020-1201,6(4),HIGHER_AUTHORITY,RESOLVED_ACCEPTED_EU,"Complete declared dependency inventory with authority subset, external-only support and AST-use roles."
27f024d118e6338d927b,REG-PUGLIA-U181-DIR-2021-00177:commission-notification:v1,REG-PUGLIA-U181-DIR-2021-00177:commission-notification,IT-DLGS-19-2021:Art.29(2),IT-DLGS-19-2021,29(2),HIGHER_AUTHORITY,RESOLVED_CANONICAL,"Complete declared dependency inventory with authority subset, external-only support and AST-use roles."
0bd023d325bc99a0c9b3,REG-PUGLIA-U181-DIR-2021-00177:post-lift-plant-surveillance:v1,REG-PUGLIA-U181-DIR-2021-00177:post-lift-plant-surveillance,EU-2020-1201:6(3),EU-2020-1201,6(3),HIGHER_AUTHORITY,RESOLVED_ACCEPTED_EU,"Complete declared dependency inventory with authority subset, external-only support and AST-use roles."
481f433b08a6fc79a9df,REG-PUGLIA-U181-DIR-2021-00177:post-lift-vector-monitoring:v1,REG-PUGLIA-U181-DIR-2021-00177:post-lift-vector-monitoring,EU-2020-1201:6(3),EU-2020-1201,6(3),HIGHER_AUTHORITY,RESOLVED_ACCEPTED_EU,"Complete declared dependency inventory with authority subset, external-only support and AST-use roles."
d3938c5fff968b276c88,REG-PUGLIA-U181-DIR-2021-00177:revoke-canosa:v1,REG-PUGLIA-U181-DIR-2021-00177:revoke-canosa,EU-2020-1201:6(2),EU-2020-1201,6(2),HIGHER_AUTHORITY,RESOLVED_ACCEPTED_EU,"Complete declared dependency inventory with authority subset, external-only support and AST-use roles."
55a161b10b1877c8eba7,REG-PUGLIA-U181-DIR-2021-00177:revoke-canosa:v1,REG-PUGLIA-U181-DIR-2021-00177:revoke-canosa,IT-DLGS-19-2021:Art.31(9):modify-area-if-necessary,IT-DLGS-19-2021,31(9):modify-area-if-necessary,HIGHER_AUTHORITY,RESOLVED_CANONICAL,"Complete declared dependency inventory with authority subset, external-only support and AST-use roles."
9c0927f595c1a39ac129,REG-PUGLIA-U181-DIR-2021-00177:revoke-canosa:v1,REG-PUGLIA-U181-DIR-2021-00177:revoke-canosa,PUG-LR4-2017:Art.3(2),PUG-LR4-2017,3(2),HIGHER_AUTHORITY+AST_PROVISION_REF,RESOLVED_CANONICAL,"Complete declared dependency inventory with authority subset, external-only support and AST-use roles."
ba78639964191e8f9a53,REG-PUGLIA-U181-DIR-2022-00004:case-delta:piana-alternative-election-conflict:v1,REG-PUGLIA-U181-DIR-2022-00004:case-delta:piana-alternative-election-conflict,EU-2020-1201:13(1),EU-2020-1201,13(1),HIGHER_AUTHORITY,RESOLVED_ACCEPTED_EU,"Complete declared dependency inventory with authority subset, external-only support and AST-use roles."
322cdb27db7844e52ab2,REG-PUGLIA-U181-DIR-2022-00004:case-delta:piana-alternative-election-conflict:v1,REG-PUGLIA-U181-DIR-2022-00004:case-delta:piana-alternative-election-conflict,PUG-LR4-2017:Art.8(7bis):infected-piana-alternative-boundary,PUG-LR4-2017,8(7bis),HIGHER_AUTHORITY,RESOLVED_CANONICAL,"Complete declared dependency inventory with authority subset, external-only support and AST-use roles."
43d48b1f166f74c13476,REG-PUGLIA-U181-DIR-2022-00006:case-delta:identity-duty-transfer:v1,REG-PUGLIA-U181-DIR-2022-00006:case-delta:identity-duty-transfer,EU-2020-1201:13(1),EU-2020-1201,13(1),HIGHER_AUTHORITY,RESOLVED_ACCEPTED_EU,"Complete declared dependency inventory with authority subset, external-only support and AST-use roles."
50686f78922d9476e307,REG-PUGLIA-U181-DIR-2022-00006:case-delta:identity-duty-transfer:v1,REG-PUGLIA-U181-DIR-2022-00006:case-delta:identity-duty-transfer,PUG-DGR538-2021:notice-owner-identification,PUG-DGR538-2021,plan owner-notification procedure,HIGHER_AUTHORITY,RESOLVED_CANONICAL,"Complete declared dependency inventory with authority subset, external-only support and AST-use roles."
ea9107cc6700919eec9d,REG-PUGLIA-U181-DIR-2022-00006:case-delta:identity-duty-transfer:v1,REG-PUGLIA-U181-DIR-2022-00006:case-delta:identity-duty-transfer,PUG-DGR538-2021:notice-prescription-issuance,PUG-DGR538-2021,plan owner-notification procedure,HIGHER_AUTHORITY,RESOLVED_CANONICAL,"Complete declared dependency inventory with authority subset, external-only support and AST-use roles."
873b8e8b5d92d12cafb9,REG-PUGLIA-U181-DIR-2022-00006:case-delta:identity-duty-transfer:v1,REG-PUGLIA-U181-DIR-2022-00006:case-delta:identity-duty-transfer,PUG-LR4-2017:Art.6(2),PUG-LR4-2017,Art.6(2),HIGHER_AUTHORITY+AST_PROVISION_REF,RESOLVED_CANONICAL,"Complete declared dependency inventory with authority subset, external-only support and AST-use roles."
e909b75ea0822f9c1fcb,REG-PUGLIA-U181-DIR-2022-00006:case-delta:seasonal-no-treatment-judgment:v1,REG-PUGLIA-U181-DIR-2022-00006:case-delta:seasonal-no-treatment-judgment,EU-2020-1201:14(1),EU-2020-1201,14(1),HIGHER_AUTHORITY+AST_PROVISION_REF,RESOLVED_ACCEPTED_EU,"Complete declared dependency inventory with authority subset, external-only support and AST-use roles."
25f24fe4062298080691,REG-PUGLIA-U181-DIR-2022-00031:containment-treatment-removal-sequence:v1,REG-PUGLIA-U181-DIR-2022-00031:containment-treatment-removal-sequence,EU-2020-1201:13(1),EU-2020-1201,13(1),HIGHER_AUTHORITY,RESOLVED_ACCEPTED_EU,"Complete declared dependency inventory with authority subset, external-only support and AST-use roles."
285c7d345a27c0b10f73,REG-PUGLIA-U181-DIR-2022-00031:containment-treatment-removal-sequence:v1,REG-PUGLIA-U181-DIR-2022-00031:containment-treatment-removal-sequence,EU-2020-1201:14(1),EU-2020-1201,14(1),HIGHER_AUTHORITY,RESOLVED_ACCEPTED_EU,"Complete declared dependency inventory with authority subset, external-only support and AST-use roles."
b3a4b24ca058a5db4e94,REG-PUGLIA-U181-DIR-2022-00031:containment-treatment-removal-sequence:v1,REG-PUGLIA-U181-DIR-2022-00031:containment-treatment-removal-sequence,PUG-LR4-2017:Art.6(1),PUG-LR4-2017,Art.6(1),HIGHER_AUTHORITY,RESOLVED_CANONICAL,"Complete declared dependency inventory with authority subset, external-only support and AST-use roles."
29d5813d222c7c10c59e,REG-PUGLIA-U181-DIR-2022-00031:destruction-root-wood-completion:v1,REG-PUGLIA-U181-DIR-2022-00031:destruction-root-wood-completion,EU-2020-1201:16(1),EU-2020-1201,16(1),HIGHER_AUTHORITY,RESOLVED_ACCEPTED_EU,"Complete declared dependency inventory with authority subset, external-only support and AST-use roles."
5d8c69ea7739e0c91322,REG-PUGLIA-U181-DIR-2022-00031:destruction-root-wood-completion:v1,REG-PUGLIA-U181-DIR-2022-00031:destruction-root-wood-completion,EU-2020-1201:16(2),EU-2020-1201,16(2),HIGHER_AUTHORITY,RESOLVED_ACCEPTED_EU,"Complete declared dependency inventory with authority subset, external-only support and AST-use roles."
743723a8653bcf9c49e6,REG-PUGLIA-U181-DIR-2022-00031:destruction-root-wood-completion:v1,REG-PUGLIA-U181-DIR-2022-00031:destruction-root-wood-completion,EU-2020-1201:9(1),EU-2020-1201,9(1),HIGHER_AUTHORITY,RESOLVED_ACCEPTED_EU,"Complete declared dependency inventory with authority subset, external-only support and AST-use roles."
d06c0a862ff325672808,REG-PUGLIA-U181-DIR-2022-00031:destruction-root-wood-completion:v1,REG-PUGLIA-U181-DIR-2022-00031:destruction-root-wood-completion,EU-2020-1201:9(2),EU-2020-1201,9(2),HIGHER_AUTHORITY,RESOLVED_ACCEPTED_EU,"Complete declared dependency inventory with authority subset, external-only support and AST-use roles."
0dd7a161c44193a7c6dd,REG-PUGLIA-U181-DIR-2022-00031:doubtful-result-route:v1,REG-PUGLIA-U181-DIR-2022-00031:doubtful-result-route,REG-PUGLIA-U181-DIR-2022-00031:cq-analytical-result-classification,REG-PUGLIA-U181-DIR-2022-00031,historical analytical-result classification,HIGHER_AUTHORITY,RESOLVED_CANONICAL,"Complete declared dependency inventory with authority subset, external-only support and AST-use roles."
121ead2a3f4779e243da,REG-PUGLIA-U181-DIR-2022-00031:eradication-treatment-removal-sequence:v1,REG-PUGLIA-U181-DIR-2022-00031:eradication-treatment-removal-sequence,EU-2020-1201:7(1),EU-2020-1201,7(1),HIGHER_AUTHORITY,RESOLVED_ACCEPTED_EU,"Complete declared dependency inventory with authority subset, external-only support and AST-use roles."
d0780ece32ae68ee4577,REG-PUGLIA-U181-DIR-2022-00031:eradication-treatment-removal-sequence:v1,REG-PUGLIA-U181-DIR-2022-00031:eradication-treatment-removal-sequence,EU-2020-1201:8(1),EU-2020-1201,8(1),HIGHER_AUTHORITY,RESOLVED_ACCEPTED_EU,"Complete declared dependency inventory with authority subset, external-only support and AST-use roles."
8eda823958e7f4ab1f04,REG-PUGLIA-U181-DIR-2022-00031:execution-oversight-and-record:v1,REG-PUGLIA-U181-DIR-2022-00031:execution-oversight-and-record,IT-DLGS-19-2021:Art.20(1):assistant-identity,IT-DLGS-19-2021,Art.20(1),HIGHER_AUTHORITY,RESOLVED_CANONICAL,"Complete declared dependency inventory with authority subset, external-only support and AST-use roles."
2ea4902aac1b42c9215a,REG-PUGLIA-U181-DIR-2022-00031:execution-oversight-and-record:v1,REG-PUGLIA-U181-DIR-2022-00031:execution-oversight-and-record,IT-DLGS-19-2021:Art.20(2):appointment-register,IT-DLGS-19-2021,Art.20(2),HIGHER_AUTHORITY,RESOLVED_CANONICAL,"Complete declared dependency inventory with authority subset, external-only support and AST-use roles."
09092db5eccbf4962c74,REG-PUGLIA-U181-DIR-2022-00031:execution-oversight-and-record:v1,REG-PUGLIA-U181-DIR-2022-00031:execution-oversight-and-record,IT-DLGS-19-2021:Art.20(3):activity-limits,IT-DLGS-19-2021,Art.20(3),HIGHER_AUTHORITY,RESOLVED_CANONICAL,"Complete declared dependency inventory with authority subset, external-only support and AST-use roles."
9e7478f99e5e1ab476df,REG-PUGLIA-U181-DIR-2022-00031:execution-oversight-and-record:v1,REG-PUGLIA-U181-DIR-2022-00031:execution-oversight-and-record,IT-DLGS-19-2021:Art.20(4):express-assignment,IT-DLGS-19-2021,Art.20(4),HIGHER_AUTHORITY,RESOLVED_CANONICAL,"Complete declared dependency inventory with authority subset, external-only support and AST-use roles."
90bd238d619e1a2df854,REG-PUGLIA-U181-DIR-2022-00031:execution-oversight-and-record:v1,REG-PUGLIA-U181-DIR-2022-00031:execution-oversight-and-record,IT-DLGS-19-2021:Art.24:register-current-status,IT-DLGS-19-2021,Art.24(1)-(5),HIGHER_AUTHORITY,RESOLVED_CANONICAL,"Complete declared dependency inventory with authority subset, external-only support and AST-use roles."
1d14bb5865cc916ccd24,REG-PUGLIA-U181-DIR-2022-00031:obstruction-remedy-route:v1,REG-PUGLIA-U181-DIR-2022-00031:obstruction-remedy-route,IT-DLGS-19-2021:Art.32(3):primary-implementation,IT-DLGS-19-2021,32(3):primary-implementation,HIGHER_AUTHORITY,RESOLVED_CANONICAL,"Complete declared dependency inventory with authority subset, external-only support and AST-use roles."
4c8909a0cbb8f61d8801,REG-PUGLIA-U181-DIR-2022-00031:obstruction-remedy-route:v1,REG-PUGLIA-U181-DIR-2022-00031:obstruction-remedy-route,IT-DLGS-19-2021:Art.33(2):authorized-land-access,IT-DLGS-19-2021,33(2):authorized-land-access,HIGHER_AUTHORITY,RESOLVED_CANONICAL,"Complete declared dependency inventory with authority subset, external-only support and AST-use roles."
66cd3a96a911bd8eaca8,REG-PUGLIA-U181-DIR-2022-00031:obstruction-remedy-route:v1,REG-PUGLIA-U181-DIR-2022-00031:obstruction-remedy-route,IT-DLGS-19-2021:Art.33(2):public-force-assistance,IT-DLGS-19-2021,33(2):public-force-assistance,HIGHER_AUTHORITY,RESOLVED_CANONICAL,"Complete declared dependency inventory with authority subset, external-only support and AST-use roles."
b51b22e7f10a5154fdc9,REG-PUGLIA-U181-DIR-2022-00031:pest-free-buffer-pool-confirmation:v1,REG-PUGLIA-U181-DIR-2022-00031:pest-free-buffer-pool-confirmation,EU-2017-625:Art.100:national-reference-laboratory-status,EU-2017-625,100,EXTERNAL_SUPPORT,RESOLVED_CANONICAL,"Complete declared dependency inventory with authority subset, external-only support and AST-use roles."
62aef7dacd58af19c994,REG-PUGLIA-U181-DIR-2022-00031:pest-free-buffer-pool-confirmation:v1,REG-PUGLIA-U181-DIR-2022-00031:pest-free-buffer-pool-confirmation,IT-DLGS-19-2021:Art.14(1):designate-official-laboratory,IT-DLGS-19-2021,14(1):designate-official-laboratory,EXTERNAL_SUPPORT,RESOLVED_CANONICAL,"Complete declared dependency inventory with authority subset, external-only support and AST-use roles."
3ced8eee311bcde41b28,REG-PUGLIA-U181-DIR-2022-00031:pest-free-buffer-pool-confirmation:v1,REG-PUGLIA-U181-DIR-2022-00031:pest-free-buffer-pool-confirmation,IT-DLGS-19-2021:Art.28(3),IT-DLGS-19-2021,28(3),HIGHER_AUTHORITY,RESOLVED_CANONICAL,"Complete declared dependency inventory with authority subset, external-only support and AST-use roles."
fdd7bf44c085986207a9,REG-PUGLIA-U181-DIR-2022-00031:sample-custody-transfer:v1,REG-PUGLIA-U181-DIR-2022-00031:sample-custody-transfer,IT-DLGS-19-2021:Art.20(1):assistant-identity,IT-DLGS-19-2021,Art.20(1),HIGHER_AUTHORITY,RESOLVED_CANONICAL,"Complete declared dependency inventory with authority subset, external-only support and AST-use roles."
1c19495e8e2031607b88,REG-PUGLIA-U181-DIR-2022-00031:sample-custody-transfer:v1,REG-PUGLIA-U181-DIR-2022-00031:sample-custody-transfer,IT-DLGS-19-2021:Art.20(2):appointment-register,IT-DLGS-19-2021,Art.20(2),HIGHER_AUTHORITY,RESOLVED_CANONICAL,"Complete declared dependency inventory with authority subset, external-only support and AST-use roles."
c7dd6d1d82039fc75b8b,REG-PUGLIA-U181-DIR-2022-00031:sample-custody-transfer:v1,REG-PUGLIA-U181-DIR-2022-00031:sample-custody-transfer,IT-DLGS-19-2021:Art.20(3):activity-limits,IT-DLGS-19-2021,Art.20(3),HIGHER_AUTHORITY,RESOLVED_CANONICAL,"Complete declared dependency inventory with authority subset, external-only support and AST-use roles."
859acad918891b825672,REG-PUGLIA-U181-DIR-2022-00031:sample-custody-transfer:v1,REG-PUGLIA-U181-DIR-2022-00031:sample-custody-transfer,IT-DLGS-19-2021:Art.20(4):express-assignment,IT-DLGS-19-2021,Art.20(4),HIGHER_AUTHORITY,RESOLVED_CANONICAL,"Complete declared dependency inventory with authority subset, external-only support and AST-use roles."
7ee2c63c98de0e982be7,REG-PUGLIA-U181-DIR-2022-00031:sample-custody-transfer:v1,REG-PUGLIA-U181-DIR-2022-00031:sample-custody-transfer,IT-DLGS-19-2021:Art.24:register-current-status,IT-DLGS-19-2021,Art.24(1)-(5),HIGHER_AUTHORITY,RESOLVED_CANONICAL,"Complete declared dependency inventory with authority subset, external-only support and AST-use roles."
e52f659c93e5c51ad3c6,REG-PUGLIA-U181-DIR-2022-00031:st53-crop-exclusion-conflict:v1,REG-PUGLIA-U181-DIR-2022-00031:st53-crop-exclusion-conflict,EU-2020-1201:1(c),EU-2020-1201,1(c),HIGHER_AUTHORITY,RESOLVED_ACCEPTED_EU,"Complete declared dependency inventory with authority subset, external-only support and AST-use roles."
2454d805cd4a0766186c,REG-PUGLIA-U181-DIR-2022-00031:st53-crop-exclusion-conflict:v1,REG-PUGLIA-U181-DIR-2022-00031:st53-crop-exclusion-conflict,EU-2020-1201:7(1),EU-2020-1201,7(1),HIGHER_AUTHORITY,RESOLVED_ACCEPTED_EU,"Complete declared dependency inventory with authority subset, external-only support and AST-use roles."
d4d30f7699284cdf70b7,REG-PUGLIA-U181-DIR-2022-00127:area-state-transition:v1,REG-PUGLIA-U181-DIR-2022-00127:area-state-transition,EU-2020-1201:4(1),EU-2020-1201,4(1),HIGHER_AUTHORITY,RESOLVED_ACCEPTED_EU,"Complete declared dependency inventory with authority subset, external-only support and AST-use roles."
f30449adc343a6ee1fbf,REG-PUGLIA-U181-DIR-2022-00127:area-state-transition:v1,REG-PUGLIA-U181-DIR-2022-00127:area-state-transition,EU-2020-1201:7(1),EU-2020-1201,7(1),HIGHER_AUTHORITY,RESOLVED_ACCEPTED_EU,"Complete declared dependency inventory with authority subset, external-only support and AST-use roles."
69603c1baed13e56a8e6,REG-PUGLIA-U181-DIR-2022-00127:area-state-transition:v1,REG-PUGLIA-U181-DIR-2022-00127:area-state-transition,IT-DLGS-19-2021:Art.31(3):establish-demarcated-area,IT-DLGS-19-2021,31(3):establish-demarcated-area,HIGHER_AUTHORITY,RESOLVED_CANONICAL,"Complete declared dependency inventory with authority subset, external-only support and AST-use roles."
244b940435df2bb1796d,REG-PUGLIA-U181-DIR-2022-00127:area-state-transition:v1,REG-PUGLIA-U181-DIR-2022-00127:area-state-transition,PUG-LR4-2017:Art.3(2),PUG-LR4-2017,3(2),HIGHER_AUTHORITY,RESOLVED_CANONICAL,"Complete declared dependency inventory with authority subset, external-only support and AST-use roles."
8a03e2e0f7957486d487,REG-PUGLIA-U181-DIR-2023-00002:case-delta:act-specific-mass-publicity-basis:v1,REG-PUGLIA-U181-DIR-2023-00002:case-delta:act-specific-mass-publicity-basis,IT-L241-A21BIS:Art.21-bis(1):mass-publicity-route,IT-L241-A21BIS,21-bis(1):mass-publicity-route,HIGHER_AUTHORITY,RESOLVED_CANONICAL,"Complete declared dependency inventory with authority subset, external-only support and AST-use roles."
4c845375eb77fa1f0778,REG-PUGLIA-U181-DIR-2023-00045:case-delta:pending-monumental-recognition-hold:v1,REG-PUGLIA-U181-DIR-2023-00045:case-delta:pending-monumental-recognition-hold,IT-DLGS-19-2021:Art.33(1):uninfected-protected-plant-removal,IT-DLGS-19-2021,33(1):uninfected-protected-plant-removal,HIGHER_AUTHORITY,RESOLVED_CANONICAL,"Complete declared dependency inventory with authority subset, external-only support and AST-use roles."
9e3dc55e39cb04284cf8,REG-PUGLIA-U181-DIR-2023-00045:case-delta:pending-monumental-recognition-hold:v1,REG-PUGLIA-U181-DIR-2023-00045:case-delta:pending-monumental-recognition-hold,IT-DLGS42-A146:Art.146(2),IT-DLGS42-A146,146(2),HIGHER_AUTHORITY,RESOLVED_CANONICAL,"Complete declared dependency inventory with authority subset, external-only support and AST-use roles."
eac91082f56ddb8f09b3,REG-PUGLIA-U181-DIR-2023-00045:case-delta:pending-monumental-recognition-hold:v1,REG-PUGLIA-U181-DIR-2023-00045:case-delta:pending-monumental-recognition-hold,IT-DLGS42-A146:Art.146(5):regional-decision-owner,IT-DLGS42-A146,146(5):regional-decision-owner,HIGHER_AUTHORITY,RESOLVED_CANONICAL,"Complete declared dependency inventory with authority subset, external-only support and AST-use roles."
78ef6cc400ecef7432b8,REG-PUGLIA-U181-DIR-2023-00045:case-delta:pending-monumental-recognition-hold:v1,REG-PUGLIA-U181-DIR-2023-00045:case-delta:pending-monumental-recognition-hold,IT-DLGS42-A146:Art.146(8):superintendent-opinion,IT-DLGS42-A146,146(8):superintendent-opinion,HIGHER_AUTHORITY,RESOLVED_CANONICAL,"Complete declared dependency inventory with authority subset, external-only support and AST-use roles."
b68728247bffb466d985,REG-PUGLIA-U181-DIR-2023-00051:case-delta:correction-scope-unresolved:v1,REG-PUGLIA-U181-DIR-2023-00051:case-delta:correction-scope-unresolved,EU-2020-1201:7(1),EU-2020-1201,7(1),HIGHER_AUTHORITY,RESOLVED_ACCEPTED_EU,"Complete declared dependency inventory with authority subset, external-only support and AST-use roles."
37bb274860a2188b8f3d,REG-PUGLIA-U181-DIR-2023-00096:case-delta:pre-m4-monopoli-eradication-fork:v1,REG-PUGLIA-U181-DIR-2023-00096:case-delta:pre-m4-monopoli-eradication-fork,EU-2020-1201:7(1),EU-2020-1201,7(1),HIGHER_AUTHORITY,RESOLVED_ACCEPTED_EU,"Complete declared dependency inventory with authority subset, external-only support and AST-use roles."
0857896341dd30c3a14f,REG-PUGLIA-U181-DIR-2023-00096:case-delta:pre-m4-monopoli-eradication-fork:v1,REG-PUGLIA-U181-DIR-2023-00096:case-delta:pre-m4-monopoli-eradication-fork,REG-PUGLIA-U181-DIR-2022-00127:area-state-transition,REG-PUGLIA-U181-DIR-2022-00127,operative area decision,HIGHER_AUTHORITY,RESOLVED_CANONICAL,"Complete declared dependency inventory with authority subset, external-only support and AST-use roles."
324f030755ac5a10077a,REG-PUGLIA-U181-DIR-2024-00008:area-state-transition:v1,REG-PUGLIA-U181-DIR-2024-00008:area-state-transition,EU-2020-1201:4(1),EU-2020-1201,4(1),HIGHER_AUTHORITY,RESOLVED_ACCEPTED_EU,"Complete declared dependency inventory with authority subset, external-only support and AST-use roles."
ca9a04ecba430900e35e,REG-PUGLIA-U181-DIR-2024-00008:area-state-transition:v1,REG-PUGLIA-U181-DIR-2024-00008:area-state-transition,EU-2020-1201:7(1),EU-2020-1201,7(1),HIGHER_AUTHORITY,RESOLVED_ACCEPTED_EU,"Complete declared dependency inventory with authority subset, external-only support and AST-use roles."
91e2c9caca3a658658ca,REG-PUGLIA-U181-DIR-2024-00008:area-state-transition:v1,REG-PUGLIA-U181-DIR-2024-00008:area-state-transition,IT-DLGS-19-2021:Art.31(3):establish-demarcated-area,IT-DLGS-19-2021,31(3):establish-demarcated-area,HIGHER_AUTHORITY,RESOLVED_CANONICAL,"Complete declared dependency inventory with authority subset, external-only support and AST-use roles."
223788400efd58a34ad0,REG-PUGLIA-U181-DIR-2024-00008:area-state-transition:v1,REG-PUGLIA-U181-DIR-2024-00008:area-state-transition,PUG-LR4-2017:Art.3(2),PUG-LR4-2017,3(2),HIGHER_AUTHORITY,RESOLVED_CANONICAL,"Complete declared dependency inventory with authority subset, external-only support and AST-use roles."
cdd6ec67a5e09d4a95b0,REG-PUGLIA-U181-DIR-2024-00012:area-state-transition:v1,REG-PUGLIA-U181-DIR-2024-00012:area-state-transition,EU-2020-1201:4(1),EU-2020-1201,4(1),HIGHER_AUTHORITY,RESOLVED_ACCEPTED_EU,"Complete declared dependency inventory with authority subset, external-only support and AST-use roles."
a3f8e818127da8c91637,REG-PUGLIA-U181-DIR-2024-00012:area-state-transition:v1,REG-PUGLIA-U181-DIR-2024-00012:area-state-transition,EU-2020-1201:7(1),EU-2020-1201,7(1),HIGHER_AUTHORITY,RESOLVED_ACCEPTED_EU,"Complete declared dependency inventory with authority subset, external-only support and AST-use roles."
5ebdc958693cf866e4cb,REG-PUGLIA-U181-DIR-2024-00012:area-state-transition:v1,REG-PUGLIA-U181-DIR-2024-00012:area-state-transition,IT-DLGS-19-2021:Art.31(3):establish-demarcated-area,IT-DLGS-19-2021,31(3):establish-demarcated-area,HIGHER_AUTHORITY,RESOLVED_CANONICAL,"Complete declared dependency inventory with authority subset, external-only support and AST-use roles."
ddf780f30a455ae6c211,REG-PUGLIA-U181-DIR-2024-00012:area-state-transition:v1,REG-PUGLIA-U181-DIR-2024-00012:area-state-transition,PUG-LR4-2017:Art.3(2),PUG-LR4-2017,3(2),HIGHER_AUTHORITY,RESOLVED_CANONICAL,"Complete declared dependency inventory with authority subset, external-only support and AST-use roles."
a136f1154ad02d8fd266,REG-PUGLIA-U181-DIR-2024-00018:area-state-transition:v1,REG-PUGLIA-U181-DIR-2024-00018:area-state-transition,EU-2020-1201:12,EU-2020-1201,12,HIGHER_AUTHORITY,RESOLVED_ACCEPTED_EU,"Complete declared dependency inventory with authority subset, external-only support and AST-use roles."
8ea4d69009009c496802,REG-PUGLIA-U181-DIR-2024-00018:area-state-transition:v1,REG-PUGLIA-U181-DIR-2024-00018:area-state-transition,EU-2020-1201:4(1),EU-2020-1201,4(1),HIGHER_AUTHORITY,RESOLVED_ACCEPTED_EU,"Complete declared dependency inventory with authority subset, external-only support and AST-use roles."
2e78f3527c1afbf2d052,REG-PUGLIA-U181-DIR-2024-00018:area-state-transition:v1,REG-PUGLIA-U181-DIR-2024-00018:area-state-transition,IT-DLGS-19-2021:Art.31(3):establish-demarcated-area,IT-DLGS-19-2021,31(3):establish-demarcated-area,HIGHER_AUTHORITY,RESOLVED_CANONICAL,"Complete declared dependency inventory with authority subset, external-only support and AST-use roles."
9d84629af0ba61ee2062,REG-PUGLIA-U181-DIR-2024-00018:area-state-transition:v1,REG-PUGLIA-U181-DIR-2024-00018:area-state-transition,IT-DLGS-19-2021:Art.31(5):committee-action-plan-approval,IT-DLGS-19-2021,31(5):committee-action-plan-approval,HIGHER_AUTHORITY,RESOLVED_CANONICAL,"Complete declared dependency inventory with authority subset, external-only support and AST-use roles."
466c302a876b716d813f,REG-PUGLIA-U181-DIR-2024-00018:area-state-transition:v1,REG-PUGLIA-U181-DIR-2024-00018:area-state-transition,IT-DLGS-19-2021:Art.31(6):adopt-action-plan,IT-DLGS-19-2021,31(6):adopt-action-plan,HIGHER_AUTHORITY,RESOLVED_CANONICAL,"Complete declared dependency inventory with authority subset, external-only support and AST-use roles."
298991d956cc090106ac,REG-PUGLIA-U181-DIR-2024-00018:area-state-transition:v1,REG-PUGLIA-U181-DIR-2024-00018:area-state-transition,PUG-LR4-2017:Art.3(2),PUG-LR4-2017,3(2),HIGHER_AUTHORITY,RESOLVED_CANONICAL,"Complete declared dependency inventory with authority subset, external-only support and AST-use roles."
472dbc548b60dd27ff08,REG-PUGLIA-U181-DIR-2024-00018:area-state-transition:v2,REG-PUGLIA-U181-DIR-2024-00018:area-state-transition,EU-2020-1201:12,EU-2020-1201,12,HIGHER_AUTHORITY+AST_PROVISION_REF,RESOLVED_ACCEPTED_EU,"Complete declared dependency inventory with authority subset, external-only support and AST-use roles."
21c769f154adf97561da,REG-PUGLIA-U181-DIR-2024-00018:area-state-transition:v2,REG-PUGLIA-U181-DIR-2024-00018:area-state-transition,EU-2020-1201:4(1),EU-2020-1201,4(1),HIGHER_AUTHORITY,RESOLVED_ACCEPTED_EU,"Complete declared dependency inventory with authority subset, external-only support and AST-use roles."
ae314360f7f67d8be7d0,REG-PUGLIA-U181-DIR-2024-00018:area-state-transition:v2,REG-PUGLIA-U181-DIR-2024-00018:area-state-transition,IT-DLGS-19-2021:Art.31(3):establish-demarcated-area,IT-DLGS-19-2021,31(3):establish-demarcated-area,HIGHER_AUTHORITY,RESOLVED_CANONICAL,"Complete declared dependency inventory with authority subset, external-only support and AST-use roles."
140da562a4a3632dd446,REG-PUGLIA-U181-DIR-2024-00018:area-state-transition:v2,REG-PUGLIA-U181-DIR-2024-00018:area-state-transition,IT-DLGS-19-2021:Art.31(5):committee-action-plan-approval,IT-DLGS-19-2021,31(5):committee-action-plan-approval,HIGHER_AUTHORITY,RESOLVED_CANONICAL,"Complete declared dependency inventory with authority subset, external-only support and AST-use roles."
9ef7898dc9734a71a49d,REG-PUGLIA-U181-DIR-2024-00018:area-state-transition:v2,REG-PUGLIA-U181-DIR-2024-00018:area-state-transition,IT-DLGS-19-2021:Art.31(6):adopt-action-plan,IT-DLGS-19-2021,31(6):adopt-action-plan,HIGHER_AUTHORITY,RESOLVED_CANONICAL,"Complete declared dependency inventory with authority subset, external-only support and AST-use roles."
02264e45e7764270214a,REG-PUGLIA-U181-DIR-2024-00018:area-state-transition:v2,REG-PUGLIA-U181-DIR-2024-00018:area-state-transition,PUG-LR4-2017:Art.3(2),PUG-LR4-2017,3(2),HIGHER_AUTHORITY,RESOLVED_CANONICAL,"Complete declared dependency inventory with authority subset, external-only support and AST-use roles."
05c9e40533cef33cf28e,REG-PUGLIA-U181-DIR-2024-00027:case-delta:pre-m4-containment-authority-conflict:v1,REG-PUGLIA-U181-DIR-2024-00027:case-delta:pre-m4-containment-authority-conflict,EU-2020-1201:12,EU-2020-1201,12,HIGHER_AUTHORITY,RESOLVED_ACCEPTED_EU,"Complete declared dependency inventory with authority subset, external-only support and AST-use roles."
c0ddfc0ceb4a2beaeb06,REG-PUGLIA-U181-DIR-2024-00027:case-delta:pre-m4-containment-authority-conflict:v1,REG-PUGLIA-U181-DIR-2024-00027:case-delta:pre-m4-containment-authority-conflict,EU-2020-1201:7(1)(a),EU-2020-1201,7(1)(a),HIGHER_AUTHORITY,RESOLVED_ACCEPTED_EU,"Complete declared dependency inventory with authority subset, external-only support and AST-use roles."
3a26ff8a181a452ea8fc,REG-PUGLIA-U181-DIR-2024-00027:case-delta:pre-m4-containment-authority-conflict:v1,REG-PUGLIA-U181-DIR-2024-00027:case-delta:pre-m4-containment-authority-conflict,REG-PUGLIA-U181-DIR-2024-00018:area-state-transition,REG-PUGLIA-U181-DIR-2024-00018,operative area decision,HIGHER_AUTHORITY,RESOLVED_CANONICAL,"Complete declared dependency inventory with authority subset, external-only support and AST-use roles."
dc63e307c641674bd301,REG-PUGLIA-U181-DIR-2024-00029:area-state-transition:v1,REG-PUGLIA-U181-DIR-2024-00029:area-state-transition,EU-2020-1201:4(1),EU-2020-1201,4(1),HIGHER_AUTHORITY,RESOLVED_ACCEPTED_EU,"Complete declared dependency inventory with authority subset, external-only support and AST-use roles."
b3fb5a8f6df12662dd45,REG-PUGLIA-U181-DIR-2024-00029:area-state-transition:v1,REG-PUGLIA-U181-DIR-2024-00029:area-state-transition,EU-2020-1201:7(1),EU-2020-1201,7(1),HIGHER_AUTHORITY,RESOLVED_ACCEPTED_EU,"Complete declared dependency inventory with authority subset, external-only support and AST-use roles."
ef261e66d6d18a212ead,REG-PUGLIA-U181-DIR-2024-00029:area-state-transition:v1,REG-PUGLIA-U181-DIR-2024-00029:area-state-transition,IT-DLGS-19-2021:Art.31(3):establish-demarcated-area,IT-DLGS-19-2021,31(3):establish-demarcated-area,HIGHER_AUTHORITY,RESOLVED_CANONICAL,"Complete declared dependency inventory with authority subset, external-only support and AST-use roles."
0e02fca04ffa5f85f77e,REG-PUGLIA-U181-DIR-2024-00029:area-state-transition:v1,REG-PUGLIA-U181-DIR-2024-00029:area-state-transition,PUG-LR4-2017:Art.3(2),PUG-LR4-2017,3(2),HIGHER_AUTHORITY,RESOLVED_CANONICAL,"Complete declared dependency inventory with authority subset, external-only support and AST-use roles."
5b7f2eb530fe1c483eff,REG-PUGLIA-U181-DIR-2024-00045:area-state-transition:v1,REG-PUGLIA-U181-DIR-2024-00045:area-state-transition,EU-2020-1201:4(1),EU-2020-1201,4(1),HIGHER_AUTHORITY,RESOLVED_ACCEPTED_EU,"Complete declared dependency inventory with authority subset, external-only support and AST-use roles."
d199f44d68cb4653c016,REG-PUGLIA-U181-DIR-2024-00045:area-state-transition:v1,REG-PUGLIA-U181-DIR-2024-00045:area-state-transition,EU-2020-1201:7(1),EU-2020-1201,7(1),HIGHER_AUTHORITY,RESOLVED_ACCEPTED_EU,"Complete declared dependency inventory with authority subset, external-only support and AST-use roles."
674ee6e974255d1acb03,REG-PUGLIA-U181-DIR-2024-00045:area-state-transition:v1,REG-PUGLIA-U181-DIR-2024-00045:area-state-transition,IT-DLGS-19-2021:Art.31(3):establish-demarcated-area,IT-DLGS-19-2021,31(3):establish-demarcated-area,HIGHER_AUTHORITY,RESOLVED_CANONICAL,"Complete declared dependency inventory with authority subset, external-only support and AST-use roles."
862a8770e6cf9e082af2,REG-PUGLIA-U181-DIR-2024-00045:area-state-transition:v1,REG-PUGLIA-U181-DIR-2024-00045:area-state-transition,PUG-LR4-2017:Art.3(2),PUG-LR4-2017,3(2),HIGHER_AUTHORITY,RESOLVED_CANONICAL,"Complete declared dependency inventory with authority subset, external-only support and AST-use roles."
751700b7518220eecdcc,REG-PUGLIA-U181-DIR-2024-00052:case-delta:st1-olive-nonmembership-boundary:v1,REG-PUGLIA-U181-DIR-2024-00052:case-delta:st1-olive-nonmembership-boundary,EU-2020-1201:1(c),EU-2020-1201,1(c),HIGHER_AUTHORITY,RESOLVED_ACCEPTED_EU,"Complete declared dependency inventory with authority subset, external-only support and AST-use roles."
60af54a78dba20630fdb,REG-PUGLIA-U181-DIR-2024-00052:case-delta:st1-olive-nonmembership-boundary:v1,REG-PUGLIA-U181-DIR-2024-00052:case-delta:st1-olive-nonmembership-boundary,EU-2020-1201:7(1),EU-2020-1201,7(1),HIGHER_AUTHORITY,RESOLVED_ACCEPTED_EU,"Complete declared dependency inventory with authority subset, external-only support and AST-use roles."
efbd5debac4f67b4c115,REG-PUGLIA-U181-DIR-2024-00052:case-delta:staged-article7-workload:v1,REG-PUGLIA-U181-DIR-2024-00052:case-delta:staged-article7-workload,EU-2020-1201:7(1),EU-2020-1201,7(1),HIGHER_AUTHORITY,RESOLVED_ACCEPTED_EU,"Complete declared dependency inventory with authority subset, external-only support and AST-use roles."
e0bb5b02d58320c93a1b,REG-PUGLIA-U181-DIR-2024-00052:case-delta:staged-article7-workload:v1,REG-PUGLIA-U181-DIR-2024-00052:case-delta:staged-article7-workload,REG-PUGLIA-U181-DIR-2024-00045:area-state-transition,REG-PUGLIA-U181-DIR-2024-00045,operative area decision,HIGHER_AUTHORITY,RESOLVED_CANONICAL,"Complete declared dependency inventory with authority subset, external-only support and AST-use roles."
848a79b38e0b7a46d67e,REG-PUGLIA-U181-DIR-2024-00091:area-state-transition:v1,REG-PUGLIA-U181-DIR-2024-00091:area-state-transition,EU-2020-1201:4(1),EU-2020-1201,4(1),HIGHER_AUTHORITY,RESOLVED_ACCEPTED_EU,"Complete declared dependency inventory with authority subset, external-only support and AST-use roles."
edf70924af3c6a6bdf6e,REG-PUGLIA-U181-DIR-2024-00091:area-state-transition:v1,REG-PUGLIA-U181-DIR-2024-00091:area-state-transition,EU-2020-1201:7(1),EU-2020-1201,7(1),HIGHER_AUTHORITY,RESOLVED_ACCEPTED_EU,"Complete declared dependency inventory with authority subset, external-only support and AST-use roles."
4f07c170533fe94a1206,REG-PUGLIA-U181-DIR-2024-00091:area-state-transition:v1,REG-PUGLIA-U181-DIR-2024-00091:area-state-transition,IT-DLGS-19-2021:Art.31(3):establish-demarcated-area,IT-DLGS-19-2021,31(3):establish-demarcated-area,HIGHER_AUTHORITY,RESOLVED_CANONICAL,"Complete declared dependency inventory with authority subset, external-only support and AST-use roles."
4fc98011ed47b219d6ae,REG-PUGLIA-U181-DIR-2024-00091:area-state-transition:v1,REG-PUGLIA-U181-DIR-2024-00091:area-state-transition,PUG-LR4-2017:Art.3(2),PUG-LR4-2017,3(2),HIGHER_AUTHORITY,RESOLVED_CANONICAL,"Complete declared dependency inventory with authority subset, external-only support and AST-use roles."
0b5844f9736f32d28f6d,REG-PUGLIA-U181-DIR-2024-00092:area-state-transition:v1,REG-PUGLIA-U181-DIR-2024-00092:area-state-transition,EU-2020-1201:4(1),EU-2020-1201,4(1),HIGHER_AUTHORITY,RESOLVED_ACCEPTED_EU,"Complete declared dependency inventory with authority subset, external-only support and AST-use roles."
6afd64a0a7c6cdd3df08,REG-PUGLIA-U181-DIR-2024-00092:area-state-transition:v1,REG-PUGLIA-U181-DIR-2024-00092:area-state-transition,EU-2020-1201:7(1),EU-2020-1201,7(1),HIGHER_AUTHORITY,RESOLVED_ACCEPTED_EU,"Complete declared dependency inventory with authority subset, external-only support and AST-use roles."
fb22ab45913013c24c87,REG-PUGLIA-U181-DIR-2024-00092:area-state-transition:v1,REG-PUGLIA-U181-DIR-2024-00092:area-state-transition,IT-DLGS-19-2021:Art.31(3):establish-demarcated-area,IT-DLGS-19-2021,31(3):establish-demarcated-area,HIGHER_AUTHORITY,RESOLVED_CANONICAL,"Complete declared dependency inventory with authority subset, external-only support and AST-use roles."
7823bfcd01334d6d88cc,REG-PUGLIA-U181-DIR-2024-00092:area-state-transition:v1,REG-PUGLIA-U181-DIR-2024-00092:area-state-transition,PUG-LR4-2017:Art.3(2),PUG-LR4-2017,3(2),HIGHER_AUTHORITY,RESOLVED_CANONICAL,"Complete declared dependency inventory with authority subset, external-only support and AST-use roles."
f4fca8944351d74c65ce,REG-PUGLIA-U181-DIR-2024-00093:area-state-transition:v1,REG-PUGLIA-U181-DIR-2024-00093:area-state-transition,EU-2020-1201:4(1),EU-2020-1201,4(1),HIGHER_AUTHORITY,RESOLVED_ACCEPTED_EU,"Complete declared dependency inventory with authority subset, external-only support and AST-use roles."
ecc62e79a48eb0428b82,REG-PUGLIA-U181-DIR-2024-00093:area-state-transition:v1,REG-PUGLIA-U181-DIR-2024-00093:area-state-transition,EU-2020-1201:7(1),EU-2020-1201,7(1),HIGHER_AUTHORITY,RESOLVED_ACCEPTED_EU,"Complete declared dependency inventory with authority subset, external-only support and AST-use roles."
a448e36d2c9cdc29d631,REG-PUGLIA-U181-DIR-2024-00093:area-state-transition:v1,REG-PUGLIA-U181-DIR-2024-00093:area-state-transition,IT-DLGS-19-2021:Art.31(3):establish-demarcated-area,IT-DLGS-19-2021,31(3):establish-demarcated-area,HIGHER_AUTHORITY,RESOLVED_CANONICAL,"Complete declared dependency inventory with authority subset, external-only support and AST-use roles."
3084d163827a61645360,REG-PUGLIA-U181-DIR-2024-00093:area-state-transition:v1,REG-PUGLIA-U181-DIR-2024-00093:area-state-transition,PUG-LR4-2017:Art.3(2),PUG-LR4-2017,3(2),HIGHER_AUTHORITY,RESOLVED_CANONICAL,"Complete declared dependency inventory with authority subset, external-only support and AST-use roles."
d161663f6818f47710e8,REG-PUGLIA-U181-DIR-2024-00094:area-state-transition:v1,REG-PUGLIA-U181-DIR-2024-00094:area-state-transition,EU-2020-1201:4(1),EU-2020-1201,4(1),HIGHER_AUTHORITY,RESOLVED_ACCEPTED_EU,"Complete declared dependency inventory with authority subset, external-only support and AST-use roles."
1535389e34200f505aaf,REG-PUGLIA-U181-DIR-2024-00094:area-state-transition:v1,REG-PUGLIA-U181-DIR-2024-00094:area-state-transition,EU-2020-1201:7(1),EU-2020-1201,7(1),HIGHER_AUTHORITY,RESOLVED_ACCEPTED_EU,"Complete declared dependency inventory with authority subset, external-only support and AST-use roles."
8995170de78512c1d2be,REG-PUGLIA-U181-DIR-2024-00094:area-state-transition:v1,REG-PUGLIA-U181-DIR-2024-00094:area-state-transition,IT-DLGS-19-2021:Art.31(3):establish-demarcated-area,IT-DLGS-19-2021,31(3):establish-demarcated-area,HIGHER_AUTHORITY,RESOLVED_CANONICAL,"Complete declared dependency inventory with authority subset, external-only support and AST-use roles."
3e3dd8756ff8457ec6f2,REG-PUGLIA-U181-DIR-2024-00094:area-state-transition:v1,REG-PUGLIA-U181-DIR-2024-00094:area-state-transition,PUG-LR4-2017:Art.3(2),PUG-LR4-2017,3(2),HIGHER_AUTHORITY,RESOLVED_CANONICAL,"Complete declared dependency inventory with authority subset, external-only support and AST-use roles."
9e46d3453761be468852,REG-PUGLIA-U181-DIR-2024-00138:case-delta:post-m5-stale-article7-text:v1,REG-PUGLIA-U181-DIR-2024-00138:case-delta:post-m5-stale-article7-text,EU-2020-1201:7(1),EU-2020-1201,7(1),HIGHER_AUTHORITY,RESOLVED_ACCEPTED_EU,"Complete declared dependency inventory with authority subset, external-only support and AST-use roles."
37c9a688f6922215ff4e,REG-PUGLIA-U181-DIR-2024-00148:area-state-transition:unresolved-v1,REG-PUGLIA-U181-DIR-2024-00148:area-state-transition,EU-2020-1201:4(1),EU-2020-1201,4(1),HIGHER_AUTHORITY,RESOLVED_ACCEPTED_EU,"Complete declared dependency inventory with authority subset, external-only support and AST-use roles."
2ea37670da11d5a5432d,REG-PUGLIA-U181-DIR-2024-00148:area-state-transition:unresolved-v1,REG-PUGLIA-U181-DIR-2024-00148:area-state-transition,EU-2020-1201:7(1),EU-2020-1201,7(1),HIGHER_AUTHORITY,RESOLVED_ACCEPTED_EU,"Complete declared dependency inventory with authority subset, external-only support and AST-use roles."
7d3c72c4d50b765dc44d,REG-PUGLIA-U181-DIR-2024-00148:area-state-transition:unresolved-v1,REG-PUGLIA-U181-DIR-2024-00148:area-state-transition,IT-DLGS-19-2021:Art.31(3):establish-demarcated-area,IT-DLGS-19-2021,31(3):establish-demarcated-area,HIGHER_AUTHORITY,RESOLVED_CANONICAL,"Complete declared dependency inventory with authority subset, external-only support and AST-use roles."
0f7b9753b0fae423bfe4,REG-PUGLIA-U181-DIR-2024-00148:area-state-transition:unresolved-v1,REG-PUGLIA-U181-DIR-2024-00148:area-state-transition,PUG-LR4-2017:Art.3(2),PUG-LR4-2017,3(2),HIGHER_AUTHORITY,RESOLVED_CANONICAL,"Complete declared dependency inventory with authority subset, external-only support and AST-use roles."
48c9cd945b13cf069cbe,REG-PUGLIA-U181-DIR-2024-00151:case-delta:post-m5-stale-article7-text:v1,REG-PUGLIA-U181-DIR-2024-00151:case-delta:post-m5-stale-article7-text,EU-2020-1201:7(1),EU-2020-1201,7(1),HIGHER_AUTHORITY,RESOLVED_ACCEPTED_EU,"Complete declared dependency inventory with authority subset, external-only support and AST-use roles."
8d213f033ba27aa3fdb6,REG-PUGLIA-U181-DIR-2024-00158:area-state-transition:v1,REG-PUGLIA-U181-DIR-2024-00158:area-state-transition,EU-2020-1201:12,EU-2020-1201,12,HIGHER_AUTHORITY,RESOLVED_ACCEPTED_EU,"Complete declared dependency inventory with authority subset, external-only support and AST-use roles."
953c67648cd9c31b597d,REG-PUGLIA-U181-DIR-2024-00158:area-state-transition:v1,REG-PUGLIA-U181-DIR-2024-00158:area-state-transition,EU-2020-1201:15(2),EU-2020-1201,15(2),HIGHER_AUTHORITY,RESOLVED_ACCEPTED_EU,"Complete declared dependency inventory with authority subset, external-only support and AST-use roles."
24f1a25f0f7075f35cb3,REG-PUGLIA-U181-DIR-2024-00158:area-state-transition:v1,REG-PUGLIA-U181-DIR-2024-00158:area-state-transition,EU-2020-1201:4(1),EU-2020-1201,4(1),HIGHER_AUTHORITY,RESOLVED_ACCEPTED_EU,"Complete declared dependency inventory with authority subset, external-only support and AST-use roles."
303f9b2ad3733331fd31,REG-PUGLIA-U181-DIR-2024-00158:area-state-transition:v1,REG-PUGLIA-U181-DIR-2024-00158:area-state-transition,IT-DLGS-19-2021:Art.31(5):committee-action-plan-approval,IT-DLGS-19-2021,31(5):committee-action-plan-approval,HIGHER_AUTHORITY,RESOLVED_CANONICAL,"Complete declared dependency inventory with authority subset, external-only support and AST-use roles."
033bfb1e63c09d40dc5c,REG-PUGLIA-U181-DIR-2024-00158:area-state-transition:v1,REG-PUGLIA-U181-DIR-2024-00158:area-state-transition,IT-DLGS-19-2021:Art.31(6):adopt-action-plan,IT-DLGS-19-2021,31(6):adopt-action-plan,HIGHER_AUTHORITY,RESOLVED_CANONICAL,"Complete declared dependency inventory with authority subset, external-only support and AST-use roles."
c06895d497d3a755268b,REG-PUGLIA-U181-DIR-2024-00158:area-state-transition:v1,REG-PUGLIA-U181-DIR-2024-00158:area-state-transition,PUG-LR4-2017:Art.3(2),PUG-LR4-2017,3(2),HIGHER_AUTHORITY,RESOLVED_CANONICAL,"Complete declared dependency inventory with authority subset, external-only support and AST-use roles."
58e07ec265a1146c1a14,REG-PUGLIA-U181-DIR-2024-00158:containment-selection:v1,REG-PUGLIA-U181-DIR-2024-00158:containment-selection,EU-2020-1201:12,EU-2020-1201,12,HIGHER_AUTHORITY,RESOLVED_ACCEPTED_EU,"Complete declared dependency inventory with authority subset, external-only support and AST-use roles."
3966c40d86ed3f72b0a2,REG-PUGLIA-U181-DIR-2024-00158:containment-selection:v1,REG-PUGLIA-U181-DIR-2024-00158:containment-selection,IT-DLGS-19-2021:Art.31(5):committee-action-plan-approval,IT-DLGS-19-2021,31(5):committee-action-plan-approval,HIGHER_AUTHORITY,RESOLVED_CANONICAL,"Complete declared dependency inventory with authority subset, external-only support and AST-use roles."
ca777e4a686cf08df1e3,REG-PUGLIA-U181-DIR-2024-00158:containment-selection:v1,REG-PUGLIA-U181-DIR-2024-00158:containment-selection,IT-DLGS-19-2021:Art.31(6):adopt-action-plan,IT-DLGS-19-2021,31(6):adopt-action-plan,HIGHER_AUTHORITY,RESOLVED_CANONICAL,"Complete declared dependency inventory with authority subset, external-only support and AST-use roles."
7d9e5d0d7d1429f34086,REG-PUGLIA-U181-DIR-2024-00158:containment-selection:v1,REG-PUGLIA-U181-DIR-2024-00158:containment-selection,PUG-LR4-2017:Art.6(1),PUG-LR4-2017,Art.6(1),HIGHER_AUTHORITY,RESOLVED_CANONICAL,"Complete declared dependency inventory with authority subset, external-only support and AST-use roles."
10e57638670adc0deb95,REG-PUGLIA-U181-DIR-2024-00158:containment-selection:v1,REG-PUGLIA-U181-DIR-2024-00158:containment-selection,REG-PUGLIA-U181-DIR-2024-00158:area-state-transition,REG-PUGLIA-U181-DIR-2024-00158,operative area decision,HIGHER_AUTHORITY+AST_PROVISION_REF,RESOLVED_CANONICAL,"Complete declared dependency inventory with authority subset, external-only support and AST-use roles."
9f4d14e56a116ae8bd0d,REG-PUGLIA-U181-DIR-2024-00165:case-delta:annex-only-municipality-correction:v1,REG-PUGLIA-U181-DIR-2024-00165:case-delta:annex-only-municipality-correction,EU-2020-1201:7(1),EU-2020-1201,7(1),HIGHER_AUTHORITY,RESOLVED_ACCEPTED_EU,"Complete declared dependency inventory with authority subset, external-only support and AST-use roles."
76fde99d485d8c712408,REG-PUGLIA-U181-DIR-2024-00165:case-delta:annex-only-municipality-correction:v1,REG-PUGLIA-U181-DIR-2024-00165:case-delta:annex-only-municipality-correction,REG-PUGLIA-U181-DIR-2024-00148:area-state-transition,REG-PUGLIA-U181-DIR-2024-00148,operative area decision,HIGHER_AUTHORITY,RESOLVED_CANONICAL,"Complete declared dependency inventory with authority subset, external-only support and AST-use roles."
19e968ab87a95ac5cbe5,REG-PUGLIA-U181-DIR-2024-00188:case-delta:deferred-50m-workload-completion:v1,REG-PUGLIA-U181-DIR-2024-00188:case-delta:deferred-50m-workload-completion,EU-2020-1201:7(1),EU-2020-1201,7(1),HIGHER_AUTHORITY,RESOLVED_ACCEPTED_EU,"Complete declared dependency inventory with authority subset, external-only support and AST-use roles."
fb87425e7152844348d1,REG-PUGLIA-U181-DIR-2024-00188:case-delta:deferred-50m-workload-completion:v1,REG-PUGLIA-U181-DIR-2024-00188:case-delta:deferred-50m-workload-completion,REG-PUGLIA-U181-DIR-2024-00052:case-delta:staged-article7-workload,REG-PUGLIA-U181-DIR-2024-00052,case operative delta,HIGHER_AUTHORITY,RESOLVED_CANONICAL,"Complete declared dependency inventory with authority subset, external-only support and AST-use roles."
49cf4e1c2ff00c47f9f6,REG-PUGLIA-U181-DIR-2024-00198:area-state-transition:v1,REG-PUGLIA-U181-DIR-2024-00198:area-state-transition,EU-2020-1201:4(1),EU-2020-1201,4(1),HIGHER_AUTHORITY,RESOLVED_ACCEPTED_EU,"Complete declared dependency inventory with authority subset, external-only support and AST-use roles."
763f257cbe5ba7117c54,REG-PUGLIA-U181-DIR-2024-00198:area-state-transition:v1,REG-PUGLIA-U181-DIR-2024-00198:area-state-transition,EU-2020-1201:7(1),EU-2020-1201,7(1),HIGHER_AUTHORITY,RESOLVED_ACCEPTED_EU,"Complete declared dependency inventory with authority subset, external-only support and AST-use roles."
c7d9c1bfa620edb8f940,REG-PUGLIA-U181-DIR-2024-00198:area-state-transition:v1,REG-PUGLIA-U181-DIR-2024-00198:area-state-transition,IT-DLGS-19-2021:Art.31(3):establish-demarcated-area,IT-DLGS-19-2021,31(3):establish-demarcated-area,HIGHER_AUTHORITY,RESOLVED_CANONICAL,"Complete declared dependency inventory with authority subset, external-only support and AST-use roles."
a4646a610983c2514fc1,REG-PUGLIA-U181-DIR-2024-00198:area-state-transition:v1,REG-PUGLIA-U181-DIR-2024-00198:area-state-transition,PUG-LR4-2017:Art.3(2),PUG-LR4-2017,3(2),HIGHER_AUTHORITY,RESOLVED_CANONICAL,"Complete declared dependency inventory with authority subset, external-only support and AST-use roles."
fd1f04e6951141788d5a,REG-PUGLIA-U181-DIR-2025-00011:case-delta:ownership-correction:v1,REG-PUGLIA-U181-DIR-2025-00011:case-delta:ownership-correction,EU-2020-1201:7(1),EU-2020-1201,7(1),HIGHER_AUTHORITY,RESOLVED_ACCEPTED_EU,"Complete declared dependency inventory with authority subset, external-only support and AST-use roles."
c4f66cc00d5dc90a2cd7,REG-PUGLIA-U181-DIR-2025-00011:case-delta:ownership-correction:v1,REG-PUGLIA-U181-DIR-2025-00011:case-delta:ownership-correction,PUG-DGR1593-2024:notice-owner-identification,PUG-DGR1593-2024,plan owner-notification procedure,HIGHER_AUTHORITY,RESOLVED_CANONICAL,"Complete declared dependency inventory with authority subset, external-only support and AST-use roles."
d1a32ddb127e13051d71,REG-PUGLIA-U181-DIR-2025-00011:case-delta:three-day-owner-change-report:v1,REG-PUGLIA-U181-DIR-2025-00011:case-delta:three-day-owner-change-report,PUG-DGR1593-2024:notice-owner-election,PUG-DGR1593-2024,plan owner-notification procedure,HIGHER_AUTHORITY,RESOLVED_CANONICAL,"Complete declared dependency inventory with authority subset, external-only support and AST-use roles."
22e55e21fd4b8eb0724a,REG-PUGLIA-U181-DIR-2025-00045:area-act-before-gis:v1,REG-PUGLIA-U181-DIR-2025-00045:area-act-before-gis,EU-2020-1201:4(1),EU-2020-1201,4(1),HIGHER_AUTHORITY,RESOLVED_ACCEPTED_EU,"Complete declared dependency inventory with authority subset, external-only support and AST-use roles."
169010de8e8087bf20af,REG-PUGLIA-U181-DIR-2025-00045:area-act-before-gis:v1,REG-PUGLIA-U181-DIR-2025-00045:area-act-before-gis,IT-DLGS-19-2021:Art.31(3):establish-demarcated-area,IT-DLGS-19-2021,31(3):establish-demarcated-area,HIGHER_AUTHORITY,RESOLVED_CANONICAL,"Complete declared dependency inventory with authority subset, external-only support and AST-use roles."
cab40fb9e674420ed81c,REG-PUGLIA-U181-DIR-2025-00045:asparagus-non-sampling-conflict:v1,REG-PUGLIA-U181-DIR-2025-00045:asparagus-non-sampling-conflict,EU-2020-1201:1(b),EU-2020-1201,1(b),HIGHER_AUTHORITY,RESOLVED_ACCEPTED_EU,"Complete declared dependency inventory with authority subset, external-only support and AST-use roles."
d273781f1436e5b0af4d,REG-PUGLIA-U181-DIR-2025-00045:asparagus-non-sampling-conflict:v1,REG-PUGLIA-U181-DIR-2025-00045:asparagus-non-sampling-conflict,EU-2020-1201:1(c),EU-2020-1201,1(c),HIGHER_AUTHORITY,RESOLVED_ACCEPTED_EU,"Complete declared dependency inventory with authority subset, external-only support and AST-use roles."
807ac3fde620a740e2b7,REG-PUGLIA-U181-DIR-2025-00045:asparagus-non-sampling-conflict:v1,REG-PUGLIA-U181-DIR-2025-00045:asparagus-non-sampling-conflict,EU-2020-1201:2(1),EU-2020-1201,2(1),HIGHER_AUTHORITY,RESOLVED_ACCEPTED_EU,"Complete declared dependency inventory with authority subset, external-only support and AST-use roles."
17d7a283f4996d61a9a8,REG-PUGLIA-U181-DIR-2025-00045:asparagus-non-sampling-conflict:v1,REG-PUGLIA-U181-DIR-2025-00045:asparagus-non-sampling-conflict,EU-2020-1201:2(4),EU-2020-1201,2(4),HIGHER_AUTHORITY,RESOLVED_ACCEPTED_EU,"Complete declared dependency inventory with authority subset, external-only support and AST-use roles."
cbf68a53a555260f54e8,REG-PUGLIA-U181-DIR-2025-00045:containment-execution-evidence:v1,REG-PUGLIA-U181-DIR-2025-00045:containment-execution-evidence,EU-2020-1201:16(1),EU-2020-1201,16(1),HIGHER_AUTHORITY,RESOLVED_ACCEPTED_EU,"Complete declared dependency inventory with authority subset, external-only support and AST-use roles."
d6e01347de66727ce5e3,REG-PUGLIA-U181-DIR-2025-00045:containment-execution-evidence:v1,REG-PUGLIA-U181-DIR-2025-00045:containment-execution-evidence,IT-DLGS-19-2021:Art.20(1):assistant-identity,IT-DLGS-19-2021,Art.20(1),HIGHER_AUTHORITY,RESOLVED_CANONICAL,"Complete declared dependency inventory with authority subset, external-only support and AST-use roles."
5f5d25cefbbb80f0b581,REG-PUGLIA-U181-DIR-2025-00045:containment-execution-evidence:v1,REG-PUGLIA-U181-DIR-2025-00045:containment-execution-evidence,IT-DLGS-19-2021:Art.20(2):appointment-register,IT-DLGS-19-2021,Art.20(2),HIGHER_AUTHORITY,RESOLVED_CANONICAL,"Complete declared dependency inventory with authority subset, external-only support and AST-use roles."
ce4a781ede596cfecfb5,REG-PUGLIA-U181-DIR-2025-00045:containment-execution-evidence:v1,REG-PUGLIA-U181-DIR-2025-00045:containment-execution-evidence,IT-DLGS-19-2021:Art.20(3):activity-limits,IT-DLGS-19-2021,Art.20(3),HIGHER_AUTHORITY,RESOLVED_CANONICAL,"Complete declared dependency inventory with authority subset, external-only support and AST-use roles."
5ccca4c02f8064935a15,REG-PUGLIA-U181-DIR-2025-00045:containment-execution-evidence:v1,REG-PUGLIA-U181-DIR-2025-00045:containment-execution-evidence,IT-DLGS-19-2021:Art.20(4):express-assignment,IT-DLGS-19-2021,Art.20(4),HIGHER_AUTHORITY,RESOLVED_CANONICAL,"Complete declared dependency inventory with authority subset, external-only support and AST-use roles."
b204a07b83f349853d12,REG-PUGLIA-U181-DIR-2025-00045:containment-execution-evidence:v1,REG-PUGLIA-U181-DIR-2025-00045:containment-execution-evidence,IT-DLGS-19-2021:Art.20(5):proposal-not-decision,IT-DLGS-19-2021,Art.20(5),HIGHER_AUTHORITY,RESOLVED_CANONICAL,"Complete declared dependency inventory with authority subset, external-only support and AST-use roles."
374f31aa1d98b346b81e,REG-PUGLIA-U181-DIR-2025-00045:containment-execution-evidence:v1,REG-PUGLIA-U181-DIR-2025-00045:containment-execution-evidence,IT-DLGS-19-2021:Art.24:register-current-status,IT-DLGS-19-2021,Art.24(1)-(5),HIGHER_AUTHORITY,RESOLVED_CANONICAL,"Complete declared dependency inventory with authority subset, external-only support and AST-use roles."
628f74641c2c7dfd9b0d,REG-PUGLIA-U181-DIR-2025-00045:containment-execution-evidence:v1,REG-PUGLIA-U181-DIR-2025-00045:containment-execution-evidence,IT-DLGS-19-2021:Art.32(3):primary-implementation,IT-DLGS-19-2021,32(3):primary-implementation,HIGHER_AUTHORITY,RESOLVED_CANONICAL,"Complete declared dependency inventory with authority subset, external-only support and AST-use roles."
20ec9f3d49c108558f99,REG-PUGLIA-U181-DIR-2025-00045:containment-execution-evidence:v1,REG-PUGLIA-U181-DIR-2025-00045:containment-execution-evidence,PUG-LR4-2017:Art.6(1),PUG-LR4-2017,Art.6(1),HIGHER_AUTHORITY,RESOLVED_CANONICAL,"Complete declared dependency inventory with authority subset, external-only support and AST-use roles."
e97005516fe2b3322581,REG-PUGLIA-U181-DIR-2025-00045:containment-execution-verification:v1,REG-PUGLIA-U181-DIR-2025-00045:containment-execution-verification,EU-2020-1201:13(1),EU-2020-1201,13(1),HIGHER_AUTHORITY+AST_PROVISION_REF,RESOLVED_ACCEPTED_EU,"Complete declared dependency inventory with authority subset, external-only support and AST-use roles."
651b2b62f36e7cddc157,REG-PUGLIA-U181-DIR-2025-00045:containment-execution-verification:v1,REG-PUGLIA-U181-DIR-2025-00045:containment-execution-verification,EU-2020-1201:16(1),EU-2020-1201,16(1),HIGHER_AUTHORITY+AST_PROVISION_REF,RESOLVED_ACCEPTED_EU,"Complete declared dependency inventory with authority subset, external-only support and AST-use roles."
702e90dc601a37b9f47b,REG-PUGLIA-U181-DIR-2025-00045:containment-execution-verification:v1,REG-PUGLIA-U181-DIR-2025-00045:containment-execution-verification,IT-DLGS-19-2021:Art.20(1):assistant-identity,IT-DLGS-19-2021,Art.20(1),HIGHER_AUTHORITY,RESOLVED_CANONICAL,"Complete declared dependency inventory with authority subset, external-only support and AST-use roles."
3eefbb0e1899c64fe3e3,REG-PUGLIA-U181-DIR-2025-00045:containment-execution-verification:v1,REG-PUGLIA-U181-DIR-2025-00045:containment-execution-verification,IT-DLGS-19-2021:Art.20(2):appointment-register,IT-DLGS-19-2021,Art.20(2),HIGHER_AUTHORITY,RESOLVED_CANONICAL,"Complete declared dependency inventory with authority subset, external-only support and AST-use roles."
3926e177744046d20622,REG-PUGLIA-U181-DIR-2025-00045:containment-execution-verification:v1,REG-PUGLIA-U181-DIR-2025-00045:containment-execution-verification,IT-DLGS-19-2021:Art.20(3):activity-limits,IT-DLGS-19-2021,Art.20(3),HIGHER_AUTHORITY,RESOLVED_CANONICAL,"Complete declared dependency inventory with authority subset, external-only support and AST-use roles."
6d50e2d20e96657f04a5,REG-PUGLIA-U181-DIR-2025-00045:containment-execution-verification:v1,REG-PUGLIA-U181-DIR-2025-00045:containment-execution-verification,IT-DLGS-19-2021:Art.20(4):express-assignment,IT-DLGS-19-2021,Art.20(4),HIGHER_AUTHORITY,RESOLVED_CANONICAL,"Complete declared dependency inventory with authority subset, external-only support and AST-use roles."
163b74f789c9dfc80be2,REG-PUGLIA-U181-DIR-2025-00045:containment-execution-verification:v1,REG-PUGLIA-U181-DIR-2025-00045:containment-execution-verification,IT-DLGS-19-2021:Art.20(5):proposal-not-decision,IT-DLGS-19-2021,Art.20(5),HIGHER_AUTHORITY,RESOLVED_CANONICAL,"Complete declared dependency inventory with authority subset, external-only support and AST-use roles."
3c624c490fd9e9fc6944,REG-PUGLIA-U181-DIR-2025-00045:containment-execution-verification:v1,REG-PUGLIA-U181-DIR-2025-00045:containment-execution-verification,IT-DLGS-19-2021:Art.24:register-current-status,IT-DLGS-19-2021,Art.24(1)-(5),HIGHER_AUTHORITY,RESOLVED_CANONICAL,"Complete declared dependency inventory with authority subset, external-only support and AST-use roles."
c9681afb1168d6776266,REG-PUGLIA-U181-DIR-2025-00045:containment-execution-verification:v1,REG-PUGLIA-U181-DIR-2025-00045:containment-execution-verification,PUG-LR4-2017:Art.6(1),PUG-LR4-2017,Art.6(1),HIGHER_AUTHORITY,RESOLVED_CANONICAL,"Complete declared dependency inventory with authority subset, external-only support and AST-use roles."
73d1bed655c956531197,REG-PUGLIA-U181-DIR-2025-00045:containment-removal-population-support:v1,REG-PUGLIA-U181-DIR-2025-00045:containment-removal-population-support,EU-2020-1201:13(1),EU-2020-1201,13(1),HIGHER_AUTHORITY+AST_PROVISION_REF,RESOLVED_ACCEPTED_EU,"Complete declared dependency inventory with authority subset, external-only support and AST-use roles."
7497b5250b3da43734c2,REG-PUGLIA-U181-DIR-2025-00045:containment-removal-population-support:v1,REG-PUGLIA-U181-DIR-2025-00045:containment-removal-population-support,IT-DLGS-19-2021:Art.20(1):assistant-identity,IT-DLGS-19-2021,Art.20(1),HIGHER_AUTHORITY,RESOLVED_CANONICAL,"Complete declared dependency inventory with authority subset, external-only support and AST-use roles."
158e71f9298dc19458ce,REG-PUGLIA-U181-DIR-2025-00045:containment-removal-population-support:v1,REG-PUGLIA-U181-DIR-2025-00045:containment-removal-population-support,IT-DLGS-19-2021:Art.20(2):appointment-register,IT-DLGS-19-2021,Art.20(2),HIGHER_AUTHORITY,RESOLVED_CANONICAL,"Complete declared dependency inventory with authority subset, external-only support and AST-use roles."
8950865f72bea6734ccf,REG-PUGLIA-U181-DIR-2025-00045:containment-removal-population-support:v1,REG-PUGLIA-U181-DIR-2025-00045:containment-removal-population-support,IT-DLGS-19-2021:Art.20(3):activity-limits,IT-DLGS-19-2021,Art.20(3),HIGHER_AUTHORITY,RESOLVED_CANONICAL,"Complete declared dependency inventory with authority subset, external-only support and AST-use roles."
3628bc860da272112ab3,REG-PUGLIA-U181-DIR-2025-00045:containment-removal-population-support:v1,REG-PUGLIA-U181-DIR-2025-00045:containment-removal-population-support,IT-DLGS-19-2021:Art.20(4):express-assignment,IT-DLGS-19-2021,Art.20(4),HIGHER_AUTHORITY,RESOLVED_CANONICAL,"Complete declared dependency inventory with authority subset, external-only support and AST-use roles."
ff434fe26218cf7bbdff,REG-PUGLIA-U181-DIR-2025-00045:containment-removal-population-support:v1,REG-PUGLIA-U181-DIR-2025-00045:containment-removal-population-support,IT-DLGS-19-2021:Art.20(5):proposal-not-decision,IT-DLGS-19-2021,Art.20(5),HIGHER_AUTHORITY,RESOLVED_CANONICAL,"Complete declared dependency inventory with authority subset, external-only support and AST-use roles."
bfc70e774e1ce21e60b6,REG-PUGLIA-U181-DIR-2025-00045:containment-removal-population-support:v1,REG-PUGLIA-U181-DIR-2025-00045:containment-removal-population-support,IT-DLGS-19-2021:Art.24:register-current-status,IT-DLGS-19-2021,Art.24(1)-(5),HIGHER_AUTHORITY,RESOLVED_CANONICAL,"Complete declared dependency inventory with authority subset, external-only support and AST-use roles."
8dbc034732ea0e1e91b3,REG-PUGLIA-U181-DIR-2025-00045:containment-removal-population-support:v1,REG-PUGLIA-U181-DIR-2025-00045:containment-removal-population-support,PUG-LR4-2017:Art.6(1),PUG-LR4-2017,Art.6(1),HIGHER_AUTHORITY,RESOLVED_CANONICAL,"Complete declared dependency inventory with authority subset, external-only support and AST-use roles."
252e84a027e9b0a36439,REG-PUGLIA-U181-DIR-2025-00045:containment-root-wood-completion:v1,REG-PUGLIA-U181-DIR-2025-00045:containment-root-wood-completion,EU-2020-1201:14(1),EU-2020-1201,14(1),HIGHER_AUTHORITY+AST_PROVISION_REF,RESOLVED_ACCEPTED_EU,"Complete declared dependency inventory with authority subset, external-only support and AST-use roles."
886dd97f3cc77123ae0c,REG-PUGLIA-U181-DIR-2025-00045:containment-root-wood-completion:v1,REG-PUGLIA-U181-DIR-2025-00045:containment-root-wood-completion,EU-2020-1201:16(1),EU-2020-1201,16(1),HIGHER_AUTHORITY+AST_PROVISION_REF,RESOLVED_ACCEPTED_EU,"Complete declared dependency inventory with authority subset, external-only support and AST-use roles."
00fe3aa216fa044c13d0,REG-PUGLIA-U181-DIR-2025-00045:containment-root-wood-completion:v1,REG-PUGLIA-U181-DIR-2025-00045:containment-root-wood-completion,EU-2020-1201:16(2),EU-2020-1201,16(2),HIGHER_AUTHORITY,RESOLVED_ACCEPTED_EU,"Complete declared dependency inventory with authority subset, external-only support and AST-use roles."
d94f8e09e27ea4801df1,REG-PUGLIA-U181-DIR-2025-00045:containment-root-wood-completion:v1,REG-PUGLIA-U181-DIR-2025-00045:containment-root-wood-completion,EU-2020-1201:16(3),EU-2020-1201,16(3),HIGHER_AUTHORITY,RESOLVED_ACCEPTED_EU,"Complete declared dependency inventory with authority subset, external-only support and AST-use roles."
b0f247682ba4b8205dc4,REG-PUGLIA-U181-DIR-2025-00045:containment-root-wood-completion:v1,REG-PUGLIA-U181-DIR-2025-00045:containment-root-wood-completion,IT-DLGS-19-2021:Art.6(3)(o),IT-DLGS-19-2021,6(3)(o),HIGHER_AUTHORITY,RESOLVED_CANONICAL,"Complete declared dependency inventory with authority subset, external-only support and AST-use roles."
83d514b2749458c4b2b8,REG-PUGLIA-U181-DIR-2025-00045:containment-root-wood-completion:v1,REG-PUGLIA-U181-DIR-2025-00045:containment-root-wood-completion,PUG-LR4-2017:Art.6(1),PUG-LR4-2017,Art.6(1),HIGHER_AUTHORITY,RESOLVED_CANONICAL,"Complete declared dependency inventory with authority subset, external-only support and AST-use roles."
e03eed0bc80567484652,REG-PUGLIA-U181-DIR-2025-00045:containment-treatment-removal-sequence:v1,REG-PUGLIA-U181-DIR-2025-00045:containment-treatment-removal-sequence,EU-2020-1201:13(1),EU-2020-1201,13(1),HIGHER_AUTHORITY,RESOLVED_ACCEPTED_EU,"Complete declared dependency inventory with authority subset, external-only support and AST-use roles."
c589687690c4a62b4a4a,REG-PUGLIA-U181-DIR-2025-00045:containment-treatment-removal-sequence:v1,REG-PUGLIA-U181-DIR-2025-00045:containment-treatment-removal-sequence,EU-2020-1201:14(1),EU-2020-1201,14(1),HIGHER_AUTHORITY,RESOLVED_ACCEPTED_EU,"Complete declared dependency inventory with authority subset, external-only support and AST-use roles."
4bb19ab1109d870e489b,REG-PUGLIA-U181-DIR-2025-00045:containment-treatment-removal-sequence:v1,REG-PUGLIA-U181-DIR-2025-00045:containment-treatment-removal-sequence,EU-2020-1201:15(2),EU-2020-1201,15(2),HIGHER_AUTHORITY,RESOLVED_ACCEPTED_EU,"Complete declared dependency inventory with authority subset, external-only support and AST-use roles."
2a21ece3ded50609ead6,REG-PUGLIA-U181-DIR-2025-00045:containment-treatment-removal-sequence:v1,REG-PUGLIA-U181-DIR-2025-00045:containment-treatment-removal-sequence,PUG-LR4-2017:Art.6(1),PUG-LR4-2017,Art.6(1),HIGHER_AUTHORITY,RESOLVED_CANONICAL,"Complete declared dependency inventory with authority subset, external-only support and AST-use roles."
c40879e6948ba38963ff,REG-PUGLIA-U181-DIR-2025-00045:cq-analytical-result-classification:v1,REG-PUGLIA-U181-DIR-2025-00045:cq-analytical-result-classification,EU-2020-1201:2(6),EU-2020-1201,2(6),HIGHER_AUTHORITY,RESOLVED_ACCEPTED_EU,"Complete declared dependency inventory with authority subset, external-only support and AST-use roles."
af66b184b165a30c2523,REG-PUGLIA-U181-DIR-2025-00045:cq-analytical-result-classification:v1,REG-PUGLIA-U181-DIR-2025-00045:cq-analytical-result-classification,IT-DLGS-19-2021:Art.28(3),IT-DLGS-19-2021,28(3),HIGHER_AUTHORITY,RESOLVED_CANONICAL,"Complete declared dependency inventory with authority subset, external-only support and AST-use roles."
cd19cfae02bc512c1897,REG-PUGLIA-U181-DIR-2025-00045:doubtful-result-route:v1,REG-PUGLIA-U181-DIR-2025-00045:doubtful-result-route,EU-2020-1201:2(6),EU-2020-1201,2(6),HIGHER_AUTHORITY,RESOLVED_ACCEPTED_EU,"Complete declared dependency inventory with authority subset, external-only support and AST-use roles."
e87a474375236ff7d738,REG-PUGLIA-U181-DIR-2025-00045:doubtful-result-route:v1,REG-PUGLIA-U181-DIR-2025-00045:doubtful-result-route,IT-DLGS-19-2021:Art.28(3),IT-DLGS-19-2021,28(3),HIGHER_AUTHORITY,RESOLVED_CANONICAL,"Complete declared dependency inventory with authority subset, external-only support and AST-use roles."
5d6b21242b417feab764,REG-PUGLIA-U181-DIR-2025-00045:doubtful-result-route:v1,REG-PUGLIA-U181-DIR-2025-00045:doubtful-result-route,REG-PUGLIA-U181-DIR-2025-00045:cq-analytical-result-classification,REG-PUGLIA-U181-DIR-2025-00045,Cq analytical classification,HIGHER_AUTHORITY+AST_PROVISION_REF,RESOLVED_CANONICAL,"Complete declared dependency inventory with authority subset, external-only support and AST-use roles."
24f0ba5a1a615a16c8a0,REG-PUGLIA-U181-DIR-2025-00045:eradication-execution-verification:v1,REG-PUGLIA-U181-DIR-2025-00045:eradication-execution-verification,EU-2020-1201:7(1),EU-2020-1201,7(1),HIGHER_AUTHORITY+AST_PROVISION_REF,RESOLVED_ACCEPTED_EU,"Complete declared dependency inventory with authority subset, external-only support and AST-use roles."
c24557d2fd432bb45550,REG-PUGLIA-U181-DIR-2025-00045:eradication-execution-verification:v1,REG-PUGLIA-U181-DIR-2025-00045:eradication-execution-verification,EU-2020-1201:9(1),EU-2020-1201,9(1),HIGHER_AUTHORITY+AST_PROVISION_REF,RESOLVED_ACCEPTED_EU,"Complete declared dependency inventory with authority subset, external-only support and AST-use roles."
0a6101514aaca26aeba7,REG-PUGLIA-U181-DIR-2025-00045:eradication-execution-verification:v1,REG-PUGLIA-U181-DIR-2025-00045:eradication-execution-verification,IT-DLGS-19-2021:Art.20(1):assistant-identity,IT-DLGS-19-2021,Art.20(1),HIGHER_AUTHORITY,RESOLVED_CANONICAL,"Complete declared dependency inventory with authority subset, external-only support and AST-use roles."
0deddfd18a3e293d64f7,REG-PUGLIA-U181-DIR-2025-00045:eradication-execution-verification:v1,REG-PUGLIA-U181-DIR-2025-00045:eradication-execution-verification,IT-DLGS-19-2021:Art.20(2):appointment-register,IT-DLGS-19-2021,Art.20(2),HIGHER_AUTHORITY,RESOLVED_CANONICAL,"Complete declared dependency inventory with authority subset, external-only support and AST-use roles."
f87acca997e3de3cfde7,REG-PUGLIA-U181-DIR-2025-00045:eradication-execution-verification:v1,REG-PUGLIA-U181-DIR-2025-00045:eradication-execution-verification,IT-DLGS-19-2021:Art.20(3):activity-limits,IT-DLGS-19-2021,Art.20(3),HIGHER_AUTHORITY,RESOLVED_CANONICAL,"Complete declared dependency inventory with authority subset, external-only support and AST-use roles."
8a6e5a3874a80a1dbcf6,REG-PUGLIA-U181-DIR-2025-00045:eradication-execution-verification:v1,REG-PUGLIA-U181-DIR-2025-00045:eradication-execution-verification,IT-DLGS-19-2021:Art.20(4):express-assignment,IT-DLGS-19-2021,Art.20(4),HIGHER_AUTHORITY,RESOLVED_CANONICAL,"Complete declared dependency inventory with authority subset, external-only support and AST-use roles."
6d7ae82c31be2dc8f0d5,REG-PUGLIA-U181-DIR-2025-00045:eradication-execution-verification:v1,REG-PUGLIA-U181-DIR-2025-00045:eradication-execution-verification,IT-DLGS-19-2021:Art.20(5):proposal-not-decision,IT-DLGS-19-2021,Art.20(5),HIGHER_AUTHORITY,RESOLVED_CANONICAL,"Complete declared dependency inventory with authority subset, external-only support and AST-use roles."
c8007606682060680d68,REG-PUGLIA-U181-DIR-2025-00045:eradication-execution-verification:v1,REG-PUGLIA-U181-DIR-2025-00045:eradication-execution-verification,IT-DLGS-19-2021:Art.24:register-current-status,IT-DLGS-19-2021,Art.24(1)-(5),HIGHER_AUTHORITY,RESOLVED_CANONICAL,"Complete declared dependency inventory with authority subset, external-only support and AST-use roles."
79f658129af435d83145,REG-PUGLIA-U181-DIR-2025-00045:eradication-removal-population-support:v1,REG-PUGLIA-U181-DIR-2025-00045:eradication-removal-population-support,EU-2020-1201:7(1),EU-2020-1201,7(1),HIGHER_AUTHORITY+AST_PROVISION_REF,RESOLVED_ACCEPTED_EU,"Complete declared dependency inventory with authority subset, external-only support and AST-use roles."
495e3ff48c49fb496c2a,REG-PUGLIA-U181-DIR-2025-00045:eradication-removal-population-support:v1,REG-PUGLIA-U181-DIR-2025-00045:eradication-removal-population-support,IT-DLGS-19-2021:Art.20(1):assistant-identity,IT-DLGS-19-2021,Art.20(1),HIGHER_AUTHORITY,RESOLVED_CANONICAL,"Complete declared dependency inventory with authority subset, external-only support and AST-use roles."
d4ca88a7c8ead14d7f18,REG-PUGLIA-U181-DIR-2025-00045:eradication-removal-population-support:v1,REG-PUGLIA-U181-DIR-2025-00045:eradication-removal-population-support,IT-DLGS-19-2021:Art.20(2):appointment-register,IT-DLGS-19-2021,Art.20(2),HIGHER_AUTHORITY,RESOLVED_CANONICAL,"Complete declared dependency inventory with authority subset, external-only support and AST-use roles."
4c41ceed40689ca478d1,REG-PUGLIA-U181-DIR-2025-00045:eradication-removal-population-support:v1,REG-PUGLIA-U181-DIR-2025-00045:eradication-removal-population-support,IT-DLGS-19-2021:Art.20(3):activity-limits,IT-DLGS-19-2021,Art.20(3),HIGHER_AUTHORITY,RESOLVED_CANONICAL,"Complete declared dependency inventory with authority subset, external-only support and AST-use roles."
f2d8f67758e8ce194af0,REG-PUGLIA-U181-DIR-2025-00045:eradication-removal-population-support:v1,REG-PUGLIA-U181-DIR-2025-00045:eradication-removal-population-support,IT-DLGS-19-2021:Art.20(4):express-assignment,IT-DLGS-19-2021,Art.20(4),HIGHER_AUTHORITY,RESOLVED_CANONICAL,"Complete declared dependency inventory with authority subset, external-only support and AST-use roles."
98c64d69fc8919f959d7,REG-PUGLIA-U181-DIR-2025-00045:eradication-removal-population-support:v1,REG-PUGLIA-U181-DIR-2025-00045:eradication-removal-population-support,IT-DLGS-19-2021:Art.20(5):proposal-not-decision,IT-DLGS-19-2021,Art.20(5),HIGHER_AUTHORITY,RESOLVED_CANONICAL,"Complete declared dependency inventory with authority subset, external-only support and AST-use roles."
eaa6545fbf511a643e31,REG-PUGLIA-U181-DIR-2025-00045:eradication-removal-population-support:v1,REG-PUGLIA-U181-DIR-2025-00045:eradication-removal-population-support,IT-DLGS-19-2021:Art.24:register-current-status,IT-DLGS-19-2021,Art.24(1)-(5),HIGHER_AUTHORITY,RESOLVED_CANONICAL,"Complete declared dependency inventory with authority subset, external-only support and AST-use roles."
ddd5ebf8eb38c789ed5f,REG-PUGLIA-U181-DIR-2025-00045:execution-evidence:v1,REG-PUGLIA-U181-DIR-2025-00045:execution-evidence,IT-DLGS-19-2021:Art.20(1):assistant-identity,IT-DLGS-19-2021,Art.20(1),HIGHER_AUTHORITY,RESOLVED_CANONICAL,"Complete declared dependency inventory with authority subset, external-only support and AST-use roles."
b0ac6ede640a244b73a0,REG-PUGLIA-U181-DIR-2025-00045:execution-evidence:v1,REG-PUGLIA-U181-DIR-2025-00045:execution-evidence,IT-DLGS-19-2021:Art.20(2):appointment-register,IT-DLGS-19-2021,Art.20(2),HIGHER_AUTHORITY,RESOLVED_CANONICAL,"Complete declared dependency inventory with authority subset, external-only support and AST-use roles."
7a8d68c0238ffc85e20c,REG-PUGLIA-U181-DIR-2025-00045:execution-evidence:v1,REG-PUGLIA-U181-DIR-2025-00045:execution-evidence,IT-DLGS-19-2021:Art.20(3):activity-limits,IT-DLGS-19-2021,Art.20(3),HIGHER_AUTHORITY,RESOLVED_CANONICAL,"Complete declared dependency inventory with authority subset, external-only support and AST-use roles."
68f0e72dadbb6b2fb2fd,REG-PUGLIA-U181-DIR-2025-00045:execution-evidence:v1,REG-PUGLIA-U181-DIR-2025-00045:execution-evidence,IT-DLGS-19-2021:Art.20(4):express-assignment,IT-DLGS-19-2021,Art.20(4),HIGHER_AUTHORITY,RESOLVED_CANONICAL,"Complete declared dependency inventory with authority subset, external-only support and AST-use roles."
4c23e3123af6c0568759,REG-PUGLIA-U181-DIR-2025-00045:execution-evidence:v1,REG-PUGLIA-U181-DIR-2025-00045:execution-evidence,IT-DLGS-19-2021:Art.20(5):proposal-not-decision,IT-DLGS-19-2021,Art.20(5),HIGHER_AUTHORITY,RESOLVED_CANONICAL,"Complete declared dependency inventory with authority subset, external-only support and AST-use roles."
b6f6393b432f12ff3612,REG-PUGLIA-U181-DIR-2025-00045:execution-evidence:v1,REG-PUGLIA-U181-DIR-2025-00045:execution-evidence,IT-DLGS-19-2021:Art.24:register-current-status,IT-DLGS-19-2021,Art.24(1)-(5),HIGHER_AUTHORITY,RESOLVED_CANONICAL,"Complete declared dependency inventory with authority subset, external-only support and AST-use roles."
6fde0bc505e595993084,REG-PUGLIA-U181-DIR-2025-00045:execution-evidence:v1,REG-PUGLIA-U181-DIR-2025-00045:execution-evidence,IT-DLGS-19-2021:Art.32(3):primary-implementation,IT-DLGS-19-2021,32(3):primary-implementation,HIGHER_AUTHORITY,RESOLVED_CANONICAL,"Complete declared dependency inventory with authority subset, external-only support and AST-use roles."
e9a7ed87d9d6e93e2b84,REG-PUGLIA-U181-DIR-2025-00045:executor-selection:v1,REG-PUGLIA-U181-DIR-2025-00045:executor-selection,IT-DLGS-19-2021:Art.32(3):primary-implementation,IT-DLGS-19-2021,32(3):primary-implementation,HIGHER_AUTHORITY,RESOLVED_CANONICAL,"Complete declared dependency inventory with authority subset, external-only support and AST-use roles."
44feae4cdcc2cbd54471,REG-PUGLIA-U181-DIR-2025-00045:obstruction-remedy-route:v1,REG-PUGLIA-U181-DIR-2025-00045:obstruction-remedy-route,IT-DLGS-19-2021:Art.32(3):substitute-execution,IT-DLGS-19-2021,32(3):substitute-execution,HIGHER_AUTHORITY,RESOLVED_CANONICAL,"Complete declared dependency inventory with authority subset, external-only support and AST-use roles."
073bbd629ec56424534c,REG-PUGLIA-U181-DIR-2025-00045:obstruction-remedy-route:v1,REG-PUGLIA-U181-DIR-2025-00045:obstruction-remedy-route,IT-DLGS-19-2021:Art.33(2):public-force-assistance,IT-DLGS-19-2021,33(2):public-force-assistance,HIGHER_AUTHORITY,RESOLVED_CANONICAL,"Complete declared dependency inventory with authority subset, external-only support and AST-use roles."
9e330280befa485d7e1b,REG-PUGLIA-U181-DIR-2025-00045:obstruction-remedy-route:v1,REG-PUGLIA-U181-DIR-2025-00045:obstruction-remedy-route,IT-DLGS-19-2021:Art.55(13):coercive-removal,IT-DLGS-19-2021,55(13):coercive-removal,HIGHER_AUTHORITY,RESOLVED_CANONICAL,"Complete declared dependency inventory with authority subset, external-only support and AST-use roles."
9cd848291068fc1d70af,REG-PUGLIA-U181-DIR-2025-00045:pest-free-positive-routing:v1,REG-PUGLIA-U181-DIR-2025-00045:pest-free-positive-routing,EU-2017-625:Art.100:national-reference-laboratory-status,EU-2017-625,100,EXTERNAL_SUPPORT,RESOLVED_CANONICAL,"Complete declared dependency inventory with authority subset, external-only support and AST-use roles."
1833874eee7a3f109b67,REG-PUGLIA-U181-DIR-2025-00045:pest-free-positive-routing:v1,REG-PUGLIA-U181-DIR-2025-00045:pest-free-positive-routing,EU-2020-1201:2(6),EU-2020-1201,2(6),HIGHER_AUTHORITY,RESOLVED_ACCEPTED_EU,"Complete declared dependency inventory with authority subset, external-only support and AST-use roles."
e15b3db392b64c7c96e3,REG-PUGLIA-U181-DIR-2025-00045:pest-free-positive-routing:v1,REG-PUGLIA-U181-DIR-2025-00045:pest-free-positive-routing,EU-2020-1201:2(7),EU-2020-1201,2(7),HIGHER_AUTHORITY,RESOLVED_ACCEPTED_EU,"Complete declared dependency inventory with authority subset, external-only support and AST-use roles."
c1d67c4867d6ee624266,REG-PUGLIA-U181-DIR-2025-00045:pest-free-positive-routing:v1,REG-PUGLIA-U181-DIR-2025-00045:pest-free-positive-routing,IT-DLGS-19-2021:Art.14(1):designate-official-laboratory,IT-DLGS-19-2021,14(1):designate-official-laboratory,EXTERNAL_SUPPORT,RESOLVED_CANONICAL,"Complete declared dependency inventory with authority subset, external-only support and AST-use roles."
aa214cb343b52c5949c5,REG-PUGLIA-U181-DIR-2025-00045:pest-free-positive-routing:v1,REG-PUGLIA-U181-DIR-2025-00045:pest-free-positive-routing,IT-DLGS-19-2021:Art.28(3),IT-DLGS-19-2021,28(3),HIGHER_AUTHORITY,RESOLVED_CANONICAL,"Complete declared dependency inventory with authority subset, external-only support and AST-use roles."
10a7f8cb483c2fae1d50,REG-PUGLIA-U181-DIR-2025-00045:positive-pool-identity-route:v1,REG-PUGLIA-U181-DIR-2025-00045:positive-pool-identity-route,EU-2020-1201:2(6),EU-2020-1201,2(6),HIGHER_AUTHORITY,RESOLVED_ACCEPTED_EU,"Complete declared dependency inventory with authority subset, external-only support and AST-use roles."
cb607fd9fd282b9b6218,REG-PUGLIA-U181-DIR-2025-00045:positive-pool-identity-route:v1,REG-PUGLIA-U181-DIR-2025-00045:positive-pool-identity-route,EU-2020-1201:2(7),EU-2020-1201,2(7),HIGHER_AUTHORITY,RESOLVED_ACCEPTED_EU,"Complete declared dependency inventory with authority subset, external-only support and AST-use roles."
2fb2c7ddc00574e09a68,REG-PUGLIA-U181-DIR-2025-00045:positive-pool-identity-route:v1,REG-PUGLIA-U181-DIR-2025-00045:positive-pool-identity-route,IT-DLGS-19-2021:Art.28(3),IT-DLGS-19-2021,28(3),HIGHER_AUTHORITY,RESOLVED_CANONICAL,"Complete declared dependency inventory with authority subset, external-only support and AST-use roles."
cc1f43c0b387af7c3f54,REG-PUGLIA-U181-DIR-2025-00045:root-wood-completion:v1,REG-PUGLIA-U181-DIR-2025-00045:root-wood-completion,EU-2020-1201:8(1),EU-2020-1201,8(1),HIGHER_AUTHORITY+AST_PROVISION_REF,RESOLVED_ACCEPTED_EU,"Complete declared dependency inventory with authority subset, external-only support and AST-use roles."
b231d238f2f0b0f5ff84,REG-PUGLIA-U181-DIR-2025-00045:root-wood-completion:v1,REG-PUGLIA-U181-DIR-2025-00045:root-wood-completion,EU-2020-1201:9(1),EU-2020-1201,9(1),HIGHER_AUTHORITY+AST_PROVISION_REF,RESOLVED_ACCEPTED_EU,"Complete declared dependency inventory with authority subset, external-only support and AST-use roles."
f00a4d3f4f542d2c1112,REG-PUGLIA-U181-DIR-2025-00045:root-wood-completion:v1,REG-PUGLIA-U181-DIR-2025-00045:root-wood-completion,EU-2020-1201:9(2),EU-2020-1201,9(2),HIGHER_AUTHORITY,RESOLVED_ACCEPTED_EU,"Complete declared dependency inventory with authority subset, external-only support and AST-use roles."
87dc6418b72bb6513c46,REG-PUGLIA-U181-DIR-2025-00045:root-wood-completion:v1,REG-PUGLIA-U181-DIR-2025-00045:root-wood-completion,EU-2020-1201:9(3),EU-2020-1201,9(3),HIGHER_AUTHORITY,RESOLVED_ACCEPTED_EU,"Complete declared dependency inventory with authority subset, external-only support and AST-use roles."
305333abe1d190788ecf,REG-PUGLIA-U181-DIR-2025-00045:root-wood-completion:v1,REG-PUGLIA-U181-DIR-2025-00045:root-wood-completion,IT-DLGS-19-2021:Art.6(3)(o),IT-DLGS-19-2021,6(3)(o),HIGHER_AUTHORITY,RESOLVED_CANONICAL,"Complete declared dependency inventory with authority subset, external-only support and AST-use roles."
cc026540e2359c52f30b,REG-PUGLIA-U181-DIR-2025-00045:sample-custody-transfer:v1,REG-PUGLIA-U181-DIR-2025-00045:sample-custody-transfer,EU-2020-1201:2(6),EU-2020-1201,2(6),HIGHER_AUTHORITY,RESOLVED_ACCEPTED_EU,"Complete declared dependency inventory with authority subset, external-only support and AST-use roles."
ebe682bfce12952fb5d7,REG-PUGLIA-U181-DIR-2025-00045:sample-custody-transfer:v1,REG-PUGLIA-U181-DIR-2025-00045:sample-custody-transfer,IT-DLGS-19-2021:Art.14(1):designate-official-laboratory,IT-DLGS-19-2021,14(1):designate-official-laboratory,HIGHER_AUTHORITY,RESOLVED_CANONICAL,"Complete declared dependency inventory with authority subset, external-only support and AST-use roles."
af5d597dba43a3c90984,REG-PUGLIA-U181-DIR-2025-00045:sample-custody-transfer:v1,REG-PUGLIA-U181-DIR-2025-00045:sample-custody-transfer,IT-DLGS-19-2021:Art.20(1):assistant-identity,IT-DLGS-19-2021,Art.20(1),HIGHER_AUTHORITY,RESOLVED_CANONICAL,"Complete declared dependency inventory with authority subset, external-only support and AST-use roles."
c8538cd5b129a2252779,REG-PUGLIA-U181-DIR-2025-00045:sample-custody-transfer:v1,REG-PUGLIA-U181-DIR-2025-00045:sample-custody-transfer,IT-DLGS-19-2021:Art.20(2):appointment-register,IT-DLGS-19-2021,Art.20(2),HIGHER_AUTHORITY,RESOLVED_CANONICAL,"Complete declared dependency inventory with authority subset, external-only support and AST-use roles."
332c53aca5acddfc6c4e,REG-PUGLIA-U181-DIR-2025-00045:sample-custody-transfer:v1,REG-PUGLIA-U181-DIR-2025-00045:sample-custody-transfer,IT-DLGS-19-2021:Art.20(3):activity-limits,IT-DLGS-19-2021,Art.20(3),HIGHER_AUTHORITY,RESOLVED_CANONICAL,"Complete declared dependency inventory with authority subset, external-only support and AST-use roles."
584e0353300441d6dcb3,REG-PUGLIA-U181-DIR-2025-00045:sample-custody-transfer:v1,REG-PUGLIA-U181-DIR-2025-00045:sample-custody-transfer,IT-DLGS-19-2021:Art.20(4):express-assignment,IT-DLGS-19-2021,Art.20(4),HIGHER_AUTHORITY,RESOLVED_CANONICAL,"Complete declared dependency inventory with authority subset, external-only support and AST-use roles."
d15a1b73cb881d80260f,REG-PUGLIA-U181-DIR-2025-00045:sample-custody-transfer:v1,REG-PUGLIA-U181-DIR-2025-00045:sample-custody-transfer,IT-DLGS-19-2021:Art.20(5):proposal-not-decision,IT-DLGS-19-2021,Art.20(5),HIGHER_AUTHORITY,RESOLVED_CANONICAL,"Complete declared dependency inventory with authority subset, external-only support and AST-use roles."
42e85928e0892a86c910,REG-PUGLIA-U181-DIR-2025-00045:sample-custody-transfer:v1,REG-PUGLIA-U181-DIR-2025-00045:sample-custody-transfer,IT-DLGS-19-2021:Art.24:register-current-status,IT-DLGS-19-2021,Art.24(1)-(5),HIGHER_AUTHORITY,RESOLVED_CANONICAL,"Complete declared dependency inventory with authority subset, external-only support and AST-use roles."
f82ad0ed2ece6c45ac5d,REG-PUGLIA-U181-DIR-2025-00045:st26-olive-exclusion-conflict:v1,REG-PUGLIA-U181-DIR-2025-00045:st26-olive-exclusion-conflict,EU-2020-1201:1(c),EU-2020-1201,1(c),HIGHER_AUTHORITY,RESOLVED_ACCEPTED_EU,"Complete declared dependency inventory with authority subset, external-only support and AST-use roles."
94bec95f2038c8eef578,REG-PUGLIA-U181-DIR-2025-00045:st26-olive-exclusion-conflict:v1,REG-PUGLIA-U181-DIR-2025-00045:st26-olive-exclusion-conflict,EU-2020-1201:7(1),EU-2020-1201,7(1),HIGHER_AUTHORITY,RESOLVED_ACCEPTED_EU,"Complete declared dependency inventory with authority subset, external-only support and AST-use roles."
c1bd2f243ea441816697,REG-PUGLIA-U181-DIR-2025-00045:st53-citrus-prunus-exclusion-conflict:v1,REG-PUGLIA-U181-DIR-2025-00045:st53-citrus-prunus-exclusion-conflict,EU-2020-1201:1(c),EU-2020-1201,1(c),HIGHER_AUTHORITY,RESOLVED_ACCEPTED_EU,"Complete declared dependency inventory with authority subset, external-only support and AST-use roles."
62145401788598ac1ca7,REG-PUGLIA-U181-DIR-2025-00045:st53-citrus-prunus-exclusion-conflict:v1,REG-PUGLIA-U181-DIR-2025-00045:st53-citrus-prunus-exclusion-conflict,EU-2020-1201:7(1),EU-2020-1201,7(1),HIGHER_AUTHORITY,RESOLVED_ACCEPTED_EU,"Complete declared dependency inventory with authority subset, external-only support and AST-use roles."
2ae27e6ccf50196affed,REG-PUGLIA-U181-DIR-2025-00045:treatment-removal-sequence:v1,REG-PUGLIA-U181-DIR-2025-00045:treatment-removal-sequence,EU-2020-1201:7(1),EU-2020-1201,7(1),HIGHER_AUTHORITY,RESOLVED_ACCEPTED_EU,"Complete declared dependency inventory with authority subset, external-only support and AST-use roles."
a6f767f8c22bf2f31d37,REG-PUGLIA-U181-DIR-2025-00045:treatment-removal-sequence:v1,REG-PUGLIA-U181-DIR-2025-00045:treatment-removal-sequence,EU-2020-1201:8(1),EU-2020-1201,8(1),HIGHER_AUTHORITY,RESOLVED_ACCEPTED_EU,"Complete declared dependency inventory with authority subset, external-only support and AST-use roles."
7982e54b5b6561eebcfd,REG-PUGLIA-U181-DIR-2025-00059:area-state-transition:v1,REG-PUGLIA-U181-DIR-2025-00059:area-state-transition,EU-2020-1201:4(1),EU-2020-1201,4(1),HIGHER_AUTHORITY,RESOLVED_ACCEPTED_EU,"Complete declared dependency inventory with authority subset, external-only support and AST-use roles."
24456a4208bb73fb349a,REG-PUGLIA-U181-DIR-2025-00059:area-state-transition:v1,REG-PUGLIA-U181-DIR-2025-00059:area-state-transition,EU-2020-1201:7(1),EU-2020-1201,7(1),HIGHER_AUTHORITY,RESOLVED_ACCEPTED_EU,"Complete declared dependency inventory with authority subset, external-only support and AST-use roles."
dc456634c07b05ca6e22,REG-PUGLIA-U181-DIR-2025-00059:area-state-transition:v1,REG-PUGLIA-U181-DIR-2025-00059:area-state-transition,IT-DLGS-19-2021:Art.31(3):establish-demarcated-area,IT-DLGS-19-2021,31(3):establish-demarcated-area,HIGHER_AUTHORITY,RESOLVED_CANONICAL,"Complete declared dependency inventory with authority subset, external-only support and AST-use roles."
3e788542cee38d4a4b9b,REG-PUGLIA-U181-DIR-2025-00059:area-state-transition:v1,REG-PUGLIA-U181-DIR-2025-00059:area-state-transition,PUG-LR4-2017:Art.3(2),PUG-LR4-2017,3(2),HIGHER_AUTHORITY,RESOLVED_CANONICAL,"Complete declared dependency inventory with authority subset, external-only support and AST-use roles."
a68fbe398c1d98954df1,REG-PUGLIA-U181-DIR-2025-00106:area-state-transition:v1,REG-PUGLIA-U181-DIR-2025-00106:area-state-transition,EU-2020-1201:4(1),EU-2020-1201,4(1),HIGHER_AUTHORITY,RESOLVED_ACCEPTED_EU,"Complete declared dependency inventory with authority subset, external-only support and AST-use roles."
622c80dbb028e96ba8b4,REG-PUGLIA-U181-DIR-2025-00106:area-state-transition:v1,REG-PUGLIA-U181-DIR-2025-00106:area-state-transition,EU-2020-1201:7(1),EU-2020-1201,7(1),HIGHER_AUTHORITY,RESOLVED_ACCEPTED_EU,"Complete declared dependency inventory with authority subset, external-only support and AST-use roles."
20efd5e36aab0d87195b,REG-PUGLIA-U181-DIR-2025-00106:area-state-transition:v1,REG-PUGLIA-U181-DIR-2025-00106:area-state-transition,IT-DLGS-19-2021:Art.31(3):establish-demarcated-area,IT-DLGS-19-2021,31(3):establish-demarcated-area,HIGHER_AUTHORITY,RESOLVED_CANONICAL,"Complete declared dependency inventory with authority subset, external-only support and AST-use roles."
ba5b4f022ea0fb786c94,REG-PUGLIA-U181-DIR-2025-00106:area-state-transition:v1,REG-PUGLIA-U181-DIR-2025-00106:area-state-transition,PUG-LR4-2017:Art.3(2),PUG-LR4-2017,3(2),HIGHER_AUTHORITY,RESOLVED_CANONICAL,"Complete declared dependency inventory with authority subset, external-only support and AST-use roles."
f674df765dad311b894d,REG-PUGLIA-U181-DIR-2025-00113:area-state-transition:v1,REG-PUGLIA-U181-DIR-2025-00113:area-state-transition,EU-2020-1201:4(1),EU-2020-1201,4(1),HIGHER_AUTHORITY,RESOLVED_ACCEPTED_EU,"Complete declared dependency inventory with authority subset, external-only support and AST-use roles."
e008f1d377bbf60272a2,REG-PUGLIA-U181-DIR-2025-00113:area-state-transition:v1,REG-PUGLIA-U181-DIR-2025-00113:area-state-transition,EU-2020-1201:7(1),EU-2020-1201,7(1),HIGHER_AUTHORITY,RESOLVED_ACCEPTED_EU,"Complete declared dependency inventory with authority subset, external-only support and AST-use roles."
2091e86f5aa423e05c9a,REG-PUGLIA-U181-DIR-2025-00113:area-state-transition:v1,REG-PUGLIA-U181-DIR-2025-00113:area-state-transition,IT-DLGS-19-2021:Art.31(3):establish-demarcated-area,IT-DLGS-19-2021,31(3):establish-demarcated-area,HIGHER_AUTHORITY,RESOLVED_CANONICAL,"Complete declared dependency inventory with authority subset, external-only support and AST-use roles."
3f025c854a9094901af9,REG-PUGLIA-U181-DIR-2025-00113:area-state-transition:v1,REG-PUGLIA-U181-DIR-2025-00113:area-state-transition,PUG-LR4-2017:Art.3(2),PUG-LR4-2017,3(2),HIGHER_AUTHORITY,RESOLVED_CANONICAL,"Complete declared dependency inventory with authority subset, external-only support and AST-use roles."
66ea082bc9f3237f3128,REG-PUGLIA-U181-DIR-2025-00115:case-delta:post-m5-stale-article7-text:v1,REG-PUGLIA-U181-DIR-2025-00115:case-delta:post-m5-stale-article7-text,EU-2020-1201:7(1),EU-2020-1201,7(1),HIGHER_AUTHORITY,RESOLVED_ACCEPTED_EU,"Complete declared dependency inventory with authority subset, external-only support and AST-use roles."
3c2ddefcb498c16cad5d,REG-PUGLIA-U181-DIR-2025-00117:case-delta:failed-service-represcription:v1,REG-PUGLIA-U181-DIR-2025-00117:case-delta:failed-service-represcription,EU-2020-1201:7(1),EU-2020-1201,7(1),HIGHER_AUTHORITY,RESOLVED_ACCEPTED_EU,"Complete declared dependency inventory with authority subset, external-only support and AST-use roles."
ff2277165b287312f713,REG-PUGLIA-U181-DIR-2025-00117:case-delta:failed-service-represcription:v1,REG-PUGLIA-U181-DIR-2025-00117:case-delta:failed-service-represcription,IT-L241-A21BIS:Art.21-bis(1):individual-communication-effect,IT-L241-A21BIS,21-bis(1):individual-communication-effect,HIGHER_AUTHORITY,RESOLVED_CANONICAL,"Complete declared dependency inventory with authority subset, external-only support and AST-use roles."
43f97b5a9ee9318c0c7f,REG-PUGLIA-U181-DIR-2025-00117:case-delta:failed-service-represcription:v1,REG-PUGLIA-U181-DIR-2025-00117:case-delta:failed-service-represcription,PUG-DGR1593-2024:notice-prescription-issuance,PUG-DGR1593-2024,plan owner-notification procedure,HIGHER_AUTHORITY,RESOLVED_CANONICAL,"Complete declared dependency inventory with authority subset, external-only support and AST-use roles."
12f615092f91a1e72da2,REG-PUGLIA-U181-DIR-2025-00117:case-delta:failed-service-represcription:v1,REG-PUGLIA-U181-DIR-2025-00117:case-delta:failed-service-represcription,PUG-DGR1593-2024:notice-publication,PUG-DGR1593-2024,plan owner-notification procedure,HIGHER_AUTHORITY,RESOLVED_CANONICAL,"Complete declared dependency inventory with authority subset, external-only support and AST-use roles."
48b1ec7a98c750c056f1,REG-PUGLIA-U181-DIR-2025-00117:case-delta:st1-olive-nonmembership-boundary:v1,REG-PUGLIA-U181-DIR-2025-00117:case-delta:st1-olive-nonmembership-boundary,EU-2020-1201:1(c),EU-2020-1201,1(c),HIGHER_AUTHORITY,RESOLVED_ACCEPTED_EU,"Complete declared dependency inventory with authority subset, external-only support and AST-use roles."
342ff010bd0ae9d06bca,REG-PUGLIA-U181-DIR-2025-00117:case-delta:st1-olive-nonmembership-boundary:v1,REG-PUGLIA-U181-DIR-2025-00117:case-delta:st1-olive-nonmembership-boundary,EU-2020-1201:7(1),EU-2020-1201,7(1),HIGHER_AUTHORITY,RESOLVED_ACCEPTED_EU,"Complete declared dependency inventory with authority subset, external-only support and AST-use roles."
fbbcd80dad87fc6f6eef,REG-PUGLIA-U181-DIR-2025-00126:area-state-transition:v1,REG-PUGLIA-U181-DIR-2025-00126:area-state-transition,EU-2020-1201:4(1),EU-2020-1201,4(1),HIGHER_AUTHORITY,RESOLVED_ACCEPTED_EU,"Complete declared dependency inventory with authority subset, external-only support and AST-use roles."
0313d281357c4be5600f,REG-PUGLIA-U181-DIR-2025-00126:area-state-transition:v1,REG-PUGLIA-U181-DIR-2025-00126:area-state-transition,EU-2020-1201:7(1),EU-2020-1201,7(1),HIGHER_AUTHORITY,RESOLVED_ACCEPTED_EU,"Complete declared dependency inventory with authority subset, external-only support and AST-use roles."
aa8510a3349538d0b921,REG-PUGLIA-U181-DIR-2025-00126:area-state-transition:v1,REG-PUGLIA-U181-DIR-2025-00126:area-state-transition,IT-DLGS-19-2021:Art.31(3):establish-demarcated-area,IT-DLGS-19-2021,31(3):establish-demarcated-area,HIGHER_AUTHORITY,RESOLVED_CANONICAL,"Complete declared dependency inventory with authority subset, external-only support and AST-use roles."
5202ef3729af6f542afa,REG-PUGLIA-U181-DIR-2025-00126:area-state-transition:v1,REG-PUGLIA-U181-DIR-2025-00126:area-state-transition,PUG-LR4-2017:Art.3(2),PUG-LR4-2017,3(2),HIGHER_AUTHORITY,RESOLVED_CANONICAL,"Complete declared dependency inventory with authority subset, external-only support and AST-use roles."
90bf534c8a52796d24c1,REG-PUGLIA-U181-DIR-2025-00132:area-state-transition:v1,REG-PUGLIA-U181-DIR-2025-00132:area-state-transition,EU-2020-1201:4(1),EU-2020-1201,4(1),HIGHER_AUTHORITY,RESOLVED_ACCEPTED_EU,"Complete declared dependency inventory with authority subset, external-only support and AST-use roles."
dd18d760a7a2f18fbfb6,REG-PUGLIA-U181-DIR-2025-00132:area-state-transition:v1,REG-PUGLIA-U181-DIR-2025-00132:area-state-transition,EU-2020-1201:7(1),EU-2020-1201,7(1),HIGHER_AUTHORITY,RESOLVED_ACCEPTED_EU,"Complete declared dependency inventory with authority subset, external-only support and AST-use roles."
e11a97f1dd94a527e25d,REG-PUGLIA-U181-DIR-2025-00132:area-state-transition:v1,REG-PUGLIA-U181-DIR-2025-00132:area-state-transition,IT-DLGS-19-2021:Art.31(3):establish-demarcated-area,IT-DLGS-19-2021,31(3):establish-demarcated-area,HIGHER_AUTHORITY,RESOLVED_CANONICAL,"Complete declared dependency inventory with authority subset, external-only support and AST-use roles."
4dde38ba4abe32ae2a1a,REG-PUGLIA-U181-DIR-2025-00132:area-state-transition:v1,REG-PUGLIA-U181-DIR-2025-00132:area-state-transition,PUG-LR4-2017:Art.3(2),PUG-LR4-2017,3(2),HIGHER_AUTHORITY,RESOLVED_CANONICAL,"Complete declared dependency inventory with authority subset, external-only support and AST-use roles."
1ae05585f61c642c151b,REG-PUGLIA-U181-DIR-2025-00141:area-state-transition:v1,REG-PUGLIA-U181-DIR-2025-00141:area-state-transition,EU-2020-1201:4(1),EU-2020-1201,4(1),HIGHER_AUTHORITY,RESOLVED_ACCEPTED_EU,"Complete declared dependency inventory with authority subset, external-only support and AST-use roles."
61ed65a5fadf2b2fa3cd,REG-PUGLIA-U181-DIR-2025-00141:area-state-transition:v1,REG-PUGLIA-U181-DIR-2025-00141:area-state-transition,EU-2020-1201:7(1),EU-2020-1201,7(1),HIGHER_AUTHORITY,RESOLVED_ACCEPTED_EU,"Complete declared dependency inventory with authority subset, external-only support and AST-use roles."
dceed9cd9b7b9a3d5bc8,REG-PUGLIA-U181-DIR-2025-00141:area-state-transition:v1,REG-PUGLIA-U181-DIR-2025-00141:area-state-transition,IT-DLGS-19-2021:Art.31(3):establish-demarcated-area,IT-DLGS-19-2021,31(3):establish-demarcated-area,HIGHER_AUTHORITY,RESOLVED_CANONICAL,"Complete declared dependency inventory with authority subset, external-only support and AST-use roles."
1b55a25cc8e91f4870e6,REG-PUGLIA-U181-DIR-2025-00141:area-state-transition:v1,REG-PUGLIA-U181-DIR-2025-00141:area-state-transition,PUG-LR4-2017:Art.3(2),PUG-LR4-2017,3(2),HIGHER_AUTHORITY,RESOLVED_CANONICAL,"Complete declared dependency inventory with authority subset, external-only support and AST-use roles."
3ed73769f5d10cb4d9bc,REG-PUGLIA-U181-DIR-2025-00147:area-state-transition:v1,REG-PUGLIA-U181-DIR-2025-00147:area-state-transition,EU-2020-1201:4(1),EU-2020-1201,4(1),HIGHER_AUTHORITY,RESOLVED_ACCEPTED_EU,"Complete declared dependency inventory with authority subset, external-only support and AST-use roles."
57f86eeadbcb8994478e,REG-PUGLIA-U181-DIR-2025-00147:area-state-transition:v1,REG-PUGLIA-U181-DIR-2025-00147:area-state-transition,EU-2020-1201:7(1),EU-2020-1201,7(1),HIGHER_AUTHORITY,RESOLVED_ACCEPTED_EU,"Complete declared dependency inventory with authority subset, external-only support and AST-use roles."
14eea7ed390595658358,REG-PUGLIA-U181-DIR-2025-00147:area-state-transition:v1,REG-PUGLIA-U181-DIR-2025-00147:area-state-transition,IT-DLGS-19-2021:Art.31(3):establish-demarcated-area,IT-DLGS-19-2021,31(3):establish-demarcated-area,HIGHER_AUTHORITY,RESOLVED_CANONICAL,"Complete declared dependency inventory with authority subset, external-only support and AST-use roles."
944dfa1e7e7d9f44d02f,REG-PUGLIA-U181-DIR-2025-00147:area-state-transition:v1,REG-PUGLIA-U181-DIR-2025-00147:area-state-transition,PUG-LR4-2017:Art.3(2),PUG-LR4-2017,3(2),HIGHER_AUTHORITY,RESOLVED_CANONICAL,"Complete declared dependency inventory with authority subset, external-only support and AST-use roles."
8706350d1f8fce13829e,REG-PUGLIA-U181-DIR-2025-00163:area-state-transition:v1,REG-PUGLIA-U181-DIR-2025-00163:area-state-transition,EU-2020-1201:4(1),EU-2020-1201,4(1),HIGHER_AUTHORITY,RESOLVED_ACCEPTED_EU,"Complete declared dependency inventory with authority subset, external-only support and AST-use roles."
29f92265604d21d5cafd,REG-PUGLIA-U181-DIR-2025-00163:area-state-transition:v1,REG-PUGLIA-U181-DIR-2025-00163:area-state-transition,EU-2020-1201:7(1),EU-2020-1201,7(1),HIGHER_AUTHORITY,RESOLVED_ACCEPTED_EU,"Complete declared dependency inventory with authority subset, external-only support and AST-use roles."
6b8efe57851cdbc98b73,REG-PUGLIA-U181-DIR-2025-00163:area-state-transition:v1,REG-PUGLIA-U181-DIR-2025-00163:area-state-transition,IT-DLGS-19-2021:Art.31(3):establish-demarcated-area,IT-DLGS-19-2021,31(3):establish-demarcated-area,HIGHER_AUTHORITY,RESOLVED_CANONICAL,"Complete declared dependency inventory with authority subset, external-only support and AST-use roles."
7874f4d8ae809d6a725f,REG-PUGLIA-U181-DIR-2025-00163:area-state-transition:v1,REG-PUGLIA-U181-DIR-2025-00163:area-state-transition,PUG-LR4-2017:Art.3(2),PUG-LR4-2017,3(2),HIGHER_AUTHORITY,RESOLVED_CANONICAL,"Complete declared dependency inventory with authority subset, external-only support and AST-use roles."
504a1b62a192c248f6a5,REG-PUGLIA-U181-DIR-2025-00201:case-delta:infected-plant-execution-priority:v1,REG-PUGLIA-U181-DIR-2025-00201:case-delta:infected-plant-execution-priority,EU-2020-1201:7(1),EU-2020-1201,7(1),HIGHER_AUTHORITY,RESOLVED_ACCEPTED_EU,"Complete declared dependency inventory with authority subset, external-only support and AST-use roles."
2ade2bd6c9c0115ec57d,REG-PUGLIA-U181-DIR-2025-00201:case-delta:infected-plant-execution-priority:v1,REG-PUGLIA-U181-DIR-2025-00201:case-delta:infected-plant-execution-priority,REG-PUGLIA-U181-DIR-2025-00163:area-state-transition,REG-PUGLIA-U181-DIR-2025-00163,operative area decision,HIGHER_AUTHORITY,RESOLVED_CANONICAL,"Complete declared dependency inventory with authority subset, external-only support and AST-use roles."
c2a0d4ba402b6c5e8771,REG-PUGLIA-U181-DIR-2025-00236:area-state-transition:v1,REG-PUGLIA-U181-DIR-2025-00236:area-state-transition,EU-2020-1201:4(1),EU-2020-1201,4(1),HIGHER_AUTHORITY,RESOLVED_ACCEPTED_EU,"Complete declared dependency inventory with authority subset, external-only support and AST-use roles."
c5477e8cb4aa23396f6f,REG-PUGLIA-U181-DIR-2025-00236:area-state-transition:v1,REG-PUGLIA-U181-DIR-2025-00236:area-state-transition,EU-2020-1201:7(1),EU-2020-1201,7(1),HIGHER_AUTHORITY,RESOLVED_ACCEPTED_EU,"Complete declared dependency inventory with authority subset, external-only support and AST-use roles."
3a8a0dc63d38667c3e9f,REG-PUGLIA-U181-DIR-2025-00236:area-state-transition:v1,REG-PUGLIA-U181-DIR-2025-00236:area-state-transition,IT-DLGS-19-2021:Art.31(3):establish-demarcated-area,IT-DLGS-19-2021,31(3):establish-demarcated-area,HIGHER_AUTHORITY,RESOLVED_CANONICAL,"Complete declared dependency inventory with authority subset, external-only support and AST-use roles."
f75ce26cc72c03d53f88,REG-PUGLIA-U181-DIR-2025-00236:area-state-transition:v1,REG-PUGLIA-U181-DIR-2025-00236:area-state-transition,PUG-LR4-2017:Art.3(2),PUG-LR4-2017,3(2),HIGHER_AUTHORITY,RESOLVED_CANONICAL,"Complete declared dependency inventory with authority subset, external-only support and AST-use roles."
f8bf52ecd720f0c172d3,REG-PUGLIA-U181-DIR-2026-00002:area-state-transition:v1,REG-PUGLIA-U181-DIR-2026-00002:area-state-transition,EU-2020-1201:4(1),EU-2020-1201,4(1),HIGHER_AUTHORITY,RESOLVED_ACCEPTED_EU,"Complete declared dependency inventory with authority subset, external-only support and AST-use roles."
150e146732a07f16cd30,REG-PUGLIA-U181-DIR-2026-00002:area-state-transition:v1,REG-PUGLIA-U181-DIR-2026-00002:area-state-transition,EU-2020-1201:7(1),EU-2020-1201,7(1),HIGHER_AUTHORITY,RESOLVED_ACCEPTED_EU,"Complete declared dependency inventory with authority subset, external-only support and AST-use roles."
e08a0231a6e5a235f521,REG-PUGLIA-U181-DIR-2026-00002:area-state-transition:v1,REG-PUGLIA-U181-DIR-2026-00002:area-state-transition,IT-DLGS-19-2021:Art.31(3):establish-demarcated-area,IT-DLGS-19-2021,31(3):establish-demarcated-area,HIGHER_AUTHORITY,RESOLVED_CANONICAL,"Complete declared dependency inventory with authority subset, external-only support and AST-use roles."
e5082ad84581cf64185a,REG-PUGLIA-U181-DIR-2026-00002:area-state-transition:v1,REG-PUGLIA-U181-DIR-2026-00002:area-state-transition,PUG-LR4-2017:Art.3(2),PUG-LR4-2017,3(2),HIGHER_AUTHORITY,RESOLVED_CANONICAL,"Complete declared dependency inventory with authority subset, external-only support and AST-use roles."
8c60263b3e6cf2d31b5f,REG-PUGLIA-U181-DIR-2026-00004:area-state-transition:v1,REG-PUGLIA-U181-DIR-2026-00004:area-state-transition,EU-2020-1201:4(1),EU-2020-1201,4(1),HIGHER_AUTHORITY,RESOLVED_ACCEPTED_EU,"Complete declared dependency inventory with authority subset, external-only support and AST-use roles."
b5144fd9baa720466672,REG-PUGLIA-U181-DIR-2026-00004:area-state-transition:v1,REG-PUGLIA-U181-DIR-2026-00004:area-state-transition,EU-2020-1201:7(1),EU-2020-1201,7(1),HIGHER_AUTHORITY,RESOLVED_ACCEPTED_EU,"Complete declared dependency inventory with authority subset, external-only support and AST-use roles."
5ab5f347932dd54a4887,REG-PUGLIA-U181-DIR-2026-00004:area-state-transition:v1,REG-PUGLIA-U181-DIR-2026-00004:area-state-transition,IT-DLGS-19-2021:Art.31(3):establish-demarcated-area,IT-DLGS-19-2021,31(3):establish-demarcated-area,HIGHER_AUTHORITY,RESOLVED_CANONICAL,"Complete declared dependency inventory with authority subset, external-only support and AST-use roles."
75d1a925c3c22f4e251f,REG-PUGLIA-U181-DIR-2026-00004:area-state-transition:v1,REG-PUGLIA-U181-DIR-2026-00004:area-state-transition,PUG-LR4-2017:Art.3(2),PUG-LR4-2017,3(2),HIGHER_AUTHORITY,RESOLVED_CANONICAL,"Complete declared dependency inventory with authority subset, external-only support and AST-use roles."
e3810fa548340e0ebc02,REG-PUGLIA-U181-DIR-2026-00012:almond-characterization:v1,REG-PUGLIA-U181-DIR-2026-00012:almond-characterization,IT-DLGS-19-2021:Art.6(3)(o),IT-DLGS-19-2021,6(3)(o),HIGHER_AUTHORITY,RESOLVED_CANONICAL,"Complete declared dependency inventory with authority subset, external-only support and AST-use roles."
3d45b47ce67573be5185,REG-PUGLIA-U181-DIR-2026-00012:almond-characterization:v1,REG-PUGLIA-U181-DIR-2026-00012:almond-characterization,PUG-DGR1075-2025:§4.3.2:mandatory-almond-400m,PUG-DGR1075-2025,§4.3.2:mandatory-almond-400m,HIGHER_AUTHORITY,RESOLVED_CANONICAL,"Complete declared dependency inventory with authority subset, external-only support and AST-use roles."
5998d09c3f80d6b07234,REG-PUGLIA-U181-DIR-2026-00035:case-delta:post-m5-stale-article7-text:v1,REG-PUGLIA-U181-DIR-2026-00035:case-delta:post-m5-stale-article7-text,EU-2020-1201:7(1),EU-2020-1201,7(1),HIGHER_AUTHORITY,RESOLVED_ACCEPTED_EU,"Complete declared dependency inventory with authority subset, external-only support and AST-use roles."
0a4124782928dbf38e8a,REG-PUGLIA-U181-DIR-2026-00063:case-delta:act-specific-mass-publicity-basis:v1,REG-PUGLIA-U181-DIR-2026-00063:case-delta:act-specific-mass-publicity-basis,IT-L241-A21BIS:Art.21-bis(1):mass-publicity-route,IT-L241-A21BIS,21-bis(1):mass-publicity-route,HIGHER_AUTHORITY,RESOLVED_CANONICAL,"Complete declared dependency inventory with authority subset, external-only support and AST-use roles."
808ad9f032590e197bd8,REG-PUGLIA-U181-DIR-2026-00063:case-delta:act-specific-mass-publicity-basis:v1,REG-PUGLIA-U181-DIR-2026-00063:case-delta:act-specific-mass-publicity-basis,PUG-DPGR22-2021:Art.20(3):publication-not-notice,PUG-DPGR22-2021,Art.20(3):publication-not-notice,HIGHER_AUTHORITY,RESOLVED_CANONICAL,"Complete declared dependency inventory with authority subset, external-only support and AST-use roles."
2f6fc99aac37be9eebf3,REG-PUGLIA-U181-DIR-2026-00063:case-delta:omitted-parcel-supplement:v1,REG-PUGLIA-U181-DIR-2026-00063:case-delta:omitted-parcel-supplement,EU-2020-1201:7(1),EU-2020-1201,7(1),HIGHER_AUTHORITY,RESOLVED_ACCEPTED_EU,"Complete declared dependency inventory with authority subset, external-only support and AST-use roles."
40f6359fc9f4940be9f0,REG-PUGLIA-U181-DIR-2026-00063:case-delta:omitted-parcel-supplement:v1,REG-PUGLIA-U181-DIR-2026-00063:case-delta:omitted-parcel-supplement,REG-PUGLIA-U181-DIR-2025-00163:area-state-transition,REG-PUGLIA-U181-DIR-2025-00163,operative area decision,HIGHER_AUTHORITY,RESOLVED_CANONICAL,"Complete declared dependency inventory with authority subset, external-only support and AST-use roles."
4e62eb1bab0ffa6056a6,REG-PUGLIA-U181-DIR-2026-00082:area-state-transition:v1,REG-PUGLIA-U181-DIR-2026-00082:area-state-transition,EU-2020-1201:12,EU-2020-1201,12,HIGHER_AUTHORITY,RESOLVED_ACCEPTED_EU,"Complete declared dependency inventory with authority subset, external-only support and AST-use roles."
320edd260d2902ade20e,REG-PUGLIA-U181-DIR-2026-00082:area-state-transition:v1,REG-PUGLIA-U181-DIR-2026-00082:area-state-transition,EU-2020-1201:4(1),EU-2020-1201,4(1),HIGHER_AUTHORITY,RESOLVED_ACCEPTED_EU,"Complete declared dependency inventory with authority subset, external-only support and AST-use roles."
3f6291a01a38d18f07e0,REG-PUGLIA-U181-DIR-2026-00082:area-state-transition:v1,REG-PUGLIA-U181-DIR-2026-00082:area-state-transition,EU-2020-1201:7(1),EU-2020-1201,7(1),HIGHER_AUTHORITY,RESOLVED_ACCEPTED_EU,"Complete declared dependency inventory with authority subset, external-only support and AST-use roles."
d977963c43528070241f,REG-PUGLIA-U181-DIR-2026-00082:area-state-transition:v1,REG-PUGLIA-U181-DIR-2026-00082:area-state-transition,IT-DLGS-19-2021:Art.31(3):establish-demarcated-area,IT-DLGS-19-2021,31(3):establish-demarcated-area,HIGHER_AUTHORITY,RESOLVED_CANONICAL,"Complete declared dependency inventory with authority subset, external-only support and AST-use roles."
43fdaa9f3d54af067674,REG-PUGLIA-U181-DIR-2026-00082:area-state-transition:v1,REG-PUGLIA-U181-DIR-2026-00082:area-state-transition,PUG-LR4-2017:Art.3(2),PUG-LR4-2017,3(2),HIGHER_AUTHORITY,RESOLVED_CANONICAL,"Complete declared dependency inventory with authority subset, external-only support and AST-use roles."
47d7992b1c1e6146084a,REG-PUGLIA-U181-DIR-2026-00112:area-state-transition:v1,REG-PUGLIA-U181-DIR-2026-00112:area-state-transition,EU-2020-1201:4(1),EU-2020-1201,4(1),HIGHER_AUTHORITY,RESOLVED_ACCEPTED_EU,"Complete declared dependency inventory with authority subset, external-only support and AST-use roles."
1e4119c35669e1c05242,REG-PUGLIA-U181-DIR-2026-00112:area-state-transition:v1,REG-PUGLIA-U181-DIR-2026-00112:area-state-transition,EU-2020-1201:7(1),EU-2020-1201,7(1),HIGHER_AUTHORITY,RESOLVED_ACCEPTED_EU,"Complete declared dependency inventory with authority subset, external-only support and AST-use roles."
dce3ed1ba0346ba7a0cb,REG-PUGLIA-U181-DIR-2026-00112:area-state-transition:v1,REG-PUGLIA-U181-DIR-2026-00112:area-state-transition,IT-DLGS-19-2021:Art.31(3):establish-demarcated-area,IT-DLGS-19-2021,31(3):establish-demarcated-area,HIGHER_AUTHORITY,RESOLVED_CANONICAL,"Complete declared dependency inventory with authority subset, external-only support and AST-use roles."
c4ad555b10796f096f2f,REG-PUGLIA-U181-DIR-2026-00112:area-state-transition:v1,REG-PUGLIA-U181-DIR-2026-00112:area-state-transition,PUG-LR4-2017:Art.3(2),PUG-LR4-2017,3(2),HIGHER_AUTHORITY,RESOLVED_CANONICAL,"Complete declared dependency inventory with authority subset, external-only support and AST-use roles."
