provision_version_id,instrument_id,stable_provision_id,effective_from,effective_to_exclusive,application_basis,source_uri,source_snapshot_hashes,source_snapshot_dates,exact_change_kind,semantic_change,actor_role,modality,true_effect,false_effect,reserved_decision_owner,evidence_contract,external_dependencies,rule_determinacy,authority_judgment_required,authority_judgment_kind,legal_linguistic_conflict,semantic_note
EU-2016-2031:Art.22(3):annual-survey-results-report:v1,EU-2016-2031,EU-2016-2031:Art.22(3):annual-survey-results-report,2019-12-14,2025-01-05,"Regulation 2016/2031 Article 113 application; original Article 22(3), before Regulation 2024/3115 Article 1(4) takes effect",https://eur-lex.europa.eu/legal-content/EN/TXT/?uri=CELEX:32016R2031,95615d3e0d96e1c964caf26d8747045bcf1c1f7258530c58ba40b2d93f663743,2016-11-23,INITIAL_IN_APERTURE,INITIAL,Member States,shall,"By 30 April each year, report to the Commission and the other Member States the preceding calendar year's Article 22(1) survey results. This version of Article 22(3) does not specify the Article 103 electronic route.","A draft, queued transmission or attempted submission does not satisfy reporting. Insufficient evidence leaves performance unverified, not automatically breached.",Member State concerned,Preceding-calendar-year survey-result set; report payload; authoritative evidence of successful reporting to the Commission and other Member States. A receipt or system acknowledgement may prove that performance; it is not an independent legal completion condition under this provision. No particular proof format is prescribed here.,[],DETERMINISTIC_RULE,NO,-,-,Retained only to the extent directly imported by Regulation 2020/1201 Article 2(8); it does not expand CORDON to the general Union survey programme.
EU-2016-2031:Art.22(3):annual-survey-results-report:v2,EU-2016-2031,EU-2016-2031:Art.22(3):annual-survey-results-report,2025-01-05,,"Regulation 2024/3115 Article 1(4) replaces Article 22(3), first subparagraph; Article 3: twentieth day after OJ publication on 2024-12-16",https://eur-lex.europa.eu/legal-content/EN/TXT/?uri=CELEX:32024R3115,8771d5fc5827f89e1c71106025f6a6fc42a5300006113b68074c8704ab6ee13b,2024-12-16,REPORTING_ROUTE_CHANGED,REPORTING_ROUTE_CHANGED,Member States,shall,"By 30 April each year, report to the Commission and the other Member States the preceding calendar year's Article 22(1) survey results through the Article 103 electronic notification system.","A draft, queued transmission or attempted submission does not satisfy reporting. Insufficient evidence leaves performance unverified, not automatically breached.",Member State concerned,Preceding-calendar-year survey-result set; report payload; authoritative evidence of successful reporting to the Commission and other Member States through the Article 103 electronic notification system. A receipt or system acknowledgement may prove that performance; it is not an independent legal completion condition under this provision. No particular proof format is prescribed here.,"[""EU-2016-2031:Art.103""]",DETERMINISTIC_RULE,NO,-,-,Retained only to the extent directly imported by Regulation 2020/1201 Article 2(8); it does not expand CORDON to the general Union survey programme.
EU-2016-2031:Art.31(2):more-stringent-measure-notification:v1,EU-2016-2031,EU-2016-2031:Art.31(2):more-stringent-measure-notification,2019-12-14,,Regulation 2016/2031 application,file:regulation/closure/eu/2016-2031-20260706.txt,c9b820e236ef4d629d5439938131c813f6bee7f5b871d352fc9ceb6dbd46bf5d,2026-07-06,INITIAL,INITIAL,Member State,may / shall,Immediately notify the Commission and other Member States of the Article 31(1) measure.,Proven nonnotification is a breach of Article 31(2). Its consequence for substantive validity or enforceability remains authority-interpretation required.,Member State competent authority,"Article 31(1) measure identity; Commission/Member-State notification, transmission and receipt; authority construction of any validity consequence.","[""EU-2016-2031:Art.31:more-stringent-national-measures""]",AUTHORITY_JUDGMENT_REQUIRED,YES,notification completion and legal consequence of breach,-,Notification is a separate mandatory output. The text does not state that nonnotification nullifies Article 31(1) substantive availability.
EU-2016-2031:Art.31(2):more-stringent-measure-report-on-request:v1,EU-2016-2031,EU-2016-2031:Art.31(2):more-stringent-measure-report-on-request,2019-12-14,,Regulation 2016/2031 application,file:regulation/closure/eu/2016-2031-20260706.txt,c9b820e236ef4d629d5439938131c813f6bee7f5b871d352fc9ceb6dbd46bf5d,2026-07-06,INITIAL,INITIAL,Member State,shall,Submit the requested annual report on measures taken under Article 31(1).,"Without a request this report duty does not activate. Missing request, scope, report or delivery evidence remains unresolved.",Member State competent authority,"Request, requesting authority, scope, applicable Article 31(1) measures, report and delivery/receipt.","[""EU-2016-2031:Art.31:more-stringent-national-measures""]",AUTHORITY_JUDGMENT_REQUIRED,YES,request scope and report compliance,-,This requested annual report is separate from immediate notification and from substantive Article 31(1) availability.
EU-2016-2031:Art.31:more-stringent-national-measures:v1,EU-2016-2031,EU-2016-2031:Art.31:more-stringent-national-measures,2019-12-14,,Regulation 2016/2031 application,file:regulation/closure/eu/2016-2031-20260706.txt,c9b820e236ef4d629d5439938131c813f6bee7f5b871d352fc9ceb6dbd46bf5d,2026-07-06,INITIAL,INITIAL,Member State,may,Make the more stringent national phytosanitary measure substantively available only through the complete Article 31(1) conditions.,"A measure outside Article 31(1) scope or proven to fail justification, Annex II compatibility or movement-restriction compatibility is unavailable through this route; missing evidence remains unresolved.",Member State competent authority,Measure identity and scope; phytosanitary justification; Annex II compatibility analysis; movement-restriction analysis.,[],AUTHORITY_JUDGMENT_REQUIRED,YES,"Article 31(1) scope, phytosanitary justification, Annex II compatibility and movement-restriction compatibility",-,Article 31(1) substantive availability is independent of Article 31(2) notification compliance. Nonnotification does not automatically decide validity or enforceability.
EU-2017-625:Art.100:national-reference-laboratory-status:v1,EU-2017-625,EU-2017-625:Art.100:national-reference-laboratory-status,2019-12-14,,Regulation 2017/625 application date,file:regulation/closure/eu/2017-625-official-controls.txt,2717feed2dd6f46d642e65db4555c0cfb033423551805d0d2a605c3f1e036531,2019-12-14,INITIAL,INITIAL,Competent authority / official or national reference laboratory as source allocated,shall,Constitute national-reference-laboratory status for the exact competence and require publication/update of name and address.,"Plan wording, scientific capability or official-laboratory status alone does not establish national-reference status; missing designation/requirement evidence remains unresolved.",Source-allocated competent authority,"Exact designation act, scope, qualifications, accreditation/derogation, audit and event-time status evidence. Location within the permitted EU/EEA territory; only the requirements selectively incorporated by Article 100 apply to the NRL route.","[""EU-2017-625:Art.37(1,3-5):official-laboratory-designation-tuple"",""EU-2017-625:Art.39:official-laboratory-audit-status"",""EU-2017-625:Art.42:temporary-method-designation"",""EU-2017-625:Art.41:representative-method-derogation-authority""]",AUTHORITY_JUDGMENT_REQUIRED,YES,exact competence-specific NRL designation and continuing status,-,Article 100 selectively incorporates Article 42: neither its official-laboratory supervision condition in paragraph 2(c) nor its same-Member-State restriction in paragraph 4 is imported. An NRL may be designated in another Member State or an EEA contracting country.
EU-2017-625:Art.101(1):national-reference-laboratory-tasks:v1,EU-2017-625,EU-2017-625:Art.101(1):national-reference-laboratory-tasks,2019-12-14,,Regulation 2017/625 application date,file:regulation/closure/eu/2017-625-official-controls.txt,2717feed2dd6f46d642e65db4555c0cfb033423551805d0d2a605c3f1e036531,2019-12-14,INITIAL,INITIAL,Competent authority / official or national reference laboratory as source allocated,shall,"Perform the source task, including official-laboratory coordination and active confirmatory/characterization assistance, without acquiring the competent authority’s official-finding decision.","Without event-time NRL status and exact task competence, Article 101 task effect is not established.",Source-allocated competent authority,"Exact designation act, scope, qualifications, accreditation/derogation, audit and event-time status evidence.","[""EU-2017-625:Art.100:national-reference-laboratory-status""]",DETERMINISTIC_RULE,NO,-,-,
"EU-2017-625:Art.37(1,3-5):official-laboratory-designation-tuple:v1",EU-2017-625,"EU-2017-625:Art.37(1,3-5):official-laboratory-designation-tuple",2019-12-14,2022-04-29,Regulation 2017/625 Article 167(1)-(2): plant-health Article 37(4)(e) and (5) not yet applicable in this interval.,file:regulation/closure/eu/2017-625-official-controls.txt,2717feed2dd6f46d642e65db4555c0cfb033423551805d0d2a605c3f1e036531,2019-12-14,INITIAL,INITIAL,Competent authority / official or national reference laboratory as source allocated,shall,"Constitute official-laboratory status for the exact written tasks, conditions and required capability. For plant health, Article 37(4)(e)/(5) accreditation and method-scope requirements do not yet apply; independently applicable domestic requirements remain separate.","Without the complete tuple, official-laboratory status for the task is not established; missing evidence remains unresolved.",Source-allocated competent authority,"Exact written designation, tasks, coordination, expertise, equipment, staff, impartiality and timely-result capability; independently applicable domestic requirements remain separate.",[],DETERMINISTIC_RULE,NO,-,-,"Article 167(2) delays only Article 37(4)(e) and (5), not written designation or the other Article 37 requirements."
"EU-2017-625:Art.37(1,3-5):official-laboratory-designation-tuple:v2",EU-2017-625,"EU-2017-625:Art.37(1,3-5):official-laboratory-designation-tuple",2022-04-29,,Regulation 2017/625 Article 167(2): plant-health Article 37(4)(e) and (5) apply from 29 April 2022.,file:regulation/closure/eu/2017-625-official-controls.txt,2717feed2dd6f46d642e65db4555c0cfb033423551805d0d2a605c3f1e036531,2019-12-14,APPLICATION_CHANGED,YES,Competent authority / official or national reference laboratory as source allocated,shall,"Constitute official-laboratory status only for the exact written tasks, conditions and event-time accreditation or valid derogation scope.","Without the complete tuple, official-laboratory status for the task is not established; missing evidence remains unresolved.",Source-allocated competent authority,"Exact designation act, scope, qualifications, accreditation/derogation, audit and event-time status evidence.",[],DETERMINISTIC_RULE,NO,-,-,"The plant-health accreditation and method-scope requirements now apply, subject to applicable derogations; domestic requirements retain their independent effect."
EU-2017-625:Art.37(2):external-location-designation:v1,EU-2017-625,EU-2017-625:Art.37(2):external-location-designation,2019-12-14,,Regulation 2017/625 application date,file:regulation/closure/eu/2017-625-official-controls.txt,2717feed2dd6f46d642e65db4555c0cfb033423551805d0d2a605c3f1e036531,2019-12-14,INITIAL,INITIAL,Competent authority / official or national reference laboratory as source allocated,may,Permit external-location designation subject to the complete source conditions.,"Without either condition, this external-location route is unavailable.",Source-allocated competent authority,"Exact designation act, scope, qualifications, accreditation/derogation, audit and event-time status evidence.",[],DETERMINISTIC_RULE,NO,-,-,
EU-2017-625:Art.38(1):official-result-notification:v1,EU-2017-625,EU-2017-625:Art.38(1):official-result-notification,2019-12-14,,Regulation 2017/625 application date,file:regulation/closure/eu/2017-625-official-controls.txt,2717feed2dd6f46d642e65db4555c0cfb033423551805d0d2a605c3f1e036531,2019-12-14,INITIAL,INITIAL,Official laboratory,shall,"Inform the designating competent authority and relevant delegated recipients immediately of risk-indicating or likely non-compliant official results, except where an applicable specific arrangement displaces immediacy.","No Article 38(1) notification duty without the source risk or likely-noncompliance result; a specific arrangement changes timing, not the underlying information duty.",Designating competent authority for specific notification arrangements,"Official result, source risk/noncompliance indication, exact designating authority and relevant delegated recipients, applicable specific arrangement and notification performance.","[""EU-2017-625:Art.37(1,3-5):official-laboratory-designation-tuple""]",DETERMINISTIC_RULE,YES,applicable specific notification arrangement,-,Notification after a result exists is distinct from prompt performance of an analysis. A specific arrangement may displace immediacy; no replacement duration is inferred.
EU-2017-625:Art.39:official-laboratory-audit-status:v1,EU-2017-625,EU-2017-625:Art.39:official-laboratory-audit-status,2019-12-14,,Regulation 2017/625 application date,file:regulation/closure/eu/2017-625-official-controls.txt,2717feed2dd6f46d642e65db4555c0cfb033423551805d0d2a605c3f1e036531,2019-12-14,INITIAL,INITIAL,Competent authority / official or national reference laboratory as source allocated,shall,"Immediately withdraw designation wholly or by task after unremedied loss of Article 37 conditions, Article 38 obligations or comparative-test performance.",Audit evidence alone does not withdraw status before the source remedial-action condition; missing audit/status evidence remains unresolved.,Source-allocated competent authority,Exact designation and applicable qualifications; competent audit findings; appropriate and timely remedial action; extent of withdrawal and event-time status.,"[""EU-2017-625:Art.37(1,3-5):official-laboratory-designation-tuple"",""EU-2017-625:Art.38(1):official-result-notification""]",DETERMINISTIC_RULE,NO,-,-,"Preserves the consequence of an audit for the exact official laboratory task. Audit findings alone do not bypass appropriate and timely remediation; consuming official status does not require reconstructing the laboratory-cooperation administration that produced those findings. Routine audit scheduling is outside this decision chain; retain the source obligation as evidence, not an instruction to operate the laboratory-audit programme."
EU-2017-625:Art.40(1)(b):other-official-activity-derogation:v1,EU-2017-625,EU-2017-625:Art.40(1)(b):other-official-activity-derogation,2019-12-14,,Regulation 2017/625 application date,file:regulation/closure/eu/2017-625-official-controls.txt,2717feed2dd6f46d642e65db4555c0cfb033423551805d0d2a605c3f1e036531,2019-12-14,INITIAL,INITIAL,Competent authority / official or national reference laboratory as source allocated,may,Permit the source-limited accreditation derogation for other-official-activity laboratories and require accredited confirmation where the method requires it.,"Outside the complete source tuple, the derogation is unavailable.",Source-allocated competent authority,"Exact designation act, scope, qualifications, accreditation/derogation, audit and event-time status evidence. Laboratory location and designating authority’s Member State for this derogation route.",[],AUTHORITY_JUDGMENT_REQUIRED,YES,exact derogation eligibility and confirmatory-method requirement,-,
EU-2017-625:Art.41:representative-method-derogation-authority:v1,EU-2017-625,EU-2017-625:Art.41:representative-method-derogation-authority,2019-12-14,,Regulation 2017/625 application date,file:regulation/closure/eu/2017-625-official-controls.txt,2717feed2dd6f46d642e65db4555c0cfb033423551805d0d2a605c3f1e036531,2019-12-14,INITIAL,INITIAL,Competent authority / official or national reference laboratory as source allocated,may,"Article 41 permits partial-method-accreditation designation only where the laboratory operates with EN ISO/IEC 17025 accreditation for similar and representative methods and uses those accredited methods regularly and significantly, except for the stated plant-health no-validated-detection-method case. The applicable delegated conditions must also be satisfied.",Failure of an Article 41 qualification defeats this derogation; meeting these qualifications alone does not establish the applicable delegated route.,Source-allocated competent authority,"Exact designation act, scope, qualifications, accreditation/derogation, audit and event-time status evidence.","[""EU-2021-1353:Art.3:plant-health-partial-accreditation-derogation""]",AUTHORITY_JUDGMENT_REQUIRED,YES,applicable delegated act and exact representative-method derogation,-,"Article 41 owns the representative-method and regular/significant-use qualifications, including its exact plant-health exception. Article 3 of Regulation 2021/1353 incorporates these qualifications and adds the plant-health-specific tuple; it is not a replacement for them."
EU-2017-625:Art.42:temporary-method-designation:v1,EU-2017-625,EU-2017-625:Art.42:temporary-method-designation,2019-12-14,,Regulation 2017/625 application date,file:regulation/closure/eu/2017-625-official-controls.txt,2717feed2dd6f46d642e65db4555c0cfb033423551805d0d2a605c3f1e036531,2019-12-14,INITIAL,INITIAL,Competent authority / official or national reference laboratory as source allocated,may,"Temporarily designate the method for at most one year, renewable once, under the complete source tuple.","Without the complete grounds and safeguards, temporary designation is unavailable.",Source-allocated competent authority,"Exact designation act, scope, qualifications, accreditation/derogation, audit and event-time status evidence. Laboratory location and designating authority’s Member State for this derogation route.",[],AUTHORITY_JUDGMENT_REQUIRED,YES,temporary-method grounds and safeguards,-,
EU-2017-625:Art.93(1):eu-reference-laboratory-designation:v1,EU-2017-625,EU-2017-625:Art.93(1):eu-reference-laboratory-designation,2019-12-14,,Regulation 2017/625 application date,file:regulation/closure/eu/2017-625-official-controls.txt,2717feed2dd6f46d642e65db4555c0cfb033423551805d0d2a605c3f1e036531,2019-12-14,INITIAL,INITIAL,Competent authority / official or national reference laboratory as source allocated,shall,Constitute EU-reference-laboratory status through the Commission implementing designation.,Scientific activity or national use does not establish EU-reference status; missing designation evidence remains unresolved.,Source-allocated competent authority,"Exact designation act, scope, qualifications, accreditation/derogation, audit and event-time status evidence.",[],DETERMINISTIC_RULE,NO,-,-,
EU-2021-1353:Art.3:plant-health-partial-accreditation-derogation:v1,EU-2021-1353,EU-2021-1353:Art.3:plant-health-partial-accreditation-derogation,2022-04-29,,Article 4 delayed application for Article 3,https://eur-lex.europa.eu/eli/reg_del/2021/1353/oj/eng,22f63cffe09e4c5e90a5260be35ec775235ab15c6b17dfd6315d7ce0cac30bd7,2021-08-13,INITIAL,INITIAL,Competent authority,may,Permit official-laboratory designation for the non-accredited plant-health methods only where the Article 41 qualifications and the complete Article 3 tuple are satisfied together.,"If evidence proves an applicable Article 41 qualification or mandatory Article 3 condition absent, the partial-accreditation derogation is unavailable; missing evidence remains unresolved.",Competent authority,Written designation; non-accredited method; quality-assurance system; Annex III characterisation; accredited method and organism-group correspondence.,"[""EU-2017-625:Art.41:representative-method-derogation-authority""]",AUTHORITY_JUDGMENT_REQUIRED,YES,method-category and same-organism-group correspondence,-,"This delegated route consumes Article 41 qualifications cumulatively, as Regulation 2021/1353 recital 5 confirms. It does not waive written designation, quality assurance, method characterisation or same-organism-group accreditation."
IT-CFN-ORD-3-2023:Annex-I:territory-list:v1,IT-CFN-ORD-3-2023,IT-CFN-ORD-3-2023:Annex-I:territory-list,2023-07-22,,Ordinance 3/2023 Annex I list preserved in the official English courtesy translation; authentic Italian Annex I wording not held,,b55b9f5052d7105cc11001f284a80c3109c86551ca6f0aba8da8520d1408b5cb,2023-07-21,INITIAL,INITIAL,-,-,Resolve list membership through the source-native whole-territory or demarcated-area-exception route.,Proven nonmembership and missing source/version/geography evidence are separate. A territory inside an operative demarcated-area exception is not pest-free through this Annex route.,-,"Operative Annex I list version; exact region/province; exact point-in-time demarcated-area acts and geography for Lazio, Puglia or Toscana; any successor national list revision.",[],DETERMINISTIC_RULE,NO,-,Authentic Italian Annex I wording remains source-required where a linguistic issue changes meaning,The courtesy translation closes list membership. It does not replace authentic Italian wording where interpretation is disputed. Puglia pest-free status excludes its exact operative demarcated areas. [PRESERVED_PRE_MIGRATION_DETAIL: scope=IMPLEMENTATION_WITH_AUTHENTIC_LANGUAGE_GAP; semantic=NATIONAL_PEST_FREE_TERRITORY_TUPLE]
IT-CFN-ORD-3-2023:Art.1(1):pest-free-declaration:v1,IT-CFN-ORD-3-2023,IT-CFN-ORD-3-2023:Art.1(1):pest-free-declaration,2023-07-22,,Central Plant Health Service Ordinance 3/2023 effective the day after Gazzetta publication,https://www.gazzettaufficiale.it/atto/serie_generale/caricaArticolo?art.codiceRedazionale=23A04106&art.dataPubblicazioneGazzetta=2023-07-21&art.flagTipoArticolo=0&art.idArticolo=1&art.idGruppo=0&art.idSottoArticolo=1&art.idSottoArticolo1=10&art.progressivo=0&art.versione=1,9db60fce50fefebb0cc9fdca06804c0e308d8ed81b8c68c105b51780177e5da7,2023-07-21,INITIAL,INITIAL,Director of the Central Plant Health Service,-,Declare the Annex I areas of Italian territory pest-free from Xylella fastidiosa for the operative list version.,-,Director of the Central Plant Health Service,Effective ordinance and Annex I version; exact territory; applicable regional demarcated-area exception; annual official survey evidence and later revision where any.,"[""EU-2020-1201:2(1)"",""EU-2020-1201:2(2)"",""EU-2020-1201:2(3)"",""EU-2020-1201:2(4)""]",DETERMINISTIC_RULE,NO,-,-,Pest-free status is versioned national authority. It is not inferred from absence of a positive row and does not erase exact demarcated-area exceptions. [PRESERVED_PRE_MIGRATION_DETAIL: scope=IMPLEMENTATION; semantic=NATIONAL_PEST_FREE_STATUS_DECLARATION]
IT-CFN-ORD-3-2023:Art.1(2):maintain-pest-free-status:v1,IT-CFN-ORD-3-2023,IT-CFN-ORD-3-2023:Art.1(2):maintain-pest-free-status,2023-07-22,,Central Plant Health Service Ordinance 3/2023,https://www.gazzettaufficiale.it/atto/serie_generale/caricaArticolo?art.codiceRedazionale=23A04106&art.dataPubblicazioneGazzetta=2023-07-21&art.flagTipoArticolo=0&art.idArticolo=1&art.idGruppo=0&art.idSottoArticolo=1&art.idSottoArticolo1=10&art.progressivo=0&art.versione=1,9db60fce50fefebb0cc9fdca06804c0e308d8ed81b8c68c105b51780177e5da7,2023-07-21,INITIAL,INITIAL,Regional plant-health service,shall,Apply Regulation 2020/1201 requirements needed to maintain the pest-free status of that territorial portion.,"Where the exact territory is inside an operative demarcated-area exception, this pest-free maintenance route does not describe that subzone. Missing survey evidence does not establish maintenance.",Regional plant-health service,"Operative Annex I list; exact territorial portion and demarcated-area exceptions; applicable annual survey design, execution, results and status reporting.","[""EU-2020-1201:2(1)"",""EU-2020-1201:2(2)"",""EU-2020-1201:2(3)"",""EU-2020-1201:2(4)""]",DETERMINISTIC_RULE,NO,-,-,The duty is continuing surveillance and maintenance. It does not convert missing observations into legal absence. [PRESERVED_PRE_MIGRATION_DETAIL: scope=IMPLEMENTATION; semantic=REGIONAL_PEST_FREE_STATUS_MAINTENANCE]
IT-CFN-ORD-3-2023:Art.1(3):annual-list-revision:v1,IT-CFN-ORD-3-2023,IT-CFN-ORD-3-2023:Art.1(3):annual-list-revision,2023-07-22,,Central Plant Health Service Ordinance 3/2023,https://www.gazzettaufficiale.it/atto/serie_generale/caricaArticolo?art.codiceRedazionale=23A04106&art.dataPubblicazioneGazzetta=2023-07-21&art.flagTipoArticolo=0&art.idArticolo=1&art.idGruppo=0&art.idSottoArticolo=1&art.idSottoArticolo1=10&art.progressivo=0&art.versione=1,9db60fce50fefebb0cc9fdca06804c0e308d8ed81b8c68c105b51780177e5da7,2023-07-21,INITIAL,INITIAL,Central Plant Health Service through the competent national ordinance route,shall,Review and revise the national pest-free-area list on the basis of the annual official survey results.,"Without annual official survey results, list revision remains unresolved. Survey results do not alter the legal list automatically.",Director of the Central Plant Health Service,Complete annual official survey results; current list and demarcated-area exceptions; National Plant Health Committee and central ordinance events required for the successor list version.,[],DETERMINISTIC_RULE,YES,NATIONAL_PEST_FREE_LIST_REVISION,-,Annual evidence informs a reserved national list decision. It does not change status without the competent successor act. [PRESERVED_PRE_MIGRATION_DETAIL: scope=IMPLEMENTATION; semantic=ANNUAL_EVIDENCE_BASED_LIST_REVISION]
IT-DLGS-19-2021:Art.10(1):establish-territorial-unit:v1,IT-DLGS-19-2021,IT-DLGS-19-2021:Art.10(1):establish-territorial-unit,2021-03-13,,D.lgs. 19/2021 effective 2021-03-13; held Article 10 text governs the admitted event horizon,https://www.normattiva.it/uri-res/N2Ls?urn:nir:stato:decreto.legislativo:2021-02-02;19~art10!vig=2021-03-13,c778f4149c15f5b65848abffeeedccd7419f53da158a2ad77e6bf42309b5b0b4,2021-03-13,INITIAL,INITIAL,Regional plant-health services competent for the affected territory,shall,Establish a territorial phytosanitary emergency unit for that declared emergency.,"Without a valid emergency declaration affecting the territory, this establishment duty does not activate. Missing declaration-route or territorial evidence remains UNKNOWN.",Regional plant-health services competent for the affected territory,Valid emergency declaration and applicable statutory route; exact affected territory and competent regional services; territorial-unit constitutive act and membership.,[],DETERMINISTIC_RULE,YES,TERRITORIAL_UNIT_ESTABLISHMENT,Article 10(1) describes emergencies as declared by the National Plant Health Committee; Article 31(6) assigns declaration to the Central Plant Health Service on the basis of committee action-plan approval,The unit is established after a valid emergency declaration under the applicable route. The unresolved actor wording is preserved rather than silently assigned to the Committee. The unit is not a standing substitute for the Regional Plant Health Service.
IT-DLGS-19-2021:Art.10(1):implement-plan-and-ordinances:v1,IT-DLGS-19-2021,IT-DLGS-19-2021:Art.10(1):implement-plan-and-ordinances,2021-03-13,,D.lgs. 19/2021 effective 2021-03-13; held Article 10 text governs the admitted event horizon,https://www.normattiva.it/uri-res/N2Ls?urn:nir:stato:decreto.legislativo:2021-02-02;19~art10!vig=2021-03-13,c778f4149c15f5b65848abffeeedccd7419f53da158a2ad77e6bf42309b5b0b4,2021-03-13,INITIAL,INITIAL,Territorial phytosanitary emergency unit,shall,Implement the applicable action plan and central ordinances through the existing legal orders and competences of the participating actors.,"Without an established unit and an applicable plan or ordinance, this implementation duty does not activate. Missing instrument or competence evidence remains UNKNOWN.",-,Territorial-unit constitutive act; effective adopted action plan or central ordinance; exact participant competence; assigned implementation and completion evidence.,[],DETERMINISTIC_RULE,NO,-,-,The unit coordinates and implements within participant competences. It creates no new substantive power and does not transfer reserved decisions.
IT-DLGS-19-2021:Art.10(3)(a):v1,IT-DLGS-19-2021,IT-DLGS-19-2021:Art.10(3)(a),2021-03-13,,D.lgs. 19/2021 effective 2021-03-13; held Article 10 text governs the admitted event horizon,https://www.normattiva.it/uri-res/N2Ls?urn:nir:stato:decreto.legislativo:2021-02-02;19~art10!vig=2021-03-13,c778f4149c15f5b65848abffeeedccd7419f53da158a2ad77e6bf42309b5b0b4,2021-03-13,INITIAL,INITIAL,Territorial phytosanitary emergency unit,shall,Implement the plant-health measures provided by the applicable action plan within the territorial unit’s lawful participant competences.,"Without the committee request and applicable action-plan measures, this implementation duty does not activate. Missing request or plan evidence remains UNKNOWN.",-,"Committee request; established territorial unit; effective action plan; exact measures, participant competences, assignments and implementation records.",[],DETERMINISTIC_RULE,NO,-,-,Implementation does not create the underlying measure or change any participant’s legal competence.
IT-DLGS-19-2021:Art.10(3)(c):v1,IT-DLGS-19-2021,IT-DLGS-19-2021:Art.10(3)(c),2021-03-13,,D.lgs. 19/2021 effective 2021-03-13; held Article 10 text governs the admitted event horizon,https://www.normattiva.it/uri-res/N2Ls?urn:nir:stato:decreto.legislativo:2021-02-02;19~art10!vig=2021-03-13,c778f4149c15f5b65848abffeeedccd7419f53da158a2ad77e6bf42309b5b0b4,2021-03-13,INITIAL,INITIAL,Territorial phytosanitary emergency unit,-,Allocates territorial checks on performance of action-plan plant-health measures to the territorial emergency unit.,-,-,Established territorial unit; effective action plan; exact measure and expected performer; verification evidence and findings.,[],DETERMINISTIC_RULE,NO,-,-,"Verification evidence does not itself prove recipient breach, authorize substitute execution or impose a sanction."
IT-DLGS-19-2021:Art.10(4):v1,IT-DLGS-19-2021,IT-DLGS-19-2021:Art.10(4),2021-03-13,,D.lgs. 19/2021 effective 2021-03-13; held Article 10 text governs the admitted event horizon,https://www.normattiva.it/uri-res/N2Ls?urn:nir:stato:decreto.legislativo:2021-02-02;19~art10!vig=2021-03-13,c778f4149c15f5b65848abffeeedccd7419f53da158a2ad77e6bf42309b5b0b4,2021-03-13,INITIAL,INITIAL,Territorial phytosanitary emergency unit,shall,Maintain constant information exchange with the national Phytosanitary Emergency Secretariat about the emergency’s evolution.,"Without the territorial unit’s emergency in progress, this emergency-specific exchange duty does not activate. Missing emergency-state evidence remains UNKNOWN.",-,Established territorial unit; active emergency identity and interval; exchanged information and receipt records.,[],DETERMINISTIC_RULE,NO,-,-,Information exchange informs coordination and review. It does not itself alter the operative legal state.
IT-DLGS-19-2021:Art.11(1):v1,IT-DLGS-19-2021,IT-DLGS-19-2021:Art.11(1),2021-03-13,,D.lgs. 19/2021 effective 2021-03-13; held Article 11 text governs the admitted event horizon,https://www.normattiva.it/uri-res/N2Ls?urn:nir:stato:decreto.legislativo:2021-02-02;19~art11!vig=2021-03-13,d3fffcf48658f6cc7a555453b767c6381dbdb2ca579bd8a74fbf8b1bfcf3bc98,2021-03-13,INITIAL,INITIAL,Regions and autonomous provinces,shall,"Establish and regulate the Regional Plant Health Service, ensure territorial plant-protection activities and maintain the applicable Regulation 2017/625 Article 5 requirements.",-,Regions and autonomous provinces,"Effective Article 11 provision; regional organizational law and acts; service identity, competence, structure and continuing Regulation 2017/625 qualification evidence.",[],DETERMINISTIC_RULE,YES,REGIONAL_SERVICE_ORGANIZATION,-,"Regional organizational autonomy does not authorize omission or reassignment of the service’s statutory territorial responsibilities. Terminal framework citations for this proposition: EU-2017-625:Art.5. The retained national text fully states the in-scope actor, trigger and effect; no separate Stage A branch is imported."
IT-DLGS-19-2021:Art.11(1)(b):v1,IT-DLGS-19-2021,IT-DLGS-19-2021:Art.11(1)(b),2021-03-13,,D.lgs. 19/2021 effective 2021-03-13; held Article 11 text governs the admitted event horizon,https://www.normattiva.it/uri-res/N2Ls?urn:nir:stato:decreto.legislativo:2021-02-02;19~art11!vig=2021-03-13,d3fffcf48658f6cc7a555453b767c6381dbdb2ca579bd8a74fbf8b1bfcf3bc98,2021-03-13,INITIAL,INITIAL,Regions and autonomous provinces,shall,"Adopt procedures and organizational arrangements for technical, operational and administrative actions that ensure immediate operational response to Chapter VI plant-health emergencies.",-,Regions and autonomous provinces,"Regional emergency-response procedures and organizational acts; competent service roles; technical, operational and administrative readiness evidence.",[],DETERMINISTIC_RULE,YES,REGIONAL_EMERGENCY_ORGANIZATION,-,This is an organizational readiness duty. It does not itself declare an emergency or activate a specific measure.
IT-DLGS-19-2021:Art.11(2):v1,IT-DLGS-19-2021,IT-DLGS-19-2021:Art.11(2),2021-03-13,,D.lgs. 19/2021 effective 2021-03-13; held Article 11 text governs the admitted event horizon,https://www.normattiva.it/uri-res/N2Ls?urn:nir:stato:decreto.legislativo:2021-02-02;19~art11!vig=2021-03-13,d3fffcf48658f6cc7a555453b767c6381dbdb2ca579bd8a74fbf8b1bfcf3bc98,2021-03-13,INITIAL,INITIAL,Regions and autonomous provinces,shall,Guarantee the resources necessary to implement the plant-health measures within resources available under current legislation.,"Without an Article 3 implementation requirement, this measure-specific resource duty does not activate. Missing need or availability evidence remains UNKNOWN.",Regions and autonomous provinces,Applicable plant-health measures; implementation workload and resource need; resources legally available; regional allocation and deployment evidence.,[],DETERMINISTIC_RULE,YES,RESOURCE_ALLOCATION_WITHIN_LEGAL_AVAILABILITY,-,The clause requires resource provision within the statutory availability boundary. It does not create an aid entitlement or permit nonimplementation of an active measure by inference.
IT-DLGS-19-2021:Art.13(1):corresponding-reference-laboratory:v1,IT-DLGS-19-2021,IT-DLGS-19-2021:Art.13(1):corresponding-reference-laboratory,2021-03-13,,D.lgs. 19/2021 effective 2021-03-13; held Article 13 text governs the admitted event horizon,https://www.normattiva.it/uri-res/N2Ls?urn:nir:stato:decreto.legislativo:2021-02-02;19~art13!vig=2021-03-13,cb1ce8d01d0392877a9da445c5ee8c5ef36740f85b4a65a45468792bb02d4889,2021-03-13,INITIAL,INITIAL,Minister responsible for agriculture,shall,Designate one or more corresponding national reference laboratories by ministerial decree.,"Without a corresponding EU reference laboratory, this mandatory corresponding-designation route does not activate. The separate unmatched-designation route may remain available.",Minister responsible for agriculture,Effective EU reference-laboratory designation; qualifying national laboratory identity and scope; ministerial designation decree; continuing qualification.,"[""EU-2017-625:Art.93(1):eu-reference-laboratory-designation"",""EU-2017-625:Art.100:national-reference-laboratory-status""]",DETERMINISTIC_RULE,YES,MINISTERIAL_REFERENCE_LABORATORY_DESIGNATION,-,The statutory route allocates designation authority. Technical capability without the ministerial designation does not establish national-reference status.
IT-DLGS-19-2021:Art.13(1):unmatched-reference-laboratory:v1,IT-DLGS-19-2021,IT-DLGS-19-2021:Art.13(1):unmatched-reference-laboratory,2021-03-13,,D.lgs. 19/2021 effective 2021-03-13; held Article 13 text governs the admitted event horizon,https://www.normattiva.it/uri-res/N2Ls?urn:nir:stato:decreto.legislativo:2021-02-02;19~art13!vig=2021-03-13,cb1ce8d01d0392877a9da445c5ee8c5ef36740f85b4a65a45468792bb02d4889,2021-03-13,INITIAL,INITIAL,Minister responsible for agriculture,may,Designate a national reference laboratory by ministerial decree despite the absence of a corresponding EU reference laboratory.,"Where a corresponding EU reference laboratory exists, this unmatched route does not apply; the corresponding-designation route governs. Missing correspondence or qualification evidence remains UNKNOWN.",Minister responsible for agriculture,Evidence that no corresponding EU reference laboratory exists; qualifying laboratory identity and scope; ministerial designation decree; continuing qualification.,"[""EU-2017-625:Art.100:national-reference-laboratory-status""]",DETERMINISTIC_RULE,YES,MINISTERIAL_UNMATCHED_REFERENCE_LABORATORY_DESIGNATION,-,"This route does not allow a plan, regional act or scientific practice to substitute for the ministerial designation."
IT-DLGS-19-2021:Art.13(2):v1,IT-DLGS-19-2021,IT-DLGS-19-2021:Art.13(2),2021-03-13,,D.lgs. 19/2021 effective 2021-03-13; held Article 13 text governs the admitted event horizon,https://www.normattiva.it/uri-res/N2Ls?urn:nir:stato:decreto.legislativo:2021-02-02;19~art13!vig=2021-03-13,cb1ce8d01d0392877a9da445c5ee8c5ef36740f85b4a65a45468792bb02d4889,2021-03-13,INITIAL,INITIAL,Minister responsible for agriculture,shall,Verify and require compliance with Regulation 2017/625 Article 100(3) as a constitutive condition of the designation.,"Without an undertaking to designate a national reference laboratory, this designation-process requirement does not activate. Missing qualification evidence leaves designation unresolved.",Minister responsible for agriculture,Proposed laboratory identity and exact competence; Regulation 2017/625 Article 100(3) qualification evidence; ministerial designation record.,"[""EU-2017-625:Art.100:national-reference-laboratory-status""]",DETERMINISTIC_RULE,YES,REFERENCE_LABORATORY_QUALIFICATION,-,Qualification is part of valid designation. It is not a post-designation administrative check and cannot be inferred from technical reputation.
IT-DLGS-19-2021:Art.13(4):v1,IT-DLGS-19-2021,IT-DLGS-19-2021:Art.13(4),2021-03-13,,D.lgs. 19/2021 effective 2021-03-13; held Article 13 text governs the admitted event horizon,https://www.normattiva.it/uri-res/N2Ls?urn:nir:stato:decreto.legislativo:2021-02-02;19~art13!vig=2021-03-13,cb1ce8d01d0392877a9da445c5ee8c5ef36740f85b4a65a45468792bb02d4889,2021-03-13,INITIAL,INITIAL,Minister responsible for agriculture,shall,Revoke the national reference laboratory designation after obtaining the National Plant Health Committee opinion.,"If continuing qualification and required activities remain satisfied, this revocation route does not activate. Missing qualification or performance evidence remains UNKNOWN.",Minister responsible for agriculture,Current designation and scope; evidence of lost Article 13(2) requirements or failed Article 13(5) activities; National Plant Health Committee opinion; ministerial revocation act.,[],DETERMINISTIC_RULE,YES,REFERENCE_LABORATORY_REVOCATION,-,"The deficiency or failed activity activates the revocation duty. Committee opinion is required completion evidence before revocation, not an antecedent that makes the deficiency false when absent."
IT-DLGS-19-2021:Art.13(5)(b):v1,IT-DLGS-19-2021,IT-DLGS-19-2021:Art.13(5)(b),2021-03-13,,D.lgs. 19/2021 effective 2021-03-13; Article 13(5) stem and point (b) govern the admitted event horizon,https://www.normattiva.it/uri-res/N2Ls?urn:nir:stato:decreto.legislativo:2021-02-02;19~art13!vig=2021-03-13,cb1ce8d01d0392877a9da445c5ee8c5ef36740f85b4a65a45468792bb02d4889,2021-03-13,INITIAL,INITIAL,National reference laboratory,shall,"Coordinate designated official laboratories to harmonize and improve analysis, testing and diagnostic methods and their use.","Without committee direction within the laboratory’s designated competence, this coordination duty does not activate. Missing direction or scope evidence remains UNKNOWN.",-,Valid national-reference designation and competence; committee direction; exact official laboratories and methods; coordination and harmonization records.,[],DETERMINISTIC_RULE,NO,-,-,Coordination may govern method quality and use. It does not designate an official laboratory or make a case finding.
IT-DLGS-19-2021:Art.13(5)(h):v1,IT-DLGS-19-2021,IT-DLGS-19-2021:Art.13(5)(h),2021-03-13,,D.lgs. 19/2021 effective 2021-03-13; Article 13(5) stem and point (h) govern the admitted event horizon,https://www.normattiva.it/uri-res/N2Ls?urn:nir:stato:decreto.legislativo:2021-02-02;19~art13!vig=2021-03-13,cb1ce8d01d0392877a9da445c5ee8c5ef36740f85b4a65a45468792bb02d4889,2021-03-13,INITIAL,INITIAL,National reference laboratory,shall,"Actively assist the National Plant Health Service with pest diagnosis and consignment nonconformity, including confirmatory diagnosis and characterization or taxonomic studies.","Without committee direction within the laboratory’s designated competence, this support duty does not activate. Missing direction, sample or scope evidence remains UNKNOWN.",-,"Valid national-reference designation and competence; committee direction; official sample or consignment identity; diagnostic, confirmatory, characterization or taxonomic report.",[],DETERMINISTIC_RULE,NO,-,-,The national reference laboratory supplies evidence and scientific support. The competent Regional Plant Health Service retains the official-confirmation decision and legal branch selection.
IT-DLGS-19-2021:Art.13(5)-stem:v1,IT-DLGS-19-2021,IT-DLGS-19-2021:Art.13(5)-stem,2021-03-13,,D.lgs. 19/2021 effective 2021-03-13; held Article 13 text governs the admitted event horizon,https://www.normattiva.it/uri-res/N2Ls?urn:nir:stato:decreto.legislativo:2021-02-02;19~art13!vig=2021-03-13,cb1ce8d01d0392877a9da445c5ee8c5ef36740f85b4a65a45468792bb02d4889,2021-03-13,INITIAL,INITIAL,National reference laboratory,shall,Apply the source-native Article 13(5) duty corresponding to the committee-directed activity within the laboratory’s designated competence.,"Without committee direction within designated competence, the Article 13(5) duty does not activate. Missing direction or competence evidence remains UNKNOWN.",-,Valid national-reference designation and competence; National Plant Health Committee direction; exact Article 13(5) task and completion record.,[],DETERMINISTIC_RULE,NO,-,-,The stem supplies the common competence and committee-direction conditions. Each point retains its own effect.
IT-DLGS-19-2021:Art.14(1):designate-official-laboratory:v1,IT-DLGS-19-2021,IT-DLGS-19-2021:Art.14(1):designate-official-laboratory,2021-03-13,,D.lgs. 19/2021 effective 2021-03-13; held Article 14 text governs the admitted event horizon,https://www.normattiva.it/uri-res/N2Ls?urn:nir:stato:decreto.legislativo:2021-02-02;19~art14!vig=2021-03-13,76b4ffbe61ab6b417d78a0842bd2b92ca28a9158ee3796d71720063679c678e4,2021-03-13,INITIAL,INITIAL,Regional plant-health service,shall,"Verify Regulation 2017/625 Article 37 requirements, hear the National Plant Health Committee and designate official laboratories for exact analyses, tests and diagnoses on official samples.","Where evidence proves a mandatory qualification, hearing or written-scope requirement is absent, official-laboratory designation is not established.",Regional plant-health service,Laboratory identity and exact task/method scope; Regulation 2017/625 Article 37 qualification evidence; National Plant Health Committee hearing; regional written designation.,"[""EU-2017-625:Art.37(1,3-5):official-laboratory-designation-tuple""]",DETERMINISTIC_RULE,YES,OFFICIAL_LABORATORY_DESIGNATION,-,"Qualification review, committee hearing and written scope are cumulative. Missing evidence is not a failed requirement."
IT-DLGS-19-2021:Art.14(1):official-laboratory-capacity:v1,IT-DLGS-19-2021,IT-DLGS-19-2021:Art.14(1):official-laboratory-capacity,2021-03-13,,D.lgs. 19/2021 effective 2021-03-13; held Article 14 text governs the admitted event horizon,https://www.normattiva.it/uri-res/N2Ls?urn:nir:stato:decreto.legislativo:2021-02-02;19~art14!vig=2021-03-13,76b4ffbe61ab6b417d78a0842bd2b92ca28a9158ee3796d71720063679c678e4,2021-03-13,INITIAL,INITIAL,Regional plant-health service,shall,"Maintain official-laboratory capacity for analyses, tests and diagnoses on samples from official controls and other official activities in the regional territory.",-,Regional plant-health service,Regional official-control workload; laboratory capacity and competence; continuing availability to the Regional Plant Health Service.,"[""EU-2017-625:Art.37(1,3-5):official-laboratory-designation-tuple""]",DETERMINISTIC_RULE,YES,OFFICIAL_LABORATORY_CAPACITY,-,Capacity does not itself designate a laboratory or make an analysis official.
IT-DLGS-19-2021:Art.14(1):record-designation-data:v1,IT-DLGS-19-2021,IT-DLGS-19-2021:Art.14(1):record-designation-data,2021-03-13,,D.lgs. 19/2021 effective 2021-03-13; held Article 14 text governs the admitted event horizon,https://www.normattiva.it/uri-res/N2Ls?urn:nir:stato:decreto.legislativo:2021-02-02;19~art14!vig=2021-03-13,76b4ffbe61ab6b417d78a0842bd2b92ca28a9158ee3796d71720063679c678e4,2021-03-13,INITIAL,INITIAL,Regional plant-health service,shall,Enter the valid official-laboratory designation data in the SIPP official-controls section.,"Without a valid completed designation, this SIPP-recording duty does not activate. Missing designation evidence remains UNKNOWN.",-,Valid written official-laboratory designation and exact data required for SIPP recording; completed SIPP entry.,[],DETERMINISTIC_RULE,NO,-,-,"SIPP recording does not create designation and cannot cure missing qualification, hearing, written form or task scope."
IT-DLGS-19-2021:Art.14(2):v1,IT-DLGS-19-2021,IT-DLGS-19-2021:Art.14(2),2021-03-13,,D.lgs. 19/2021 effective 2021-03-13; held Article 14 text governs the admitted event horizon,https://www.normattiva.it/uri-res/N2Ls?urn:nir:stato:decreto.legislativo:2021-02-02;19~art14!vig=2021-03-13,76b4ffbe61ab6b417d78a0842bd2b92ca28a9158ee3796d71720063679c678e4,2021-03-13,INITIAL,INITIAL,Regional plant-health service,shall,Make the designation in writing and describe in detail the official tasks and the conditions under which the laboratory performs them.,"Without an undertaking to designate an official laboratory, this designation-process requirement does not activate. Missing written form or scope evidence leaves designation unresolved.",Regional plant-health service,"Regional designation process; written designation instrument; exact laboratory identity, official tasks, methods and operating conditions required by Regulation 2017/625 Article 37.","[""EU-2017-625:Art.37(1,3-5):official-laboratory-designation-tuple""]",DETERMINISTIC_RULE,YES,WRITTEN_OFFICIAL_LABORATORY_TASK_SCOPE,-,Written form and detailed task and condition scope are constitutive. They are not post-designation administration.
IT-DLGS-19-2021:Art.14(3):cross-region-designation:v1,IT-DLGS-19-2021,IT-DLGS-19-2021:Art.14(3):cross-region-designation,2021-03-13,,D.lgs. 19/2021 effective 2021-03-13; held Article 14 text governs the admitted event horizon,https://www.normattiva.it/uri-res/N2Ls?urn:nir:stato:decreto.legislativo:2021-02-02;19~art14!vig=2021-03-13,76b4ffbe61ab6b417d78a0842bd2b92ca28a9158ee3796d71720063679c678e4,2021-03-13,INITIAL,INITIAL,Regional plant-health service,may,"After hearing the National Plant Health Committee, designate the other region’s official laboratory as the receiving service’s official laboratory for the agreed task or individual analytical method.","Without the other region’s valid designation and the parties’ agreement, this receiving-service designation route is unavailable. Missing designation, agreement or committee-hearing evidence remains UNKNOWN.",Regional plant-health service,Other region’s valid written designation and exact scope; agreement between the parties; National Plant Health Committee hearing; receiving region’s designation and use record.,[],DETERMINISTIC_RULE,YES,CROSS_REGION_OFFICIAL_LABORATORY_DESIGNATION,-,The prior designation does not automatically extend across regions. The receiving regional service must exercise its own designation authority for the agreed scope.
IT-DLGS-19-2021:Art.14(3):cross-region-use:v1,IT-DLGS-19-2021,IT-DLGS-19-2021:Art.14(3):cross-region-use,2021-03-13,,D.lgs. 19/2021 effective 2021-03-13; held Article 14 text governs the admitted event horizon,https://www.normattiva.it/uri-res/N2Ls?urn:nir:stato:decreto.legislativo:2021-02-02;19~art14!vig=2021-03-13,76b4ffbe61ab6b417d78a0842bd2b92ca28a9158ee3796d71720063679c678e4,2021-03-13,INITIAL,INITIAL,Regional plant-health service,may,Use the cross-region official laboratory within the receiving service’s exact designation and agreement.,"Without the receiving service’s valid cross-region designation, this statutory use route is unavailable. Missing designation or task-scope evidence remains UNKNOWN.",Regional plant-health service,"Receiving service’s valid written cross-region designation; agreement and exact task or method; laboratory availability; sample assignment, custody and report.",[],DETERMINISTIC_RULE,NO,-,-,Use is downstream of receiving-service designation and does not transfer the receiving service’s official-finding authority.
IT-DLGS-19-2021:Art.14(4):v1,IT-DLGS-19-2021,IT-DLGS-19-2021:Art.14(4),2021-03-13,,D.lgs. 19/2021 effective 2021-03-13; held Article 14 text governs the admitted event horizon,https://www.normattiva.it/uri-res/N2Ls?urn:nir:stato:decreto.legislativo:2021-02-02;19~art14!vig=2021-03-13,76b4ffbe61ab6b417d78a0842bd2b92ca28a9158ee3796d71720063679c678e4,2021-03-13,INITIAL,INITIAL,Regional plant-health service,may,"After hearing the National Plant Health Committee, designate the external laboratory as an official laboratory for the exact task and conditions.","If the external laboratory does not satisfy Article 37 requirements for the exact task, this designation route is unavailable. Missing qualification or committee-hearing evidence remains UNKNOWN.",Regional plant-health service,External laboratory identity; Article 37 qualification for the exact task; National Plant Health Committee hearing; regional written designation and scope.,"[""EU-2017-625:Art.37(1,3-5):official-laboratory-designation-tuple""]",DETERMINISTIC_RULE,YES,EXTERNAL_OFFICIAL_LABORATORY_DESIGNATION,-,"External status does not reduce the qualification, written-scope or continuing-validity requirements."
IT-DLGS-19-2021:Art.20(1):assistant-identity:v1,IT-DLGS-19-2021,IT-DLGS-19-2021:Art.20(1):assistant-identity,2021-03-13,,Reached national dependency for delegated assistant activity,https://www.normattiva.it/uri-res/N2Ls?urn:nir:stato:decreto.legislativo:2021-02-02;19,2362392c87a5a9e41bb3a7df66b2c65aa2bf3f5c62d06d69955a879e54d1a70e,2026-08-30,INITIAL,INITIAL,Appointed plant-health assistant / competent plant-health service,shall,Treat an assistant as an external professionally qualified technician technically accountable to the territorial service.,Assistant status is not established.,Competent Plant Health Service,"Appointment, committee opinion, register/current status, express assignment, task and resulting record.",[],DETERMINISTIC_RULE,NO,-,-,Reached because the Puglia operator uses delegated assistants in the Articles 1–17 mechanism.
IT-DLGS-19-2021:Art.20(2):appointment-register:v1,IT-DLGS-19-2021,IT-DLGS-19-2021:Art.20(2):appointment-register,2021-03-13,,Reached national dependency for delegated assistant activity,https://www.normattiva.it/uri-res/N2Ls?urn:nir:stato:decreto.legislativo:2021-02-02;19,2362392c87a5a9e41bb3a7df66b2c65aa2bf3f5c62d06d69955a879e54d1a70e,2026-08-30,INITIAL,INITIAL,Appointed plant-health assistant / competent plant-health service,shall,"Permit assistant activity only after central appointment following committee opinion, territorial-direction duty and register entry.",Appointment/current authority is not established.,Competent Plant Health Service,"Appointment, committee opinion, register/current status, express assignment, task and resulting record.",[],AUTHORITY_JUDGMENT_REQUIRED,YES,appointment and current register status,-,Reached because the Puglia operator uses delegated assistants in the Articles 1–17 mechanism.
IT-DLGS-19-2021:Art.20(3):activity-limits:v1,IT-DLGS-19-2021,IT-DLGS-19-2021:Art.20(3):activity-limits,2021-03-13,,Reached national dependency for delegated assistant activity,https://www.normattiva.it/uri-res/N2Ls?urn:nir:stato:decreto.legislativo:2021-02-02;19,2362392c87a5a9e41bb3a7df66b2c65aa2bf3f5c62d06d69955a879e54d1a70e,2026-08-30,INITIAL,INITIAL,Appointed plant-health assistant / competent plant-health service,shall,Allow assigned official plant-protection activity but prohibit official-measure prescription and phytosanitary-certificate issuance.,Activity is not authorized or exceeds statutory limits.,Competent Plant Health Service,"Appointment, committee opinion, register/current status, express assignment, task and resulting record.",[],DETERMINISTIC_RULE,NO,-,-,Reached because the Puglia operator uses delegated assistants in the Articles 1–17 mechanism.
IT-DLGS-19-2021:Art.20(4):express-assignment:v1,IT-DLGS-19-2021,IT-DLGS-19-2021:Art.20(4):express-assignment,2021-03-13,,Reached national dependency for delegated assistant activity,https://www.normattiva.it/uri-res/N2Ls?urn:nir:stato:decreto.legislativo:2021-02-02;19,2362392c87a5a9e41bb3a7df66b2c65aa2bf3f5c62d06d69955a879e54d1a70e,2026-08-30,INITIAL,INITIAL,Appointed plant-health assistant / competent plant-health service,shall,Require express assignment by the competent service manager and limit activity to assigned functions.,The assistant may not perform the activity.,Competent Plant Health Service,"Appointment, committee opinion, register/current status, express assignment, task and resulting record.",[],DETERMINISTIC_RULE,NO,-,-,Reached because the Puglia operator uses delegated assistants in the Articles 1–17 mechanism.
IT-DLGS-19-2021:Art.20(5):proposal-not-decision:v1,IT-DLGS-19-2021,IT-DLGS-19-2021:Art.20(5):proposal-not-decision,2021-03-13,,Reached national dependency for delegated assistant activity,https://www.normattiva.it/uri-res/N2Ls?urn:nir:stato:decreto.legislativo:2021-02-02;19,2362392c87a5a9e41bb3a7df66b2c65aa2bf3f5c62d06d69955a879e54d1a70e,2026-08-30,INITIAL,INITIAL,Appointed plant-health assistant / competent plant-health service,shall,Permit proposal of a measure or sanction to the inspector; the proposal creates no official decision.,No proposal or decision follows.,Competent Plant Health Service,"Appointment, committee opinion, register/current status, express assignment, task and resulting record.",[],DETERMINISTIC_RULE,NO,-,-,Reached because the Puglia operator uses delegated assistants in the Articles 1–17 mechanism.
IT-DLGS-19-2021:Art.24:register-current-status:v1,IT-DLGS-19-2021,IT-DLGS-19-2021:Art.24:register-current-status,2021-03-13,,Reached national dependency for delegated assistant activity,https://www.normattiva.it/uri-res/N2Ls?urn:nir:stato:decreto.legislativo:2021-02-02;19,a0d2707d95927b02c185a0e24500255c82833c1ef0f20c5f2c3eb605534b16c6,2026-08-30,INITIAL,INITIAL,Appointed plant-health assistant / competent plant-health service,shall,"Establish assistant authority for the exact event time only when the registered identity/qualification, validated updates, assignment and absence of an effective event-time cancellation are proven.",A proven event-time cancellation defeats authority. Missing event-time register or cancellation evidence remains unresolved; present-day status is not projected backward.,Competent Plant Health Service,"Appointment, committee opinion, register/current status, express assignment, task and resulting record.",[],AUTHORITY_JUDGMENT_REQUIRED,YES,validated current personnel status,-,Reached because Puglia uses delegated assistants. Event-time status governs historical work; later/current status has no retrospective effect.
IT-DLGS-19-2021:Art.26(1):prepare-emergency-plan:v1,IT-DLGS-19-2021,IT-DLGS-19-2021:Art.26(1):prepare-emergency-plan,2021-03-13,,D.lgs. 19/2021 effective 2021-03-13; held Article 26 text governs the admitted event horizon,https://www.normattiva.it/uri-res/N2Ls?urn:nir:stato:decreto.legislativo:2021-02-02;19~art26!vig=2021-03-13,e065bde9ee1b5e8e69b3ada4f26efca0c84fc40f05e411e9a18fdb3a8e812ef7,2021-03-13,INITIAL,INITIAL,Central plant-health service,shall,"With national-reference-institute support, prepare and keep updated an emergency plan containing the source-native survey, decision, responsibility, procedure, protocol and resource contents for suspected or officially confirmed presence.","If the pest is neither a priority pest nor committee-designated for emergency planning, this Article 26 planning duty does not activate. Missing pest-status or committee evidence remains UNKNOWN.",Central plant-health service,Effective priority-pest status or committee designation; exact pest; source-native plan contents; central draft and update record; national-reference-institute support.,"[""EU-2019-1702:priority-pest list""]",DETERMINISTIC_RULE,YES,EMERGENCY_PLAN_CONTENT_AND_MAINTENANCE,-,"Scientific support contributes evidence and method. The Central Plant Health Service owns plan preparation; ministerial adoption is a separate effect. Terminal framework citations for this proposition: EU-2016-2031:Art.6. The retained national text fully states the in-scope actor, trigger and effect; no separate Stage A branch is imported."
IT-DLGS-19-2021:Art.26(2):ministerial-adoption:v1,IT-DLGS-19-2021,IT-DLGS-19-2021:Art.26(2):ministerial-adoption,2021-03-13,,D.lgs. 19/2021 effective 2021-03-13; held Article 26 text governs the admitted event horizon,https://www.normattiva.it/uri-res/N2Ls?urn:nir:stato:decreto.legislativo:2021-02-02;19~art26!vig=2021-03-13,e065bde9ee1b5e8e69b3ada4f26efca0c84fc40f05e411e9a18fdb3a8e812ef7,2021-03-13,INITIAL,INITIAL,Minister responsible for agriculture,shall,"After confirming Regulation 2016/2031 Article 25 conformity and obtaining the National Plant Health Committee opinion, adopt the emergency plan by ministerial decree.","Without a prepared Article 26(1) plan, this adoption duty does not activate. Missing conformity or committee-opinion evidence leaves adoption unresolved.",Minister responsible for agriculture,Prepared emergency plan; Regulation 2016/2031 Article 25 conformity; National Plant Health Committee opinion; signed ministerial adoption decree and effective publication.,"[""EU-2016-2031:Art.25""]",DETERMINISTIC_RULE,YES,MINISTERIAL_EMERGENCY_PLAN_ADOPTION,-,"Committee opinion, ministerial adoption and later territorial implementation remain distinct events."
IT-DLGS-19-2021:Art.26(4):monitor-emergency-plans:v1,IT-DLGS-19-2021,IT-DLGS-19-2021:Art.26(4):monitor-emergency-plans,2021-03-13,,D.lgs. 19/2021 effective 2021-03-13; held Article 26 text governs the admitted event horizon,https://www.normattiva.it/uri-res/N2Ls?urn:nir:stato:decreto.legislativo:2021-02-02;19~art26!vig=2021-03-13,e065bde9ee1b5e8e69b3ada4f26efca0c84fc40f05e411e9a18fdb3a8e812ef7,2021-03-13,INITIAL,INITIAL,Central plant-health service,shall,"With national-reference-institute support, monitor each emergency plan while it remains in force.","Without an adopted emergency plan in force, this plan-specific monitoring duty does not activate.",Central plant-health service,"Adopted emergency plan and effective interval; monitoring design, evidence and findings; national-reference-institute support.",[],DETERMINISTIC_RULE,NO,-,-,Monitoring does not itself amend the plan. Any necessary update follows a separate effect and the competent preparation and adoption route.
IT-DLGS-19-2021:Art.26(4):update-emergency-plan:v1,IT-DLGS-19-2021,IT-DLGS-19-2021:Art.26(4):update-emergency-plan,2021-03-13,,D.lgs. 19/2021 effective 2021-03-13; held Article 26 text governs the admitted event horizon,https://www.normattiva.it/uri-res/N2Ls?urn:nir:stato:decreto.legislativo:2021-02-02;19~art26!vig=2021-03-13,e065bde9ee1b5e8e69b3ada4f26efca0c84fc40f05e411e9a18fdb3a8e812ef7,2021-03-13,INITIAL,INITIAL,Central plant-health service,shall,"With national-reference-institute support, update the emergency plan through the competent preparation and adoption route.","If monitoring does not establish a necessary update, no update effect occurs and monitoring continues. Missing monitoring evidence remains UNKNOWN.",Central plant-health service,Current adopted plan; monitoring evidence; update-necessity assessment; revised plan; National Plant Health Committee opinion and competent adoption act.,[],DETERMINISTIC_RULE,YES,EMERGENCY_PLAN_UPDATE_NECESSITY,-,Monitoring evidence activates the update route only when necessity is established. It does not itself amend the plan.
IT-DLGS-19-2021:Art.27(1):v1,IT-DLGS-19-2021,IT-DLGS-19-2021:Art.27(1),2021-03-13,,D.lgs. 19/2021 effective 2021-03-13; held Article 27 text governs the admitted event horizon,https://www.normattiva.it/uri-res/N2Ls?urn:nir:stato:decreto.legislativo:2021-02-02;19~art27!vig=2021-03-13,35f541526463c16781fcfc7f835da2d025647367314a8264e1e85048d0e16073,2021-03-13,INITIAL,INITIAL,Regional plant-health service,shall,Conduct territorial surveys to determine presence of the source-listed pest classes under the adopted national survey programme.,"Without an adopted programme covering the pest and territory, this programme-specific survey duty does not activate. Missing programme or coverage evidence remains UNKNOWN.",Regional plant-health service,"Adopted national survey programme and effective interval; exact pest and regional territory; approved survey design; official inspections, samples, tests and results.","[""EU-2016-2031:Art.22""]",DETERMINISTIC_RULE,NO,-,-,"The programme implements recurring survey duties. Its data do not become an official finding without the applicable official confirmation route. Terminal framework citations for this proposition: EU-2016-2031:Art.24. The retained national text fully states the in-scope actor, trigger and effect; no separate Stage A branch is imported."
IT-DLGS-19-2021:Art.27(2):v1,IT-DLGS-19-2021,IT-DLGS-19-2021:Art.27(2),2021-03-13,,D.lgs. 19/2021 effective 2021-03-13; held Article 27 text governs the admitted event horizon,https://www.normattiva.it/uri-res/N2Ls?urn:nir:stato:decreto.legislativo:2021-02-02;19~art27!vig=2021-03-13,35f541526463c16781fcfc7f835da2d025647367314a8264e1e85048d0e16073,2021-03-13,INITIAL,INITIAL,Central plant-health service,shall,"With national-reference-institute support and after committee opinion, adopt general survey objectives and criteria based on pest risk assessment.","Without a national survey-programme cycle requiring objectives and criteria, this cycle-specific adoption duty does not activate. Missing risk assessment or committee-opinion evidence leaves adoption unresolved.",Central plant-health service,Survey-programme cycle; pest risk assessments; national-reference-institute support; National Plant Health Committee opinion; adopted general objectives and criteria.,[],DETERMINISTIC_RULE,YES,RISK_BASED_SURVEY_OBJECTIVES_AND_CRITERIA,-,Risk assessment informs central objectives and criteria. It does not itself distribute samples or determine an official finding.
IT-DLGS-19-2021:Art.27(3):v1,IT-DLGS-19-2021,IT-DLGS-19-2021:Art.27(3),2021-03-13,,D.lgs. 19/2021 effective 2021-03-13; held Article 27 text governs the admitted event horizon,https://www.normattiva.it/uri-res/N2Ls?urn:nir:stato:decreto.legislativo:2021-02-02;19~art27!vig=2021-03-13,35f541526463c16781fcfc7f835da2d025647367314a8264e1e85048d0e16073,2021-03-13,INITIAL,INITIAL,Regional plant-health service,shall,"Based on territorial risk analysis and conforming to Article 27(2) objectives and criteria, prepare and transmit the proposed surveys for the following calendar year to the Central Plant Health Service.","Outside the annual proposal stage, this cycle-specific duty does not activate. Missing territorial risk analysis or adopted objectives and criteria leaves the proposal unresolved.",Regional plant-health service,Territorial risk analysis; current Article 27(2) objectives and criteria; next-year regional survey proposal; transmission to the Central Plant Health Service.,[],DETERMINISTIC_RULE,YES,REGIONAL_SURVEY_PROPOSAL,-,A regional proposal is not the adopted national programme and does not itself create programme-wide survey authority.
IT-DLGS-19-2021:Art.27(4):adopt-national-programme:v1,IT-DLGS-19-2021,IT-DLGS-19-2021:Art.27(4):adopt-national-programme,2021-03-13,,D.lgs. 19/2021 effective 2021-03-13; held Article 27 text governs the admitted event horizon,https://www.normattiva.it/uri-res/N2Ls?urn:nir:stato:decreto.legislativo:2021-02-02;19~art27!vig=2021-03-13,35f541526463c16781fcfc7f835da2d025647367314a8264e1e85048d0e16073,2021-03-13,INITIAL,INITIAL,Central plant-health service,shall,"After obtaining the National Plant Health Committee opinion, adopt the annual national plant-pest survey programme.","Without a prepared national proposal, this adoption duty does not activate. Missing committee-opinion evidence leaves adoption unresolved.",Central plant-health service,Prepared national programme proposal; National Plant Health Committee opinion; signed central adoption act and effective programme version.,[],DETERMINISTIC_RULE,YES,NATIONAL_SURVEY_PROGRAMME_ADOPTION,-,Committee opinion and central adoption are distinct. Neither is inferred from workbook contents alone.
IT-DLGS-19-2021:Art.27(4):prepare-national-proposal:v1,IT-DLGS-19-2021,IT-DLGS-19-2021:Art.27(4):prepare-national-proposal,2021-03-13,,D.lgs. 19/2021 effective 2021-03-13; held Article 27 text governs the admitted event horizon,https://www.normattiva.it/uri-res/N2Ls?urn:nir:stato:decreto.legislativo:2021-02-02;19~art27!vig=2021-03-13,35f541526463c16781fcfc7f835da2d025647367314a8264e1e85048d0e16073,2021-03-13,INITIAL,INITIAL,Central plant-health service,shall,Prepare the proposed annual national plant-pest survey programme from the regional proposals.,"Without the regional proposal population for the annual cycle, this preparation duty remains unresolved. Missing regional proposals are not treated as zero survey need.",Central plant-health service,Complete received Article 27(3) regional proposal population; current central objectives and criteria; central proposed national programme.,[],DETERMINISTIC_RULE,YES,NATIONAL_SURVEY_PROGRAMME_PROPOSAL,-,The central proposal is not the adopted programme and does not yet activate regional execution.
IT-DLGS-19-2021:Art.27(4):publish-national-programme:v1,IT-DLGS-19-2021,IT-DLGS-19-2021:Art.27(4):publish-national-programme,2021-03-13,,D.lgs. 19/2021 effective 2021-03-13; held Article 27 text governs the admitted event horizon,https://www.normattiva.it/uri-res/N2Ls?urn:nir:stato:decreto.legislativo:2021-02-02;19~art27!vig=2021-03-13,35f541526463c16781fcfc7f835da2d025647367314a8264e1e85048d0e16073,2021-03-13,INITIAL,INITIAL,Central plant-health service,shall,Publish the adopted annual national survey programme through the Article 53 portal.,"Without an adopted programme, this publication duty does not activate. Missing publication evidence leaves public availability unresolved.",-,Adopted programme identity and version; Article 53 portal publication record and published content.,[],DETERMINISTIC_RULE,NO,-,-,Portal publication communicates the adopted programme. It does not substitute for central adoption or create territorial survey results.
IT-DLGS-19-2021:Art.27(5):v1,IT-DLGS-19-2021,IT-DLGS-19-2021:Art.27(5),2021-03-13,,D.lgs. 19/2021 effective 2021-03-13; held Article 27 text governs the admitted event horizon,https://www.normattiva.it/uri-res/N2Ls?urn:nir:stato:decreto.legislativo:2021-02-02;19~art27!vig=2021-03-13,35f541526463c16781fcfc7f835da2d025647367314a8264e1e85048d0e16073,2021-03-13,INITIAL,INITIAL,National Plant Health Committee,may,Establish that survey activities for the specific pest are implemented through a multi-year programme and define that programme’s terms.,"Without a committee decision establishing a multi-year route for the specific pest, the annual programme cycle remains applicable. Missing committee-decision evidence remains UNKNOWN.",National Plant Health Committee,"Exact pest; committee proposal record, decision and defined multi-year programme terms; competent central adoption and publication where required.",[],DETERMINISTIC_RULE,YES,MULTI_YEAR_SURVEY_PROGRAMME_SELECTION,-,A multi-year route requires the committee’s source-defined decision. Recurring data alone does not create it.
IT-DLGS-19-2021:Art.27(6):transmit-adopted-programme:v1,IT-DLGS-19-2021,IT-DLGS-19-2021:Art.27(6):transmit-adopted-programme,2021-03-13,,D.lgs. 19/2021 effective 2021-03-13; held Article 27 text governs the admitted event horizon,https://www.normattiva.it/uri-res/N2Ls?urn:nir:stato:decreto.legislativo:2021-02-02;19~art27!vig=2021-03-13,35f541526463c16781fcfc7f835da2d025647367314a8264e1e85048d0e16073,2021-03-13,INITIAL,INITIAL,Central plant-health service,shall,Transmit the adopted national survey programme to the European Commission and Member States.,"Without an adopted programme, this programme-transmission duty does not activate. Missing transmission evidence remains UNKNOWN.",-,Adopted annual or multi-year programme identity and version; Commission and Member State transmission record.,"[""EU-2016-2031:Art.22""]",DETERMINISTIC_RULE,NO,-,-,"Transmission does not adopt or amend the programme. Terminal framework citations for this proposition: EU-2016-2031:Art.23, EU-2016-2031:Art.24. The retained national text fully states the in-scope actor, trigger and effect; no separate Stage A branch is imported."
IT-DLGS-19-2021:Art.27(6):transmit-prior-year-results:v1,IT-DLGS-19-2021,IT-DLGS-19-2021:Art.27(6):transmit-prior-year-results,2021-03-13,,D.lgs. 19/2021 effective 2021-03-13; held Article 27 text governs the admitted event horizon,https://www.normattiva.it/uri-res/N2Ls?urn:nir:stato:decreto.legislativo:2021-02-02;19~art27!vig=2021-03-13,35f541526463c16781fcfc7f835da2d025647367314a8264e1e85048d0e16073,2021-03-13,INITIAL,INITIAL,Central plant-health service,shall,Transmit reports containing the prior year’s survey-activity results to the European Commission and Member States.,"Without a completed prior survey year and reportable result record, this result-reporting duty remains unresolved. Missing results are not treated as absence of pests.",-,Complete prior-year survey execution and result population; compiled result reports; Commission and Member State transmission record.,"[""EU-2016-2031:Art.22""]",DETERMINISTIC_RULE,NO,-,-,"Result reporting is downstream of survey execution. It does not create the survey result or official finding. Terminal framework citations for this proposition: EU-2016-2031:Art.23, EU-2016-2031:Art.24. The retained national text fully states the in-scope actor, trigger and effect; no separate Stage A branch is imported."
IT-DLGS-19-2021:Art.27(7):v1,IT-DLGS-19-2021,IT-DLGS-19-2021:Art.27(7),2021-03-13,,D.lgs. 19/2021 effective 2021-03-13; held Article 27 text governs the admitted event horizon,https://www.normattiva.it/uri-res/N2Ls?urn:nir:stato:decreto.legislativo:2021-02-02;19~art27!vig=2021-03-13,35f541526463c16781fcfc7f835da2d025647367314a8264e1e85048d0e16073,2021-03-13,INITIAL,INITIAL,Source-listed public bodies holding pest data,shall,Send the held pest data to populate the SIPP official-controls section.,"Without central direction or held source-listed pest data, this data-supply duty does not activate. Missing data evidence remains UNKNOWN.",-,Central data-supply direction; public-body identity; exact held pest data and provenance; transmission and SIPP ingestion record.,[],DETERMINISTIC_RULE,NO,-,-,SIPP ingestion preserves data provenance. It does not convert contributed information into an official finding without the competent confirmation chain.
IT-DLGS-19-2021:Art.27(8):access-sipp-data:v1,IT-DLGS-19-2021,IT-DLGS-19-2021:Art.27(8):access-sipp-data,2021-03-13,,D.lgs. 19/2021 effective 2021-03-13; held Article 27 text governs the admitted event horizon,https://www.normattiva.it/uri-res/N2Ls?urn:nir:stato:decreto.legislativo:2021-02-02;19~art27!vig=2021-03-13,35f541526463c16781fcfc7f835da2d025647367314a8264e1e85048d0e16073,2021-03-13,INITIAL,INITIAL,"Source-listed university, scientific, research or producer body",may,Access SIPP data within the methods defined by the National Plant Health Service and the limits and permissions of applicable personal-data law.,"If the access route or personal-data requirements are not satisfied, this access permission is unavailable. Missing authorization evidence remains UNKNOWN.",-,Eligible body identity; National Plant Health Service access method; applicable personal-data legal basis and scope; conforming access record.,[],DETERMINISTIC_RULE,NO,-,-,"Data access does not confer authority to amend records, make official findings or determine legal branches."
IT-DLGS-19-2021:Art.27(8):contribute-additional-data:v1,IT-DLGS-19-2021,IT-DLGS-19-2021:Art.27(8):contribute-additional-data,2021-03-13,,D.lgs. 19/2021 effective 2021-03-13; held Article 27 text governs the admitted event horizon,https://www.normattiva.it/uri-res/N2Ls?urn:nir:stato:decreto.legislativo:2021-02-02;19~art27!vig=2021-03-13,35f541526463c16781fcfc7f835da2d025647367314a8264e1e85048d0e16073,2021-03-13,INITIAL,INITIAL,"Source-listed university, scientific, research or producer body",may,Contribute additional territorial pest-presence data and information for insertion into the SIPP official-controls section under the accepted application route.,"Without the required application, this contribution route is unavailable. Missing application or contribution provenance remains UNKNOWN.",-,"Eligible contributor identity; submitted prior application; exact contributed data, provenance, ingestion and access controls.",[],DETERMINISTIC_RULE,NO,-,-,Contributed data remains additional information until the competent official process gives it a distinct legal effect.
IT-DLGS-19-2021:Art.27(9):v1,IT-DLGS-19-2021,IT-DLGS-19-2021:Art.27(9),2021-03-13,,D.lgs. 19/2021 effective 2021-03-13; held Article 27 text governs the admitted event horizon,https://www.normattiva.it/uri-res/N2Ls?urn:nir:stato:decreto.legislativo:2021-02-02;19~art27!vig=2021-03-13,35f541526463c16781fcfc7f835da2d025647367314a8264e1e85048d0e16073,2021-03-13,INITIAL,INITIAL,Central plant-health service,shall,Coordinate Article 27 surveillance activities in collaboration with the national reference institute.,-,Central plant-health service,Effective Article 27 programme cycle; central coordination record; national-reference-institute collaboration and regional surveillance interfaces.,[],DETERMINISTIC_RULE,NO,-,-,Scientific collaboration does not transfer central coordination or regional execution authority.
IT-DLGS-19-2021:Art.28(1):v1,IT-DLGS-19-2021,IT-DLGS-19-2021:Art.28(1),2021-03-13,,D.lgs. 19/2021 effective 2021-03-13; held Article 28 text governs the admitted event horizon,https://www.normattiva.it/uri-res/N2Ls?urn:nir:stato:decreto.legislativo:2021-02-02;19~art28!vig=2021-03-13,883be22ebac70151d50be5fd374da015863ff05638313e0b78030876deec7577,2021-03-13,INITIAL,INITIAL,Any person or body within the source-defined class,shall,"Immediately communicate the presence, suspicion or imminent-danger information to the competent Regional Plant Health Service or a named forwarding authority before disclosing or publishing it.","Without the source-defined knowledge or held imminent-danger information, this reporting duty does not activate. Missing knowledge evidence remains UNKNOWN.",-,"Person or body identity; source-defined knowledge or held imminent-danger information; exact pest or danger; communication content, time, recipient and forwarding record where applicable.",[],DETERMINISTIC_RULE,NO,-,-,A report or suspicion is not an official finding. Communication to a forwarding authority is not complete until timely forwarding reaches the Regional Plant Health Service.
IT-DLGS-19-2021:Art.28(2):v1,IT-DLGS-19-2021,IT-DLGS-19-2021:Art.28(2),2021-03-13,,D.lgs. 19/2021 effective 2021-03-13; held Article 28 text governs the admitted event horizon,https://www.normattiva.it/uri-res/N2Ls?urn:nir:stato:decreto.legislativo:2021-02-02;19~art28!vig=2021-03-13,883be22ebac70151d50be5fd374da015863ff05638313e0b78030876deec7577,2021-03-13,INITIAL,INITIAL,Professional operator,shall,Immediately adopt precautionary measures aimed at preventing pest establishment and spread.,"Without the source-defined operator knowledge, this precautionary duty does not activate. Missing knowledge evidence remains UNKNOWN.",-,"Professional-operator identity and affected activity; knowledge event; pest or imminent danger; selected precautionary measures, timing and completion evidence.",[],DETERMINISTIC_RULE,YES,OPERATOR_PRECAUTION_SELECTION,-,Precaution does not convert suspicion into an official finding.
IT-DLGS-19-2021:Art.28(3):v1,IT-DLGS-19-2021,IT-DLGS-19-2021:Art.28(3),2021-03-13,,D.lgs. 19/2021 effective 2021-03-13; held Article 28 text governs the admitted event horizon,https://www.normattiva.it/uri-res/N2Ls?urn:nir:stato:decreto.legislativo:2021-02-02;19~art28!vig=2021-03-13,883be22ebac70151d50be5fd374da015863ff05638313e0b78030876deec7577,2021-03-13,INITIAL,INITIAL,Regional plant-health service,shall,"Decide the official confirmation of the finding on the diagnosis of a validly designated official laboratory; the confirmed finding (OFFICIAL_FINDING_CONFIRMED — pest, medium, place, date carried by the finding act) is the event on which every post-confirmation duty starts.",Without regional suspicion or detection the confirmation duty is not activated; after activation and before the decision the confirmation is pending — the trigger is not false and the pending state confirms nothing.,Regional plant-health service,"Report, Article 27 survey or official-control trigger evidence; exact pest and territory; official sample and custody; diagnosis from a validly designated official laboratory for the task; regional official-confirmation decision.",[],DETERMINISTIC_RULE,YES,OFFICIAL_FINDING_CONFIRMATION,-,"The duty activates from regional suspicion or detection; the laboratory diagnosis is the basis of the decision, not the decision; the decision is the completed legal result (OFFICIAL_FINDING_CONFIRMED) that Articles 29–31, the Union Article 4 duty and the regional area rows consume. Duty activation, authority exercise and completed legal result are three events (refresh 2026-09-02)."
IT-DLGS-19-2021:Art.28(4):v1,IT-DLGS-19-2021,IT-DLGS-19-2021:Art.28(4),2021-03-13,,D.lgs. 19/2021 effective 2021-03-13; held Article 28 text governs the admitted event horizon,https://www.normattiva.it/uri-res/N2Ls?urn:nir:stato:decreto.legislativo:2021-02-02;19~art28!vig=2021-03-13,883be22ebac70151d50be5fd374da015863ff05638313e0b78030876deec7577,2021-03-13,INITIAL,INITIAL,Regional plant-health service,shall,Immediately adopt suitable interim plant-health measures to prevent any risk of spread while official confirmation is pending.,"If suspicion is absent or official confirmation is complete, this pending-confirmation precaution route does not apply. Missing confirmation-status evidence remains UNKNOWN.",Regional plant-health service,"Regional suspicion state; exact pest and territory; unresolved official-confirmation state; selected interim measures, legal basis, timing and completion evidence.",[],DETERMINISTIC_RULE,YES,INTERIM_PRECAUTION_SELECTION,-,Interim precaution does not convert suspicion into an official confirmed finding.
IT-DLGS-19-2021:Art.28(5):v1,IT-DLGS-19-2021,IT-DLGS-19-2021:Art.28(5),2021-03-13,,D.lgs. 19/2021 effective 2021-03-13; held Article 28 text governs the admitted event horizon,https://www.normattiva.it/uri-res/N2Ls?urn:nir:stato:decreto.legislativo:2021-02-02;19~art28!vig=2021-03-13,883be22ebac70151d50be5fd374da015863ff05638313e0b78030876deec7577,2021-03-13,INITIAL,INITIAL,Private or public subject receiving competent regional instructions,shall,"Adopt the instructed necessary plant-health measures, including elimination of affected plants, plant products or other objects where lawfully required.","Without competent regional instructions applicable to the subject, this instruction-specific duty does not activate. Missing instruction or service evidence remains UNKNOWN.",Regional plant-health service,"Competent regional instruction and legal basis; exact subject, sites and affected plants, products or objects; effective communication; implementation and completion evidence.",[],DETERMINISTIC_RULE,NO,-,-,The Regional Plant Health Service owns the instruction. The subject owns compliance; the instruction cannot exceed the applicable substantive legal population.
IT-DLGS-19-2021:Art.29(1):v1,IT-DLGS-19-2021,IT-DLGS-19-2021:Art.29(1),2021-03-13,,D.lgs. 19/2021 effective 2021-03-13; held Article 29 text governs the admitted event horizon,https://www.normattiva.it/uri-res/N2Ls?urn:nir:stato:decreto.legislativo:2021-02-02;19~art29!vig=2021-03-13,bd04633972ee4f9c0ea02ae01f41cc9301eafb3428eac265c9debb293e2d1d66,2021-03-13,INITIAL,INITIAL,Regional plant-health service,shall,Enter the presence or applicable suspicion information and first adopted plant-health measures in the Union electronic notification system.,"Without receipt of official confirmation, this notification-entry duty does not activate. Missing confirmation-receipt or entry evidence remains UNKNOWN.",Regional plant-health service,Official-confirmation decision and regional receipt time; pest presence or applicable suspicion; first adopted measures; Union-system entry and timestamp.,"[""IT-DLGS-19-2021:Art.28(3)""]",DETERMINISTIC_RULE,NO,-,-,Regional entry is not the Central Plant Health Service’s official Commission notification.
IT-DLGS-19-2021:Art.29(2):v1,IT-DLGS-19-2021,IT-DLGS-19-2021:Art.29(2),2021-03-13,,D.lgs. 19/2021 effective 2021-03-13; held Article 29 text governs the admitted event horizon,https://www.normattiva.it/uri-res/N2Ls?urn:nir:stato:decreto.legislativo:2021-02-02;19~art29!vig=2021-03-13,bd04633972ee4f9c0ea02ae01f41cc9301eafb3428eac265c9debb293e2d1d66,2021-03-13,INITIAL,INITIAL,Central plant-health service,shall,Officially notify the European Commission through the Union electronic system of the finding and first applied measures.,"Without the completed regional entry and a source-listed category, this central official-notification duty does not activate. Missing category or notification evidence remains UNKNOWN.",Central plant-health service,Completed Article 29(1) entry and timestamp; exact source-listed category; finding and first applied measures; central official Commission notification and timestamp.,[],DETERMINISTIC_RULE,NO,-,-,The three-working-day clock is sequential. It is not anchored directly to the laboratory result.
IT-DLGS-19-2021:Art.30(1):v1,IT-DLGS-19-2021,IT-DLGS-19-2021:Art.30(1),2021-03-13,,D.lgs. 19/2021 effective 2021-03-13; held Article 30 text governs the admitted event horizon,https://www.normattiva.it/uri-res/N2Ls?urn:nir:stato:decreto.legislativo:2021-02-02;19~art30!vig=2021-03-13,e70f94709352197f355ed11ad728b0e1d6231b27e5ccfdead5bfe09fbf9d4010,2021-03-13,INITIAL,INITIAL,Regional plant-health service,shall,Inform the potentially affected professional operators of the confirmed Union quarantine-pest presence without delay.,"Without official confirmation and a potentially affected operator population, this information duty does not activate. Missing affected-population evidence remains UNKNOWN.",Regional plant-health service,"Official-confirmation decision; exact potentially affected professional operators and plants, products or objects; information content, delivery and timing evidence.","[""IT-DLGS-19-2021:Art.28(3)""]",DETERMINISTIC_RULE,NO,-,-,Affected-operator information is distinct from individual or mass service of a restrictive measure.
IT-DLGS-19-2021:Art.30(2):v1,IT-DLGS-19-2021,IT-DLGS-19-2021:Art.30(2),2021-03-13,,D.lgs. 19/2021 effective 2021-03-13; held Article 30 text governs the admitted event horizon,https://www.normattiva.it/uri-res/N2Ls?urn:nir:stato:decreto.legislativo:2021-02-02;19~art30!vig=2021-03-13,e70f94709352197f355ed11ad728b0e1d6231b27e5ccfdead5bfe09fbf9d4010,2021-03-13,INITIAL,INITIAL,National Plant Health Committee,shall,Define the methods for informing the public about adopted and intended measures and measures required from relevant professional-operator or other-person categories.,"Without official confirmation of a priority pest, this public-information-method duty does not activate. Missing priority status or method evidence remains UNKNOWN.",National Plant Health Committee,"Official-confirmation decision; priority-pest status; committee public-information method decision; public content, channel and publication evidence.","[""IT-DLGS-19-2021:Art.28(3)""]",DETERMINISTIC_RULE,YES,PUBLIC_INFORMATION_METHOD,-,Public information is distinct from the legal service or effectiveness of an individual or mass restrictive measure.
IT-DLGS-19-2021:Art.31(1):v1,IT-DLGS-19-2021,IT-DLGS-19-2021:Art.31(1),2021-03-13,,D.lgs. 19/2021 effective 2021-03-13; held Article 31 text governs the admitted event horizon,https://www.normattiva.it/uri-res/N2Ls?urn:nir:stato:decreto.legislativo:2021-02-02;19~art31!vig=2021-03-13,fa7f8d2d597b414ce11481a5a6c80909cc0a7a8fc22d8ce6ed4f1b6392138899,2021-03-13,INITIAL,INITIAL,Regional plant-health service,shall,"Investigate without delay the origin of the confirmed presence and whether plant, plant-product or object movements may have spread the pest.","Without official confirmation of the Union quarantine-pest finding, this post-confirmation investigation duty does not activate. Missing confirmation evidence remains UNKNOWN.",Regional plant-health service,"Official-confirmation decision; exact pest and finding; plant, product and object supply, movement, origin, destination and spread evidence; investigation findings.","[""IT-DLGS-19-2021:Art.28(3)""]",DETERMINISTIC_RULE,YES,ORIGIN_AND_MOVEMENT_INVESTIGATION,-,Investigation informs spread and area decisions. It does not itself create area geography.
IT-DLGS-19-2021:Art.31(2):v1,IT-DLGS-19-2021,IT-DLGS-19-2021:Art.31(2),2021-03-13,,D.lgs. 19/2021 effective 2021-03-13; held Article 31 text governs the admitted event horizon,https://www.normattiva.it/uri-res/N2Ls?urn:nir:stato:decreto.legislativo:2021-02-02;19~art31!vig=2021-03-13,fa7f8d2d597b414ce11481a5a6c80909cc0a7a8fc22d8ce6ed4f1b6392138899,2021-03-13,INITIAL,INITIAL,Regional plant-health service,shall,Immediately adopt the urgent and necessary plant-health measures that lawfully eliminate spread risk from the affected area.,"Without official confirmation or a necessary urgent response, this route does not activate. Missing necessity or measure evidence remains UNKNOWN.",Regional plant-health service,"Official-confirmation decision; affected area and spread risk; urgency and necessity assessment; selected measure, legal basis, timing and completion evidence.","[""IT-DLGS-19-2021:Art.28(3)""]",DETERMINISTIC_RULE,YES,URGENT_MEASURE_SELECTION,-,Urgent measures are the immediate response. They do not silently settle the later eradication-or-containment action-plan branch.
IT-DLGS-19-2021:Art.31(3):eradication-regime:v1,IT-DLGS-19-2021,IT-DLGS-19-2021:Art.31(3):eradication-regime,2021-03-13,,D.lgs. 19/2021 Article 31(3) under directly applicable Regulation 2020/1201 Articles 7–12,https://www.normattiva.it/uri-res/N2Ls?urn:nir:stato:decreto.legislativo:2021-02-02;19~art31!vig=2021-03-13,fa7f8d2d597b414ce11481a5a6c80909cc0a7a8fc22d8ce6ed4f1b6392138899,2021-03-13,INITIAL,INITIAL,Regional plant-health service,shall,Apply eradication only when the resolved shared branch result is ERADICATION_CONTROLS.,"Containment, conflict, procedural-validity adjudication and missing evidence never satisfy the eradication trigger.",Regional plant-health service,Exact operative area state; effective Union eradication provisions; Annex III status and competent containment selection where claimed; exact regional measure and implementation record.,"[""EU-2020-1201:7(1)"",""EU-2020-1201:8(1)"",""EU-2020-1201:8(2)"",""EU-2020-1201:8(2)(a)"",""EU-2020-1201:8(2)(b)"",""EU-2020-1201:8(2)-sub1"",""EU-2020-1201:9(1)"",""EU-2020-1201:9(2)"",""EU-2020-1201:9(3)"",""EU-2020-1201:10"",""EU-2020-1201:11(1)"",""EU-2020-1201:11(2)"",""EU-2020-1201:11(3)"",""EU-2020-1201:12"",""PUG-LR4-2017:Art.6(1)""]",DETERMINISTIC_RULE,YES,ERADICATION_OR_LAWFUL_CONTAINMENT_BRANCH,-,"The branch result is consumed through result_ref to the shared Puglia containment master, which itself requires the operative legal-area result. No Boolean negation of unresolved containment status is used."
IT-DLGS-19-2021:Art.31(3):establish-demarcated-area:v1,IT-DLGS-19-2021,IT-DLGS-19-2021:Art.31(3):establish-demarcated-area,2021-03-13,,D.lgs. 19/2021 Article 31(3) under directly applicable Regulation 2020/1201 Articles 4 and 12,https://www.normattiva.it/uri-res/N2Ls?urn:nir:stato:decreto.legislativo:2021-02-02;19~art31!vig=2021-03-13,fa7f8d2d597b414ce11481a5a6c80909cc0a7a8fc22d8ce6ed4f1b6392138899,2021-03-13,INITIAL,INITIAL,Regional plant-health service,shall,Preserve the outstanding directly applicable Article 4 duty and require the Regional Plant Health Service to proceed through the separate national opinion and constitutive-act route.,Without a confirmed finding in a plant the Article 4 duty is not activated; missing national opinion evidence never extinguishes the Union duty.,Regional plant-health service,"Official plant finding; effective Union area provisions; committee opinion where required; exact regional constitutive area act, geometry and effective time.","[""EU-2020-1201:4(1)"",""IT-DLGS-19-2021:Art.6(3)(g)"",""IT-DLGS-19-2021:Art.28(3)""]",AUTHORITY_JUDGMENT_REQUIRED,YES,exact constitutive area act,-,The Union duty is independent of Italian procedural compliance. Article 6(3)(g) and the later constitutive act separately determine national authority/validity and operative geography.
IT-DLGS-19-2021:Art.31(4):v1,IT-DLGS-19-2021,IT-DLGS-19-2021:Art.31(4),2021-03-13,,D.lgs. 19/2021 effective 2021-03-13; held Article 31 text governs the admitted event horizon,https://www.normattiva.it/uri-res/N2Ls?urn:nir:stato:decreto.legislativo:2021-02-02;19~art31!vig=2021-03-13,fa7f8d2d597b414ce11481a5a6c80909cc0a7a8fc22d8ce6ed4f1b6392138899,2021-03-13,INITIAL,INITIAL,National Plant Health Committee,shall,"Using available data and information, define and approve the plant-health measures in conformity with the applicable emergency plan.","Without an official finding or the first useful meeting, this meeting-specific decision duty does not activate. Missing meeting or evidence records remain UNKNOWN.",National Plant Health Committee,Official finding; first useful meeting identity and time; available data and information; effective emergency plan; committee-defined and approved measures.,"[""IT-DLGS-19-2021:Art.28(3)""]",DETERMINISTIC_RULE,YES,RESERVED_MEASURE_DEFINITION_AND_APPROVAL,-,"Committee approval does not itself establish regional geometry, issue a regional prescription or execute a measure."
IT-DLGS-19-2021:Art.31(5):committee-action-plan-approval:v1,IT-DLGS-19-2021,IT-DLGS-19-2021:Art.31(5):committee-action-plan-approval,2021-03-13,,D.lgs. 19/2021 effective 2021-03-13 under effective Regulation 2020/1201 branch availability,https://www.normattiva.it/uri-res/N2Ls?urn:nir:stato:decreto.legislativo:2021-02-02;19~art31!vig=2021-03-13,fa7f8d2d597b414ce11481a5a6c80909cc0a7a8fc22d8ce6ed4f1b6392138899,2021-03-13,INITIAL,INITIAL,National Plant Health Committee,shall,Decide whether to approve the proposed regional eradication-or-containment action plan.,"Without receipt of the complete regional proposal, this approval decision does not activate. Missing completeness or decision evidence remains UNKNOWN.",National Plant Health Committee,"Complete regional action-plan proposal and transmission; effective EU branch availability; committee record, approval decision and approved plan version.","[""EU-2020-1201:12""]",DETERMINISTIC_RULE,YES,RESERVED_ACTION_PLAN_APPROVAL,-,"Receipt does not establish approval. Committee approval remains distinct from central declaration, adoption, notification and territorial implementation."
IT-DLGS-19-2021:Art.31(5):regional-action-plan-proposal:v1,IT-DLGS-19-2021,IT-DLGS-19-2021:Art.31(5):regional-action-plan-proposal,2021-03-13,,D.lgs. 19/2021 effective 2021-03-13 under effective Regulation 2020/1201 branch availability,https://www.normattiva.it/uri-res/N2Ls?urn:nir:stato:decreto.legislativo:2021-02-02;19~art31!vig=2021-03-13,fa7f8d2d597b414ce11481a5a6c80909cc0a7a8fc22d8ce6ed4f1b6392138899,2021-03-13,INITIAL,INITIAL,Regional plant-health service,shall,Prepare and transmit for committee approval a proposed eradication-or-containment action plan with the implementation calendar and the complete source-native survey-design tuple.,"Without Article 31(4) measures, this proposal duty does not activate. Missing measures or proposal evidence remains UNKNOWN.",Regional plant-health service,"Article 31(4) measures and approval time; effective EU branch availability; regional proposal; implementation calendar; survey design and organization; visual-examination, sample and test counts; examination, sampling and testing methodologies; transmission record.","[""EU-2020-1201:12""]",DETERMINISTIC_RULE,YES,REGIONAL_ACTION_PLAN_PROPOSAL,-,The regional service owns preparation and transmission. Eradication and containment remain alternative branches governed by effective EU law. Committee approval is separate.
IT-DLGS-19-2021:Art.31(6):adopt-action-plan:v1,IT-DLGS-19-2021,IT-DLGS-19-2021:Art.31(6):adopt-action-plan,2021-03-13,,D.lgs. 19/2021 effective 2021-03-13; held Article 31 text governs the admitted event horizon,https://www.normattiva.it/uri-res/N2Ls?urn:nir:stato:decreto.legislativo:2021-02-02;19~art31!vig=2021-03-13,fa7f8d2d597b414ce11481a5a6c80909cc0a7a8fc22d8ce6ed4f1b6392138899,2021-03-13,INITIAL,INITIAL,Central plant-health service,shall,Officially adopt the committee-approved action plan.,"Without committee action-plan approval, this central adoption duty does not activate. Missing adoption evidence remains UNKNOWN.",Central plant-health service,"Committee-approved action plan and version; central official adoption act, adopted plan and effective interval.",[],DETERMINISTIC_RULE,YES,RESERVED_CENTRAL_ACTION_PLAN_ADOPTION,-,Committee approval is not central adoption. The adopted version controls later implementation.
IT-DLGS-19-2021:Art.31(6):declare-emergency:v1,IT-DLGS-19-2021,IT-DLGS-19-2021:Art.31(6):declare-emergency,2021-03-13,,D.lgs. 19/2021 effective 2021-03-13; held Article 31 text governs the admitted event horizon,https://www.normattiva.it/uri-res/N2Ls?urn:nir:stato:decreto.legislativo:2021-02-02;19~art31!vig=2021-03-13,fa7f8d2d597b414ce11481a5a6c80909cc0a7a8fc22d8ce6ed4f1b6392138899,2021-03-13,INITIAL,INITIAL,Central plant-health service,shall,Declare the plant-health emergency on the basis of the approved action plan.,"Without committee action-plan approval, this emergency-declaration duty does not activate. Missing declaration evidence remains UNKNOWN.",Central plant-health service,"Committee-approved action plan and version; central declaration act, time and emergency identity.",[],DETERMINISTIC_RULE,YES,RESERVED_EMERGENCY_DECLARATION,-,Committee approval and central emergency declaration are separate legal events.
IT-DLGS-19-2021:Art.31(6):notify-commission:v1,IT-DLGS-19-2021,IT-DLGS-19-2021:Art.31(6):notify-commission,2021-03-13,,D.lgs. 19/2021 effective 2021-03-13; held Article 31 text governs the admitted event horizon,https://www.normattiva.it/uri-res/N2Ls?urn:nir:stato:decreto.legislativo:2021-02-02;19~art31!vig=2021-03-13,fa7f8d2d597b414ce11481a5a6c80909cc0a7a8fc22d8ce6ed4f1b6392138899,2021-03-13,INITIAL,INITIAL,Central plant-health service,shall,Notify the officially adopted action plan to the European Commission.,"Without official central adoption, this action-plan notification duty does not activate. Missing notification evidence remains UNKNOWN.",Central plant-health service,"Officially adopted action plan and version; Commission notification content, channel and time.",[],DETERMINISTIC_RULE,NO,-,-,Commission notification is downstream of central adoption and does not itself adopt or implement the plan.
IT-DLGS-19-2021:Art.31(7):v1,IT-DLGS-19-2021,IT-DLGS-19-2021:Art.31(7),2021-03-13,,D.lgs. 19/2021 effective 2021-03-13; held Article 31 text governs the admitted event horizon,https://www.normattiva.it/uri-res/N2Ls?urn:nir:stato:decreto.legislativo:2021-02-02;19~art31!vig=2021-03-13,fa7f8d2d597b414ce11481a5a6c80909cc0a7a8fc22d8ce6ed4f1b6392138899,2021-03-13,INITIAL,INITIAL,Central plant-health service,shall,Activate the Phytosanitary Emergency Secretariat for coordination of action-plan measure implementation.,"Without the committee request and adopted action-plan measures, this activation duty does not activate. Missing request or activation evidence remains UNKNOWN.",Central plant-health service,Committee request; officially adopted action plan and measures; central activation act; secretariat coordination record.,[],DETERMINISTIC_RULE,NO,-,-,Secretariat activation creates coordination capacity. It does not create or transfer the underlying measures or reserved decisions.
IT-DLGS-19-2021:Art.31(8):establish-territorial-unit:v1,IT-DLGS-19-2021,IT-DLGS-19-2021:Art.31(8):establish-territorial-unit,2021-03-13,,D.lgs. 19/2021 effective 2021-03-13; held Article 31 text governs the admitted event horizon,https://www.normattiva.it/uri-res/N2Ls?urn:nir:stato:decreto.legislativo:2021-02-02;19~art31!vig=2021-03-13,fa7f8d2d597b414ce11481a5a6c80909cc0a7a8fc22d8ce6ed4f1b6392138899,2021-03-13,INITIAL,INITIAL,Regional plant-health service,shall,Establish the territorial emergency unit for implementation of the adopted action plan in the regional territory.,"Without an adopted action plan requiring territorial implementation, this plan-specific establishment duty does not activate. Missing unit evidence remains UNKNOWN.",Regional plant-health service,"Officially adopted action plan; exact affected territory; regional territorial-unit constitutive act, membership and participant competences.",[],DETERMINISTIC_RULE,YES,PLAN_SPECIFIC_TERRITORIAL_UNIT_ESTABLISHMENT,-,The regional service owns unit establishment. The unit’s later implementation remains a separate effect within participant competences.
IT-DLGS-19-2021:Art.31(8):implement-action-plan-measures:v1,IT-DLGS-19-2021,IT-DLGS-19-2021:Art.31(8):implement-action-plan-measures,2021-03-13,,D.lgs. 19/2021 effective 2021-03-13; held Article 31 text governs the admitted event horizon,https://www.normattiva.it/uri-res/N2Ls?urn:nir:stato:decreto.legislativo:2021-02-02;19~art31!vig=2021-03-13,fa7f8d2d597b414ce11481a5a6c80909cc0a7a8fc22d8ce6ed4f1b6392138899,2021-03-13,INITIAL,INITIAL,Territorial phytosanitary emergency unit,shall,Implement the action-plan plant-health measures through the lawful competences of the participating actors.,"Without an established unit and applicable adopted measures, this implementation duty does not activate. Missing assignment or completion evidence remains UNKNOWN.",-,Established territorial unit; adopted action plan and exact measures; participant competences and assignments; as-run implementation and completion evidence.,[],DETERMINISTIC_RULE,NO,-,-,The unit implements within participant competences. It does not become a new source of substantive duties or reserved decisions.
IT-DLGS-19-2021:Art.31(9):modify-area-if-necessary:v1,IT-DLGS-19-2021,IT-DLGS-19-2021:Art.31(9):modify-area-if-necessary,2021-03-13,,D.lgs. 19/2021 effective 2021-03-13 under effective EU area law,https://www.normattiva.it/uri-res/N2Ls?urn:nir:stato:decreto.legislativo:2021-02-02;19~art31!vig=2021-03-13,fa7f8d2d597b414ce11481a5a6c80909cc0a7a8fc22d8ce6ed4f1b6392138899,2021-03-13,INITIAL,INITIAL,Regional plant-health service,shall,Modify the demarcated area through a competent constitutive act under the effective area rules.,"If survey evidence does not establish necessary modification, the existing area state remains in force. Missing necessity evidence remains UNKNOWN.",Regional plant-health service,Current area version; periodic survey results; effective EU area rule; modification-necessity decision; exact successor constitutive area act and effective time.,"[""EU-2020-1201:4(1)"",""EU-2020-1201:5(1)"",""EU-2020-1201:6(1)""]",DETERMINISTIC_RULE,YES,AREA_MODIFICATION_NECESSITY_AND_DECISION,-,Survey evidence never changes geography automatically. The successor constitutive act creates the new area state.
IT-DLGS-19-2021:Art.31(9):periodic-area-surveys:v1,IT-DLGS-19-2021,IT-DLGS-19-2021:Art.31(9):periodic-area-surveys,2021-03-13,,D.lgs. 19/2021 effective 2021-03-13; held Article 31 text governs the admitted event horizon,https://www.normattiva.it/uri-res/N2Ls?urn:nir:stato:decreto.legislativo:2021-02-02;19~art31!vig=2021-03-13,fa7f8d2d597b414ce11481a5a6c80909cc0a7a8fc22d8ce6ed4f1b6392138899,2021-03-13,INITIAL,INITIAL,Regional plant-health service,shall,Conduct periodic surveys in the demarcated area to determine evolution of pest presence.,"Without a legally operative demarcated area, this area-specific survey duty does not activate. Missing area or survey evidence remains UNKNOWN.",Regional plant-health service,"Exact demarcated-area version and interval; applicable survey design; as-run inspections, samples, tests and results; pest-evolution findings.",[],DETERMINISTIC_RULE,NO,-,-,Survey evidence informs but does not automatically modify or revoke the area.
IT-DLGS-19-2021:Art.31(9):report-area-information:v1,IT-DLGS-19-2021,IT-DLGS-19-2021:Art.31(9):report-area-information,2021-03-13,,D.lgs. 19/2021 effective 2021-03-13; held Article 31 text governs the admitted event horizon,https://www.normattiva.it/uri-res/N2Ls?urn:nir:stato:decreto.legislativo:2021-02-02;19~art31!vig=2021-03-13,fa7f8d2d597b414ce11481a5a6c80909cc0a7a8fc22d8ce6ed4f1b6392138899,2021-03-13,INITIAL,INITIAL,Regional plant-health service,shall,Communicate all area-survey and area-modification information to the Central Plant Health Service.,"Without new area-survey or modification information, this event-specific communication duty does not activate. Missing communication evidence remains UNKNOWN.",-,Area-survey results or successor area act; complete information package; central transmission and receipt record.,[],DETERMINISTIC_RULE,NO,-,-,Reporting communicates the area state and evidence. It does not create or modify that state.
IT-DLGS-19-2021:Art.32(1):v1,IT-DLGS-19-2021,IT-DLGS-19-2021:Art.32(1),2021-03-13,,D.lgs. 19/2021 effective 2021-03-13; held Article 32 text governs the admitted event horizon,https://www.normattiva.it/uri-res/N2Ls?urn:nir:stato:decreto.legislativo:2021-02-02;19~art32!vig=2021-03-13,c83d16a14621c073f5609f567390197f77a4ffde6e45e83a6bc2882f523da5e5,2021-03-13,INITIAL,INITIAL,Regional plant-health service,shall,Ensure territorial implementation of every applicable official measure necessary for plant protection.,"Without a legally applicable official measure in the territory, this measure-specific implementation duty does not activate. Missing applicability evidence remains UNKNOWN.",Regional plant-health service,"Applicable official measure and legal basis; exact regional territory and subject population; implementation route, assignment and completion evidence.",[],DETERMINISTIC_RULE,YES,OFFICIAL_MEASURE_IMPLEMENTATION_ROUTE,-,"Implementation responsibility does not itself select the substantive measure or plant population. Terminal framework citations for this proposition: EU-2016-2031:Annex-II. The retained national text fully states the in-scope actor, trigger and effect; no separate Stage A branch is imported."
IT-DLGS-19-2021:Art.32(2):v1,IT-DLGS-19-2021,IT-DLGS-19-2021:Art.32(2),2021-03-13,,D.lgs. 19/2021 effective 2021-03-13; held Article 32 text governs the admitted event horizon,https://www.normattiva.it/uri-res/N2Ls?urn:nir:stato:decreto.legislativo:2021-02-02;19~art32!vig=2021-03-13,c83d16a14621c073f5609f567390197f77a4ffde6e45e83a6bc2882f523da5e5,2021-03-13,INITIAL,INITIAL,-,-,"Place the plant, plant product or other object within the statutory population on which applicable Article 32(1) official measures are implemented.","If introduction or spread risk is affirmatively absent, this statutory population rule does not include the item. Missing risk evidence remains UNKNOWN.",-,"Exact plant, plant product or object; pest; confirmed or suspected introduction/spread risk and source; applicable Article 32(1) measure.",[],DETERMINISTIC_RULE,NO,-,-,This is a statutory subject-population rule. It does not select a concrete measure or prove risk from missing data.
IT-DLGS-19-2021:Art.32(3):determine-completion-costs:v1,IT-DLGS-19-2021,IT-DLGS-19-2021:Art.32(3):determine-completion-costs,2021-03-13,,D.lgs. 19/2021 effective 2021-03-13; held Article 32 text governs the admitted event horizon,https://www.normattiva.it/uri-res/N2Ls?urn:nir:stato:decreto.legislativo:2021-02-02;19~art32!vig=2021-03-13,c83d16a14621c073f5609f567390197f77a4ffde6e45e83a6bc2882f523da5e5,2021-03-13,INITIAL,INITIAL,Regional plant-health service,shall,Determine the costs of the activities necessary to obtain complete and correct implementation.,"Without lawful substitute execution, this completion-cost determination does not activate. Missing work or cost evidence remains UNKNOWN.",Regional plant-health service,"Lawful substitute-execution decision; exact activities necessary for complete and correct implementation; as-run work, quantity and cost evidence; competent cost determination.",[],DETERMINISTIC_RULE,YES,SUBSTITUTE_EXECUTION_COST_DETERMINATION,-,The cost determination is downstream of lawful substitute execution. It does not prove the primary failure.
IT-DLGS-19-2021:Art.32(3):primary-implementation:v1,IT-DLGS-19-2021,IT-DLGS-19-2021:Art.32(3):primary-implementation,2021-03-13,,D.lgs. 19/2021 effective 2021-03-13; held Article 32 text governs the admitted event horizon,https://www.normattiva.it/uri-res/N2Ls?urn:nir:stato:decreto.legislativo:2021-02-02;19~art32!vig=2021-03-13,c83d16a14621c073f5609f567390197f77a4ffde6e45e83a6bc2882f523da5e5,2021-03-13,INITIAL,INITIAL,Owner or holder of the land,shall,Implement the prescribed measure and bear its economic cost.,"If no valid applicable measure imposes primary implementation on the owner or holder, this duty does not activate. Missing implementation evidence after activation remains UNKNOWN.",-,"Valid measure and legal basis; exact owner or holder and land; effective prescription; required terms, methods and time; primary implementation and cost evidence.",[],DETERMINISTIC_RULE,NO,-,-,Completion evidence does not activate the primary duty. Missing execution evidence does not prove breach.
IT-DLGS-19-2021:Art.32(3):recovery-right:v1,IT-DLGS-19-2021,IT-DLGS-19-2021:Art.32(3):recovery-right,2021-03-13,,D.lgs. 19/2021 effective 2021-03-13; held Article 32 text governs the admitted event horizon,https://www.normattiva.it/uri-res/N2Ls?urn:nir:stato:decreto.legislativo:2021-02-02;19~art32!vig=2021-03-13,c83d16a14621c073f5609f567390197f77a4ffde6e45e83a6bc2882f523da5e5,2021-03-13,INITIAL,INITIAL,Regional plant-health service,may,Exercise the statutory right of recourse for determined substitute-execution costs against the person legally obligated in the primary instance.,"Without lawful determined substitute costs and the primary obligor’s identity, this recourse right is unavailable. Missing identity or cost evidence remains UNKNOWN.",Regional plant-health service,"Lawful substitute execution; competent cost determination; exact primary obligor; recourse decision, amount, notice and recovery record.",[],DETERMINISTIC_RULE,YES,SUBSTITUTE_COST_RECOURSE,-,The source grants a right of recourse. It does not require exercise of that right in every case.
IT-DLGS-19-2021:Art.32(3):substitute-execution:v1,IT-DLGS-19-2021,IT-DLGS-19-2021:Art.32(3):substitute-execution,2021-03-13,,D.lgs. 19/2021 effective 2021-03-13; held Article 32 text governs the admitted event horizon,https://www.normattiva.it/uri-res/N2Ls?urn:nir:stato:decreto.legislativo:2021-02-02;19~art32!vig=2021-03-13,c83d16a14621c073f5609f567390197f77a4ffde6e45e83a6bc2882f523da5e5,2021-03-13,INITIAL,INITIAL,Regional plant-health service,shall,Implement the measure in substitution to obtain complete and correct execution.,Complete conforming primary implementation defeats substitute execution. Missing execution evidence remains UNKNOWN and does not establish default.,Regional plant-health service,"Valid primary prescription; exact obligated person and required performance; execution evidence proving total or partial omission, incompleteness or deviation; competent substitute-execution decision; as-run completion evidence.",[],DETERMINISTIC_RULE,YES,SUBSTITUTE_EXECUTION_DECISION,-,Substitute execution is distinct from direct public execution and later coercive enforcement under Article 55.
IT-DLGS-19-2021:Art.33(1):emergency-measure-derogation:v1,IT-DLGS-19-2021,IT-DLGS-19-2021:Art.33(1):emergency-measure-derogation,2021-03-13,,D.lgs. 19/2021 effective 2021-03-13 under applicable Union law and exact emergency-measure limits,https://www.normattiva.it/uri-res/N2Ls?urn:nir:stato:decreto.legislativo:2021-02-02;19~art33!vig=2021-03-13,35367bd6d3dbdf59d65a671ae8e942b9519097c6aabbd03abf1972e4c2cb20c9,2021-03-13,INITIAL,INITIAL,Source-defined authorized executor,shall,Implement the official emergency plant-health measure notwithstanding conflicting constraints only within the measure’s exact limits and criteria and subject to Union law.,"Without a valid applicable emergency measure, no general derogation arises. Missing scope or criteria evidence remains UNKNOWN.",Competent plant-health authority identified by the measure,"Valid emergency measure or ordinance; exact actor, population, limits and criteria; applicable Union obligations; assigned implementation and completion evidence.",[],DETERMINISTIC_RULE,YES,EMERGENCY_DEROGATION_SCOPE,-,"The derogation does not select plants, prove contamination or authorize a route beyond the exact emergency measure and Union law."
IT-DLGS-19-2021:Art.33(1):uninfected-protected-plant-removal:v1,IT-DLGS-19-2021,IT-DLGS-19-2021:Art.33(1):uninfected-protected-plant-removal,2021-03-13,,D.lgs. 19/2021 effective 2021-03-13 under D.lgs. 42/2004 Article 146 and applicable Union law,https://www.normattiva.it/uri-res/N2Ls?urn:nir:stato:decreto.legislativo:2021-02-02;19~art33!vig=2021-03-13,35367bd6d3dbdf59d65a671ae8e942b9519097c6aabbd03abf1972e4c2cb20c9,2021-03-13,INITIAL,INITIAL,Competent plant-health authority,may,Decide case by case whether to remove the uninfected monumental or historic-interest plant after landscape authorization and consistently with Union obligations.,"If any required condition is affirmatively false, this case-specific route is unavailable. Missing infection, protected status, landscape authorization or Union-law evidence remains UNKNOWN.",Competent plant-health authority,"Valid removal measure and exact demarcated-area state; plant identity and monumental or historic legal status; evidence that infection is not currently established; landscape-authorization application, opinion and decision; applicable Union obligations; case-specific removal decision.","[""EU-2020-1201:7(3)"",""EU-2020-1201:12"",""EU-2020-1201:13(2)"",""IT-DLGS42-A146:Art.146(2)"",""IT-DLGS42-A146:Art.146(5):regional-decision-owner"",""IT-DLGS42-A146:Art.146(8):superintendent-opinion""]",DETERMINISTIC_RULE,YES,CASE_SPECIFIC_PROTECTED_PLANT_REMOVAL,-,"This route is distinct from removal of a confirmed infected plant, EU Article 7(3) retention and general emergency derogation. Apparent monumentality does not establish protected legal status."
IT-DLGS-19-2021:Art.33(2):authorized-land-access:v1,IT-DLGS-19-2021,IT-DLGS-19-2021:Art.33(2):authorized-land-access,2021-03-13,,D.lgs. 19/2021 effective 2021-03-13 under the completed source-defined publicity route,https://www.normattiva.it/uri-res/N2Ls?urn:nir:stato:decreto.legislativo:2021-02-02;19~art33!vig=2021-03-13,35367bd6d3dbdf59d65a671ae8e942b9519097c6aabbd03abf1972e4c2cb20c9,2021-03-13,INITIAL,INITIAL,"Authorized plant-health inspector, agent or support personnel",shall,Access the land within the person’s official authority to implement the applicable plant-health measures.,"If legally effective publicity, authorization or the infected-plant land predicate is absent, this access route is unavailable. Missing evidence remains UNKNOWN.",Regional plant-health service,Exact measure and publicity route; completed legally effective publicity; territorial authorization and official role; land and infected-plant evidence; access purpose and as-run access record.,[],DETERMINISTIC_RULE,NO,-,-,Authority over the communication method is not completion evidence. Access requires the completed legally effective route and territorial authorization.
IT-DLGS-19-2021:Art.33(2):communication-method-and-terms:v1,IT-DLGS-19-2021,IT-DLGS-19-2021:Art.33(2):communication-method-and-terms,2021-03-13,,D.lgs. 19/2021 effective 2021-03-13 under Law 241/1990 Article 21-bis,https://www.normattiva.it/uri-res/N2Ls?urn:nir:stato:decreto.legislativo:2021-02-02;19~art33!vig=2021-03-13,35367bd6d3dbdf59d65a671ae8e942b9519097c6aabbd03abf1972e4c2cb20c9,2021-03-13,INITIAL,INITIAL,Competent central or territorial regional plant-health service,-,Allocates authority to establish the methods and terms used to communicate that plant-health measure or ordinance.,-,Competent central or territorial regional plant-health service,Exact plant-health measure or ordinance and recipients; applicable Law 241 Article 21-bis route; competent service decision establishing communication methods and terms.,"[""IT-L241-A21BIS:Art.21-bis(1):individual-communication-effect"",""IT-L241-A21BIS:Art.21-bis(1):mass-publicity-route"",""IT-L241-A21BIS:Art.21-bis(1):motivated-immediate-effect"",""IT-L241-A21BIS:Art.21-bis(1):urgent-cautionary-effect""]",DETERMINISTIC_RULE,YES,COMMUNICATION_METHOD_AND_TERMS,-,This authority allocation does not prove that communication occurred or that the measure became effective. A generic plan statement does not prove mass-publicity predicates for a specific act.
IT-DLGS-19-2021:Art.33(2):public-force-assistance:v1,IT-DLGS-19-2021,IT-DLGS-19-2021:Art.33(2):public-force-assistance,2021-03-13,,D.lgs. 19/2021 effective 2021-03-13; held Article 33 text governs the admitted event horizon,https://www.normattiva.it/uri-res/N2Ls?urn:nir:stato:decreto.legislativo:2021-02-02;19~art33!vig=2021-03-13,35367bd6d3dbdf59d65a671ae8e942b9519097c6aabbd03abf1972e4c2cb20c9,2021-03-13,INITIAL,INITIAL,Competent territorial plant-health service,may,Request assistance from the Prefect for public-force support.,"Without proven owner opposition to the authorized intervention, this Prefect-assistance route is unavailable. Missing opposition evidence remains UNKNOWN.",Competent territorial plant-health service,Applicable measure and authorized intervention; exact owner and land; proven opposition; competent territorial-service request and Prefect response.,[],DETERMINISTIC_RULE,YES,RESERVED_PREFECT_ASSISTANCE_REQUEST,-,Field personnel or delegates may document obstruction. The legally effective request remains made by or attributable to the competent territorial plant-health service.
IT-DLGS-19-2021:Art.5(1):v1,IT-DLGS-19-2021,IT-DLGS-19-2021:Art.5(1),2021-03-13,,D.lgs. 19/2021 effective 2021-03-13; later held amendments do not change this admitted substantive authority allocation,https://www.normattiva.it/uri-res/N2Ls?urn:nir:stato:decreto.legislativo:2021-02-02;19~art5!vig=2021-03-13,3e29381a1d9e70208089cae147f7a4337b5a625a468cc51aabaab009a8bfa5dd,2021-03-13,INITIAL,INITIAL,Central plant-health service,-,"Allocates sole national coordination, supervision and plant-health liaison authority to the Central Plant Health Service.",-,Central plant-health service,"Effective authenticated competence provision; exact actor and source-native function; the exact opinion, approval or resulting act only where this provision requires it.",[],DETERMINISTIC_RULE,NO,-,-," Terminal framework citations for this proposition: EU-2017-625:Art.103, EU-2017-625:Art.4. The retained national text fully states the in-scope actor, trigger and effect; no separate Stage A branch is imported."
IT-DLGS-19-2021:Art.5(4)(e):v1,IT-DLGS-19-2021,IT-DLGS-19-2021:Art.5(4)(e),2021-03-13,,D.lgs. 19/2021 effective 2021-03-13; later held amendments do not change this admitted substantive authority allocation,https://www.normattiva.it/uri-res/N2Ls?urn:nir:stato:decreto.legislativo:2021-02-02;19~art5!vig=2021-03-13,3e29381a1d9e70208089cae147f7a4337b5a625a468cc51aabaab009a8bfa5dd,2021-03-13,INITIAL,INITIAL,Central plant-health service,-,"Allocates to the Central Plant Health Service adoption of plant-protection measures, technical standards, operating procedures and stricter prescriptions, after National Plant Health Committee opinion.",-,Central plant-health service,"Effective authenticated competence provision; exact actor and source-native function; the exact opinion, approval or resulting act only where this provision requires it.",[],DETERMINISTIC_RULE,YES,AUTHORIZED_ADOPTION_AFTER_OPINION,-,"The source requires National Plant Health Committee opinion. That opinion is not silently equated with the committee approval event in Article 7(3)(c). Terminal framework citations for this proposition: EU-2016-2031:Art.31. The retained national text fully states the in-scope actor, trigger and effect; no separate Stage A branch is imported."
IT-DLGS-19-2021:Art.5(4)(f):v1,IT-DLGS-19-2021,IT-DLGS-19-2021:Art.5(4)(f),2021-03-13,,D.lgs. 19/2021 effective 2021-03-13; later held amendments do not change this admitted substantive authority allocation,https://www.normattiva.it/uri-res/N2Ls?urn:nir:stato:decreto.legislativo:2021-02-02;19~art5!vig=2021-03-13,3e29381a1d9e70208089cae147f7a4337b5a625a468cc51aabaab009a8bfa5dd,2021-03-13,INITIAL,INITIAL,Central plant-health service,-,"Allocates adoption of central plant-health ordinances to the Central Plant Health Service, in conformity with the acts approved by the National Plant Health Committee.",-,Central plant-health service,"Effective authenticated competence provision; exact actor and source-native function; the exact opinion, approval or resulting act only where this provision requires it.",[],DETERMINISTIC_RULE,YES,AUTHORIZED_ADOPTION_AFTER_APPROVAL,-,
IT-DLGS-19-2021:Art.5(4)(g):v1,IT-DLGS-19-2021,IT-DLGS-19-2021:Art.5(4)(g),2021-03-13,,D.lgs. 19/2021 effective 2021-03-13; later held amendments do not change this admitted substantive authority allocation,https://www.normattiva.it/uri-res/N2Ls?urn:nir:stato:decreto.legislativo:2021-02-02;19~art5!vig=2021-03-13,3e29381a1d9e70208089cae147f7a4337b5a625a468cc51aabaab009a8bfa5dd,2021-03-13,INITIAL,INITIAL,Central plant-health service,-,"Allocates central adoption of the national survey programme and national emergency and action plans, after National Plant Health Committee opinion.",-,Central plant-health service,"Effective authenticated competence provision; exact actor and source-native function; the exact opinion, approval or resulting act only where this provision requires it.",[],DETERMINISTIC_RULE,YES,AUTHORIZED_ADOPTION_AFTER_OPINION,-,"Committee opinion, committee approval where separately required, and central adoption remain distinct legal events."
IT-DLGS-19-2021:Art.5(4)-stem:v1,IT-DLGS-19-2021,IT-DLGS-19-2021:Art.5(4)-stem,2021-03-13,,D.lgs. 19/2021 effective 2021-03-13; later held amendments do not change this admitted substantive authority allocation,https://www.normattiva.it/uri-res/N2Ls?urn:nir:stato:decreto.legislativo:2021-02-02;19~art5!vig=2021-03-13,3e29381a1d9e70208089cae147f7a4337b5a625a468cc51aabaab009a8bfa5dd,2021-03-13,INITIAL,INITIAL,Central plant-health service,-,Introduces the source-native competence list reserved to the Central Plant Health Service.,-,Central plant-health service,"Effective authenticated competence provision; exact actor and source-native function; the exact opinion, approval or resulting act only where this provision requires it.",[],DETERMINISTIC_RULE,NO,-,-,
IT-DLGS-19-2021:Art.55(13):coercive-removal:v1,IT-DLGS-19-2021,IT-DLGS-19-2021:Art.55(13):coercive-removal,2021-03-13,,D.lgs. 19/2021 Article 55(13),https://www.normattiva.it/uri-res/N2Ls?urn:nir:stato:decreto.legislativo:2021-02-02;19~art55!vig=2026-08-28,dd740d392f16a3886a2fd6ed642f9b4f8e51bb54ea081390d62eee77bd88220c,2026-08-28,INITIAL,INITIAL,Regional plant-health service,may,Order coercive removal of the plants covered by the proven omitted prescription.,"Complete conforming execution defeats coercive removal under this route. Missing prescription, infection, duty or execution evidence remains UNKNOWN.",Regional plant-health service,"Valid removal prescription; official evidence that the plants carry the quarantine pest; exact obligated owner, occupier or holder; effective notice; proof of omitted execution; competent coercive-removal decision.",[],DETERMINISTIC_RULE,YES,COERCIVE_REMOVAL_DECISION,-,Coercive removal is distinct from direct public execution and Article 32 substitute execution. It does not require a final monetary-sanction decision as an antecedent.
IT-DLGS-19-2021:Art.55(13):coercive-removal-costs:v1,IT-DLGS-19-2021,IT-DLGS-19-2021:Art.55(13):coercive-removal-costs,2021-03-13,,D.lgs. 19/2021 Article 55(13),https://www.normattiva.it/uri-res/N2Ls?urn:nir:stato:decreto.legislativo:2021-02-02;19~art55!vig=2026-08-28,dd740d392f16a3886a2fd6ed642f9b4f8e51bb54ea081390d62eee77bd88220c,2026-08-28,INITIAL,INITIAL,Regional plant-health service,shall,Charge the costs of coercive removal to the proven offender.,"Without lawful coercive removal and a proven offender, this cost-charging effect is unavailable. Missing identity or cost evidence remains UNKNOWN.",Regional plant-health service,Lawful coercive-removal decision; as-run removal work and cost record; evidence identifying the person who omitted the original duty and is legally chargeable as the offender.,[],DETERMINISTIC_RULE,YES,COERCIVE_REMOVAL_COST_CHARGE,-,Cost charging is downstream of lawful coercive removal and cannot be inferred from a missing execution record.
IT-DLGS-19-2021:Art.55(13):obstruction-sanction:v1,IT-DLGS-19-2021,IT-DLGS-19-2021:Art.55(13):obstruction-sanction,2021-03-13,,D.lgs. 19/2021 Article 55 under the applicable Law 689 administrative-sanction procedure,https://www.normattiva.it/uri-res/N2Ls?urn:nir:stato:decreto.legislativo:2021-02-02;19~art55!vig=2026-08-28,dd740d392f16a3886a2fd6ed642f9b4f8e51bb54ea081390d62eee77bd88220c,2026-08-28,INITIAL,INITIAL,-,-,"Make the Article 55(13) first-period sanction range, increased twofold, available for competent adjudication.","Without proven obstruction of lawful coercive removal, this enhanced sanction route is unavailable. Missing obstruction evidence remains UNKNOWN.",Regional plant-health service,"Lawful coercive-removal authority; exact person and obstructed intervention; proof of obstruction; contest or notification, defence and competent final sanction decision.","[""IT-L689-1981:Art.14:immediate-contest"",""IT-L689-1981:Art.14:later-notification"",""IT-L689-1981:Art.17:violation-report"",""IT-L689-1981:Art.18:adjudication-process""]",DETERMINISTIC_RULE,YES,SANCTION_AVAILABILITY_AND_AMOUNT_DECISION,-,"Obstruction is a separate violation. It cannot be inferred from silence, delayed response or missing field evidence."
IT-DLGS-19-2021:Art.55(13):omitted-removal-sanction:v1,IT-DLGS-19-2021,IT-DLGS-19-2021:Art.55(13):omitted-removal-sanction,2021-03-13,,D.lgs. 19/2021 Article 55 under the applicable Law 689 administrative-sanction procedure,https://www.normattiva.it/uri-res/N2Ls?urn:nir:stato:decreto.legislativo:2021-02-02;19~art55!vig=2026-08-28,dd740d392f16a3886a2fd6ed642f9b4f8e51bb54ea081390d62eee77bd88220c,2026-08-28,INITIAL,INITIAL,-,-,Make the statutory administrative fine range available for competent adjudication.,"Complete conforming execution defeats this sanction route. Missing prescription, infection, duty or execution evidence remains UNKNOWN.",Regional plant-health service,"Valid removal prescription; official evidence of quarantine-pest presence in the plants; exact owner, occupier or holder; effective notice and deadline; proof of omitted execution; contest or notification, defence and competent final sanction decision.","[""IT-L689-1981:Art.14:immediate-contest"",""IT-L689-1981:Art.14:later-notification"",""IT-L689-1981:Art.17:violation-report"",""IT-L689-1981:Art.18:adjudication-process""]",DETERMINISTIC_RULE,YES,SANCTION_AVAILABILITY_AND_AMOUNT_DECISION,-,The removal prescription and its breach precede sanction adjudication. A warning or contest is not a final sanction.
IT-DLGS-19-2021:Art.55(15):v1,IT-DLGS-19-2021,IT-DLGS-19-2021:Art.55(15),2021-03-13,,D.lgs. 19/2021 Article 55 under the applicable Law 689 administrative-sanction procedure,https://www.normattiva.it/uri-res/N2Ls?urn:nir:stato:decreto.legislativo:2021-02-02;19~art55!vig=2026-08-28,dd740d392f16a3886a2fd6ed642f9b4f8e51bb54ea081390d62eee77bd88220c,2026-08-28,INITIAL,INITIAL,-,-,Make the statutory administrative fine range available for competent adjudication.,"Complete conforming execution defeats this sanction route. Missing measure, applicability, notice, duty or execution evidence remains UNKNOWN.",Regional plant-health service,"Valid applicable measure, decree or ordinance; exact obligated person, required performance, notice and clock; proof of nonexecution; contest or notification, defence and competent final sanction decision.","[""IT-L689-1981:Art.14:immediate-contest"",""IT-L689-1981:Art.14:later-notification"",""IT-L689-1981:Art.17:violation-report"",""IT-L689-1981:Art.18:adjudication-process""]",DETERMINISTIC_RULE,YES,SANCTION_AVAILABILITY_AND_AMOUNT_DECISION,-,This provision sanctions proven nonexecution. It does not define the underlying measure or convert missing implementation evidence into breach.
IT-DLGS-19-2021:Art.55(25):v1,IT-DLGS-19-2021,IT-DLGS-19-2021:Art.55(25),2021-03-13,,D.lgs. 19/2021 Article 55 under the applicable Law 689 administrative-sanction procedure,https://www.normattiva.it/uri-res/N2Ls?urn:nir:stato:decreto.legislativo:2021-02-02;19~art55!vig=2026-08-28,dd740d392f16a3886a2fd6ed642f9b4f8e51bb54ea081390d62eee77bd88220c,2026-08-28,INITIAL,INITIAL,-,-,Make the statutory administrative fine range available for competent adjudication.,"Lawful access and cooperation defeat this sanction route. Missing authority, access, obstruction or cooperation evidence remains UNKNOWN.",Regional plant-health service,"Authorized inspection or control, exact officials, place, person and applicable cooperation duty; proof of denial, obstruction or breach; contest or notification, defence and competent final sanction decision.","[""IT-L689-1981:Art.14:immediate-contest"",""IT-L689-1981:Art.14:later-notification"",""IT-L689-1981:Art.17:violation-report"",""IT-L689-1981:Art.18:adjudication-process""]",DETERMINISTIC_RULE,YES,SANCTION_AVAILABILITY_AND_AMOUNT_DECISION,-,This sanction route requires lawful inspection or control authority. It does not cure a missing access predicate or territorial authorization under Article 33. The national sanction provision fully states the in-scope denial/obstruction/cooperation predicates. Its enumerated parent-law citations terminate here unless a particular underlying duty is separately adjudicated.
IT-DLGS-19-2021:Art.55(29):v1,IT-DLGS-19-2021,IT-DLGS-19-2021:Art.55(29),2021-03-13,,D.lgs. 19/2021 Article 55(29),https://www.normattiva.it/uri-res/N2Ls?urn:nir:stato:decreto.legislativo:2021-02-02;19~art55!vig=2026-08-28,dd740d392f16a3886a2fd6ed642f9b4f8e51bb54ea081390d62eee77bd88220c,2026-08-28,INITIAL,INITIAL,-,-,Apply the current provisions of Law 689/1981 to the ungoverned procedural matter.,"Where D.lgs. 19/2021 expressly governs the matter, the express rule controls. Missing express-rule analysis remains UNKNOWN.",-,Exact sanction matter; analysis of whether D.lgs. 19/2021 expressly governs it; effective Law 689 provision and procedural record.,"[""IT-L689-1981:Art.13:violation-evidence-collection"",""IT-L689-1981:Art.14:immediate-contest"",""IT-L689-1981:Art.14:later-notification"",""IT-L689-1981:Art.14:untimely-notification-extinction"",""IT-L689-1981:Art.16:reduced-payment"",""IT-L689-1981:Art.17:violation-report"",""IT-L689-1981:Art.18:defence-and-hearing-request"",""IT-L689-1981:Art.18:adjudication-process""]",DETERMINISTIC_RULE,YES,PROCEDURAL_GAP_CLASSIFICATION,-,"Law 689 fills procedural gaps. It does not rewrite an express D.lgs. 19 violation, actor, remedy or amount range. The residual procedure resolves through the retained exact Law 689 atoms, not a whole-instrument edge."
IT-DLGS-19-2021:Art.55(30):regional-sanction-competence:v1,IT-DLGS-19-2021,IT-DLGS-19-2021:Art.55(30):regional-sanction-competence,2021-03-13,,D.lgs. 19/2021 Article 55(30),https://www.normattiva.it/uri-res/N2Ls?urn:nir:stato:decreto.legislativo:2021-02-02;19~art55!vig=2026-08-28,dd740d392f16a3886a2fd6ed642f9b4f8e51bb54ea081390d62eee77bd88220c,2026-08-28,INITIAL,INITIAL,Regional and autonomous-province plant-health services,-,Allocates competence to impose the administrative sanctions under D.lgs. 19/2021 to the regional and autonomous-province plant-health services.,-,Regional and autonomous-province plant-health services,Exact territorial competence; violation and procedural record; competent regional or provincial final sanction decision.,[],DETERMINISTIC_RULE,YES,RESERVED_FINAL_SANCTION_DECISION,-,Competence to impose sanctions does not make a violation finding or satisfy the required procedure. Revenue allocation is outside the admitted Osservatorio decision aperture.
IT-DLGS-19-2021:Art.55(9):notification-violation:v1,IT-DLGS-19-2021,IT-DLGS-19-2021:Art.55(9):notification-violation,2021-03-13,,D.lgs. 19/2021 Article 55 under the applicable Law 689 administrative-sanction procedure,https://www.normattiva.it/uri-res/N2Ls?urn:nir:stato:decreto.legislativo:2021-02-02;19~art55!vig=2026-08-28,dd740d392f16a3886a2fd6ed642f9b4f8e51bb54ea081390d62eee77bd88220c,2026-08-28,INITIAL,INITIAL,-,-,Make the statutory administrative-sanction range available for competent adjudication.,"If the reporting duty was satisfied, this sanction route is unavailable. Missing duty, knowledge, reporting or violation evidence remains UNKNOWN.",Regional plant-health service,"Active Article 28(1) duty; exact obligated person and knowledge; reporting deadline and route; proof of noncompliance; contest or notification, defence and competent final sanction decision under the applicable procedure.","[""IT-L689-1981:Art.14:immediate-contest"",""IT-L689-1981:Art.14:later-notification"",""IT-L689-1981:Art.17:violation-report"",""IT-L689-1981:Art.18:adjudication-process"",""IT-DLGS-19-2021:Art.28(1)""]",DETERMINISTIC_RULE,YES,SANCTION_AVAILABILITY_AND_AMOUNT_DECISION,-,"Violation evidence makes the sanction range available. It does not establish final liability or amount without the required contest, defence and adjudication sequence. The sanction predicate resolves through the retained national Article 28(1) duty and Law 689 procedure; the parent-law citation terminates at the national implementation."
IT-DLGS-19-2021:Art.6(1):v1,IT-DLGS-19-2021,IT-DLGS-19-2021:Art.6(1),2021-03-13,,D.lgs. 19/2021 effective 2021-03-13; later held amendments do not change this admitted substantive authority allocation,https://www.normattiva.it/uri-res/N2Ls?urn:nir:stato:decreto.legislativo:2021-02-02;19~art6!vig=2021-03-13,925183f1f19a56229d15b940ab208d67f16184b389fafd3a2a5865f837c5a35f,2021-03-13,INITIAL,INITIAL,Regional plant-health service,-,Allocates territorial implementation authority to each Regional Plant Health Service.,-,Regional plant-health service,"Effective authenticated competence provision; exact actor and source-native function; the exact opinion, approval or resulting act only where this provision requires it.",[],DETERMINISTIC_RULE,NO,-,-,
IT-DLGS-19-2021:Art.6(3)(b):v1,IT-DLGS-19-2021,IT-DLGS-19-2021:Art.6(3)(b),2021-03-13,,D.lgs. 19/2021 effective 2021-03-13; later held amendments do not change this admitted substantive authority allocation,https://www.normattiva.it/uri-res/N2Ls?urn:nir:stato:decreto.legislativo:2021-02-02;19~art6!vig=2021-03-13,925183f1f19a56229d15b940ab208d67f16184b389fafd3a2a5865f837c5a35f,2021-03-13,INITIAL,INITIAL,Regional plant-health service,-,Allocates territorial implementation of plant-protection activities to the Regional Plant Health Service.,-,Regional plant-health service,Effective provision and competent territorial Regional Plant Health Service.,[],DETERMINISTIC_RULE,NO,-,-,Concrete activities still require their exact substantive legal basis.
IT-DLGS-19-2021:Art.6(3)(g):v1,IT-DLGS-19-2021,IT-DLGS-19-2021:Art.6(3)(g),2021-03-13,,D.lgs. 19/2021 effective 2021-03-13; later held amendments do not change this admitted substantive authority allocation,https://www.normattiva.it/uri-res/N2Ls?urn:nir:stato:decreto.legislativo:2021-02-02;19~art6!vig=2021-03-13,925183f1f19a56229d15b940ab208d67f16184b389fafd3a2a5865f837c5a35f,2021-03-13,INITIAL,INITIAL,Regional plant-health service,-,The competent Regional Plant Health Service defines the demarcated area (authority allocation) and must obtain the prior National Plant Health Committee opinion. A proven breach remains a breach even where its legal consequence has been competently resolved; it does not itself remove the service's authority or establish present inoperativity.,Without a finding requiring demarcation the authority is not engaged; missing opinion evidence is neither a breach nor a bar.,Regional plant-health service,"Effective authenticated competence provision; exact actor and source-native function; the exact opinion, approval or resulting act only where this provision requires it.","[""EU-2016-2031:Art.18"",""EU-2020-1201:4(1)"",""EU-2020-1201:5(1)"",""EU-2020-1201:6(1)""]",AUTHORITY_JUDGMENT_REQUIRED,YES,whether an exact or standing committee opinion validly covers the area decision; any unsettled legal consequence belongs to the operative-area assessment,-,"Authority allocation, prior-opinion duty and current act operativity are distinct. Proven omission preserves the breach, not a perpetual requirement to readjudicate a resolved consequence. Current operative effect is assessed by the regional legal-area owner; neither automatic cure nor an opinion-evidence loading gate is implied."
IT-DLGS-19-2021:Art.6(3)(o):v1,IT-DLGS-19-2021,IT-DLGS-19-2021:Art.6(3)(o),2021-03-13,,D.lgs. 19/2021 effective 2021-03-13; later held amendments do not change this admitted substantive authority allocation,https://www.normattiva.it/uri-res/N2Ls?urn:nir:stato:decreto.legislativo:2021-02-02;19~art6!vig=2021-03-13,925183f1f19a56229d15b940ab208d67f16184b389fafd3a2a5865f837c5a35f,2021-03-13,INITIAL,INITIAL,Regional plant-health service,-,"Allocates prescription of necessary territorial official measures, including destruction where authorized, to the competent Regional Plant Health Service. The applicable substantive EU branch determines the lawful population and effect.",-,Regional plant-health service,"Effective authenticated competence provision; exact actor and source-native function; the exact opinion, approval or resulting act only where this provision requires it.",[],DETERMINISTIC_RULE,YES,RESERVED_TERRITORIAL_PRESCRIPTION,-,This proposition allocates territorial prescription authority. Each concrete prescription must name the exact effective substantive EU provision and population it implements.
IT-DLGS-19-2021:Art.6(3)-stem:v1,IT-DLGS-19-2021,IT-DLGS-19-2021:Art.6(3)-stem,2021-03-13,,D.lgs. 19/2021 effective 2021-03-13; later held amendments do not change this admitted substantive authority allocation,https://www.normattiva.it/uri-res/N2Ls?urn:nir:stato:decreto.legislativo:2021-02-02;19~art6!vig=2021-03-13,925183f1f19a56229d15b940ab208d67f16184b389fafd3a2a5865f837c5a35f,2021-03-13,INITIAL,INITIAL,Regional plant-health service,-,Introduces the source-native territorial competence list reserved to Regional Plant Health Services.,-,Regional plant-health service,"Effective authenticated competence provision; exact actor and source-native function; the exact opinion, approval or resulting act only where this provision requires it.",[],DETERMINISTIC_RULE,NO,-,-,
IT-DLGS-19-2021:Art.7(3)(c):v1,IT-DLGS-19-2021,IT-DLGS-19-2021:Art.7(3)(c),2021-03-13,,D.lgs. 19/2021 effective 2021-03-13; later held amendments do not change this admitted substantive authority allocation,https://www.normattiva.it/uri-res/N2Ls?urn:nir:stato:decreto.legislativo:2021-02-02;19~art7!vig=2021-03-13,3ce58d7c9e8cc58c747486cdc45b55a81c3df06eb4bc55e66a31b7108ed61bb6,2021-03-13,INITIAL,INITIAL,National Plant Health Committee,-,"Allocates approval of the source-native acts listed in items 1–6 and 8–10, and the committee opinion on designation of national reference laboratories and the national network in item 7, to the National Plant Health Committee. Neither approval nor opinion itself adopts, designates or territorially implements the downstream act.",-,National Plant Health Committee,"Effective authenticated competence provision; exact actor and source-native function; the exact opinion, approval or resulting act only where this provision requires it.",[],DETERMINISTIC_RULE,YES,RESERVED_APPROVAL,-,"Items 1–6 and 8–10 are approval competences. Item 7 is an opinion competence. Neither effect adopts a central instrument, designates a laboratory, publishes an ordinance, creates territorial geometry or implements a regional measure."
IT-DLGS-19-2021:Art.7(3)-stem:v1,IT-DLGS-19-2021,IT-DLGS-19-2021:Art.7(3)-stem,2021-03-13,,D.lgs. 19/2021 effective 2021-03-13; later held amendments do not change this admitted substantive authority allocation,https://www.normattiva.it/uri-res/N2Ls?urn:nir:stato:decreto.legislativo:2021-02-02;19~art7!vig=2021-03-13,3ce58d7c9e8cc58c747486cdc45b55a81c3df06eb4bc55e66a31b7108ed61bb6,2021-03-13,INITIAL,INITIAL,National Plant Health Committee,-,Introduces the source-native competence list reserved to the National Plant Health Committee.,-,National Plant Health Committee,"Effective authenticated competence provision; exact actor and source-native function; the exact opinion, approval or resulting act only where this provision requires it.",[],DETERMINISTIC_RULE,NO,-,-,
IT-DLGS-19-2021:Art.7(5):v1,IT-DLGS-19-2021,IT-DLGS-19-2021:Art.7(5),2021-03-13,,D.lgs. 19/2021 effective 2021-03-13; later held amendments do not change this admitted substantive authority allocation,https://www.normattiva.it/uri-res/N2Ls?urn:nir:stato:decreto.legislativo:2021-02-02;19~art7!vig=2021-03-13,3ce58d7c9e8cc58c747486cdc45b55a81c3df06eb4bc55e66a31b7108ed61bb6,2021-03-13,INITIAL,INITIAL,Director of the Central Plant Health Service,shall,Implement the approved committee act through an ordinance of the Director of the Central Plant Health Service and publish that ordinance in the Gazzetta Ufficiale.,"Without an approved Article 7(3) act requiring implementation through a central ordinance, this ordinance-and-publication duty does not activate. Missing approval or implementation evidence remains UNKNOWN.",Director of the Central Plant Health Service,"Effective authenticated competence provision; exact actor and source-native function; the exact opinion, approval or resulting act only where this provision requires it.",[],DETERMINISTIC_RULE,NO,-,-,This implementation route reaches the complete Article 7(3) act population. It is not narrowed to Article 7(3)(c).
IT-DLGS-19-2021:Art.8(1):v1,IT-DLGS-19-2021,IT-DLGS-19-2021:Art.8(1),2021-03-13,,D.lgs. 19/2021 effective 2021-03-13; held Article 8 text governs the admitted event horizon,https://www.normattiva.it/uri-res/N2Ls?urn:nir:stato:decreto.legislativo:2021-02-02;19~art8!vig=2021-03-13,782eb9608549dd802e022ae4e5402f198cfe265686985d7b62040c7cf7e79756,2021-03-13,INITIAL,INITIAL,CREA-DC national reference institute for plant protection,-,Establishes CREA-DC as the national scientific support institute for National Plant Health Service plant-protection activities.,-,-,Effective Article 8 provision and exact CREA-DC institutional identity.,[],DETERMINISTIC_RULE,NO,-,-,Scientific support does not transfer the central or regional service’s reserved legal decisions.
IT-DLGS-19-2021:Art.8(2)(c):v1,IT-DLGS-19-2021,IT-DLGS-19-2021:Art.8(2)(c),2021-03-13,,D.lgs. 19/2021 effective 2021-03-13; held Article 8 text governs the admitted event horizon,https://www.normattiva.it/uri-res/N2Ls?urn:nir:stato:decreto.legislativo:2021-02-02;19~art8!vig=2021-03-13,782eb9608549dd802e022ae4e5402f198cfe265686985d7b62040c7cf7e79756,2021-03-13,INITIAL,INITIAL,CREA-DC national reference institute for plant protection,shall,"Provide the requested diagnosis, confirmatory diagnosis, characterization or taxonomic study as scientific and evidentiary support.","Without a request within CREA-DC competence, this support duty does not activate. Missing request or task-scope evidence remains UNKNOWN.",-,National Plant Health Service request; exact sample or organism; task within CREA-DC competence; analysis or study record and result.,[],DETERMINISTIC_RULE,NO,-,-,The institute supplies evidence. It does not make the regional official-confirmation decision or select eradication or containment.
IT-DLGS-19-2021:Art.9(2):v1,IT-DLGS-19-2021,IT-DLGS-19-2021:Art.9(2),2021-03-13,,D.lgs. 19/2021 effective 2021-03-13; held Article 9 text governs the admitted event horizon,https://www.normattiva.it/uri-res/N2Ls?urn:nir:stato:decreto.legislativo:2021-02-02;19~art9!vig=2021-03-13,ab73c0e98c700d02a140d68c321a7dbf4c5e06b6364c3d9de4d7ceb0265208cb,2021-03-13,INITIAL,INITIAL,Phytosanitary Emergency Secretariat,shall,Maintain the technical-operational connection between the National Plant Health Committee and the territorial emergency units.,-,-,"Effective Article 9 provision; exact secretariat, committee and territorial-unit identities; active technical-operational coordination and communication records.",[],DETERMINISTIC_RULE,NO,-,-,"The secretariat coordinates. It does not approve measures, create areas, issue prescriptions or replace territorial decision owners."
IT-DLGS-19-2021:Art.9(4)(a):v1,IT-DLGS-19-2021,IT-DLGS-19-2021:Art.9(4)(a),2021-03-13,,D.lgs. 19/2021 effective 2021-03-13; held Article 9 text governs the admitted event horizon,https://www.normattiva.it/uri-res/N2Ls?urn:nir:stato:decreto.legislativo:2021-02-02;19~art9!vig=2021-03-13,ab73c0e98c700d02a140d68c321a7dbf4c5e06b6364c3d9de4d7ceb0265208cb,2021-03-13,INITIAL,INITIAL,Phytosanitary Emergency Secretariat,shall,Coordinate implementation of the plant-health measures contained in the applicable action plan.,"Without the committee request and applicable action-plan measures, this coordination duty does not activate. Missing request or plan evidence remains UNKNOWN.",-,Committee request; effective adopted action plan; exact measures and territorial units; coordination and implementation records.,[],DETERMINISTIC_RULE,NO,-,-,Coordination does not activate the underlying measure and does not transfer its reserved decision owner.
IT-DLGS-19-2021:Art.9(4)(c):v1,IT-DLGS-19-2021,IT-DLGS-19-2021:Art.9(4)(c),2021-03-13,,D.lgs. 19/2021 effective 2021-03-13; held Article 9 text governs the admitted event horizon,https://www.normattiva.it/uri-res/N2Ls?urn:nir:stato:decreto.legislativo:2021-02-02;19~art9!vig=2021-03-13,ab73c0e98c700d02a140d68c321a7dbf4c5e06b6364c3d9de4d7ceb0265208cb,2021-03-13,INITIAL,INITIAL,Phytosanitary Emergency Secretariat,-,"Allocates organization of checks, including audits, on performance of action-plan plant-health measures to the Phytosanitary Emergency Secretariat.",-,-,"Effective adopted action plan; exact measures and expected performers; verification or audit mandate, evidence and findings.",[],DETERMINISTIC_RULE,NO,-,-,"Verification evidence does not activate the underlying measure, prove recipient breach or transfer enforcement authority."
IT-DLGS-19-2021:Art.9(5):v1,IT-DLGS-19-2021,IT-DLGS-19-2021:Art.9(5),2021-03-13,,D.lgs. 19/2021 effective 2021-03-13; held Article 9 text governs the admitted event horizon,https://www.normattiva.it/uri-res/N2Ls?urn:nir:stato:decreto.legislativo:2021-02-02;19~art9!vig=2021-03-13,ab73c0e98c700d02a140d68c321a7dbf4c5e06b6364c3d9de4d7ceb0265208cb,2021-03-13,INITIAL,INITIAL,Phytosanitary Emergency Secretariat,shall,Report periodically to the National Plant Health Committee on the emergency’s evolution.,"Without an emergency in progress, this periodic emergency-reporting duty does not activate. Missing emergency-state evidence remains UNKNOWN.",-,Active emergency identity and interval; periodic secretariat reports and committee receipt.,[],DETERMINISTIC_RULE,NO,-,-,"The report informs committee judgment. It does not itself change the area, measures or emergency state."
IT-DLGS42-A146:Art.146(2):v1,IT-DLGS42-A146,IT-DLGS42-A146:Art.146(2),2021-03-13,,D.lgs. 42/2004 Article 146 temporal text effective 2021-03-13,https://www.normattiva.it/uri-res/N2Ls?urn:nir:stato:decreto.legislativo:2004-01-22;42~art146!vig=2021-03-13,0704d55f6862529f9bf647951ab2f7447846fe6f9bdad5d65f7197d4e75830ed,2021-03-13,INITIAL,INITIAL,"Owner, possessor or holder of the protected property or area",shall,Submit the intervention project with required documentation to the competent administration and do not begin work before authorization is obtained.,"If landscape authorization is not required for the exact intervention, this route does not activate. Missing protected-status or authorization-requirement evidence remains UNKNOWN.",Competent landscape authority,Protected property or area identity and legal status; exact proposed intervention; authorization requirement; complete project and required documentation; application and work-start evidence.,[],DETERMINISTIC_RULE,NO,-,-,The landscape application and abstention duty precede the plant-health authority’s case-specific protected-plant removal decision. [PRESERVED_PRE_MIGRATION_DETAIL: scope=PROCEDURAL_SUPPORT]
IT-DLGS42-A146:Art.146(5):regional-decision-owner:v1,IT-DLGS42-A146,IT-DLGS42-A146:Art.146(5):regional-decision-owner,2021-03-13,,D.lgs. 42/2004 Article 146 temporal text effective 2021-03-13,https://www.normattiva.it/uri-res/N2Ls?urn:nir:stato:decreto.legislativo:2004-01-22;42~art146!vig=2021-03-13,0704d55f6862529f9bf647951ab2f7447846fe6f9bdad5d65f7197d4e75830ed,2021-03-13,INITIAL,INITIAL,Region or validly delegated competent landscape authority,shall,Decide the landscape-authorization application through the competent landscape authority.,"Without a complete application and resolved opinion route, the authorization decision remains unresolved. Missing authorization evidence is not approval.",Region or validly delegated competent landscape authority,Complete landscape application; competent decision-owner identity or delegation; superintendent-opinion request and receipt time; opinion and legal character or expiry of the paragraph 5 forty-five-day route; reasoned landscape-authorization decision and time.,[],DETERMINISTIC_RULE,YES,RESERVED_LANDSCAPE_AUTHORIZATION_DECISION,-,The superintendent supplies the required opinion. The region or valid delegate owns the authorization decision. [PRESERVED_PRE_MIGRATION_DETAIL: scope=PROCEDURAL_SUPPORT]
IT-DLGS42-A146:Art.146(8):superintendent-opinion:v1,IT-DLGS42-A146,IT-DLGS42-A146:Art.146(8):superintendent-opinion,2021-03-13,,D.lgs. 42/2004 Article 146 temporal text effective 2021-03-13,https://www.normattiva.it/uri-res/N2Ls?urn:nir:stato:decreto.legislativo:2004-01-22;42~art146!vig=2021-03-13,0704d55f6862529f9bf647951ab2f7447846fe6f9bdad5d65f7197d4e75830ed,2021-03-13,INITIAL,INITIAL,Superintendent,shall,Issue the opinion limited to overall landscape compatibility and conformity with the landscape plan or applicable specific discipline.,"Without receipt of the complete acts, this opinion clock does not start. Missing opinion evidence remains UNKNOWN and is resolved only through the exact statutory time route.",Superintendent,"Complete transmitted acts and receipt time; proposed intervention; landscape-plan or specific-discipline requirements; superintendent opinion, scope, legal character and time.",[],DETERMINISTIC_RULE,YES,LANDSCAPE_COMPATIBILITY_AND_CONFORMITY_OPINION,-,The opinion is bounded to landscape compatibility and conformity. It does not decide the plant-health necessity or make the final landscape-authorization decision. [PRESERVED_PRE_MIGRATION_DETAIL: scope=PROCEDURAL_SUPPORT]
IT-DM-0677268-2021:Art.1(1):CREA-DC-Firenze-designation:v1,IT-DM-0677268-2021,IT-DM-0677268-2021:Art.1(1):CREA-DC-Firenze-designation,,,"Ministerial decree signed 24 December 2021; designation takes effect the day after required web publication, whose exact date is not held",https://www.protezionedellepiante.it/wp-content/uploads/2022/02/d.-0677268_2021_laboratori-nazionali-riferimento.pdf,84697571f9cd3eceb2b5c6c7a9534c2cd39a8ac73990cfaa1659a419ca7c4c2a,2021-12-24,INITIAL,INITIAL,Minister responsible for agriculture,-,"Designate CREA-DC Florence at via Lanciola 12 A, Impruneta, as the national reference laboratory for insects and mites and for nematodes from exact commencement, or for a later event independently confirmed by later official status evidence.",Exact original commencement remains unresolved near publication. Later official confirmation may establish later event-time status without inventing or back-projecting the original start.,Minister responsible for agriculture,Signed ministerial decree; exact facility identity and address; listed competence categories; required publication and effective-start evidence; continuing Article 100(3) qualification and Article 13(5) performance status.,"[""IT-DLGS-19-2021:Art.13(1):corresponding-reference-laboratory"",""IT-DLGS-19-2021:Art.13(2)"",""IT-DM-0677268-2021:Art.2(1):entry-into-force"",""EU-2017-625:Art.100:national-reference-laboratory-status""]",DETERMINISTIC_RULE__EVIDENCE_OR_POLICY_REQUIRED,YES,effective commencement and event-time designation status,-,"The decree designates the Florence facility only for its listed competence. It does not establish bacteriology or Xylella national-reference competence for Florence. [PRESERVED_PRE_MIGRATION_DETAIL: scope=IMPLEMENTATION_WITH_EFFECTIVE_START_SOURCE_REQUIRED; change=INITIAL_DESIGNATION; semantic=FACILITY_SPECIFIC_NATIONAL_REFERENCE_DESIGNATION; temporal=CURRENT_EFFECTIVE_START_SOURCE_REQUIRED] The held ministerial decree, not the EU-list recital, constitutes this national designation. The National Plant Health Service post is dated 9 February 2022; exact Ministry-site publication date remains unheld, so the controlling day-after-publication start remains bounded. Substantive designation text, exact commencement and later operative status are separate conclusions."
IT-DM-0677268-2021:Art.1(1):CREA-DC-Roma-designation:v1,IT-DM-0677268-2021,IT-DM-0677268-2021:Art.1(1):CREA-DC-Roma-designation,,,"Ministerial decree signed 24 December 2021; designation takes effect the day after required web publication, whose exact date is not held",https://www.protezionedellepiante.it/wp-content/uploads/2022/02/d.-0677268_2021_laboratori-nazionali-riferimento.pdf,84697571f9cd3eceb2b5c6c7a9534c2cd39a8ac73990cfaa1659a419ca7c4c2a,2021-12-24,INITIAL,INITIAL,Minister responsible for agriculture,-,"Designate CREA-DC Rome at via Carlo Giuseppe Bertero 22 as the national reference laboratory for bacteria, fungi and oomycetes, and viruses, viroids and phytoplasmas from exact commencement, or for a later event independently confirmed by later official status evidence.",Exact original commencement remains unresolved near publication. Later official confirmation may establish later event-time status without inventing or back-projecting the original start.,Minister responsible for agriculture,Signed ministerial decree; exact facility identity and address; listed competence categories; required publication and effective-start evidence; continuing Article 100(3) qualification and Article 13(5) performance status.,"[""IT-DLGS-19-2021:Art.13(1):corresponding-reference-laboratory"",""IT-DLGS-19-2021:Art.13(2)"",""IT-DM-0677268-2021:Art.2(1):entry-into-force"",""EU-2017-625:Art.100:national-reference-laboratory-status""]",DETERMINISTIC_RULE__EVIDENCE_OR_POLICY_REQUIRED,YES,effective commencement and event-time designation status,-,"The Rome facility’s bacteria competence supports the held CREA-DC bacteriology route. The decree does not designate CNR-IPSP or a Bari seat. [PRESERVED_PRE_MIGRATION_DETAIL: scope=IMPLEMENTATION_WITH_EFFECTIVE_START_SOURCE_REQUIRED; change=INITIAL_DESIGNATION; semantic=FACILITY_SPECIFIC_NATIONAL_REFERENCE_DESIGNATION; temporal=CURRENT_EFFECTIVE_START_SOURCE_REQUIRED] The held ministerial decree, not the EU-list recital, constitutes this national designation. The National Plant Health Service post is dated 9 February 2022; exact Ministry-site publication date remains unheld, so the controlling day-after-publication start remains bounded. Substantive designation text, exact commencement and later operative status are separate conclusions."
IT-DM-0677268-2021:Art.2(1):entry-into-force:v1,IT-DM-0677268-2021,IT-DM-0677268-2021:Art.2(1):entry-into-force,,,Entry-into-force rule in ministerial decree signed 24 December 2021; exact publication date not held,https://www.protezionedellepiante.it/wp-content/uploads/2022/02/d.-0677268_2021_laboratori-nazionali-riferimento.pdf,84697571f9cd3eceb2b5c6c7a9534c2cd39a8ac73990cfaa1659a419ca7c4c2a,2021-12-24,INITIAL,INITIAL,-,-,Make the decree and its facility designations effective on the day after publication.,"Before the controlling day-after-publication start the decree has no effect; while the publication date is missing, commencement remains unresolved.",-,Completed required publication and exact publication date; calculation of the following day; effective designation and operating status from that date.,"[""IT-DM-0677268-2021:Art.2(1):publication-event""]",DETERMINISTIC_RULE,NO,-,-,"The signature date is not the legal effective start. The held 2022 upload path is not used to invent the original publication date. [PRESERVED_PRE_MIGRATION_DETAIL: scope=IMPLEMENTATION_WITH_EFFECTIVE_START_SOURCE_REQUIRED; semantic=DAY_AFTER_PUBLICATION_ENTRY_INTO_FORCE; temporal=CURRENT_EFFECTIVE_START_SOURCE_REQUIRED] The National Plant Health Service post is dated 9 February 2022; exact Ministry-site publication date remains unheld, so the controlling day-after-publication start remains bounded."
IT-DM-0677268-2021:Art.2(1):operate-within-competence:v1,IT-DM-0677268-2021,IT-DM-0677268-2021:Art.2(1):operate-within-competence,,,Ministerial decree signed 24 December 2021; operating duty begins when the decree becomes effective after required web publication,https://www.protezionedellepiante.it/wp-content/uploads/2022/02/d.-0677268_2021_laboratori-nazionali-riferimento.pdf,84697571f9cd3eceb2b5c6c7a9534c2cd39a8ac73990cfaa1659a419ca7c4c2a,2021-12-24,INITIAL,INITIAL,National reference laboratory designated by Article 1,shall,Operate within the listed competence in accordance with D.lgs. 19/2021 Article 13(5) and Regulation 2017/625 Articles 100(3) and 101(1).,"Outside an effective Article 1 designation or the laboratory’s listed competence, this decree does not authorize national-reference operation. Missing effective-start or competence evidence remains UNKNOWN.",-,Effective facility-specific designation; exact competence category and requested task; continuing Article 100(3) qualification; Article 13(5) and Article 101(1) performance evidence; any suspension or revocation status.,"[""IT-DLGS-19-2021:Art.13(5)-stem"",""EU-2017-625:Art.100:national-reference-laboratory-status"",""EU-2017-625:Art.101(1):national-reference-laboratory-tasks""]",DETERMINISTIC_RULE,NO,-,-,"The duty is competence-bounded. Facility designation, continuing qualification and the requested task remain separate evidence. [PRESERVED_PRE_MIGRATION_DETAIL: scope=IMPLEMENTATION_WITH_EFFECTIVE_START_SOURCE_REQUIRED; semantic=DESIGNATED_LABORATORY_OPERATING_DUTY; temporal=CURRENT_EFFECTIVE_START_SOURCE_REQUIRED] The National Plant Health Service post is dated 9 February 2022; exact Ministry-site publication date remains unheld, so the controlling day-after-publication start remains bounded."
IT-DM-0677268-2021:Art.2(1):publication-event:v1,IT-DM-0677268-2021,IT-DM-0677268-2021:Art.2(1):publication-event,,,Entry-into-force rule in ministerial decree signed 24 December 2021; exact publication date not held,https://www.protezionedellepiante.it/wp-content/uploads/2022/02/d.-0677268_2021_laboratori-nazionali-riferimento.pdf,84697571f9cd3eceb2b5c6c7a9534c2cd39a8ac73990cfaa1659a419ca7c4c2a,2021-12-24,INITIAL,INITIAL,-,-,Establish the controlling publication event from which the decree becomes effective the following day.,"Without both required publication facts and the controlling-date interpretation, exact commencement remains unresolved.",-,Completed required publication and exact publication date; calculation of the following day; effective designation and operating status from that date.,[],DETERMINISTIC_RULE__EVIDENCE_OR_POLICY_REQUIRED,YES,Ministry publication date and controlling publication event,The decree requires publication on two websites but uses singular “publication” for the day-after commencement anchor.,The National Plant Health Service post date is held. The Ministry publication date remains the bounded missing fact.
IT-DM-169819-2022:Art.10(3):timely-analysis:v1,IT-DM-169819-2022,IT-DM-169819-2022:Art.10(3):timely-analysis,2022-07-17,,Ministerial decree signed 12 April 2022; effective start depends on direct Gazzetta publication evidence,https://www.protezionedellepiante.it/wp-content/uploads/2022/04/Decreto-Ministeriale-n.-169819-del-13-aprile-2022.pdf,ef1b6383a40702833003e29d9a6226450d81e53afe8d08daf3a888aa0ea06481,2022-07-16,INITIAL,INITIAL,Official laboratory,shall,"Perform the analysis promptly, consistently with the techniques and methods used.","Without an accepted official sample and valid scope, this analysis duty does not activate. Missing timing or completion evidence remains UNKNOWN.",-,Accepted official sample and receipt time; valid task and method scope; source-compatible laboratory timeline; raw analysis and completion time.,[],DETERMINISTIC_RULE,YES,METHOD_COMPATIBLE_TIMELINESS,-,Promptness is bounded by the actual technique and method. The source supplies no fixed numeric deadline. [PRESERVED_PRE_MIGRATION_DETAIL: scope=IMPLEMENTATION_WITH_EFFECTIVE_START_SOURCE_REQUIRED; semantic=METHOD_COMPATIBLE_TIMELY_ANALYSIS; temporal=CURRENT_EFFECTIVE_START_SOURCE_REQUIRED]
IT-DM-169819-2022:Art.10(5):issue-test-report:v1,IT-DM-169819-2022,IT-DM-169819-2022:Art.10(5):issue-test-report,2022-07-17,,Ministerial decree signed 12 April 2022; effective start depends on direct Gazzetta publication evidence,https://www.protezionedellepiante.it/wp-content/uploads/2022/04/Decreto-Ministeriale-n.-169819-del-13-aprile-2022.pdf,ef1b6383a40702833003e29d9a6226450d81e53afe8d08daf3a888aa0ea06481,2022-07-16,INITIAL,INITIAL,Official laboratory,shall,Issue a test report containing at least the ISO/IEC 17025 indications.,"Without completed official-control analysis, this report duty does not activate. Missing report evidence leaves the official evidence chain unresolved.",-,Completed official analysis; raw analytical data; signed test report; ISO/IEC 17025 required indications; sample and method traceability.,[],DETERMINISTIC_RULE,NO,-,-,The report is required official evidence. It does not itself make the Regional Plant Health Service’s official-finding decision. [PRESERVED_PRE_MIGRATION_DETAIL: scope=IMPLEMENTATION_WITH_EFFECTIVE_START_SOURCE_REQUIRED; semantic=OFFICIAL_TEST_REPORT; temporal=CURRENT_EFFECTIVE_START_SOURCE_REQUIRED]
IT-DM-169819-2022:Art.10(5):retain-analytical-data:v1,IT-DM-169819-2022,IT-DM-169819-2022:Art.10(5):retain-analytical-data,2022-07-17,,Ministerial decree signed 12 April 2022; effective start depends on direct Gazzetta publication evidence,https://www.protezionedellepiante.it/wp-content/uploads/2022/04/Decreto-Ministeriale-n.-169819-del-13-aprile-2022.pdf,ef1b6383a40702833003e29d9a6226450d81e53afe8d08daf3a888aa0ea06481,2022-07-16,INITIAL,INITIAL,Official laboratory,shall,Record and preserve the official-control analytical data appropriately.,"Without an official-control analysis, this event-specific data-retention duty does not activate. Missing retained data leaves the official evidence chain unresolved.",-,Official analysis identity; raw analytical data; appropriate retention and traceability record; sample and method identity.,[],DETERMINISTIC_RULE,NO,-,-,Data retention preserves the evidence substrate. It does not issue the test report or make the official-finding decision. [PRESERVED_PRE_MIGRATION_DETAIL: scope=IMPLEMENTATION_WITH_EFFECTIVE_START_SOURCE_REQUIRED; semantic=OFFICIAL_ANALYTICAL_DATA_RETENTION; temporal=CURRENT_EFFECTIVE_START_SOURCE_REQUIRED]
IT-DM-169819-2022:Art.10(6):cross-region-convention:v1,IT-DM-169819-2022,IT-DM-169819-2022:Art.10(6):cross-region-convention,2022-07-17,,Ministerial decree signed 12 April 2022; effective start depends on direct Gazzetta publication evidence,https://www.protezionedellepiante.it/wp-content/uploads/2022/04/Decreto-Ministeriale-n.-169819-del-13-aprile-2022.pdf,ef1b6383a40702833003e29d9a6226450d81e53afe8d08daf3a888aa0ea06481,2022-07-16,INITIAL,INITIAL,Regional plant-health service,may,Use the other regional service’s designated official laboratory within the convention and exact official scope.,"Without the specific convention and valid external designation/scope, this cross-region use route is unavailable. Missing evidence remains UNKNOWN.",Regional plant-health service,"Official-control need; external laboratory’s event-time designation and exact scope; specific interadministrative convention; sample assignment, custody and report.","[""EU-2017-625:Art.37(1,3-5):official-laboratory-designation-tuple"",""IT-DLGS-19-2021:Art.14(3):cross-region-designation""]",DETERMINISTIC_RULE,NO,-,-,The convention permits use. It does not transfer the receiving Regional Plant Health Service’s official-finding decision. [PRESERVED_PRE_MIGRATION_DETAIL: scope=IMPLEMENTATION_WITH_EFFECTIVE_START_SOURCE_REQUIRED; semantic=CROSS_REGION_OFFICIAL_LABORATORY_USE; temporal=CURRENT_EFFECTIVE_START_SOURCE_REQUIRED]
IT-DM-169819-2022:Art.11(1):official-laboratory-designation:v1,IT-DM-169819-2022,IT-DM-169819-2022:Art.11(1):official-laboratory-designation,2022-07-17,,Ministerial decree signed 12 April 2022; effective start depends on direct Gazzetta publication evidence,https://www.protezionedellepiante.it/wp-content/uploads/2022/04/Decreto-Ministeriale-n.-169819-del-13-aprile-2022.pdf,ef1b6383a40702833003e29d9a6226450d81e53afe8d08daf3a888aa0ea06481,2022-07-16,INITIAL,INITIAL,Regional plant-health service,shall,Designate the official laboratory for one or more exact competence areas through the required written regional act.,"Without eligibility, qualification and the CFN hearing, no designation arises under this route. Missing evidence remains UNKNOWN.",Regional plant-health service,"Eligible laboratory class; Article 9 and Annex III qualification; CFN hearing; written regional designation identifying exact competence, tasks, methods and conditions; SIPP entry where required.","[""IT-DLGS-19-2021:Art.14(1):designate-official-laboratory"",""IT-DLGS-19-2021:Art.14(2)""]",DETERMINISTIC_RULE,YES,OFFICIAL_LABORATORY_DESIGNATION,-,The Regional Plant Health Service owns designation. The CFN hearing does not itself designate the laboratory. [PRESERVED_PRE_MIGRATION_DETAIL: scope=IMPLEMENTATION_WITH_EFFECTIVE_START_SOURCE_REQUIRED; semantic=REGIONAL_COMPETENCE_SPECIFIC_OFFICIAL_DESIGNATION; temporal=CURRENT_EFFECTIVE_START_SOURCE_REQUIRED]
IT-DM-169819-2022:Art.11(2):monitor-official-laboratories:v1,IT-DM-169819-2022,IT-DM-169819-2022:Art.11(2):monitor-official-laboratories,2022-07-17,,Ministerial decree signed 12 April 2022; effective start depends on direct Gazzetta publication evidence,https://www.protezionedellepiante.it/wp-content/uploads/2022/04/Decreto-Ministeriale-n.-169819-del-13-aprile-2022.pdf,ef1b6383a40702833003e29d9a6226450d81e53afe8d08daf3a888aa0ea06481,2022-07-16,INITIAL,INITIAL,Regional plant-health service,shall,Monitor the activities of each official laboratory designated by the Regional Plant Health Service.,-,Regional plant-health service,"Current regional designations and exact scopes; monitoring plan; activity, qualification, task-need and audit evidence; status-change findings where any.",[],DETERMINISTIC_RULE,NO,-,-,Monitoring produces evidence. It does not itself suspend or revoke a designation. [PRESERVED_PRE_MIGRATION_DETAIL: scope=IMPLEMENTATION_WITH_EFFECTIVE_START_SOURCE_REQUIRED; semantic=CONTINUING_OFFICIAL_LABORATORY_MONITORING; temporal=CURRENT_EFFECTIVE_START_SOURCE_REQUIRED]
IT-DM-169819-2022:Art.11(2):suspend-or-revoke:v1,IT-DM-169819-2022,IT-DM-169819-2022:Art.11(2):suspend-or-revoke,2022-07-17,,Ministerial decree signed 12 April 2022; effective start depends on direct Gazzetta publication evidence,https://www.protezionedellepiante.it/wp-content/uploads/2022/04/Decreto-Ministeriale-n.-169819-del-13-aprile-2022.pdf,ef1b6383a40702833003e29d9a6226450d81e53afe8d08daf3a888aa0ea06481,2022-07-16,INITIAL,INITIAL,Regional plant-health service,shall,"After hearing the National Plant Health Committee, decide and effect the source-appropriate suspension or revocation of the official designation.","If all requirements remain satisfied and assigned tasks remain necessary, this suspension-or-revocation route does not activate. Missing evidence remains UNKNOWN.",Regional plant-health service,Current designation and scope; regional monitoring and audit evidence; exact lost or partially satisfied Annex III requirement or ended task need; CFN hearing; reasoned regional suspension or revocation act and effective time.,[],DETERMINISTIC_RULE,YES,OFFICIAL_LABORATORY_SUSPENSION_OR_REVOCATION,-,The source requires a competent choice between suspension and revocation. The underlying evidence does not itself change status. [PRESERVED_PRE_MIGRATION_DETAIL: scope=IMPLEMENTATION_WITH_EFFECTIVE_START_SOURCE_REQUIRED; semantic=OFFICIAL_DESIGNATION_SUSPENSION_OR_REVOCATION; temporal=CURRENT_EFFECTIVE_START_SOURCE_REQUIRED]
IT-DM-169819-2022:Art.11(3):cfn-audit-suspension-route:v1,IT-DM-169819-2022,IT-DM-169819-2022:Art.11(3):cfn-audit-suspension-route,2022-07-17,,Ministerial decree signed 12 April 2022; effective start depends on direct Gazzetta publication evidence,https://www.protezionedellepiante.it/wp-content/uploads/2022/04/Decreto-Ministeriale-n.-169819-del-13-aprile-2022.pdf,ef1b6383a40702833003e29d9a6226450d81e53afe8d08daf3a888aa0ea06481,2022-07-16,INITIAL,INITIAL,Regional plant-health service acting on National Plant Health Committee mandate,may,Suspend the official laboratory through the competent regional designation authority.,"Without the audit basis and CFN mandate, this alternate suspension route is unavailable. Missing evidence remains UNKNOWN.",Regional plant-health service,Current regional designation; national-reference-laboratory audit and findings; CFN mandate; competent regional suspension act and scope.,[],DETERMINISTIC_RULE,YES,OFFICIAL_LABORATORY_SUSPENSION_DECISION,-,The CFN mandate supplies the alternate suspension basis. The Regional Plant Health Service remains the authority that changes its designation state. [PRESERVED_PRE_MIGRATION_DETAIL: scope=IMPLEMENTATION_WITH_EFFECTIVE_START_SOURCE_REQUIRED; semantic=CFN_MANDATE_OFFICIAL_SUSPENSION_ROUTE; temporal=CURRENT_EFFECTIVE_START_SOURCE_REQUIRED]
IT-DM-169819-2022:Art.11(6):adapt-to-annex-iii:v1,IT-DM-169819-2022,IT-DM-169819-2022:Art.11(6):adapt-to-annex-iii,2022-07-17,,"Twelve-month transition begins on the decree’s effective start, whose direct Gazzetta publication date is not held",https://www.protezionedellepiante.it/wp-content/uploads/2022/04/Decreto-Ministeriale-n.-169819-del-13-aprile-2022.pdf,ef1b6383a40702833003e29d9a6226450d81e53afe8d08daf3a888aa0ea06481,2022-07-16,STATUS_CHANGED,INITIAL,Official laboratory designated before the decree’s effective start,shall,Adapt to the Annex III minimum requirements within twelve months after the decree’s effective start.,"A laboratory not designated at the decree’s effective start does not enter this transition. Missing effective-start, designation or adaptation evidence remains UNKNOWN.",-,Pre-effective regional official designation; decree effective-start date; Annex III gap and remediation evidence; completed adaptation and date.,[],DETERMINISTIC_RULE,NO,-,-,The decree's effective start is held (17 July 2022); the transition ran to 17 July 2023 for laboratories already designated at that date.
IT-DM-169819-2022:Art.11(6):notify-adaptation:v1,IT-DM-169819-2022,IT-DM-169819-2022:Art.11(6):notify-adaptation,2022-07-17,,Completion notice follows adaptation during the twelve-month transition whose exact interval requires the decree publication date,https://www.protezionedellepiante.it/wp-content/uploads/2022/04/Decreto-Ministeriale-n.-169819-del-13-aprile-2022.pdf,ef1b6383a40702833003e29d9a6226450d81e53afe8d08daf3a888aa0ea06481,2022-07-16,STATUS_CHANGED,INITIAL,Official laboratory designated before the decree’s effective start,shall,Notify the competent Regional Plant Health Service that Annex III adaptation is complete.,"Without completed adaptation, this completion-notice duty does not activate. Missing notice evidence leaves notified status UNKNOWN.",-,"Completed Annex III adaptation and date; competent Regional Plant Health Service; notice content, delivery and receipt.",[],DETERMINISTIC_RULE,NO,-,-,Adaptation and notice are separate facts. Notice does not cure incomplete adaptation. [PRESERVED_PRE_MIGRATION_DETAIL: scope=HISTORICAL_TRANSITION_WITH_EFFECTIVE_START_SOURCE_REQUIRED; change=TRANSITIONAL; semantic=ADAPTATION_COMPLETION_NOTICE; temporal=HISTORICAL_TRANSITION_START_SOURCE_REQUIRED]
IT-DM-169819-2022:Art.14(3):research-laboratory-notification:v1,IT-DM-169819-2022,IT-DM-169819-2022:Art.14(3):research-laboratory-notification,2022-07-17,,Ministerial decree signed 12 April 2022; effective start depends on direct Gazzetta publication evidence,https://www.protezionedellepiante.it/wp-content/uploads/2022/04/Decreto-Ministeriale-n.-169819-del-13-aprile-2022.pdf,ef1b6383a40702833003e29d9a6226450d81e53afe8d08daf3a888aa0ea06481,2022-07-16,INITIAL,INITIAL,Research laboratory,shall,Notify the result to the territorially competent Regional Plant Health Service and the Regional Plant Health Service for the sample’s territory of origin within twenty-four hours.,"Without a source-listed detection, this event-specific notification duty does not activate. Missing result or pest-class evidence remains UNKNOWN.",-,Research-laboratory identity; nonofficial sample and origin; exact analysis or diagnosis and result; pest classification; both competent regional recipients; notification content and timestamps.,"[""IT-DLGS-19-2021:Art.28(1)""]",DETERMINISTIC_RULE,NO,-,-,Notification triggers competent official follow-up. The research result remains nonofficial and does not itself create the official finding. [PRESERVED_PRE_MIGRATION_DETAIL: scope=IMPLEMENTATION_WITH_EFFECTIVE_START_SOURCE_REQUIRED; semantic=RESEARCH_RESULT_NOTIFICATION_WITHIN_24_HOURS; temporal=CURRENT_EFFECTIVE_START_SOURCE_REQUIRED]
IT-DM-169819-2022:Art.18(3):self-control-laboratory-notification:v1,IT-DM-169819-2022,IT-DM-169819-2022:Art.18(3):self-control-laboratory-notification,2022-07-17,,Ministerial decree signed 12 April 2022; effective start depends on direct Gazzetta publication evidence,https://www.protezionedellepiante.it/wp-content/uploads/2022/04/Decreto-Ministeriale-n.-169819-del-13-aprile-2022.pdf,ef1b6383a40702833003e29d9a6226450d81e53afe8d08daf3a888aa0ea06481,2022-07-16,INITIAL,INITIAL,Recognized self-control laboratory,shall,Notify the result to the territorially competent Regional Plant Health Service and the Regional Plant Health Service for the sample’s territory of origin within twenty-four hours.,"Without a source-listed detection, this event-specific notification duty does not activate. Missing result or pest-class evidence remains UNKNOWN.",-,Recognized self-control-laboratory identity and scope; nonofficial sample and origin; exact analysis or diagnosis and result; pest classification; both competent regional recipients; notification content and timestamps.,"[""IT-DLGS-19-2021:Art.28(1)""]",DETERMINISTIC_RULE,NO,-,-,Notification triggers competent official follow-up. The self-control result remains nonofficial and does not itself create the official finding. [PRESERVED_PRE_MIGRATION_DETAIL: scope=IMPLEMENTATION_WITH_EFFECTIVE_START_SOURCE_REQUIRED; semantic=SELF_CONTROL_RESULT_NOTIFICATION_WITHIN_24_HOURS; temporal=CURRENT_EFFECTIVE_START_SOURCE_REQUIRED]
IT-DM-169819-2022:Art.3(2):official-sample-laboratory-class:v1,IT-DM-169819-2022,IT-DM-169819-2022:Art.3(2):official-sample-laboratory-class,2022-07-17,,"Ministerial decree signed 12 April 2022; effective the day after Gazzetta publication, whose direct record is not held",https://www.protezionedellepiante.it/wp-content/uploads/2022/04/Decreto-Ministeriale-n.-169819-del-13-aprile-2022.pdf,ef1b6383a40702833003e29d9a6226450d81e53afe8d08daf3a888aa0ea06481,2022-07-16,INITIAL,INITIAL,Validly designated national reference or official laboratory,shall,Perform the pest analysis or diagnosis through the applicable national-reference or official-laboratory route.,"Without an official sample and valid laboratory scope, this decree does not confer official-result status. Missing designation, scope or sample provenance remains UNKNOWN.",-,Official-control or other-official-activity sample and custody; event-time national-reference or official-laboratory designation; exact task and method scope; signed test report.,"[""IT-DLGS-19-2021:Art.13(1):corresponding-reference-laboratory"",""IT-DLGS-19-2021:Art.13(2)"",""IT-DLGS-19-2021:Art.14(1):designate-official-laboratory"",""IT-DLGS-19-2021:Art.14(2)""]",DETERMINISTIC_RULE,NO,-,-,"Laboratory analysis supplies official evidence only within the complete official sample, designation and scope chain. The Regional Plant Health Service retains the official-finding decision. [PRESERVED_PRE_MIGRATION_DETAIL: scope=IMPLEMENTATION_WITH_EFFECTIVE_START_SOURCE_REQUIRED; semantic=OFFICIAL_SAMPLE_LABORATORY_CLASS_BOUNDARY; temporal=CURRENT_EFFECTIVE_START_SOURCE_REQUIRED]"
IT-DM-169819-2022:Art.3(3):research-output-class:v1,IT-DM-169819-2022,IT-DM-169819-2022:Art.3(3):research-output-class,2022-07-17,,Ministerial decree signed 12 April 2022; effective start depends on direct Gazzetta publication evidence,https://www.protezionedellepiante.it/wp-content/uploads/2022/04/Decreto-Ministeriale-n.-169819-del-13-aprile-2022.pdf,ef1b6383a40702833003e29d9a6226450d81e53afe8d08daf3a888aa0ea06481,2022-07-16,INITIAL,INITIAL,Research laboratory participating under Chapter IV,-,Classify the laboratory’s diagnostic analyses on samples from nonofficial research or experimental activity as research support rather than official-control evidence.,-,-,Research-laboratory identity and network status; nonofficial sample provenance; research or experimental purpose; exact report and any mandatory notification route.,[],DETERMINISTIC_RULE,NO,-,-,A technically valid research result can trigger reporting and official follow-up. It does not itself become an official finding. [PRESERVED_PRE_MIGRATION_DETAIL: scope=IMPLEMENTATION_WITH_EFFECTIVE_START_SOURCE_REQUIRED; semantic=RESEARCH_OUTPUT_NONOFFICIAL_BOUNDARY; temporal=CURRENT_EFFECTIVE_START_SOURCE_REQUIRED]
IT-DM-169819-2022:Art.3(4):self-control-output-class:v1,IT-DM-169819-2022,IT-DM-169819-2022:Art.3(4):self-control-output-class,2022-07-17,,Ministerial decree signed 12 April 2022; effective start depends on direct Gazzetta publication evidence,https://www.protezionedellepiante.it/wp-content/uploads/2022/04/Decreto-Ministeriale-n.-169819-del-13-aprile-2022.pdf,ef1b6383a40702833003e29d9a6226450d81e53afe8d08daf3a888aa0ea06481,2022-07-16,INITIAL,INITIAL,Recognized self-control laboratory,-,Classify analyses requested by professional operators for self-control and not arising from official controls or other official activities as nonofficial analyses.,-,-,Recognized self-control-laboratory identity and scope; professional-operator request; nonofficial sample provenance; analysis report and any mandatory notification route.,[],DETERMINISTIC_RULE,NO,-,-,Recognition permits self-control analysis. It does not convert the output into official-control evidence or an official finding. [PRESERVED_PRE_MIGRATION_DETAIL: scope=IMPLEMENTATION_WITH_EFFECTIVE_START_SOURCE_REQUIRED; semantic=SELF_CONTROL_OUTPUT_NONOFFICIAL_BOUNDARY; temporal=CURRENT_EFFECTIVE_START_SOURCE_REQUIRED]
IT-DM-169819-2022:Art.30(3):unvalidated-eppo-classification:v1,IT-DM-169819-2022,IT-DM-169819-2022:Art.30(3):unvalidated-eppo-classification,2022-07-17,,Ministerial decree signed 12 April 2022; effective start depends on direct Gazzetta publication evidence,https://www.protezionedellepiante.it/wp-content/uploads/2022/04/Decreto-Ministeriale-n.-169819-del-13-aprile-2022.pdf,ef1b6383a40702833003e29d9a6226450d81e53afe8d08daf3a888aa0ea06481,2022-07-16,INITIAL,INITIAL,-,-,Classify the EPPO method as nonnormalized for the applicable method-selection route.,An EPPO method with the required validation data is not classified as nonnormalized through this sentence. Missing validation evidence remains UNKNOWN.,-,Exact EPPO method and edition; validation-data record; resulting normalized or nonnormalized classification.,[],DETERMINISTIC_RULE,NO,-,-,This classification is not conditional on an urgent case. Urgency governs only the separate permission to use a nonnormalized method. [PRESERVED_PRE_MIGRATION_DETAIL: scope=IMPLEMENTATION_WITH_EFFECTIVE_START_SOURCE_REQUIRED; semantic=UNVALIDATED_EPPO_METHOD_CLASSIFICATION; temporal=CURRENT_EFFECTIVE_START_SOURCE_REQUIRED]
IT-DM-169819-2022:Art.30(3):urgent-nonnormalized-method:v1,IT-DM-169819-2022,IT-DM-169819-2022:Art.30(3):urgent-nonnormalized-method,2022-07-17,,Ministerial decree signed 12 April 2022; effective start depends on direct Gazzetta publication evidence,https://www.protezionedellepiante.it/wp-content/uploads/2022/04/Decreto-Ministeriale-n.-169819-del-13-aprile-2022.pdf,ef1b6383a40702833003e29d9a6226450d81e53afe8d08daf3a888aa0ea06481,2022-07-16,INITIAL,INITIAL,Relevant national reference laboratory or official laboratory,may,Use a nonnormalized test method issued by a national or international technical organization.,"If urgency is absent or an Article 30(1) or 30(2)(a)–(d) method exists and is available, this fallback is unavailable. Missing availability or urgency evidence remains UNKNOWN.",-,Urgent official analysis need; documented absence or unavailability of Article 30(1) and 30(2)(a)–(d) methods within the network; exact nonnormalized method and issuer; validation status; laboratory competence and report.,[],DETERMINISTIC_RULE,YES,URGENT_METHOD_GAP_AND_FALLBACK_SELECTION,-,The route is a bounded urgent fallback. Technical convenience or preference does not satisfy its absence/unavailability predicates. [PRESERVED_PRE_MIGRATION_DETAIL: scope=IMPLEMENTATION_WITH_EFFECTIVE_START_SOURCE_REQUIRED; semantic=URGENT_NONNORMALIZED_METHOD_PERMISSION; temporal=CURRENT_EFFECTIVE_START_SOURCE_REQUIRED]
IT-DM-169819-2022:Art.30:official-method-selection:v1,IT-DM-169819-2022,IT-DM-169819-2022:Art.30:official-method-selection,2022-07-17,,Ministerial decree signed 12 April 2022; effective start depends on direct Gazzetta publication evidence,https://www.protezionedellepiante.it/wp-content/uploads/2022/04/Decreto-Ministeriale-n.-169819-del-13-aprile-2022.pdf,ef1b6383a40702833003e29d9a6226450d81e53afe8d08daf3a888aa0ea06481,2022-07-16,INITIAL,INITIAL,Official laboratory,shall,Select the source-authorized method route appropriate to the specific analysis need.,"Without an official-control or other-official-activity task, this official method hierarchy does not activate. Missing method-availability or suitability evidence remains UNKNOWN.",-,"Official task and analysis need; event-time Union method rule or validation criteria; availability and suitability of each source-listed route; exact method edition, validation and laboratory scope; recorded method selection.",[],DETERMINISTIC_RULE,YES,OFFICIAL_METHOD_SUITABILITY_SELECTION,-,"The routes are applied according to suitability for the specific analysis need. A lower route does not displace an applicable Union method rule. [PRESERVED_PRE_MIGRATION_DETAIL: scope=IMPLEMENTATION_WITH_EFFECTIVE_START_SOURCE_REQUIRED; semantic=OFFICIAL_METHOD_SELECTION_HIERARCHY; temporal=CURRENT_EFFECTIVE_START_SOURCE_REQUIRED] Regulation 2017/625 Annex III method-characterisation criteria are an acquired Stage B method/parameter boundary, not an additional Stage A legal proposition."
IT-DM-169819-2022:Art.5:national-reference-minimum-qualification:v1,IT-DM-169819-2022,IT-DM-169819-2022:Art.5:national-reference-minimum-qualification,2022-07-17,,Ministerial decree signed 12 April 2022; effective start depends on direct Gazzetta publication evidence,https://www.protezionedellepiante.it/wp-content/uploads/2022/04/Decreto-Ministeriale-n.-169819-del-13-aprile-2022.pdf,ef1b6383a40702833003e29d9a6226450d81e53afe8d08daf3a888aa0ea06481,2022-07-16,INITIAL,INITIAL,National reference laboratory,shall,Maintain the complete Article 5 and Annex I qualification tuple for the exact designated competence.,"If any mandatory qualification element is proven absent, designation or continued status requires the source-defined suspension or revocation route. Missing qualification evidence remains UNKNOWN.",-,"Exact competence and designation; national-reference or excellence status; ISO/IEC 17025 accreditation in scope; adequate equipment, premises, containment, organization and qualified staff; complete Annex I requirements; audit evidence.","[""EU-2017-625:Art.100:national-reference-laboratory-status""]",DETERMINISTIC_RULE,NO,-,-,The qualification elements form the continuing source-native designation tuple. Technical reputation or a plan reference does not substitute for them. [PRESERVED_PRE_MIGRATION_DETAIL: scope=IMPLEMENTATION_WITH_EFFECTIVE_START_SOURCE_REQUIRED; semantic=NATIONAL_REFERENCE_MINIMUM_QUALIFICATION_TUPLE; temporal=CURRENT_EFFECTIVE_START_SOURCE_REQUIRED]
IT-DM-169819-2022:Art.7(10):ministerial-revocation:v1,IT-DM-169819-2022,IT-DM-169819-2022:Art.7(10):ministerial-revocation,2022-07-17,,Ministerial decree signed 12 April 2022; effective start depends on direct Gazzetta publication evidence,https://www.protezionedellepiante.it/wp-content/uploads/2022/04/Decreto-Ministeriale-n.-169819-del-13-aprile-2022.pdf,ef1b6383a40702833003e29d9a6226450d81e53afe8d08daf3a888aa0ea06481,2022-07-16,INITIAL,INITIAL,Minister responsible for agriculture,shall,"After the National Plant Health Committee opinion, revoke the national-reference qualification by ministerial decree.","If continuing requirements and required activities remain satisfied, this revocation route does not activate. Missing audit evidence remains UNKNOWN.",Minister responsible for agriculture,Current designation; audit and exact lost requirement or omitted required activity; CFN opinion; ministerial revocation decree and effective time.,"[""IT-DLGS-19-2021:Art.13(4)""]",DETERMINISTIC_RULE,YES,REFERENCE_LABORATORY_REVOCATION,-,The audit deficiency activates revocation. Committee opinion is required before the ministerial act but does not create the deficiency. [PRESERVED_PRE_MIGRATION_DETAIL: scope=IMPLEMENTATION_WITH_EFFECTIVE_START_SOURCE_REQUIRED; semantic=MINISTERIAL_REVOCATION_ROUTE; temporal=CURRENT_EFFECTIVE_START_SOURCE_REQUIRED]
IT-DM-169819-2022:Art.7(11):cessation-notice:v1,IT-DM-169819-2022,IT-DM-169819-2022:Art.7(11):cessation-notice,2022-07-17,,Ministerial decree signed 12 April 2022; effective start depends on direct Gazzetta publication evidence,https://www.protezionedellepiante.it/wp-content/uploads/2022/04/Decreto-Ministeriale-n.-169819-del-13-aprile-2022.pdf,ef1b6383a40702833003e29d9a6226450d81e53afe8d08daf3a888aa0ea06481,2022-07-16,INITIAL,INITIAL,National reference laboratory,shall,Notify the Central Plant Health Service and INRPP at least six months before cessation.,"Without a laboratory decision to terminate its functions, this notice duty does not activate. Missing notice evidence leaves cessation unresolved.",-,Laboratory cessation decision; notice to SFC and INRPP and date; intended cessation date.,[],DETERMINISTIC_RULE,NO,-,-,The laboratory owns the cessation notice. Notice does not itself revoke the qualification. [PRESERVED_PRE_MIGRATION_DETAIL: scope=IMPLEMENTATION_WITH_EFFECTIVE_START_SOURCE_REQUIRED; semantic=VOLUNTARY_CESSATION_NOTICE; temporal=CURRENT_EFFECTIVE_START_SOURCE_REQUIRED]
IT-DM-169819-2022:Art.7(11):revocation-after-cessation-notice:v1,IT-DM-169819-2022,IT-DM-169819-2022:Art.7(11):revocation-after-cessation-notice,2022-07-17,,Ministerial decree signed 12 April 2022; effective start depends on direct Gazzetta publication evidence,https://www.protezionedellepiante.it/wp-content/uploads/2022/04/Decreto-Ministeriale-n.-169819-del-13-aprile-2022.pdf,ef1b6383a40702833003e29d9a6226450d81e53afe8d08daf3a888aa0ea06481,2022-07-16,INITIAL,INITIAL,Minister responsible for agriculture,shall,Revoke the national-reference qualification by ministerial decree.,"Without completed cessation notice, this voluntary-route revocation duty does not activate. Missing notice evidence remains UNKNOWN.",Minister responsible for agriculture,Completed Article 7(11) cessation notice; intended cessation date; ministerial revocation decree and effective time.,[],DETERMINISTIC_RULE,NO,-,-,"The Minister owns revocation. The antecedent is completed cessation notice, not the laboratory’s unrecorded intention. [PRESERVED_PRE_MIGRATION_DETAIL: scope=IMPLEMENTATION_WITH_EFFECTIVE_START_SOURCE_REQUIRED; semantic=REVOCATION_AFTER_VOLUNTARY_CESSATION_NOTICE; temporal=CURRENT_EFFECTIVE_START_SOURCE_REQUIRED]"
IT-DM-169819-2022:Art.7(4):national-reference-designation:v1,IT-DM-169819-2022,IT-DM-169819-2022:Art.7(4):national-reference-designation,2022-07-17,,Ministerial decree signed 12 April 2022; effective start depends on direct Gazzetta publication evidence,https://www.protezionedellepiante.it/wp-content/uploads/2022/04/Decreto-Ministeriale-n.-169819-del-13-aprile-2022.pdf,ef1b6383a40702833003e29d9a6226450d81e53afe8d08daf3a888aa0ea06481,2022-07-16,INITIAL,INITIAL,Minister responsible for agriculture,shall,Designate the national reference laboratory by ministerial decree for one or more exact competence areas.,"Without the completed qualification, application, review and committee-opinion route, no new designation arises under this article. Missing evidence remains UNKNOWN.",Minister responsible for agriculture,"PEC application and Annex II model; Article 5 and Annex I qualification documentation; INRPP documentary review, any inspection and report; CFN opinion; ministerial decree identifying exact competence scope.","[""IT-DLGS-19-2021:Art.13(1):corresponding-reference-laboratory"",""IT-DLGS-19-2021:Art.13(2)""]",DETERMINISTIC_RULE,YES,MINISTERIAL_REFERENCE_LABORATORY_DESIGNATION,-,The CFN supplies the required opinion; the Minister owns the designation. Competence-area designation does not establish an unlisted facility or seat. [PRESERVED_PRE_MIGRATION_DETAIL: scope=IMPLEMENTATION_WITH_EFFECTIVE_START_SOURCE_REQUIRED; semantic=MINISTERIAL_COMPETENCE_SPECIFIC_DESIGNATION_ROUTE; temporal=CURRENT_EFFECTIVE_START_SOURCE_REQUIRED]
IT-DM-169819-2022:Art.7(5):multiple-laboratories-per-competence:v1,IT-DM-169819-2022,IT-DM-169819-2022:Art.7(5):multiple-laboratories-per-competence,2022-07-17,,Ministerial decree signed 12 April 2022; effective start depends on direct Gazzetta publication evidence,https://www.protezionedellepiante.it/wp-content/uploads/2022/04/Decreto-Ministeriale-n.-169819-del-13-aprile-2022.pdf,ef1b6383a40702833003e29d9a6226450d81e53afe8d08daf3a888aa0ea06481,2022-07-16,INITIAL,INITIAL,Minister responsible for agriculture,may,Designate one or more national reference laboratories within the competence area for the exact pest or pest group.,"Without the source-defined qualification and national-excellence basis, this multiple-designation permission is unavailable. Missing evidence remains UNKNOWN.",Minister responsible for agriculture,"Exact competence area, pest or pest group; qualification of each proposed structure; evidence of national excellence; complete Article 7(4) designation route and ministerial decree.",[],DETERMINISTIC_RULE,YES,NATIONAL_EXCELLENCE_AND_MULTIPLE_DESIGNATION,-,The permission allows multiple source-specific designations. It does not infer national-reference status from scientific activity or plan use. [PRESERVED_PRE_MIGRATION_DETAIL: scope=IMPLEMENTATION_WITH_EFFECTIVE_START_SOURCE_REQUIRED; semantic=MULTIPLE_LABORATORY_DESIGNATION_PERMISSION; temporal=CURRENT_EFFECTIVE_START_SOURCE_REQUIRED]
IT-DM-169819-2022:Art.7(8):discretionary-suspension:v1,IT-DM-169819-2022,IT-DM-169819-2022:Art.7(8):discretionary-suspension,2022-07-17,,Ministerial decree signed 12 April 2022; effective start depends on direct Gazzetta publication evidence,https://www.protezionedellepiante.it/wp-content/uploads/2022/04/Decreto-Ministeriale-n.-169819-del-13-aprile-2022.pdf,ef1b6383a40702833003e29d9a6226450d81e53afe8d08daf3a888aa0ea06481,2022-07-16,INITIAL,INITIAL,Central Plant Health Service,may,"After hearing the National Plant Health Committee, decide whether to suspend the national-reference qualification.","If continuing requirements remain satisfied, this suspension route is unavailable. Missing requirement evidence remains UNKNOWN.",Central Plant Health Service,Current designation and declared requirements; evidence of requirement loss; CFN hearing record; central suspension decision and scope.,[],DETERMINISTIC_RULE,YES,REFERENCE_LABORATORY_SUSPENSION_DECISION,-,Requirement loss makes suspension available; it does not itself suspend the qualification. [PRESERVED_PRE_MIGRATION_DETAIL: scope=IMPLEMENTATION_WITH_EFFECTIVE_START_SOURCE_REQUIRED; semantic=DISCRETIONARY_QUALIFICATION_SUSPENSION; temporal=CURRENT_EFFECTIVE_START_SOURCE_REQUIRED]
IT-DM-169819-2022:Art.7(9):serious-nonconformity-suspension:v1,IT-DM-169819-2022,IT-DM-169819-2022:Art.7(9):serious-nonconformity-suspension,2022-07-17,,Ministerial decree signed 12 April 2022; effective start depends on direct Gazzetta publication evidence,https://www.protezionedellepiante.it/wp-content/uploads/2022/04/Decreto-Ministeriale-n.-169819-del-13-aprile-2022.pdf,ef1b6383a40702833003e29d9a6226450d81e53afe8d08daf3a888aa0ea06481,2022-07-16,INITIAL,INITIAL,Central Plant Health Service,shall,"After the National Plant Health Committee opinion, suspend the qualification until the INRPP verifies that the serious nonconformity has been overcome.","Without a proven serious audit nonconformity, this mandatory suspension route does not activate. Missing audit evidence remains UNKNOWN.",Central Plant Health Service,Periodic audit; serious-nonconformity finding; CFN opinion; central suspension decision; INRPP verification of cure; restoration record.,[],DETERMINISTIC_RULE,YES,SERIOUS_NONCONFORMITY_AND_SUSPENSION,-,"The audit finding activates suspension. CFN opinion and INRPP cure verification are required procedural and restoration evidence, not reasons to treat the nonconformity as absent. [PRESERVED_PRE_MIGRATION_DETAIL: scope=IMPLEMENTATION_WITH_EFFECTIVE_START_SOURCE_REQUIRED; semantic=MANDATORY_SERIOUS_NONCONFORMITY_SUSPENSION; temporal=CURRENT_EFFECTIVE_START_SOURCE_REQUIRED]"
IT-DM-169819-2022:Art.8(2):eligible-official-laboratory-classes:v1,IT-DM-169819-2022,IT-DM-169819-2022:Art.8(2):eligible-official-laboratory-classes,2022-07-17,,Ministerial decree signed 12 April 2022; effective start depends on direct Gazzetta publication evidence,https://www.protezionedellepiante.it/wp-content/uploads/2022/04/Decreto-Ministeriale-n.-169819-del-13-aprile-2022.pdf,ef1b6383a40702833003e29d9a6226450d81e53afe8d08daf3a888aa0ea06481,2022-07-16,INITIAL,INITIAL,-,-,Place a qualifying regional-service laboratory or qualifying public/private laboratory acting under a specific agreement into the source-defined eligible population for official designation.,A laboratory proven outside the eligible classes or proven not to satisfy the applicable Article 37 or lawful-derogation route is not eligible through this provision.,-,Laboratory legal identity and class; Article 37 qualification or exact lawful derogation; public/private protection-of-plants role; specific agreement to act in the name and on behalf of the designating Regional Plant Health Service where applicable.,"[""EU-2017-625:Art.37(1,3-5):official-laboratory-designation-tuple"",""EU-2017-625:Art.40(1)(b):other-official-activity-derogation"",""EU-2017-625:Art.41:representative-method-derogation-authority"",""EU-2017-625:Art.42:temporary-method-designation"",""EU-2021-1353:Art.3:plant-health-partial-accreditation-derogation""]",DETERMINISTIC_RULE,NO,-,-,"Eligibility remains distinct from designation. Missing class, agreement or qualification evidence is not substantive ineligibility."
IT-DM-169819-2022:Art.8(3):out-of-region-official-laboratory:v1,IT-DM-169819-2022,IT-DM-169819-2022:Art.8(3):out-of-region-official-laboratory,2022-07-17,,Ministerial decree signed 12 April 2022; effective start depends on direct Gazzetta publication evidence,https://www.protezionedellepiante.it/wp-content/uploads/2022/04/Decreto-Ministeriale-n.-169819-del-13-aprile-2022.pdf,ef1b6383a40702833003e29d9a6226450d81e53afe8d08daf3a888aa0ea06481,2022-07-16,INITIAL,INITIAL,Regional plant-health service,may,Designate the out-of-region laboratory as an official laboratory for the exact task and scope.,"If either audit/inspection authority or existing home-region official designation is absent, this out-of-region route is unavailable. Missing evidence remains UNKNOWN.",Regional plant-health service,Candidate laboratory and location; audit/inspection authority or lawful delegation and any accreditation-based audit determination; existing home-region official designation; CFN hearing and exact written designation scope.,"[""IT-DLGS-19-2021:Art.14(3):cross-region-designation"",""EU-2017-625:Art.39:official-laboratory-audit-status""]",DETERMINISTIC_RULE,YES,OUT_OF_REGION_OFFICIAL_LABORATORY_DESIGNATION,-,Existing designation by the home regional service is required but does not itself designate the laboratory for the receiving service. [PRESERVED_PRE_MIGRATION_DETAIL: scope=IMPLEMENTATION_WITH_EFFECTIVE_START_SOURCE_REQUIRED; semantic=OUT_OF_REGION_OFFICIAL_DESIGNATION_PERMISSION; temporal=CURRENT_EFFECTIVE_START_SOURCE_REQUIRED]
IT-DM-169819-2022:Art.8(4):preexisting-designation-continuity:v1,IT-DM-169819-2022,IT-DM-169819-2022:Art.8(4):preexisting-designation-continuity,2022-07-17,,Ministerial decree signed 12 April 2022; continuity rule applies on its effective start,https://www.protezionedellepiante.it/wp-content/uploads/2022/04/Decreto-Ministeriale-n.-169819-del-13-aprile-2022.pdf,ef1b6383a40702833003e29d9a6226450d81e53afe8d08daf3a888aa0ea06481,2022-07-16,STATUS_CHANGED,INITIAL,-,-,Continue the preexisting official-laboratory designation subject to the decree’s later qualification and adaptation requirements.,"Without both pre-effective Union communication and Article 53 publication, continuity does not arise under this clause. Missing historical evidence remains UNKNOWN.",-,"Pre-effective official designation; Union communication; Article 53 publication; decree effective-start evidence; later adaptation, suspension or revocation status.",[],DETERMINISTIC_RULE,NO,-,-,The continuity rule preserves qualifying preexisting designations. Publication does not create a designation that did not already exist. [PRESERVED_PRE_MIGRATION_DETAIL: scope=IMPLEMENTATION_WITH_EFFECTIVE_START_SOURCE_REQUIRED; change=TRANSITIONAL_CONTINUITY; semantic=PREEXISTING_OFFICIAL_DESIGNATION_CONTINUES; temporal=CURRENT_EFFECTIVE_START_SOURCE_REQUIRED]
IT-DM-169819-2022:Art.9(1):official-laboratory-minimum-qualification:v1,IT-DM-169819-2022,IT-DM-169819-2022:Art.9(1):official-laboratory-minimum-qualification,2022-07-17,,Ministerial decree signed 12 April 2022; effective start depends on direct Gazzetta publication evidence,https://www.protezionedellepiante.it/wp-content/uploads/2022/04/Decreto-Ministeriale-n.-169819-del-13-aprile-2022.pdf,ef1b6383a40702833003e29d9a6226450d81e53afe8d08daf3a888aa0ea06481,2022-07-16,INITIAL,INITIAL,Laboratory seeking or holding official designation,shall,Satisfy Regulation 2017/625 Article 37(4)–(5) and the complete Annex III minimum requirements for the exact official scope.,Proven loss or partial satisfaction of required qualifications activates the source-defined suspension or revocation route. Missing qualification evidence remains UNKNOWN.,-,Exact designation scope; Article 37(4)–(5) qualification; complete Annex III requirements; accreditation and audit evidence; suspension or revocation status.,"[""EU-2017-625:Art.37(1,3-5):official-laboratory-designation-tuple""]",DETERMINISTIC_RULE,NO,-,-,Qualification is continuing and scope-specific. A test method’s technical validity alone does not establish official-laboratory status. [PRESERVED_PRE_MIGRATION_DETAIL: scope=IMPLEMENTATION_WITH_EFFECTIVE_START_SOURCE_REQUIRED; semantic=OFFICIAL_LABORATORY_MINIMUM_QUALIFICATION; temporal=CURRENT_EFFECTIVE_START_SOURCE_REQUIRED]
IT-DM-169819-2022:entry-into-force:v1,IT-DM-169819-2022,IT-DM-169819-2022:entry-into-force,2022-07-17,,Entry-into-force rule in ministerial decree signed 12 April 2022; direct Gazzetta publication date not held,https://www.protezionedellepiante.it/wp-content/uploads/2022/04/Decreto-Ministeriale-n.-169819-del-13-aprile-2022.pdf,ef1b6383a40702833003e29d9a6226450d81e53afe8d08daf3a888aa0ea06481,2022-07-16,INITIAL,INITIAL,-,-,Make the decree effective on the day after Gazzetta publication.,"Before Gazzetta publication, the decree’s laboratory routes are not effective. Without the exact publication date, the first effective day remains SOURCE_REQUIRED.",-,Direct Gazzetta publication record and date; calculation of the following day; event-time laboratory route and status evidence.,[],DETERMINISTIC_RULE,NO,-,-,The signature and protocol dates are not the effective start. A secondary statement of 17 July 2022 remains supporting evidence until the direct Gazzetta record is held. [PRESERVED_PRE_MIGRATION_DETAIL: scope=IMPLEMENTATION_WITH_EFFECTIVE_START_SOURCE_REQUIRED; semantic=DAY_AFTER_GAZZETTA_PUBLICATION_ENTRY_INTO_FORCE; temporal=CURRENT_EFFECTIVE_START_SOURCE_REQUIRED]
IT-DM-169819-2022:publication:v1,IT-DM-169819-2022,IT-DM-169819-2022:publication,2022-07-17,,Publication clause in ministerial decree signed 12 April 2022,https://www.protezionedellepiante.it/wp-content/uploads/2022/04/Decreto-Ministeriale-n.-169819-del-13-aprile-2022.pdf,ef1b6383a40702833003e29d9a6226450d81e53afe8d08daf3a888aa0ea06481,2022-07-16,INITIAL,INITIAL,Ministry responsible for agriculture,shall,Publish the decree in the Gazzetta Ufficiale della Repubblica italiana.,"Without the signed decree ready for publication, this decree-specific publication duty does not activate. Missing Gazzetta evidence leaves the legal effective start unresolved.",-,"Signed decree; control-body transmission; Gazzetta publication record, issue and date; exact published text.",[],DETERMINISTIC_RULE,NO,-,-,The official PDF and later regional attestation do not replace the direct Gazzetta publication record for the exact effective start. [PRESERVED_PRE_MIGRATION_DETAIL: scope=IMPLEMENTATION; semantic=GAZZETTA_PUBLICATION_REQUIREMENT]
IT-DM-2022-XYLELLA-PLAN:Art.1:adoption:v1,IT-DM-2022-XYLELLA-PLAN,IT-DM-2022-XYLELLA-PLAN:Art.1:adoption,2022-03-18,2026-08-06,2022 ministerial decree effective the day after Gazzetta publication and later expressly replaced by the 2026 decree,https://www.gazzettaufficiale.it/atto/serie_generale/caricaArticolo?art.codiceRedazionale=22A01653&art.dataPubblicazioneGazzetta=2022-03-17&art.flagTipoArticolo=1&art.idArticolo=1&art.idGruppo=0&art.idSottoArticolo=1&art.idSottoArticolo1=10&art.progressivo=0&art.versione=1,dcb229434d61e1f1dc7287420139bea4313dd65446e8134dff7d729587a7f41f,2022-03-17,INITIAL,INITIAL,Minister responsible for agriculture,shall,Adopt the attached 2022 national Xylella emergency plan for its effective interval.,-,Minister responsible for agriculture,Signed 2022 ministerial decree; Gazzetta publication dated 2022-03-17; attached plan; effective and replacement intervals.,[],DETERMINISTIC_RULE,NO,-,-,The 2022 plan governs only its effective interval. It cannot be projected beyond the 2026 replacement date. [PRESERVED_PRE_MIGRATION_DETAIL: scope=HISTORICAL_IMPLEMENTATION]
IT-DM-2022-XYLELLA-PLAN:§6.2:action-plan-15-working-days:v1,IT-DM-2022-XYLELLA-PLAN,IT-DM-2022-XYLELLA-PLAN:§6.2:action-plan-15-working-days,2022-03-18,2026-08-06,Effective national Xylella emergency plan interval,file:regulation/jurisdiction/national/DM-2022-Xylella-plan.txt,dcb229434d61e1f1dc7287420139bea4313dd65446e8134dff7d729587a7f41f,2022-03-18,INITIAL,INITIAL,Regional Plant Health Service / National Plant Health Committee / Central Plant Health Service as source allocated,shall,Require the Regional Plant Health Service to prepare the eradication action-plan proposal within the following 15 working days and transmit it without delay for committee approval.,No action-plan clock or approval conclusion follows without the activating committee decision or outside the plan interval.,Source-allocated competent authority,"Exact effective plan version, activating event, competent actor, completion evidence and any required approval/adoption.","[""IT-DLGS-19-2021:Art.31(4)"",""IT-DLGS-19-2021:Art.31(5):regional-action-plan-proposal"",""IT-DLGS-19-2021:Art.31(5):committee-action-plan-approval""]",DETERMINISTIC_RULE,NO,-,-,Historical plan implementation; the plan’s eradication wording does not override EU containment availability. [SPAN 2026-09-01] Quote completed to its sentence end from the same source span (it had been cut mid-word by an earlier extraction); meaning unchanged.
IT-DM-2022-XYLELLA-PLAN:§6.4:communicate-no-demarcation:v1,IT-DM-2022-XYLELLA-PLAN,IT-DM-2022-XYLELLA-PLAN:§6.4:communicate-no-demarcation,2022-03-18,2026-08-06,Effective 2022 national Xylella emergency-plan interval,file:regulation/jurisdiction/national/DM-2022-Xylella-plan.txt,dcb229434d61e1f1dc7287420139bea4313dd65446e8134dff7d729587a7f41f,2022-03-18,INITIAL,INITIAL,Regional Plant Health Service,shall,Communicate the no-demarcation decision and investigation result to the Central Plant Health Service.,"Without a lawful Article 5(3) no-immediate-demarcation decision, this communication duty does not activate; an unresolved route remains unresolved.",Regional Plant Health Service,"No-demarcation decision, investigation result and communication to the Central Plant Health Service.","[""EU-2020-1201:5(3)"",""IT-DM-2022-XYLELLA-PLAN:Art.1:adoption""]",DETERMINISTIC_RULE,NO,-,-,Communication records the lawful no-demarcation decision and investigation result. It does not establish pest absence and does not discharge the separate survey duty.
IT-DM-2022-XYLELLA-PLAN:§6.4:no-demarcation-two-year-follow-up:pre-m5-v1,IT-DM-2022-XYLELLA-PLAN,IT-DM-2022-XYLELLA-PLAN:§6.4:no-demarcation-two-year-follow-up,2022-03-18,2024-10-17,Effective national Xylella emergency plan interval,file:regulation/jurisdiction/national/DM-2022-Xylella-plan.txt,dcb229434d61e1f1dc7287420139bea4313dd65446e8134dff7d729587a7f41f,2022-03-18,INITIAL,INITIAL,Regional Plant Health Service / National Plant Health Committee / Central Plant Health Service as source allocated,shall,Conduct annual surveys for at least two years under the plan and then-effective Article 5 minimum.,"Outside a lawful Article 5 no-immediate-demarcation decision or the plan interval, this stricter national follow-up does not activate; missing survey evidence does not confirm absence.",Source-allocated competent authority,"Exact effective plan version, activating event, competent actor, completion evidence and any required approval/adoption.","[""EU-2020-1201:5(3)"",""EU-2020-1201:5(4)"",""IT-DLGS-19-2021:Art.5(4)(e)"",""IT-DLGS-19-2021:Art.26(2):ministerial-adoption"",""IT-DM-2022-XYLELLA-PLAN:Art.1:adoption""]",DETERMINISTIC_RULE,NO,-,-,"Before M5, the national plan and Union Article 5 minimum both require at least two years."
IT-DM-2022-XYLELLA-PLAN:§6.4:no-demarcation-two-year-follow-up:post-m5-v2,IT-DM-2022-XYLELLA-PLAN,IT-DM-2022-XYLELLA-PLAN:§6.4:no-demarcation-two-year-follow-up,2024-10-17,2026-08-06,Effective national Xylella emergency plan interval,file:regulation/jurisdiction/national/DM-2022-Xylella-plan.txt,dcb229434d61e1f1dc7287420139bea4313dd65446e8134dff7d729587a7f41f,2022-03-18,STATUS_CHANGED,STATUS_CHANGED,Regional Plant Health Service / National Plant Health Committee / Central Plant Health Service as source allocated,shall,Conduct annual follow-up surveys for at least two years under the adopted national plan after a competent Article 5(3) no-immediate-demarcation decision. The Union first-year minimum is independently mandatory.,"Absent the no-demarcation route this follow-up is not activated. A proven incompatibility with genuinely unsettled legal consequence requires adjudication of the additional national year, without defeating the Union minimum. Missing an Article 31 justification or notification record does not gate implementation.",Source-allocated competent authority,"Applicable adopted plan, competent no-demarcation decision and annual survey evidence; a proven compatibility defect matters through its particular legal consequence.","[""EU-2020-1201:5(3)"",""EU-2020-1201:5(4)"",""IT-DLGS-19-2021:Art.5(4)(e)"",""IT-DLGS-19-2021:Art.26(2):ministerial-adoption"",""EU-2016-2031:Art.31:more-stringent-national-measures"",""IT-DM-2022-XYLELLA-PLAN:Art.1:adoption""]",AUTHORITY_JUDGMENT_REQUIRED,YES,only a proven incompatibility with genuinely unsettled consequence for the additional national year,"National requirement above the Union minimum (5 km inward band / second follow-up year); applies as adopted, Union minimum independently mandatory, Article 31(1) compatibility a validity question.","The national plan applies as adopted. Article 31(1) compatibility and Article 31(2) notification are Member State obligations, not additional regional implementation prerequisites. Shared annual surveys satisfy overlapping Union and national requirements. Only a proven incompatibility with an unsettled legal consequence activates the validity question about the additional year."
IT-DM-2022-XYLELLA-PLAN:§6.5:containment-buffer-5km:v1,IT-DM-2022-XYLELLA-PLAN,IT-DM-2022-XYLELLA-PLAN:§6.5:containment-buffer-5km,2022-03-18,2026-08-06,Effective national Xylella emergency plan interval,file:regulation/jurisdiction/national/DM-2022-Xylella-plan.txt,dcb229434d61e1f1dc7287420139bea4313dd65446e8134dff7d729587a7f41f,2022-03-18,INITIAL,INITIAL,Regional Plant Health Service / National Plant Health Committee / Central Plant Health Service as source allocated,shall,Apply the source-stated Article 4 containment buffer zone of at least 5 km outward from the infected zone boundary.,No containment-buffer conclusion follows without a lawful containment branch and competent constitutive area act.,Source-allocated competent authority,"Exact effective plan version, activating event, competent actor, completion evidence and any required approval/adoption.","[""EU-2020-1201:4(2)(b)"",""EU-2020-1201:12""]",DETERMINISTIC_RULE,NO,-,-,This is the Article 4 outward buffer zone. M5 changes the separate Article 15 inward surveillance band from 5 km to 2 km and does not alter this buffer.
IT-DM-2022-XYLELLA-PLAN:§6.6.2:containment-vector-treatment-band-5km:pre-m5-v1,IT-DM-2022-XYLELLA-PLAN,IT-DM-2022-XYLELLA-PLAN:§6.6.2:containment-vector-treatment-band-5km,2022-03-18,2024-10-17,Effective 2022 national Xylella emergency-plan interval,file:regulation/jurisdiction/national/DM-2022-Xylella-plan.txt,dcb229434d61e1f1dc7287420139bea4313dd65446e8134dff7d729587a7f41f,2022-03-18,INITIAL,INITIAL,Regional Plant Health Service,shall,"Apply the 5 km inward containment vector-treatment band, coincident with the effective Union minimum.","Outside the operative containment branch or the effective plan interval, this source 5 km rule does not apply. Missing plan, area or branch evidence remains unresolved.",Regional Plant Health Service,Effective plan and Union version; exact containment area; source band; Article 31 justification/compatibility/notification where relied upon; as-run treatment or survey evidence.,"[""EU-2020-1201:12"",""PUG-LR4-2017:Art.6(1)"",""EU-2016-2031:Art.31:more-stringent-national-measures"",""EU-2020-1201:14(2)""]",DETERMINISTIC_RULE,NO,-,-,"Before M5, the national-plan and Union inward vector-treatment minima coincide. Eradication, conflict, validity-adjudication, invalid-area and missing parent outcomes propagate without reclassification."
IT-DM-2022-XYLELLA-PLAN:§6.6.2:containment-vector-treatment-band-5km:post-m5-v2,IT-DM-2022-XYLELLA-PLAN,IT-DM-2022-XYLELLA-PLAN:§6.6.2:containment-vector-treatment-band-5km,2024-10-17,2026-08-06,Effective 2022 national Xylella emergency-plan interval,file:regulation/jurisdiction/national/DM-2022-Xylella-plan.txt,dcb229434d61e1f1dc7287420139bea4313dd65446e8134dff7d729587a7f41f,2022-03-18,STATUS_CHANGED,STATUS_CHANGED,Regional Plant Health Service,shall,Apply the adopted national plan's source-stated 5 km inward containment vector-treatment requirement during its effective interval; the post-M5 Union 2 km minimum remains independently mandatory.,"Outside operative containment or the effective plan interval, this requirement does not apply. A proven incompatibility with genuinely unsettled consequence qualifies the additional national requirement, not the Union minimum. Missing justification or notification evidence is not a regional implementation gate.",Regional Plant Health Service,"Applicable adopted plan, operative containment area and source performance evidence; a proven compatibility defect matters through its particular legal consequence.","[""EU-2020-1201:12"",""PUG-LR4-2017:Art.6(1)"",""EU-2016-2031:Art.31:more-stringent-national-measures"",""EU-2020-1201:14(2)"",""EU-2016-2031:Art.31(2):more-stringent-measure-notification""]",AUTHORITY_JUDGMENT_REQUIRED,YES,only a proven incompatibility with genuinely unsettled consequence for the additional national requirement,"National requirement above the Union minimum (5 km inward band / second follow-up year); applies as adopted, Union minimum independently mandatory, Article 31(1) compatibility a validity question.",The national plan applies as adopted. Article 31(1) compatibility and Article 31(2) notification are separate Member State obligations; missing evidence does not suspend regional implementation. Shared performance may satisfy both requirements. Preserve the master containment outcomes without reclassification.
IT-DM-2022-XYLELLA-PLAN:§6.7:containment-surveillance-band-5km:pre-m5-v1,IT-DM-2022-XYLELLA-PLAN,IT-DM-2022-XYLELLA-PLAN:§6.7:containment-surveillance-band-5km,2022-03-18,2024-10-17,Effective 2022 national Xylella emergency-plan interval,file:regulation/jurisdiction/national/DM-2022-Xylella-plan.txt,dcb229434d61e1f1dc7287420139bea4313dd65446e8134dff7d729587a7f41f,2022-03-18,INITIAL,INITIAL,Regional Plant Health Service,shall,"Apply the 5 km inward containment surveillance band, coincident with the effective Union minimum.","Outside the operative containment branch or the effective plan interval, this source 5 km rule does not apply. Missing plan, area or branch evidence remains unresolved.",Regional Plant Health Service,Effective plan and Union version; exact containment area; source band; Article 31 justification/compatibility/notification where relied upon; as-run treatment or survey evidence.,"[""EU-2020-1201:12"",""PUG-LR4-2017:Art.6(1)"",""EU-2016-2031:Art.31:more-stringent-national-measures"",""EU-2020-1201:15(2)(a)""]",DETERMINISTIC_RULE,NO,-,-,"Before M5, the national-plan and Union inward surveillance minima coincide. Eradication, conflict, validity-adjudication, invalid-area and missing parent outcomes propagate without reclassification."
IT-DM-2022-XYLELLA-PLAN:§6.7:containment-surveillance-band-5km:post-m5-v2,IT-DM-2022-XYLELLA-PLAN,IT-DM-2022-XYLELLA-PLAN:§6.7:containment-surveillance-band-5km,2024-10-17,2026-08-06,Effective 2022 national Xylella emergency-plan interval,file:regulation/jurisdiction/national/DM-2022-Xylella-plan.txt,dcb229434d61e1f1dc7287420139bea4313dd65446e8134dff7d729587a7f41f,2022-03-18,STATUS_CHANGED,STATUS_CHANGED,Regional Plant Health Service,shall,Apply the adopted national plan's source-stated 5 km inward containment surveillance requirement during its effective interval; the post-M5 Union 2 km minimum remains independently mandatory.,"Outside operative containment or the effective plan interval, this requirement does not apply. A proven incompatibility with genuinely unsettled consequence qualifies the additional national requirement, not the Union minimum. Missing justification or notification evidence is not a regional implementation gate.",Regional Plant Health Service,"Applicable adopted plan, operative containment area and source performance evidence; a proven compatibility defect matters through its particular legal consequence.","[""EU-2020-1201:12"",""PUG-LR4-2017:Art.6(1)"",""EU-2016-2031:Art.31:more-stringent-national-measures"",""EU-2020-1201:15(2)(a)"",""EU-2016-2031:Art.31(2):more-stringent-measure-notification""]",AUTHORITY_JUDGMENT_REQUIRED,YES,only a proven incompatibility with genuinely unsettled consequence for the additional national requirement,"National requirement above the Union minimum (5 km inward band / second follow-up year); applies as adopted, Union minimum independently mandatory, Article 31(1) compatibility a validity question.",The national plan applies as adopted. Article 31(1) compatibility and Article 31(2) notification are separate Member State obligations; missing evidence does not suspend regional implementation. Shared performance may satisfy both requirements. Preserve the master containment outcomes without reclassification.
IT-DM-348260-2026-XYLELLA-PLAN:Art.1(1):adoption:v1,IT-DM-348260-2026-XYLELLA-PLAN,IT-DM-348260-2026-XYLELLA-PLAN:Art.1(1):adoption,2026-08-06,,2026 ministerial decree effective the day after Ministry portal publication,,ab76a8905f7c622925093d020e1ce54b43e82ba03670e442dadab6e1fd7a0da2,2026-07-16,STATUS_CHANGED,INITIAL,Minister responsible for agriculture,shall,Adopt the attached 2026 national Xylella emergency plan as the current national plan.,-,Minister responsible for agriculture,Signed 2026 ministerial decree; Ministry portal publication and effective time; attached plan; Article 25 conformity; committee opinion record.,"[""EU-2016-2031:Art.25""]",DETERMINISTIC_RULE,NO,-,-,The 2026 plan is the current implementing plan from 2026-08-06. Its recitals and plan descriptions do not create authority absent from the governing statute or designation instrument. [PRESERVED_PRE_MIGRATION_DETAIL: scope=IMPLEMENTATION; change=REPLACEMENT; semantic=REPLACES_2022_PLAN]
IT-DM-348260-2026-XYLELLA-PLAN:Art.2(1):replace-2022-plan:v1,IT-DM-348260-2026-XYLELLA-PLAN,IT-DM-348260-2026-XYLELLA-PLAN:Art.2(1):replace-2022-plan,2026-08-06,,2026 ministerial decree effective the day after Ministry portal publication,,ab76a8905f7c622925093d020e1ce54b43e82ba03670e442dadab6e1fd7a0da2,2026-07-16,STATUS_CHANGED,INITIAL,Minister responsible for agriculture,shall,Abrogate and replace the 2022 national Xylella emergency-plan decree.,"Before the 2026 decree becomes effective, the 2022 plan remains operative within its interval.",Minister responsible for agriculture,2026 decree and effective time; exact 2022 decree identity; closed and successor effective intervals.,[],DETERMINISTIC_RULE,NO,-,-,The succession is express. No 2026 plan clause is back-projected into the 2022 interval. [PRESERVED_PRE_MIGRATION_DETAIL: scope=IMPLEMENTATION; change=REPEAL_AND_REPLACEMENT; semantic=CLOSES_2022_PLAN_INTERVAL]
IT-DM-348260-2026-XYLELLA-PLAN:§14:annual-review:v1,IT-DM-348260-2026-XYLELLA-PLAN,IT-DM-348260-2026-XYLELLA-PLAN:§14:annual-review,2026-08-06,,Current 2026 national plan review clause,,ab76a8905f7c622925093d020e1ce54b43e82ba03670e442dadab6e1fd7a0da2,2026-07-16,INITIAL,INITIAL,National Plant Health Committee,shall,"At least annually examine plan implementation, verify effectiveness and evaluate revision where warranted.",-,National Plant Health Committee,Current plan and interval; annual implementation evidence; effectiveness assessment; committee review and any revision evaluation.,[],DETERMINISTIC_RULE,YES,PLAN_EFFECTIVENESS_AND_REVISION_EVALUATION,-,"Review does not itself amend the plan. Revision must follow the competent preparation, opinion and adoption route. [PRESERVED_PRE_MIGRATION_DETAIL: scope=IMPLEMENTATION; semantic=CURRENT_PLAN_REVIEW]"
IT-DM-348260-2026-XYLELLA-PLAN:§8.2:action-plan-15-day-unit-conflict:v1,IT-DM-348260-2026-XYLELLA-PLAN,IT-DM-348260-2026-XYLELLA-PLAN:§8.2:action-plan-15-day-unit-conflict,2026-08-06,,Effective national Xylella emergency plan interval,file:regulation/jurisdiction/national/DM-348260-2026-Xylella-plan.txt,ab76a8905f7c622925093d020e1ce54b43e82ba03670e442dadab6e1fd7a0da2,2026-08-06,INITIAL,INITIAL,Regional Plant Health Service / National Plant Health Committee / Central Plant Health Service as source allocated,shall,Transmit the regional action-plan proposal under the statutory fifteen-working-day deadline. The plan’s unqualified fifteen-day wording does not establish a separate earlier deadline.,The plan wording alone establishes neither an earlier legal breach nor a separate deadline; the statutory proposal obligation remains applicable.,Source-allocated competent authority,"Exact effective plan version, activating event, competent actor, completion evidence and any required approval/adoption.","[""IT-DLGS-19-2021:Art.31(4)"",""IT-DLGS-19-2021:Art.31(5):regional-action-plan-proposal""]",DETERMINISTIC_RULE,NO,-,"The plan says unqualified giorni; the statute says working days. The statutory deadline controls, without conversion or a second clock.","Owner-adopted interpretation: the statutory fifteen-working-day deadline controls legal timeliness; this plan wording cannot shorten it. A new contrary competent legal instrument would require source-based reopening, not an unresolved branch in this rule."
IT-DM-348260-2026-XYLELLA-PLAN:§8.5:communicate-no-demarcation:v1,IT-DM-348260-2026-XYLELLA-PLAN,IT-DM-348260-2026-XYLELLA-PLAN:§8.5:communicate-no-demarcation,2026-08-06,,Current 2026 national plan implementing Regulation 2020/1201 Article 5,,ab76a8905f7c622925093d020e1ce54b43e82ba03670e442dadab6e1fd7a0da2,2026-07-16,INITIAL,INITIAL,Regional plant-health service,shall,Promptly communicate the no-demarcation decision and investigation results to the Central Plant Health Service.,"Without a lawful EU Article 5 no-demarcation decision, this communication route does not activate. Missing communication evidence remains UNKNOWN.",Regional plant-health service,Effective EU Article 5 version; exact no-demarcation predicates and decision; investigation results; central communication and receipt.,"[""EU-2020-1201:5(1)"",""EU-2020-1201:5(2)"",""EU-2020-1201:5(3)""]",DETERMINISTIC_RULE,NO,-,-,Communication records the lawful no-demarcation decision and investigation result. It does not create pest absence; the separate surveillance duty must complete. [PRESERVED_PRE_MIGRATION_DETAIL: scope=IMPLEMENTATION; semantic=CURRENT_PLAN_IMPLEMENTATION]
IT-DM-348260-2026-XYLELLA-PLAN:§8.5:no-demarcation-surveillance:v1,IT-DM-348260-2026-XYLELLA-PLAN,IT-DM-348260-2026-XYLELLA-PLAN:§8.5:no-demarcation-surveillance,2026-08-06,,Current 2026 national plan implementing Regulation 2020/1201 Article 5,,ab76a8905f7c622925093d020e1ce54b43e82ba03670e442dadab6e1fd7a0da2,2026-07-16,INITIAL,INITIAL,Regional plant-health service,shall,Conduct annual follow-up surveys for at least two years under the adopted national plan after a competent Article 5(3) no-immediate-demarcation decision. The Union first-year minimum is independently mandatory.,"Absent the no-demarcation route this follow-up is not activated. A proven incompatibility with genuinely unsettled legal consequence requires adjudication of the additional national year, without defeating the Union minimum. Missing an Article 31 justification or notification record does not gate implementation.",Regional plant-health service,"Applicable adopted plan, competent no-demarcation decision and annual survey evidence; a proven compatibility defect matters through its particular legal consequence.","[""EU-2020-1201:5(1)"",""EU-2020-1201:5(2)"",""EU-2020-1201:5(3)"",""IT-DM-348260-2026-XYLELLA-PLAN:Art.1(1):adoption"",""EU-2020-1201:5(4)"",""EU-2016-2031:Art.31:more-stringent-national-measures""]",AUTHORITY_JUDGMENT_REQUIRED,YES,only a proven incompatibility with genuinely unsettled consequence for the additional national year,"National requirement above the Union minimum (5 km inward band / second follow-up year); applies as adopted, Union minimum independently mandatory, Article 31(1) compatibility a validity question.","The national plan applies as adopted. Article 31(1) compatibility and Article 31(2) notification are Member State obligations, not additional regional implementation prerequisites. Shared annual surveys satisfy overlapping Union and national requirements. Only a proven incompatibility with an unsettled legal consequence activates the validity question about the additional year."
IT-DM-348260-2026-XYLELLA-PLAN:§8.6:area-composition:v1,IT-DM-348260-2026-XYLELLA-PLAN,IT-DM-348260-2026-XYLELLA-PLAN:§8.6:area-composition,2026-08-06,,Current 2026 national plan implementing effective Regulation 2020/1201 Articles 4–6,,ab76a8905f7c622925093d020e1ce54b43e82ba03670e442dadab6e1fd7a0da2,2026-07-16,INITIAL,INITIAL,Regional plant-health service,shall,Compose the area from an infected zone of at least 50 m radius around the infected plant and the source-defined eradication or containment buffer under the effective EU version.,"Without a lawful demarcation duty, this area-composition rule does not activate. Missing branch or geometry evidence remains UNKNOWN.",Regional plant-health service,Effective EU area provisions; official infected-plant finding; selected eradication or lawful containment branch; exact source-native distance parameters; competent regional constitutive geometry act.,"[""EU-2020-1201:4(1)"",""EU-2020-1201:5(1)"",""EU-2020-1201:6(1)"",""EU-2020-1201:12""]",DETERMINISTIC_RULE,YES,RESERVED_CONSTITUTIVE_AREA_GEOMETRY,-,The plan records current parameters. Effective EU law controls. Geometry exists only through the competent constitutive area act. [PRESERVED_PRE_MIGRATION_DETAIL: scope=IMPLEMENTATION; semantic=CURRENT_PLAN_IMPLEMENTATION]
IT-DM-348260-2026-XYLELLA-PLAN:§9.2:containment-vector-treatment-coverage:v1,IT-DM-348260-2026-XYLELLA-PLAN,IT-DM-348260-2026-XYLELLA-PLAN:§9.2:containment-vector-treatment-coverage,2026-08-06,,Current 2026 national Xylella emergency plan,file:regulation/jurisdiction/national/DM-348260-2026-Xylella-plan.txt,ab76a8905f7c622925093d020e1ce54b43e82ba03670e442dadab6e1fd7a0da2,2026-08-06,INITIAL,INTRODUCED,Regional Plant Health Service,shall,Apply all-stage vector-control practices in the agricultural and extra-agricultural source areas; use §9.3 surveillance results as information for vector-control implementation and effectiveness.,"Outside the operative containment branch or current plan interval, this source rule does not apply.",Regional Plant Health Service,Current plan adoption; operative containment branch; source-area vector-control measures and results; relevant §9.3 surveillance results where used as information.,"[""IT-DM-348260-2026-XYLELLA-PLAN:Art.1(1):adoption"",""PUG-LR4-2017:Art.6(1)"",""EU-2020-1201:14(2)""]",DETERMINISTIC_RULE,NO,-,-,"This proposition owns vector-control measures only. §9.3 separately owns surveillance geography and vector investigations. Eradication, conflict, validity-adjudication, invalid-area and missing parent outcomes propagate without reclassification."
IT-DM-348260-2026-XYLELLA-PLAN:§9.3:containment-surveillance-band-2km:v1,IT-DM-348260-2026-XYLELLA-PLAN,IT-DM-348260-2026-XYLELLA-PLAN:§9.3:containment-surveillance-band-2km,2026-08-06,,Current 2026 national Xylella emergency plan,file:regulation/jurisdiction/national/DM-348260-2026-Xylella-plan.txt,ab76a8905f7c622925093d020e1ce54b43e82ba03670e442dadab6e1fd7a0da2,2026-08-06,INITIAL,INTRODUCED,Regional Plant Health Service,shall,"Apply the current 2 km inward containment-surveillance band and source survey design; conduct annual vector investigations in the buffer zone and the stated infected-zone parts, with monitoring also in the listed higher-risk areas.","Outside the operative containment branch or current plan interval, this source rule does not apply.",Regional Plant Health Service,Current plan adoption; exact containment area; 2 km inward band; as-run survey and vector-investigation evidence.,"[""IT-DM-348260-2026-XYLELLA-PLAN:Art.1(1):adoption"",""PUG-LR4-2017:Art.6(1)"",""EU-2020-1201:15(2)(a)""]",DETERMINISTIC_RULE,NO,-,-,"The 2 km inward band is distinct from the 5 km outward Article 4 buffer. Eradication, conflict, validity-adjudication, invalid-area and missing parent outcomes propagate without reclassification."
IT-DM-348260-2026-XYLELLA-PLAN:§9.3:eradication-vector-investigation:v1,IT-DM-348260-2026-XYLELLA-PLAN,IT-DM-348260-2026-XYLELLA-PLAN:§9.3:eradication-vector-investigation,2026-08-06,,Current 2026 national Xylella emergency plan,file:regulation/jurisdiction/national/DM-348260-2026-Xylella-plan.txt,ab76a8905f7c622925093d020e1ce54b43e82ba03670e442dadab6e1fd7a0da2,2026-08-06,INITIAL,INTRODUCED,Regional Plant Health Service,shall,"Conduct annual vector investigations throughout the eradication demarcated area and monitor the listed higher-risk locations to establish infected-vector presence, spread risk and effectiveness of control measures.",This rule applies only to an operative eradication area under the current plan; containment surveillance remains governed by its separate provisions.,Regional Plant Health Service,Current plan adoption; operative eradication-area version; as-run vector investigations and results for the area and listed higher-risk locations.,"[""IT-DM-348260-2026-XYLELLA-PLAN:Art.1(1):adoption"",""PUG-LR4-2017:Art.3(2)"",""EU-2020-1201:10-sub3""]",DETERMINISTIC_RULE,NO,-,-,The eradication investigation covers the entire demarcated area; containment geography is governed separately.
IT-DTU39-REV1:official-technical-instruction:v1,IT-DTU39-REV1,IT-DTU39-REV1:official-technical-instruction,2025-01-07,,DTU 39 revision 1 approved by the National Plant Health Committee on 9–10 December 2024 and adopted on 7 January 2025,,b0fa2961587ab774eceb5f9e2078fbb33a41be6b278f37053b7ad1f8b493da48,2025-01-07,TEXT_CHANGED,INITIAL,Official plant-health survey personnel,-,"Establish revision 1 as the current national technical instruction supporting official Xylella survey recognition, sampling and diagnostic routing.",-,-,Revision table; National Plant Health Committee approval; adoption date; exact technical instruction version applicable to the survey or diagnostic event.,[],DETERMINISTIC_RULE,NO,-,-,"DTU 39 supplies technical procedure and evidence routing. It does not create a finding, area, coercive measure or reserved authority decision. [PRESERVED_PRE_MIGRATION_DETAIL: scope=TECHNICAL_SUPPORT; change=REVISION_1; semantic=SUPERSEDES_REVISION_0_TECHNICAL_INSTRUCTION]"
IT-DTU39-REV1:§4.2:sample-transfer:v1,IT-DTU39-REV1,IT-DTU39-REV1:§4.2:sample-transfer,2025-01-07,,DTU 39 revision 1 official sample-handling instruction,,b0fa2961587ab774eceb5f9e2078fbb33a41be6b278f37053b7ad1f8b493da48,2025-01-07,TEXT_CHANGED,INITIAL,Official survey personnel or authorized sample custodian,shall,Send the collected sample to the competent laboratory as soon as possible.,"Without a collected official sample, this transfer duty does not activate. Missing transfer evidence leaves sample-chain validity unresolved.",-,"Official sample identity and collection; effective DTU version; dispatch time, custody, laboratory receipt and acceptance evidence.",[],DETERMINISTIC_RULE,NO,-,-,Transfer evidence supports the official sample chain. It does not itself make the later result official or positive. [PRESERVED_PRE_MIGRATION_DETAIL: scope=TECHNICAL_SUPPORT; change=REVISION_1; semantic=CURRENT_SAMPLE_TRANSFER_INSTRUCTION]
IT-DTU39-REV1:§4:risk-based-sampling:v1,IT-DTU39-REV1,IT-DTU39-REV1:§4:risk-based-sampling,2025-01-07,,DTU 39 revision 1 implementing effective Regulation 2020/1201 survey requirements,,b0fa2961587ab774eceb5f9e2078fbb33a41be6b278f37053b7ad1f8b493da48,2025-01-07,TEXT_CHANGED,INITIAL,Official survey personnel under the competent Regional Plant Health Service,shall,"Use statistically valid, risk-based survey design with plant sampling and laboratory analysis appropriate to the applicable legal population and survey route.","Without an applicable official survey duty, this DTU execution route does not activate. Missing samples or tests do not establish pest absence.",Regional plant-health service,"Applicable survey duty and population; effective DTU version; risk-based design; selected sites and plants; as-run observations, samples, laboratory analyses and results.","[""EU-2020-1201:2(1)"",""EU-2020-1201:2(3)"",""EU-2020-1201:2(4)"",""EU-2020-1201:10"",""EU-2020-1201:15(1)"",""EU-2020-1201:15(2)""]",DETERMINISTIC_RULE,NO,-,-,"The DTU implements survey technique. It does not select legal geography, plant population or eradication versus containment. [PRESERVED_PRE_MIGRATION_DETAIL: scope=TECHNICAL_SUPPORT; change=REVISION_1; semantic=CURRENT_TECHNICAL_SURVEY_METHOD]"
IT-DTU39-REV1:§5.4:inconclusive-result-routing:v1,IT-DTU39-REV1,IT-DTU39-REV1:§5.4:inconclusive-result-routing,2025-01-07,,DTU 39 revision 1 diagnostic-result routing,,b0fa2961587ab774eceb5f9e2078fbb33a41be6b278f37053b7ad1f8b493da48,2025-01-07,TEXT_CHANGED,INITIAL,Laboratory and competent territorial plant-health service,shall,"Repeat using the same method and apply the source-native positive, negative or further-inconclusive branch; after a further inconclusive disposition, preserve the competent service’s decision whether to conduct additional investigation.","If the initial authorized result is conclusive, this repeat route does not activate. A ‘not detected/absent’ sample disposition does not establish global biological or legal pest absence.",Regional plant-health service,Original sample and method; initial and repeated raw results; same-method repetition; retained aliquot or resample where applicable; final sample disposition; competent service decision on further investigation.,[],DETERMINISTIC_RULE,YES,FURTHER_INVESTIGATION_AFTER_REPEATED_INCONCLUSIVE_RESULT,"Puglia DDS 45/2025 requires resampling for its defined persistent doubtful-result route; exact method, result type, authority, scope and time govern",Commands address the next outstanding source step; earlier inconclusive results remain evidence after a repeat is completed. Negative or further-inconclusive sample dispositions do not establish territorial pest absence or an official finding. The competent service retains its source discretion on further investigation.
IT-DTU39-REV1:§5.4:pest-free-positive-confirmation:v1,IT-DTU39-REV1,IT-DTU39-REV1:§5.4:pest-free-positive-confirmation,2025-01-07,,DTU 39 revision 1 and the effective national emergency-plan confirmation route,,b0fa2961587ab774eceb5f9e2078fbb33a41be6b278f37053b7ad1f8b493da48,2025-01-07,TEXT_CHANGED,INITIAL,National reference laboratory,shall,Confirm the result on the same sample or appropriate extract using another authorized molecular analysis directed at a different genome region.,"Without a pest-free-area positive screening result, this confirmation route does not activate. Missing confirmation leaves official finding status unresolved.",-,Pest-free area state; official sample and positive screening; event-time national-reference authority; second authorized molecular method and distinct genome target; same sample or appropriate extract; confirmation report.,"[""EU-2020-1201:2(4)"",""EU-2020-1201:ANNEX-IV:v3""]",DETERMINISTIC_RULE,NO,-,-,The reference laboratory supplies confirmation evidence. The Regional Plant Health Service retains the official-finding decision. [PRESERVED_PRE_MIGRATION_DETAIL: scope=TECHNICAL_SUPPORT; change=REVISION_1; semantic=CURRENT_PEST_FREE_CONFIRMATION_ROUTE]
IT-DTU39-REV1:§5:diagnostic-method-routing:v1,IT-DTU39-REV1,IT-DTU39-REV1:§5:diagnostic-method-routing,2025-01-07,,DTU 39 revision 1 under the effective Regulation 2020/1201 Annex IV method set,,b0fa2961587ab774eceb5f9e2078fbb33a41be6b278f37053b7ad1f8b493da48,2025-01-07,TEXT_CHANGED,INITIAL,Laboratory validly authorized for the official task,shall,Apply a method authorized by the effective Annex IV and the corresponding current DTU-referenced official protocol for screening or subspecies identification.,"Without an accepted official sample and authorized laboratory task, this official diagnostic route does not activate. Use of a technically valid method alone does not create official status.",-,Official sample and custody; event-time laboratory designation/accreditation and task scope; effective Annex IV version; exact protocol edition and method; raw analysis and signed report.,"[""EU-2020-1201:ANNEX-IV:v3""]",DETERMINISTIC_RULE,NO,-,-,The DTU routes methods. The valid official sample/laboratory chain and competent regional confirmation decision remain separate. [PRESERVED_PRE_MIGRATION_DETAIL: scope=TECHNICAL_SUPPORT; change=REVISION_1; semantic=CURRENT_DIAGNOSTIC_METHOD_ROUTING]
IT-DTU8-REV2:official-laboratory-route-and-continuing-status:v1,IT-DTU8-REV2,IT-DTU8-REV2:official-laboratory-route-and-continuing-status,2025-01-07,,DTU 8 revision 2 adoption,https://www.protezionedellepiante.it/wp-content/uploads/2025/01/dtu-8-revisione-n.2-post-cfn_signed.pdf,5c3b2acc0a3e4034124b0874c0614f2f19b6bbcafa8e99287d3788f59faac937,2025-01-07,TEXT_CHANGED,TEXT_CHANGED,Regional Plant Health Service / official laboratory / national reference laboratory as source allocated,shall,"Treat the laboratory as available for the exact official task where its effective designation and applicable route qualifications are established and no applicable task/class suspension or revocation is active. The laboratory must participate in requested PT/TPS, apply agreed corrective actions after unsatisfactory performance, and give timely reasoned notice of an impediment. On unjustified nonparticipation notified by the NRL, or NRL determination that corrective actions fail to resolve the deficiencies, the SFR, after hearing the CFN, must suspend the affected test and, for Articles 40–42, where appropriate the organism class. Suspension lasts until the deficiencies are resolved or, for unjustified nonparticipation, successful completion of the specific PT.","An effective applicable suspension or revocation, or a proven mandatory route-qualification failure, makes the laboratory unavailable for that official task. Missing qualification/status evidence remains unresolved; a participation breach alone is not an effective suspension.",Regional Plant Health Service for designation/suspension; National Plant Health Committee hearing where required,"Designation route; accredited/non-accredited method and organism class; PT/TPS request, participation, result and corrective action; justified nonparticipation; suspension and restoration acts.","[""EU-2017-625:Art.37(1,3-5):official-laboratory-designation-tuple"",""EU-2017-625:Art.40(1)(b):other-official-activity-derogation"",""EU-2021-1353:Art.3:plant-health-partial-accreditation-derogation"",""EU-2017-625:Art.42:temporary-method-designation"",""IT-DM-169819-2022:Art.11(2):suspend-or-revoke""]",AUTHORITY_JUDGMENT_REQUIRED,YES,"route selection, justified nonparticipation, corrective sufficiency and task/class suspension scope",-,Participation obligations and their corrective/suspension consequences remain distinct from designation status. Article 40 makes regular satisfactory participation a route qualification; one missed event does not mechanically prove failure of that whole condition. A participation breach does not itself extinguish Article 37 designation or invalidate every result. The laboratory never acquires the regional authority to confirm an official finding.
IT-L241-A21BIS:Art.21-bis(1):individual-communication-effect:v1,IT-L241-A21BIS,IT-L241-A21BIS:Art.21-bis(1):individual-communication-effect,2005-03-08,,Law 241/1990 Article 21-bis,https://www.normattiva.it/uri-res/N2Ls?urn:nir:stato:legge:1990-08-07;241~art21bis,3fa93b454a180e457fea0c3fd74c05e9773d01517b35d3dbf9f009e7abdfe157,2026-08-27,INITIAL,INITIAL,Issuing administration,shall,Communicate the measure to the recipient; the measure becomes effective against that recipient through the completed communication.,"Without completed communication or a valid exception, the measure is not effective against that recipient. Missing communication evidence remains UNKNOWN.",Issuing administration,"Exact restrictive measure and recipient; applicable route; communication content, method, delivery and time; recipient-specific effectiveness record.",[],DETERMINISTIC_RULE,NO,-,-,Issuance is not recipient effectiveness. Effectiveness is recipient-specific unless a valid source-defined alternative applies. [PRESERVED_PRE_MIGRATION_DETAIL: scope=PROCEDURAL_SUPPORT]
IT-L241-A21BIS:Art.21-bis(1):mass-publicity-route:v1,IT-L241-A21BIS,IT-L241-A21BIS:Art.21-bis(1):mass-publicity-route,2005-03-08,,Law 241/1990 Article 21-bis,https://www.normattiva.it/uri-res/N2Ls?urn:nir:stato:legge:1990-08-07;241~art21bis,3fa93b454a180e457fea0c3fd74c05e9773d01517b35d3dbf9f009e7abdfe157,2026-08-27,INITIAL,INITIAL,Issuing administration,shall,Establish and complete suitable act-specific publicity in place of personal communication.,"If personal communication is possible and not particularly burdensome, this mass-publicity route is unavailable. Missing recipient-count or burden evidence remains UNKNOWN.",Issuing administration,"Exact act and recipient population; evidence of personal-communication impossibility or particular burden caused by recipient number; administration’s act-specific publicity decision; suitable publication content, channel and completion time.",[],DETERMINISTIC_RULE,YES,ACT_SPECIFIC_MASS_PUBLICITY_SELECTION,-,A general statement that publication has notice value does not prove the act-specific impossibility or particular-burden predicate. [PRESERVED_PRE_MIGRATION_DETAIL: scope=PROCEDURAL_SUPPORT]
IT-L241-A21BIS:Art.21-bis(1):motivated-immediate-effect:v1,IT-L241-A21BIS,IT-L241-A21BIS:Art.21-bis(1):motivated-immediate-effect,2005-03-08,,Law 241/1990 Article 21-bis,https://www.normattiva.it/uri-res/N2Ls?urn:nir:stato:legge:1990-08-07;241~art21bis,3fa93b454a180e457fea0c3fd74c05e9773d01517b35d3dbf9f009e7abdfe157,2026-08-27,INITIAL,INITIAL,Issuing administration,may,Give the measure immediate effect through the reasoned clause without waiting for ordinary recipient communication.,"If the measure is sanctioning or lacks the reasoned clause, this immediate-effect route is unavailable. Missing characterization or reasoning evidence remains UNKNOWN.",Issuing administration,Exact restrictive measure; non-sanctioning legal character; reasoned immediate-effect clause; issuance and effective time.,[],DETERMINISTIC_RULE,YES,REASONED_IMMEDIATE_EFFECT_CLAUSE,-,This route is unavailable to sanctioning measures. Urgency alone does not substitute for the source-defined clause unless the cautionary-and-urgent route applies. [PRESERVED_PRE_MIGRATION_DETAIL: scope=PROCEDURAL_SUPPORT]
IT-L241-A21BIS:Art.21-bis(1):urgent-cautionary-effect:v1,IT-L241-A21BIS,IT-L241-A21BIS:Art.21-bis(1):urgent-cautionary-effect,2005-03-08,,Law 241/1990 Article 21-bis,https://www.normattiva.it/uri-res/N2Ls?urn:nir:stato:legge:1990-08-07;241~art21bis,3fa93b454a180e457fea0c3fd74c05e9773d01517b35d3dbf9f009e7abdfe157,2026-08-27,INITIAL,INITIAL,Issuing administration,-,Make the restrictive measure immediately effective by operation of law.,"If either cautionary or urgent character is absent, this route is unavailable. Missing characterization evidence remains UNKNOWN.",-,Exact restrictive measure; legal and factual evidence of both cautionary and urgent character; issuance and effective time.,[],DETERMINISTIC_RULE,YES,CAUTIONARY_AND_URGENT_CHARACTERIZATION,-,Both predicates are required. A measure does not become immediately effective merely because an administration labels the general situation urgent. [PRESERVED_PRE_MIGRATION_DETAIL: scope=PROCEDURAL_SUPPORT]
IT-L689-1981:Art.13:violation-evidence-collection:v1,IT-L689-1981,IT-L689-1981:Art.13:violation-evidence-collection,1981-12-15,,Law 689/1981 Article 13 where applicable through D.lgs. 19/2021 Article 55(29),https://www.normattiva.it/uri-res/N2Ls?urn:nir:stato:legge:1981-11-24;689~art13,4732ffdb7e3a2ad467211bc29c116a0eb9f3bd58c5e932bb5fba41fe64478000,2026-08-27,INITIAL,INITIAL,Control body competent for the alleged administrative violation,may,"Collect information and conduct source-authorized inspections, recordings and technical operations to establish the alleged violation within competence.","Without competent sanction-control authority and an alleged administrative violation, this evidence-collection route is unavailable. Missing evidence remains UNKNOWN.",-,"Competent control-body identity; alleged violation and legal basis; source-authorized evidence operation; as-run information, inspection, recording or technical-operation evidence and provenance.",[],DETERMINISTIC_RULE,NO,-,-,"Evidence collection supports violation determination. It does not itself establish breach, final liability or sanction amount. [PRESERVED_PRE_MIGRATION_DETAIL: scope=PROCEDURAL_SUPPORT]"
IT-L689-1981:Art.14:immediate-contest:v1,IT-L689-1981,IT-L689-1981:Art.14:immediate-contest,2004-01-01,,Law 689/1981 Article 14 where applicable through D.lgs. 19/2021 Article 55(29),https://www.normattiva.it/uri-res/N2Ls?urn:nir:stato:legge:1981-11-24;689~art14,4732ffdb7e3a2ad467211bc29c116a0eb9f3bd58c5e932bb5fba41fe64478000,2026-08-27,INITIAL,INITIAL,Official or agent who establishes the alleged violation,shall,Immediately contest the alleged violation to the alleged violator and any jointly liable person.,"If immediate contest is not possible, the later-notification route applies. Missing possibility evidence remains UNKNOWN.",-,"Alleged violation and evidence; alleged violator and jointly liable persons; immediate-contest possibility; contest content, delivery and time.",[],DETERMINISTIC_RULE,NO,-,-,Immediate contest begins the sanction procedure. It is not a final violation or sanction decision. [PRESERVED_PRE_MIGRATION_DETAIL: scope=PROCEDURAL_SUPPORT]
IT-L689-1981:Art.14:later-notification:v1,IT-L689-1981,IT-L689-1981:Art.14:later-notification,2004-01-01,,Law 689/1981 Article 14 where applicable through D.lgs. 19/2021 Article 55(29),https://www.normattiva.it/uri-res/N2Ls?urn:nir:stato:legge:1981-11-24;689~art14,4732ffdb7e3a2ad467211bc29c116a0eb9f3bd58c5e932bb5fba41fe64478000,2026-08-27,INITIAL,INITIAL,Administration that established the alleged violation,shall,Notify the particulars of the alleged violation within the source-native resident or foreign-resident deadline.,"Where immediate contest occurred, this later-notification route does not apply to that person.",-,"Alleged violation and ascertainment time; interested-person identity and residence; evidence that immediate contest did not occur; notification content, delivery and time; extinction determination where notification was omitted after the deadline.",[],DETERMINISTIC_RULE,NO,-,-,Timely notification preserves the sanction procedure. It does not establish final liability. Person-specific extinction after omitted timely notification is a separate effect. [PRESERVED_PRE_MIGRATION_DETAIL: scope=PROCEDURAL_SUPPORT]
IT-L689-1981:Art.14:untimely-notification-extinction:v1,IT-L689-1981,IT-L689-1981:Art.14:untimely-notification-extinction,2004-01-01,,Law 689/1981 Article 14 where applicable through D.lgs. 19/2021 Article 55(29),https://www.normattiva.it/uri-res/N2Ls?urn:nir:stato:legge:1981-11-24;689~art14,4732ffdb7e3a2ad467211bc29c116a0eb9f3bd58c5e932bb5fba41fe64478000,2026-08-27,INITIAL,INITIAL,-,-,Extinguish the person-specific obligation to pay the amount due for the alleged violation.,Timely valid notification preserves the payment-obligation route. Missing notification evidence remains UNKNOWN.,-,Interested-person identity; applicable notification deadline and anchor; evidence that required notification was omitted through the deadline; person-specific extinction status.,[],DETERMINISTIC_RULE,NO,-,-,Extinction is person-specific and follows omitted timely notification. It does not erase the underlying historical evidence or another person’s procedure. [PRESERVED_PRE_MIGRATION_DETAIL: scope=PROCEDURAL_SUPPORT]
IT-L689-1981:Art.16:reduced-payment:v1,IT-L689-1981,IT-L689-1981:Art.16:reduced-payment,2018-09-19,,Law 689/1981 Article 16 where applicable through D.lgs. 19/2021 Article 55(29),https://www.normattiva.it/uri-res/N2Ls?urn:nir:stato:legge:1981-11-24;689~art16,4732ffdb7e3a2ad467211bc29c116a0eb9f3bd58c5e932bb5fba41fe64478000,2026-08-27,INITIAL,INITIAL,Alleged violator or jointly liable person,may,Pay the lower source-calculated reduced amount plus procedural costs within sixty days.,"If reduced payment is not completed within the period, the violation-report route proceeds. Missing contest, notification or payment evidence remains UNKNOWN.",-,Applicable fine range; valid contest or notification and time; source-calculated reduced amount and procedural costs; payment record.,[],DETERMINISTIC_RULE,NO,-,-,Reduced payment is a statutory option. It is not a final merits adjudication by the Regional Plant Health Service. [PRESERVED_PRE_MIGRATION_DETAIL: scope=PROCEDURAL_SUPPORT]
IT-L689-1981:Art.17:violation-report:v1,IT-L689-1981,IT-L689-1981:Art.17:violation-report,2010-12-19,,Law 689/1981 Article 17 where applicable through D.lgs. 19/2021 Article 55(29),https://www.normattiva.it/uri-res/N2Ls?urn:nir:stato:legge:1981-11-24;689~art17,4732ffdb7e3a2ad467211bc29c116a0eb9f3bd58c5e932bb5fba41fe64478000,2026-08-27,INITIAL,INITIAL,Official or agent who established the alleged violation,shall,"Submit the violation report, with proof of the completed contest or notification, to the authority the quote names — the ministry's peripheral office competent for the matter or, failing that, the prefect; in plant-health matters the competent adjudicating authority is allocated by D.lgs. 19/2021 Article 55(30).",Completed reduced payment or the Article 24 exception defeats this reporting route. Missing payment or exception evidence remains UNKNOWN.,-,Alleged violation record; proof of contest or notification; reduced-payment status; Article 24 exception analysis; competent regional office; submitted report and receipt.,"[""IT-DLGS-19-2021:Art.55(30):regional-sanction-competence""]",DETERMINISTIC_RULE,NO,-,-,The report transmits an alleged violation for adjudication. It does not establish final liability. [PRESERVED_PRE_MIGRATION_DETAIL: scope=PROCEDURAL_SUPPORT]
IT-L689-1981:Art.18:adjudication-process:v1,IT-L689-1981,IT-L689-1981:Art.18:adjudication-process,1999-08-21,,Law 689/1981 Article 18 where applicable through D.lgs. 19/2021 Article 55(29),https://www.normattiva.it/uri-res/N2Ls?urn:nir:stato:legge:1981-11-24;689~art18,4732ffdb7e3a2ad467211bc29c116a0eb9f3bd58c5e932bb5fba41fe64478000,2026-08-27,INITIAL,INITIAL,Competent regional sanction authority,shall,"After considering defence documents, arguments and any requested hearing, issue a reasoned payment order if the finding is founded or a reasoned archive order otherwise.","Without the completed report, defence opportunity and requested hearing, final adjudication remains unresolved. An unfounded finding requires archive rather than sanction.",Competent regional sanction authority,Violation report; contest or notification time; defence documents and arguments; hearing request and completed hearing where requested; reasoned founded-or-unfounded adjudication; payment or archive order.,[],DETERMINISTIC_RULE,YES,RESERVED_FINAL_SANCTION_OR_ARCHIVE_DECISION,-,"The authority must adjudicate the evidence and defence. A contest, report or failed reduced payment is not a final sanction. [PRESERVED_PRE_MIGRATION_DETAIL: scope=PROCEDURAL_SUPPORT]"
IT-L689-1981:Art.18:defence-and-hearing-request:v1,IT-L689-1981,IT-L689-1981:Art.18:defence-and-hearing-request,1999-08-21,,Law 689/1981 Article 18 where applicable through D.lgs. 19/2021 Article 55(29),https://www.normattiva.it/uri-res/N2Ls?urn:nir:stato:legge:1981-11-24;689~art18,4732ffdb7e3a2ad467211bc29c116a0eb9f3bd58c5e932bb5fba41fe64478000,2026-08-27,INITIAL,INITIAL,Interested person subject to the alleged violation,may,Submit defensive writings and documents and request to be heard by the competent authority within thirty days.,"Without a valid contest or notification, this defence-period route does not start. Failure to exercise the right does not itself prove the alleged violation.",-,Valid contest or notification and time; interested-person identity; defensive writings and documents; hearing request and receipt where exercised.,[],DETERMINISTIC_RULE,NO,-,-,The defence opportunity is a right. It precedes and constrains final adjudication but does not itself decide the case. [PRESERVED_PRE_MIGRATION_DETAIL: scope=PROCEDURAL_SUPPORT]
IT-ORD10-2025:Art.3(1):national-service-exclusive-competence:v1,IT-ORD10-2025,IT-ORD10-2025:Art.3(1):national-service-exclusive-competence,2025-05-27,,Central Plant Health Service Ordinance 10/2025 produces effects from adoption on 27 May 2025,https://www.gazzettaufficiale.it/eli/gu/2025/07/18/165/sg/pdf,62542fe339230681ad3e5465a99bdab8b10c06ed012fcf9f27afdcce0880c49a,2025-07-18,INITIAL,INITIAL,National Plant Health Service,-,Allocate exclusive national-territory competence for official controls and the source-defined plant-protection activities to the National Plant Health Service.,-,National Plant Health Service through its competent component,Exact official control or plant-protection activity; territorially and functionally competent National Plant Health Service component; delegation or support authority where applicable.,[],DETERMINISTIC_RULE,NO,-,-,"Exclusive service competence does not collapse the statutory allocation among central, regional, committee, institute and laboratory actors. [PRESERVED_PRE_MIGRATION_DETAIL: scope=IMPLEMENTATION; semantic=NATIONAL_SERVICE_EXCLUSIVE_OFFICIAL_CONTROL_COMPETENCE]"
IT-ORD10-2025:Art.4(1):exclusive-accredited-official-analysis:v1,IT-ORD10-2025,IT-ORD10-2025:Art.4(1):exclusive-accredited-official-analysis,2025-05-27,,Central Plant Health Service Ordinance 10/2025 produces effects from adoption on 27 May 2025,https://www.gazzettaufficiale.it/eli/gu/2025/07/18/165/sg/pdf,62542fe339230681ad3e5465a99bdab8b10c06ed012fcf9f27afdcce0880c49a,2025-07-18,INITIAL,INITIAL,Regional plant-health service,shall,Ensure that analysis of the plant sample is performed exclusively by an official laboratory accredited by ACCREDIA under EN ISO/IEC 17025 for the exact task and method.,"Without an official-control plant sample, this ordinance-specific exclusivity rule does not activate. Missing official designation, accreditation or scope evidence leaves the analysis route unresolved.",Regional plant-health service,"Official-control plant sample and custody; event-time official-laboratory designation; ACCREDIA EN ISO/IEC 17025 accreditation and exact method/task scope; assignment, receipt and report.","[""EU-2017-625:Art.37(1,3-5):official-laboratory-designation-tuple""]",DETERMINISTIC_RULE,NO,-,-,Accreditation and designation are cumulative and scope-specific. A technically valid result from another laboratory class does not satisfy this official-control route. [PRESERVED_PRE_MIGRATION_DETAIL: scope=IMPLEMENTATION; semantic=EXCLUSIVE_ACCREDITED_OFFICIAL_PLANT_SAMPLE_ANALYSIS]
IT-ORD10-2025:Art.4(2):accredited-capacity:v1,IT-ORD10-2025,IT-ORD10-2025:Art.4(2):accredited-capacity,2025-05-27,,Central Plant Health Service Ordinance 10/2025 produces effects from adoption on 27 May 2025,https://www.gazzettaufficiale.it/eli/gu/2025/07/18/165/sg/pdf,62542fe339230681ad3e5465a99bdab8b10c06ed012fcf9f27afdcce0880c49a,2025-07-18,INITIAL,INITIAL,Regional plant-health service,shall,Maintain accredited official-laboratory capacity for the regional official-control workload.,-,Regional plant-health service,"Regional official-control workload; accredited official-laboratory capacity; exact methods, tasks, availability and operational limits.","[""IT-DLGS-19-2021:Art.14(1):official-laboratory-capacity""]",DETERMINISTIC_RULE,YES,ACCREDITED_OFFICIAL_LABORATORY_CAPACITY,-,Capacity does not itself designate a laboratory or establish that a particular task falls within its scope. [PRESERVED_PRE_MIGRATION_DETAIL: scope=IMPLEMENTATION; semantic=ACCREDITED_OFFICIAL_LABORATORY_CAPACITY]
IT-ORD10-2025:Art.4(2):designation:v1,IT-ORD10-2025,IT-ORD10-2025:Art.4(2):designation,2025-05-27,,Central Plant Health Service Ordinance 10/2025 produces effects from adoption on 27 May 2025,https://www.gazzettaufficiale.it/eli/gu/2025/07/18/165/sg/pdf,62542fe339230681ad3e5465a99bdab8b10c06ed012fcf9f27afdcce0880c49a,2025-07-18,INITIAL,INITIAL,Regional plant-health service,shall,Designate the accredited official laboratory through the complete Article 14 written-designation route.,"Without an accredited laboratory selected for the exact route, this designation duty does not activate. Missing accreditation or scope evidence remains UNKNOWN.",Regional plant-health service,"Selected accredited laboratory and exact task/method scope; complete Article 14 qualification, CFN hearing and written regional designation; SIPP record where required.","[""IT-DLGS-19-2021:Art.14(1):designate-official-laboratory"",""IT-DLGS-19-2021:Art.14(2)""]",DETERMINISTIC_RULE,YES,OFFICIAL_LABORATORY_DESIGNATION,-,Accreditation does not itself create regional official designation. [PRESERVED_PRE_MIGRATION_DETAIL: scope=IMPLEMENTATION; semantic=ACCREDITED_OFFICIAL_LABORATORY_DESIGNATION]
IT-ORD10-2025:Art.5(1):external-designation:v1,IT-ORD10-2025,IT-ORD10-2025:Art.5(1):external-designation,2025-05-27,,Central Plant Health Service Ordinance 10/2025 produces effects from adoption on 27 May 2025,https://www.gazzettaufficiale.it/eli/gu/2025/07/18/165/sg/pdf,62542fe339230681ad3e5465a99bdab8b10c06ed012fcf9f27afdcce0880c49a,2025-07-18,INITIAL,INITIAL,Regional plant-health service,shall,Designate an accredited official laboratory already designated by another Regional Plant Health Service through the receiving service’s exact route.,"Where adequate accredited official capacity exists in the regional territory, this mandatory external-designation route does not activate. Missing local-capacity evidence remains UNKNOWN.",Regional plant-health service,"Required task and method; complete local accredited-capacity check; external laboratory’s current accreditation and home-region official designation; receiving-service qualification, CFN hearing and written designation.",[],DETERMINISTIC_RULE,YES,OUT_OF_REGION_OFFICIAL_LABORATORY_DESIGNATION,-,The absence predicate is task- and method-specific. Home-region designation does not substitute for receiving-service designation. [PRESERVED_PRE_MIGRATION_DETAIL: scope=IMPLEMENTATION; semantic=MANDATORY_EXTERNAL_ACCREDITED_LABORATORY_DESIGNATION]
IT-ORD10-2025:Art.5(1):external-use:v1,IT-ORD10-2025,IT-ORD10-2025:Art.5(1):external-use,2025-05-27,,Central Plant Health Service Ordinance 10/2025 produces effects from adoption on 27 May 2025,https://www.gazzettaufficiale.it/eli/gu/2025/07/18/165/sg/pdf,62542fe339230681ad3e5465a99bdab8b10c06ed012fcf9f27afdcce0880c49a,2025-07-18,INITIAL,INITIAL,Regional plant-health service,shall,Use the externally located accredited official laboratory within its exact receiving-service designation; comply with any separately applicable agreement without treating the optional Article 6 agreement route as a universal condition.,"Without the receiving-service designation, this external-use duty does not activate. Missing designation or task-scope evidence leaves use unresolved.",Regional plant-health service,"Completed receiving-service external designation; external laboratory accreditation, scope and availability; any separately applicable interadministrative agreement; official sample assignment, custody and report.",[],DETERMINISTIC_RULE,NO,-,-,Designation and use are separate effects. An external laboratory cannot be used through this route before receiving-service designation. [PRESERVED_PRE_MIGRATION_DETAIL: scope=IMPLEMENTATION; semantic=MANDATORY_EXTERNAL_ACCREDITED_LABORATORY_USE]
IT-ORD10-2025:Art.6(2):external-laboratory-continuing-compliance:v1,IT-ORD10-2025,IT-ORD10-2025:Art.6(2):external-laboratory-continuing-compliance,2025-05-27,,Central Plant Health Service Ordinance 10/2025 produces effects from adoption on 27 May 2025,https://www.gazzettaufficiale.it/eli/gu/2025/07/18/165/sg/pdf,62542fe339230681ad3e5465a99bdab8b10c06ed012fcf9f27afdcce0880c49a,2025-07-18,INITIAL,INITIAL,External official laboratory designated under Article 5,shall,Comply with all requirements of DM 169819/2022 and National Plant Health Service Technical Document 8 while performing the external official task.,"Without an Article 5 designation this provision does not establish an external-laboratory route. Breach of a continuing duty engages the applicable corrective, qualification or suspension consequence; it does not by itself extinguish designation or invalidate every result.",-,"Article 5 receiving-service designation and use; external laboratory identity, home designation and accreditation; event-time DM 169819 and DTU 8 requirements; task performance and report evidence.","[""IT-ORD10-2025:Art.5(1):external-designation"",""IT-DM-169819-2022:Art.9(1):official-laboratory-minimum-qualification"",""IT-DM-169819-2022:Art.10(3):timely-analysis"",""IT-DM-169819-2022:Art.10(5):issue-test-report"",""IT-DM-169819-2022:Art.11(2):suspend-or-revoke"",""IT-DM-169819-2022:Art.30:official-method-selection"",""IT-DTU8-REV2:official-laboratory-route-and-continuing-status""]",AUTHORITY_JUDGMENT_REQUIRED,YES,event-time external designation and DTU 8 continuing task status,-,"Article 5 designation activates the continuing compliance duty, including when the laboratory is noncompliant. DM 169819 and DTU8 supply the exact reached requirements and consequences; duty compliance is not an additional designation act or an automatic result-validity gate."
IT-ORD10-2025:effect-from-adoption:v1,IT-ORD10-2025,IT-ORD10-2025:effect-from-adoption,2025-05-27,,Ordinance 10/2025 expressly produces effects from its adoption date,https://www.gazzettaufficiale.it/eli/gu/2025/07/18/165/sg/pdf,62542fe339230681ad3e5465a99bdab8b10c06ed012fcf9f27afdcce0880c49a,2025-07-18,INITIAL,INITIAL,-,-,Make Ordinance 10/2025 effective from 27 May 2025 without waiting for later registration or Gazzetta publication.,"Before adoption, the ordinance has no effect.",Director of the Central Plant Health Service,"Adopted ordinance identity and signature date; later Court of Auditors registration and Gazzetta publication as provenance, not effective-start antecedents.",[],DETERMINISTIC_RULE,NO,-,-,Registration occurred 3 July 2025 and publication 18 July 2025. Neither shifts the express 27 May 2025 effective start. [PRESERVED_PRE_MIGRATION_DETAIL: scope=IMPLEMENTATION; semantic=EFFECTIVE_FROM_ADOPTION]
IT-PNI-2026:Xylella:Puglia-plant-survey-design:v1,IT-PNI-2026,IT-PNI-2026:Xylella:Puglia-plant-survey-design,2026-01-01,2027-01-01,"Adopted and published PNI 2026 Xylella RiPEST workbook, Puglia rows 138–146",https://www.protezionedellepiante.it/sorveglianza/,5b044ad3b2801aa4c546c0d76716ed980491de15b49f9a18d1303a9fb216149f,2026,INITIAL,INITIAL,Puglia Regional Plant Health Service,shall,Apply the Puglia 2026 survey-design block by target population and risk stratum within programme year 2026.,A target population outside the design block takes no design from this row; planned values never prove execution or pest absence.,Puglia Regional Plant Health Service,"Adopted 2026 programme status; exact workbook hash and rows; operative pest-free territory; target population and risk stratum; selected as-run sites, samples and tests; execution results and achieved design evidence.","[""IT-PNI-2026:adoption-and-publication-status"",""EU-2020-1201:2(1)"",""EU-2020-1201:2(3)"",""EU-2020-1201:2(4)""]",DETERMINISTIC_RULE__EVIDENCE_OR_POLICY_REQUIRED,YES,regional site selection within the approved design,-,"The workbook fixes approved planned design values; it does not select legal geography, establish a finding, or certify as-run completeness. The source_quote is a tabular transcription of the Puglia rows of xylella-ripest.xlsx (population, stratum, samples, tests, confidence, design prevalence cells), not a verbatim text span; the workbook is the held source (refresh 2026-09-02)."
IT-PNI-2026:adoption-and-publication-status:v1,IT-PNI-2026,IT-PNI-2026:adoption-and-publication-status,2026-01-01,2027-01-01,"Official regional attestation of national adoption after the positive National Plant Health Committee opinion of 13 November 2025, together with the National Plant Health Service 2026 PNI publication surface",https://bandi.regione.piemonte.it/contributi-finanziamenti/servizio-lattuazione-di-programmi-di-indagine-accertare-la-presenza-di,b5f7bb2469cb10841d4019c06b898946ed8fd2e6111e3a2c660196cdea0900d6,2026-08-29,INITIAL,INITIAL,Central Plant Health Service after National Plant Health Committee opinion,-,"The 2026 national survey programme is adopted and published for the programme year: the Art. 27(4) adoption events — committee opinion and portal publication — are held, and its content governs the regional survey design.",Proven non-adoption or non-coverage defeats the programme-specific duty; outside programme year 2026 this programme does not govern.,Central plant-health service,Prepared programme; positive National Plant Health Committee opinion; national adoption attestation; National Plant Health Service publication; exact published workbook hashes; numbered implementing instrument if later obtained.,"[""IT-DLGS-19-2021:Art.27(4):adopt-national-programme"",""IT-DLGS-19-2021:Art.27(4):publish-national-programme""]",DETERMINISTIC_RULE__EVIDENCE_OR_POLICY_REQUIRED,YES,programme coverage of pest and territory,-,"The programme organizes recurring surveys. It does not create legal area status, an official finding, breach or proof that planned work was executed. Adoption events held: CFN opinion 13 November 2025 and portal publication; the numbered Central Service act is the instrument's identity, not a condition of adoption (ruled 2026-09-01). Programme year 2026 is the applicable interval (refresh 2026-09-02)."
PUG-DGR1075-2025:Art7(3)-policy:v1,PUG-DGR1075-2025,PUG-DGR1075-2025:Art7(3)-policy,2025-07-29,,Effective regional plan policy,file:regulation/jurisdiction/regional/DGR-1075-2025-plan.vision-ocr.txt,3df46f0624de15d766514afbb390852152579dfa2fa612f23619e07db13d7622,2025-07-29,TEXT_CHANGED,YES,Regional Plant Health Service,shall not,Do not remove the individually qualifying plant covered by the adopted retention policy; no additional discretionary authorization is required.,"Substantive inapplicability, a proven measure-defeating legal consequence, and a proven defect with genuinely unsettled operativity have distinct outcomes. Missing approval evidence or a procedural concern without that legal consequence does not gate the regional measure.",Regional Plant Health Service,"Individual listed/protected status, official negative result, coverage by this effective retention policy, and the Article 7(3) annual inspection, sampling/testing and vector-treatment evidence.","[""EU-2020-1201:7(3)"",""IT-DLGS-19-2021:Art.33(1):uninfected-protected-plant-removal"",""IT-DLGS-19-2021:Art.31(5):committee-action-plan-approval"",""IT-DLGS-19-2021:Art.31(6):adopt-action-plan"",""PUG-LR4-2017:Art.8(5):protected-uninfected-retention""]",AUTHORITY_JUDGMENT_REQUIRED,YES,"individual qualification and legal consequence of a proven measure-specific defect, not additional retention discretion or routine approval-proof collection",-,The adopted plan exercises the eligible Article 7(3) discretion; unlisted monumental trees still require official recognition. Regional competence and the adopted measure supply operativity. National coordination duties remain in their own owners. Only a demonstrated legal consequence for this measure qualifies its operational result; absence of approval records is not such a consequence or a requirement to prove that no defect exists.
PUG-DGR1075-2025:Convention-3.1:arif-surveillance-communication:v1,PUG-DGR1075-2025,PUG-DGR1075-2025:Convention-3.1:arif-surveillance-communication,2025-07-29,,Effective source read through REL-02/03,file:regulation/jurisdiction/regional/DGR-1075-2025-plan.vision-ocr.txt,3df46f0624de15d766514afbb390852152579dfa2fa612f23619e07db13d7622,2025-07-29,INITIAL,INITIAL,ARIF,shall,Conduct timely continuous surveillance and communicate commencement of monitoring as initiation of the proceeding.,"Before 6 August 2025, or for a task class outside monitoring, prevention, removal and communication support, the DGR-attached schema alone does not establish an effective assignment.",Regional Plant Health Observatory,"Exact assignment, evidence and resulting official record.","[""PUG-LR3-2010:Art.3-bis(1)(a)"",""IT-DLGS-19-2021:Art.11(1)(b)""]",AUTHORITY_JUDGMENT_REQUIRED,YES,event-time task scope within the convention stipulated 6 August 2025 (rep. n. 026851 of 17 September 2025),The held DGR contains the convention schema; exact effective signed-convention evidence controls assignment.,"[REL-02/03] ARIF performs assigned surveillance and commencement communication; this is not later recipient notice or authority transfer. [CONVENTION FACT — DGR 1559/2025 recital, BURP n. 92 of 17-11-2025] The effective signed convention is established: 'la nuova convenzione stipulata tra la Regione Puglia e ARIF il 06/08/2025 e repertoriata con n. 026851 del 17/09/2025, per le attività di supporto all'Osservatorio assegnate ad ARIF con legge regionale 19/2019, quali: misure di monitoraggio, prevenzione, estirpazione e comunicazione finalizzate alla gestione della batteriosi causata da Xylella fastidiosa'. Stipulation 6 August 2025 is the assignment start; the repertory of 17 September 2025 is registration. The recital's indemnity-instruction task is aid and stays outside the aperture; its '2024-2026' plan label against the 2025–2027 plan is copied-forward wording, not a conflict. The convention body itself remains unheld; the recital is competent construction of the stipulation, date and task classes, not of clause-level terms."
PUG-DGR1075-2025:Convention-3.1:osservatorio-survey-control:v1,PUG-DGR1075-2025,PUG-DGR1075-2025:Convention-3.1:osservatorio-survey-control,2025-07-29,,Effective source read through REL-02,file:regulation/jurisdiction/regional/DGR-1075-2025-plan.vision-ocr.txt,3df46f0624de15d766514afbb390852152579dfa2fa612f23619e07db13d7622,2025-07-29,INITIAL,INITIAL,Regional Plant Health Observatory,shall,"Define the annual survey plan/procedure, priorities and official-laboratory route and perform second-level control.","Before 6 August 2025, or for a task class outside monitoring, prevention, removal and communication support, the DGR-attached schema alone does not establish an effective assignment.",Regional Plant Health Observatory,"Exact assignment, evidence and resulting official record.","[""IT-DLGS-19-2021:Art.6(3)(b)"",""IT-DLGS-19-2021:Art.27(3)"",""IT-DLGS-19-2021:Art.14(1):designate-official-laboratory""]",AUTHORITY_JUDGMENT_REQUIRED,YES,event-time task scope within the convention stipulated 6 August 2025 (rep. n. 026851 of 17 September 2025),The held DGR contains the convention schema; exact effective signed-convention evidence controls assignment.,"[REL-02] [CONVENTION FACT — DGR 1559/2025 recital, BURP n. 92 of 17-11-2025] The effective signed convention is established: 'la nuova convenzione stipulata tra la Regione Puglia e ARIF il 06/08/2025 e repertoriata con n. 026851 del 17/09/2025, per le attività di supporto all'Osservatorio assegnate ad ARIF con legge regionale 19/2019, quali: misure di monitoraggio, prevenzione, estirpazione e comunicazione finalizzate alla gestione della batteriosi causata da Xylella fastidiosa'. Stipulation 6 August 2025 is the assignment start; the repertory of 17 September 2025 is registration. The recital's indemnity-instruction task is aid and stays outside the aperture; its '2024-2026' plan label against the 2025–2027 plan is copied-forward wording, not a conflict. The convention body itself remains unheld; the recital is competent construction of the stipulation, date and task classes, not of clause-level terms."
PUG-DGR1075-2025:§4.1.10:survey-design:v1,PUG-DGR1075-2025,PUG-DGR1075-2025:§4.1.10:survey-design,2025-07-29,,"DGR1075 adopted 29 July 2025; the particular design applies only while operative for this campaign and area, without projecting displayed population estimates into a later campaign.",file:regulation/jurisdiction/regional/DGR-1075-2025-plan.vision-ocr.txt,6f907a1ed703fed0da3a3515c3812d80a490c28a3a7672b9e7fa497daa4fc311,2025-07-29,INITIAL,INITIAL,Regione Puglia — Osservatorio Fitosanitario,shall,Apply the source table’s host-specific regional design and planned stratum workload within its operative campaign.,"This design does not apply outside its source-defined campaign, area and population.",Regione Puglia — Osservatorio Fitosanitario,"Operative adopted regional design for the campaign; exact source-defined area, host population and risk strata; applicable Union survey requirements; qualified current population and method; actual observations and performances for any achieved-survey claim.","[""PUG-DGR1075-2025:Convention-3.1:osservatorio-survey-control"",""PUG-DGR1075-2025:§4.1.1:survey-method""]",DETERMINISTIC_RULE__EVIDENCE_OR_POLICY_REQUIRED,YES,operative campaign population and site selection,-,"Table clauses are an identified tabular transcription, not a verbatim prose quotation. Planned regional design does not replace the independent Union requirement, determine geography, or establish performed-survey support. Displayed population estimates and table totals do not define future populations or prove achieved assurance."
PUG-DGR1075-2025:§4.1.1:survey-method:v1,PUG-DGR1075-2025,PUG-DGR1075-2025:§4.1.1:survey-method,2025-07-29,,"DGR1075 adopted 29 July 2025; the particular design applies only while operative for this campaign and area, without projecting displayed population estimates into a later campaign.",file:regulation/jurisdiction/regional/DGR-1075-2025-plan.vision-ocr.txt,6f907a1ed703fed0da3a3515c3812d80a490c28a3a7672b9e7fa497daa4fc311,2025-07-29,INITIAL,INITIAL,Regione Puglia — Osservatorio Fitosanitario,shall,Use the operative one-step regional survey design with its source-defined risk strata and allocation qualifications; retain separate immediate post-finding surveillance and all applicable Union requirements.,"This design does not apply outside its source-defined campaign, area and population.",Regione Puglia — Osservatorio Fitosanitario,"Operative adopted regional design for the campaign; exact source-defined area, host population and risk strata; applicable Union survey requirements; qualified current population and method; actual observations and performances for any achieved-survey claim.","[""PUG-DGR1075-2025:Convention-3.1:osservatorio-survey-control""]",DETERMINISTIC_RULE__EVIDENCE_OR_POLICY_REQUIRED,YES,operative campaign population and site selection,-,"Table clauses are an identified tabular transcription, not a verbatim prose quotation. Planned regional design does not replace the independent Union requirement, determine geography, or establish performed-survey support. Displayed population estimates and table totals do not define future populations or prove achieved assurance."
PUG-DGR1075-2025:§4.1.2:survey-design:v1,PUG-DGR1075-2025,PUG-DGR1075-2025:§4.1.2:survey-design,2025-07-29,,"DGR1075 adopted 29 July 2025; the particular design applies only while operative for this campaign and area, without projecting displayed population estimates into a later campaign.",file:regulation/jurisdiction/regional/DGR-1075-2025-plan.vision-ocr.txt,6f907a1ed703fed0da3a3515c3812d80a490c28a3a7672b9e7fa497daa4fc311,2025-07-29,INITIAL,INITIAL,Regione Puglia — Osservatorio Fitosanitario,shall,Apply the source table’s host-specific regional design and planned stratum workload within its operative campaign.,"This design does not apply outside its source-defined campaign, area and population.",Regione Puglia — Osservatorio Fitosanitario,"Operative adopted regional design for the campaign; exact source-defined area, host population and risk strata; applicable Union survey requirements; qualified current population and method; actual observations and performances for any achieved-survey claim.","[""PUG-DGR1075-2025:Convention-3.1:osservatorio-survey-control"",""PUG-DGR1075-2025:§4.1.1:survey-method""]",DETERMINISTIC_RULE__EVIDENCE_OR_POLICY_REQUIRED,YES,operative campaign population and site selection,-,"Table clauses are an identified tabular transcription, not a verbatim prose quotation. Planned regional design does not replace the independent Union requirement, determine geography, or establish performed-survey support. Displayed population estimates and table totals do not define future populations or prove achieved assurance."
PUG-DGR1075-2025:§4.1.3:survey-design:v1,PUG-DGR1075-2025,PUG-DGR1075-2025:§4.1.3:survey-design,2025-07-29,,"DGR1075 adopted 29 July 2025; the particular design applies only while operative for this campaign and area, without projecting displayed population estimates into a later campaign.",file:regulation/jurisdiction/regional/DGR-1075-2025-plan.vision-ocr.txt,6f907a1ed703fed0da3a3515c3812d80a490c28a3a7672b9e7fa497daa4fc311,2025-07-29,INITIAL,INITIAL,Regione Puglia — Osservatorio Fitosanitario,shall,Apply the source table’s host-specific regional design and planned stratum workload within its operative campaign.,"This design does not apply outside its source-defined campaign, area and population.",Regione Puglia — Osservatorio Fitosanitario,"Operative adopted regional design for the campaign; exact source-defined area, host population and risk strata; applicable Union survey requirements; qualified current population and method; actual observations and performances for any achieved-survey claim.","[""PUG-DGR1075-2025:Convention-3.1:osservatorio-survey-control"",""PUG-DGR1075-2025:§4.1.1:survey-method""]",DETERMINISTIC_RULE__EVIDENCE_OR_POLICY_REQUIRED,YES,operative campaign population and site selection,-,"Table clauses are an identified tabular transcription, not a verbatim prose quotation. Planned regional design does not replace the independent Union requirement, determine geography, or establish performed-survey support. Displayed population estimates and table totals do not define future populations or prove achieved assurance."
PUG-DGR1075-2025:§4.1.4:survey-design:v1,PUG-DGR1075-2025,PUG-DGR1075-2025:§4.1.4:survey-design,2025-07-29,,"DGR1075 adopted 29 July 2025; the particular design applies only while operative for this campaign and area, without projecting displayed population estimates into a later campaign.",file:regulation/jurisdiction/regional/DGR-1075-2025-plan.vision-ocr.txt,6f907a1ed703fed0da3a3515c3812d80a490c28a3a7672b9e7fa497daa4fc311,2025-07-29,INITIAL,INITIAL,Regione Puglia — Osservatorio Fitosanitario,shall,Apply the source table’s host-specific regional design and planned stratum workload within its operative campaign.,"This design does not apply outside its source-defined campaign, area and population.",Regione Puglia — Osservatorio Fitosanitario,"Operative adopted regional design for the campaign; exact source-defined area, host population and risk strata; applicable Union survey requirements; qualified current population and method; actual observations and performances for any achieved-survey claim.","[""PUG-DGR1075-2025:Convention-3.1:osservatorio-survey-control"",""PUG-DGR1075-2025:§4.1.1:survey-method""]",DETERMINISTIC_RULE__EVIDENCE_OR_POLICY_REQUIRED,YES,operative campaign population and site selection,-,"Table clauses are an identified tabular transcription, not a verbatim prose quotation. Planned regional design does not replace the independent Union requirement, determine geography, or establish performed-survey support. Displayed population estimates and table totals do not define future populations or prove achieved assurance."
PUG-DGR1075-2025:§4.1.5:survey-design:v1,PUG-DGR1075-2025,PUG-DGR1075-2025:§4.1.5:survey-design,2025-07-29,,"DGR1075 adopted 29 July 2025; the particular design applies only while operative for this campaign and area, without projecting displayed population estimates into a later campaign.",file:regulation/jurisdiction/regional/DGR-1075-2025-plan.vision-ocr.txt,6f907a1ed703fed0da3a3515c3812d80a490c28a3a7672b9e7fa497daa4fc311,2025-07-29,INITIAL,INITIAL,Regione Puglia — Osservatorio Fitosanitario,shall,Apply the source table’s host-specific regional design and planned stratum workload within its operative campaign.,"This design does not apply outside its source-defined campaign, area and population.",Regione Puglia — Osservatorio Fitosanitario,"Operative adopted regional design for the campaign; exact source-defined area, host population and risk strata; applicable Union survey requirements; qualified current population and method; actual observations and performances for any achieved-survey claim.","[""PUG-DGR1075-2025:Convention-3.1:osservatorio-survey-control"",""PUG-DGR1075-2025:§4.1.1:survey-method""]",DETERMINISTIC_RULE__EVIDENCE_OR_POLICY_REQUIRED,YES,operative campaign population and site selection,-,"Table clauses are an identified tabular transcription, not a verbatim prose quotation. Planned regional design does not replace the independent Union requirement, determine geography, or establish performed-survey support. Displayed population estimates and table totals do not define future populations or prove achieved assurance."
PUG-DGR1075-2025:§4.1.6:survey-design:v1,PUG-DGR1075-2025,PUG-DGR1075-2025:§4.1.6:survey-design,2025-07-29,,"DGR1075 adopted 29 July 2025; the particular design applies only while operative for this campaign and area, without projecting displayed population estimates into a later campaign.",file:regulation/jurisdiction/regional/DGR-1075-2025-plan.vision-ocr.txt,6f907a1ed703fed0da3a3515c3812d80a490c28a3a7672b9e7fa497daa4fc311,2025-07-29,INITIAL,INITIAL,Regione Puglia — Osservatorio Fitosanitario,shall,Apply the source table’s host-specific regional design and planned stratum workload within its operative campaign.,"This design does not apply outside its source-defined campaign, area and population.",Regione Puglia — Osservatorio Fitosanitario,"Operative adopted regional design for the campaign; exact source-defined area, host population and risk strata; applicable Union survey requirements; qualified current population and method; actual observations and performances for any achieved-survey claim.","[""PUG-DGR1075-2025:Convention-3.1:osservatorio-survey-control"",""PUG-DGR1075-2025:§4.1.1:survey-method""]",DETERMINISTIC_RULE__EVIDENCE_OR_POLICY_REQUIRED,YES,operative campaign population and site selection,-,"Table clauses are an identified tabular transcription, not a verbatim prose quotation. Planned regional design does not replace the independent Union requirement, determine geography, or establish performed-survey support. Displayed population estimates and table totals do not define future populations or prove achieved assurance."
PUG-DGR1075-2025:§4.1.7:survey-design:v1,PUG-DGR1075-2025,PUG-DGR1075-2025:§4.1.7:survey-design,2025-07-29,,"DGR1075 adopted 29 July 2025; the particular design applies only while operative for this campaign and area, without projecting displayed population estimates into a later campaign.",file:regulation/jurisdiction/regional/DGR-1075-2025-plan.vision-ocr.txt,6f907a1ed703fed0da3a3515c3812d80a490c28a3a7672b9e7fa497daa4fc311,2025-07-29,INITIAL,INITIAL,Regione Puglia — Osservatorio Fitosanitario,shall,Apply the source table’s host-specific regional design and planned stratum workload within its operative campaign.,"This design does not apply outside its source-defined campaign, area and population.",Regione Puglia — Osservatorio Fitosanitario,"Operative adopted regional design for the campaign; exact source-defined area, host population and risk strata; applicable Union survey requirements; qualified current population and method; actual observations and performances for any achieved-survey claim.","[""PUG-DGR1075-2025:Convention-3.1:osservatorio-survey-control"",""PUG-DGR1075-2025:§4.1.1:survey-method""]",DETERMINISTIC_RULE__EVIDENCE_OR_POLICY_REQUIRED,YES,operative campaign population and site selection,-,"Table clauses are an identified tabular transcription, not a verbatim prose quotation. Planned regional design does not replace the independent Union requirement, determine geography, or establish performed-survey support. Displayed population estimates and table totals do not define future populations or prove achieved assurance."
PUG-DGR1075-2025:§4.1.8:survey-design:v1,PUG-DGR1075-2025,PUG-DGR1075-2025:§4.1.8:survey-design,2025-07-29,,"DGR1075 adopted 29 July 2025; the particular design applies only while operative for this campaign and area, without projecting displayed population estimates into a later campaign.",file:regulation/jurisdiction/regional/DGR-1075-2025-plan.vision-ocr.txt,6f907a1ed703fed0da3a3515c3812d80a490c28a3a7672b9e7fa497daa4fc311,2025-07-29,INITIAL,INITIAL,Regione Puglia — Osservatorio Fitosanitario,shall,Apply the source table’s host-specific regional design and planned stratum workload within its operative campaign.,"This design does not apply outside its source-defined campaign, area and population.",Regione Puglia — Osservatorio Fitosanitario,"Operative adopted regional design for the campaign; exact source-defined area, host population and risk strata; applicable Union survey requirements; qualified current population and method; actual observations and performances for any achieved-survey claim.","[""PUG-DGR1075-2025:Convention-3.1:osservatorio-survey-control"",""PUG-DGR1075-2025:§4.1.1:survey-method""]",DETERMINISTIC_RULE__EVIDENCE_OR_POLICY_REQUIRED,YES,operative campaign population and site selection,-,"Table clauses are an identified tabular transcription, not a verbatim prose quotation. Planned regional design does not replace the independent Union requirement, determine geography, or establish performed-survey support. Displayed population estimates and table totals do not define future populations or prove achieved assurance."
PUG-DGR1075-2025:§4.1.9:survey-design:v1,PUG-DGR1075-2025,PUG-DGR1075-2025:§4.1.9:survey-design,2025-07-29,,"DGR1075 adopted 29 July 2025; the particular design applies only while operative for this campaign and area, without projecting displayed population estimates into a later campaign.",file:regulation/jurisdiction/regional/DGR-1075-2025-plan.vision-ocr.txt,6f907a1ed703fed0da3a3515c3812d80a490c28a3a7672b9e7fa497daa4fc311,2025-07-29,INITIAL,INITIAL,Regione Puglia — Osservatorio Fitosanitario,shall,Apply the source table’s host-specific regional design and planned stratum workload within its operative campaign.,"This design does not apply outside its source-defined campaign, area and population.",Regione Puglia — Osservatorio Fitosanitario,"Operative adopted regional design for the campaign; exact source-defined area, host population and risk strata; applicable Union survey requirements; qualified current population and method; actual observations and performances for any achieved-survey claim.","[""PUG-DGR1075-2025:Convention-3.1:osservatorio-survey-control"",""PUG-DGR1075-2025:§4.1.1:survey-method""]",DETERMINISTIC_RULE__EVIDENCE_OR_POLICY_REQUIRED,YES,operative campaign population and site selection,-,"Table clauses are an identified tabular transcription, not a verbatim prose quotation. Planned regional design does not replace the independent Union requirement, determine geography, or establish performed-survey support. Displayed population estimates and table totals do not define future populations or prove achieved assurance."
PUG-DGR1075-2025:§4.2.1:pest-free-extent-investigation:v1,PUG-DGR1075-2025,PUG-DGR1075-2025:§4.2.1:pest-free-extent-investigation,2025-07-29,,Adopted 2025–2027 regional plan,file:regulation/jurisdiction/regional/DGR-1075-2025-plan.vision-ocr.txt,3df46f0624de15d766514afbb390852152579dfa2fa612f23619e07db13d7622,2025-07-29,INITIAL,INITIAL,Regional Plant Health Service; ARIF executes the assigned surveillance,shall,"After the initial 400 m surveillance for a pest-free finding, surveil all hectares containing species specified for the detected subspecies from the buffer boundary toward the infected zone. Repeat the investigation when additional positives are found until the demarcated-area extent is established. Once boundaries are established, set risk levels and use statistical sampling in the subsequent monitoring campaign.","This follow-on sequence is not prescribed here for a finding originating in the buffer or containment zone, and cannot start as this phase before initial-band surveillance is completed.",Regional Plant Health Service,"Individual positive plant identity, event-time finding location and subspecies, applicable population and geographical coverage, sampling and test records; shared qualifying performance may satisfy concurrent requirements.","[""PUG-DGR1075-2025:§4.2.1:post-finding-hectare-surveillance"",""PUG-LR4-2017:Art.3(2)""]",DETERMINISTIC_RULE__EVIDENCE_OR_POLICY_REQUIRED,NO,-,-,"The source orders investigation phases; it does not suspend immediate demarcation/removal. Recursive repetition follows new positive findings, not a new fixed cadence. Subsequent campaign sampling is a method transition, not another concurrent annual field programme."
PUG-DGR1075-2025:§4.2.1:post-finding-hectare-surveillance:v1,PUG-DGR1075-2025,PUG-DGR1075-2025:§4.2.1:post-finding-hectare-surveillance,2025-07-29,,Adopted 2025–2027 regional plan,file:regulation/jurisdiction/regional/DGR-1075-2025-plan.vision-ocr.txt,3df46f0624de15d766514afbb390852152579dfa2fa612f23619e07db13d7622,2025-07-29,INITIAL,INITIAL,Regional Plant Health Service; ARIF executes the assigned surveillance,shall,"Surveil every hectare containing species specified for the detected subspecies in the 400 m-wide band around the infected area. This supplies the plan coverage for the manual post-finding sampling, not an additional independent operation.",An annual statistical sample that leaves a qualifying hectare uncovered does not satisfy this post-finding coverage.,Regional Plant Health Service,"Individual positive plant identity, event-time finding location and subspecies, applicable population and geographical coverage, sampling and test records; shared qualifying performance may satisfy concurrent requirements.","[""REG-PUGLIA-U181-DIR-2025-00045:post-finding-pest-free-buffer-sampling"",""EU-2020-1201:10""]",DETERMINISTIC_RULE__EVIDENCE_OR_POLICY_REQUIRED,NO,-,-,All-hectare coverage is distinct from an all-plant census. Regional and Union requirements may share qualifying performance. This duty does not postpone directly applicable demarcation or removal.
PUG-DGR1075-2025:§4.2.2:st53-post-finding-sampling:v1,PUG-DGR1075-2025,PUG-DGR1075-2025:§4.2.2:st53-post-finding-sampling,2025-07-29,,Adopted 2025–2027 regional plan,file:regulation/jurisdiction/regional/DGR-1075-2025-plan.vision-ocr.txt,3df46f0624de15d766514afbb390852152579dfa2fa612f23619e07db13d7622,2025-07-29,INITIAL,INITIAL,Regional Plant Health Service; ARIF executes the assigned surveillance,shall,"For ST53 containment findings, sample and analyse all pauca-specified species within 50 m, except citrus, peach, apricot and plum under this regional extension. Preserve every plant independently required to be sampled by effective Article 15(1); the plan cannot displace that Union population.",This plan qualification does not apply outside its operative interval or ST53 containment scope.,Regional Plant Health Service,"Individual positive plant identity, event-time finding location and subspecies, applicable population and geographical coverage, sampling and test records; shared qualifying performance may satisfy concurrent requirements.","[""EU-2020-1201:15(1)"",""PUG-LR4-2017:Art.6(1)""]",DETERMINISTIC_RULE__EVIDENCE_OR_POLICY_REQUIRED,NO,-,-,"The local ST53 qualification concerns this plan sampling population, not eradication removal. It does not repeal the manual outer sampling band or create a second field operation."
PUG-DGR1075-2025:§4.3.2:almond-pre-removal-vector-treatment:v1,PUG-DGR1075-2025,PUG-DGR1075-2025:§4.3.2:almond-pre-removal-vector-treatment,2025-07-29,,Effective regional operating rule,file:regulation/jurisdiction/regional/DGR-1075-2025-plan.vision-ocr.txt,3df46f0624de15d766514afbb390852152579dfa2fa612f23619e07db13d7622,2025-07-29,INITIAL,INITIAL,ARIF under Regional Plant Health Service authority,shall,"Before almond removal, apply chemical vector treatment in the affected area when the source treatment exception does not apply or adult vectors remain present.","Where the source treatment exception applies and adult vectors are absent, DGR 1075 does not require its chemical pre-treatment; effective Union Article 8 duties remain independently controlling.",Regional Plant Health Service,"Applicable almond-removal result, source treatment-exception state, adult-vector monitoring result and pre-removal treatment record.","[""PUG-DGR1075-2025:§4.3.2:mandatory-almond-400m"",""EU-2020-1201:8(1)""]",AUTHORITY_JUDGMENT_REQUIRED,YES,source treatment-exception applicability and adult-vector presence,The regional source exception displaces only its chemical pre-treatment requirement; it does not erase independently applicable Union Article 8 duties.,The source exception interval is retained only in the authenticated source text for Stage B derivation. Stage A preserves the exception/adult-vector legal branches without extracting a clock. This regional pre-treatment requirement is resolved separately from almond removal and does not displace effective Union Article 8 duties.
PUG-DGR1075-2025:§4.3.2:mandatory-almond-400m:v1,PUG-DGR1075-2025,PUG-DGR1075-2025:§4.3.2:mandatory-almond-400m,2025-07-29,,Effective regional operating rule,file:regulation/jurisdiction/regional/DGR-1075-2025-plan.vision-ocr.txt,3df46f0624de15d766514afbb390852152579dfa2fa612f23619e07db13d7622,2025-07-29,INITIAL,INITIAL,ARIF,shall,ARIF directly executes mandatory removal as a separate Article 11 eradication-support measure; owner default is not an antecedent.,"Substantive inapplicability, a proven measure-defeating legal consequence, and a proven defect with genuinely unsettled operativity have distinct outcomes. Missing approval evidence or a procedural concern without that legal consequence does not gate the regional measure.",Regional Plant Health Service,Exact source facts and branch-specific authority/evidence.,"[""EU-2020-1201:11(1)"",""IT-DLGS-19-2021:Art.6(3)(o)"",""IT-DLGS-19-2021:Art.31(5):committee-action-plan-approval"",""IT-DLGS-19-2021:Art.31(6):adopt-action-plan"",""PUG-LR4-2017:Art.3(2)""]",AUTHORITY_JUDGMENT_REQUIRED,YES,"case-specific discretion where applicable; legal consequence of a proven measure-specific defect, not routine approval-proof collection",-,"The exact adopted almond qualification, geographical population and effective Osservatorio prescription remain controlling. Regional competence and the adopted measure supply operativity. National coordination duties remain in their own owners. Only a demonstrated legal consequence for this measure qualifies its operational result; absence of approval records is not such a consequence or a requirement to prove that no defect exists."
PUG-DGR1075-2025:§4.4:periodic-finding-notification-update:v1,PUG-DGR1075-2025,PUG-DGR1075-2025:§4.4:periodic-finding-notification-update,2025-07-29,,Adopted 2025–2027 regional plan,file:regulation/jurisdiction/regional/DGR-1075-2025-plan.vision-ocr.txt,3df46f0624de15d766514afbb390852152579dfa2fa612f23619e07db13d7622,2025-07-29,INITIAL,INITIAL,Regional Plant Health Service (Osservatorio),shall,Periodically update the existing European electronic notifications of official Xylella-infected plant findings originating in pest-free areas or buffer zones.,This continuing update duty is not activated without an existing electronic notification for an official infected-plant finding originating in a pest-free area or buffer zone.,Regional Plant Health Service,"Existing electronic notification, official infected-plant finding and event-time area classification, and updates to that notification.","[""IT-DLGS-19-2021:Art.29(1)""]",DETERMINISTIC_RULE__EVIDENCE_OR_POLICY_REQUIRED,NO,-,-,"This is the continuing update of the same official finding notification, not another initial entry or general reporting programme. The source leaves periodicity open. Timely initial notification is not an additional activation condition, and update completion is not a removal-validity gate. Shared performance counts only if it updates the required notification."
PUG-DGR1075-2025:§4.5:owner-election-execution:v1,PUG-DGR1075-2025,PUG-DGR1075-2025:§4.5:owner-election-execution,2025-07-29,,Effective regional operating rule,file:regulation/jurisdiction/regional/DGR-1075-2025-plan.vision-ocr.txt,3df46f0624de15d766514afbb390852152579dfa2fa612f23619e07db13d7622,2025-07-29,INITIAL,INITIAL,Owner/holder and ARIF,may,"Record the owner’s executor election; the selected owner or ARIF route then carries its source-defined ten-day execution window. SPID is an interface, not notice.","Substantive inapplicability, a proven measure-defeating legal consequence, and a proven defect with genuinely unsettled operativity have distinct outcomes. Missing approval evidence or a procedural concern without that legal consequence does not gate the regional measure.",Regional Plant Health Service,Exact source facts and branch-specific authority/evidence.,"[""IT-DLGS-19-2021:Art.32(3):primary-implementation"",""IT-L241-A21BIS:Art.21-bis(1):individual-communication-effect"",""IT-L241-A21BIS:Art.21-bis(1):mass-publicity-route"",""IT-L241-A21BIS:Art.21-bis(1):motivated-immediate-effect"",""IT-L241-A21BIS:Art.21-bis(1):urgent-cautionary-effect"",""IT-DLGS-19-2021:Art.31(5):committee-action-plan-approval"",""IT-DLGS-19-2021:Art.31(6):adopt-action-plan""]",AUTHORITY_JUDGMENT_REQUIRED,YES,only a proven measure-specific legal consequence or genuinely unsettled operativity,-,"Election, executor and completion windows remain distinct; SPID is not recipient notice. Recipient effectiveness may be established by any applicable Article 21-bis route. A valid election during publication does not await a second notice route; independently required publication and access safeguards remain with their own owners. Evidence preparation neither creates the measure nor proves service. Regional competence and the adopted measure supply operativity. National coordination duties remain in their own owners. Only a demonstrated legal consequence for this measure qualifies its operational result; absence of approval records is not such a consequence or a requirement to prove that no defect exists."
PUG-DGR1075-2025:§4.5:owner-evidence:v1,PUG-DGR1075-2025,PUG-DGR1075-2025:§4.5:owner-evidence,2025-07-29,,Effective regional operating rule,file:regulation/jurisdiction/regional/DGR-1075-2025-plan.vision-ocr.txt,3df46f0624de15d766514afbb390852152579dfa2fa612f23619e07db13d7622,2025-07-29,INITIAL,INITIAL,InnovaPuglia,shall,Transmit the source owner/cadastral/orthophoto tuple to the Osservatorio within seven working days for prescription preparation.,"Substantive inapplicability, a proven measure-defeating legal consequence, and a proven defect with genuinely unsettled operativity have distinct outcomes. Missing approval evidence or a procedural concern without that legal consequence does not gate the regional measure.",Regional Plant Health Service,Exact source facts and branch-specific authority/evidence.,"[""EU-2020-1201:3(2)(b)"",""IT-DLGS-19-2021:Art.31(5):committee-action-plan-approval"",""IT-DLGS-19-2021:Art.31(6):adopt-action-plan""]",AUTHORITY_JUDGMENT_REQUIRED,YES,"case-specific discretion where applicable; legal consequence of a proven measure-specific defect, not routine approval-proof collection",-,Evidence preparation neither creates the measure nor proves service. Regional competence and the adopted measure supply operativity. National coordination duties remain in their own owners. Only a demonstrated legal consequence for this measure qualifies its operational result; absence of approval records is not such a consequence or a requirement to prove that no defect exists.
PUG-DGR1075-2025:§4.5:prescription:v1,PUG-DGR1075-2025,PUG-DGR1075-2025:§4.5:prescription,2025-07-29,,Effective regional operating rule,file:regulation/jurisdiction/regional/DGR-1075-2025-plan.vision-ocr.txt,3df46f0624de15d766514afbb390852152579dfa2fa612f23619e07db13d7622,2025-07-29,INITIAL,INITIAL,Regional Plant Health Service,shall,Issue the competent substantive eradication or containment prescription for the exact work object; recipient relation and effect are determined separately.,"No duty, notice, default, or execution route is established from preparatory data alone.",Regional Plant Health Service,Exact source facts and branch-specific authority/evidence.,"[""IT-DLGS-19-2021:Art.6(3)(o)"",""IT-DLGS-19-2021:Art.32(3):primary-implementation""]",AUTHORITY_JUDGMENT_REQUIRED,YES,regional authority judgment,-,"[REL-03/07/13] Prescription substance/object, recipient identity, recipient effect, election and execution are separate."
PUG-DGR1075-2025:§4.5:recipient-notice-route:v1,PUG-DGR1075-2025,PUG-DGR1075-2025:§4.5:recipient-notice-route,2025-07-29,,Effective regional operating rule,file:regulation/jurisdiction/regional/DGR-1075-2025-plan.vision-ocr.txt,3df46f0624de15d766514afbb390852152579dfa2fa612f23619e07db13d7622,2025-07-29,INITIAL,INITIAL,Regional Plant Health Service and municipality,shall,Use personal communication where possible; use mass publicity only when its act-specific predicates are proven. Municipal attempts and publication records are evidence of the selected route.,"Seven-day publication or portal display alone does not establish recipient notice, silence, refusal, breach, or cost liability.",Regional Plant Health Service,Exact source facts and branch-specific authority/evidence.,"[""IT-L241-A21BIS:Art.21-bis(1):individual-communication-effect"",""IT-L241-A21BIS:Art.21-bis(1):mass-publicity-route"",""PUG-DPGR22-2021:Art.20(3):publication-not-notice""]",AUTHORITY_JUDGMENT_REQUIRED,YES,regional authority judgment,-,[REL-03/11/17] The plan’s publication claim remains subordinate to recipient-specific Law 241 effectiveness.
PUG-DGR1075-2025:§4.5:refusal-route:v1,PUG-DGR1075-2025,PUG-DGR1075-2025:§4.5:refusal-route,2025-07-29,,Effective regional operating rule,file:regulation/jurisdiction/regional/DGR-1075-2025-plan.vision-ocr.txt,3df46f0624de15d766514afbb390852152579dfa2fa612f23619e07db13d7622,2025-07-29,INITIAL,INITIAL,ARIF and Regional Plant Health Service,shall,"ARIF may perform forced work under the competent route; the Osservatorio owns violation contest, and cost recovery and final sanction require their separate legal prerequisites.","No refusal, forced-work, cost-recovery, violation, or final-sanction conclusion follows from silence or missing evidence.",Regional Plant Health Service,Exact source facts and branch-specific authority/evidence.,"[""IT-DLGS-19-2021:Art.32(3):substitute-execution"",""IT-DLGS-19-2021:Art.55(13):coercive-removal""]",AUTHORITY_JUDGMENT_REQUIRED,YES,regional authority judgment,-,"[REL-11/17] Refusal, execution, cost recovery, contest and final sanction are distinct."
PUG-DGR1075-2025:§4.5:silence-route:v1,PUG-DGR1075-2025,PUG-DGR1075-2025:§4.5:silence-route,2025-07-29,,Effective regional operating rule,file:regulation/jurisdiction/regional/DGR-1075-2025-plan.vision-ocr.txt,3df46f0624de15d766514afbb390852152579dfa2fa612f23619e07db13d7622,2025-07-29,INITIAL,INITIAL,ARIF,shall,Route the prescribed work to ARIF direct execution within the source window without reclassifying it as proven refusal or sanctionable breach.,"Substantive inapplicability, a proven measure-defeating legal consequence, and a proven defect with genuinely unsettled operativity have distinct outcomes. Missing approval evidence or a procedural concern without that legal consequence does not gate the regional measure.",Regional Plant Health Service,Exact source facts and branch-specific authority/evidence.,"[""IT-DLGS-19-2021:Art.32(3):primary-implementation"",""IT-L241-A21BIS:Art.21-bis(1):mass-publicity-route"",""IT-DLGS-19-2021:Art.31(5):committee-action-plan-approval"",""IT-DLGS-19-2021:Art.31(6):adopt-action-plan""]",AUTHORITY_JUDGMENT_REQUIRED,YES,only a proven measure-specific legal consequence or genuinely unsettled operativity,-,"Evidenced absence of communication after the completed valid election window activates this route; a timely election excludes it. Missing response evidence does not prove silence, refusal or breach. Late communication after activation remains case-specific. Evidence preparation neither creates the measure nor proves service. Regional competence and the adopted measure supply operativity. National coordination duties remain in their own owners. Only a demonstrated legal consequence for this measure qualifies its operational result; absence of approval records is not such a consequence or a requirement to prove that no defect exists."
PUG-DGR1593-2024:Art7(3)-policy:v1,PUG-DGR1593-2024,PUG-DGR1593-2024:Art7(3)-policy,2024-11-25,2025-07-29,Effective regional plan policy,file:regulation/jurisdiction/regional/DGR-1593-2024-pages35-37.tesseract.txt,53ebf9093f41011f4765ea5aba6e672f0902982e8a7bb0de6460e5c6560dd6a3,2024-11-25,TEXT_CHANGED,YES,Regional Plant Health Service,shall not,Do not remove the individually qualifying plant covered by the adopted retention policy; no additional discretionary authorization is required.,"Substantive inapplicability, a proven measure-defeating legal consequence, and a proven defect with genuinely unsettled operativity have distinct outcomes. Missing approval evidence or a procedural concern without that legal consequence does not gate the regional measure.",Regional Plant Health Service,"Individual listed/protected status, official negative result, coverage by this effective retention policy, and the Article 7(3) annual inspection, sampling/testing and vector-treatment evidence.","[""EU-2020-1201:7(3)"",""IT-DLGS-19-2021:Art.33(1):uninfected-protected-plant-removal"",""IT-DLGS-19-2021:Art.31(5):committee-action-plan-approval"",""IT-DLGS-19-2021:Art.31(6):adopt-action-plan"",""PUG-LR4-2017:Art.8(5):protected-uninfected-retention""]",AUTHORITY_JUDGMENT_REQUIRED,YES,"individual qualification and legal consequence of a proven measure-specific defect, not additional retention discretion or routine approval-proof collection",-,The adopted plan exercises the eligible Article 7(3) discretion; unlisted monumental trees still require official recognition. Regional competence and the adopted measure supply operativity. National coordination duties remain in their own owners. Only a demonstrated legal consequence for this measure qualifies its operational result; absence of approval records is not such a consequence or a requirement to prove that no defect exists.
PUG-DGR1593-2024:notice-elected-execution:v1,PUG-DGR1593-2024,PUG-DGR1593-2024:notice-elected-execution,2024-11-25,2025-07-29,Effective historical regional plan procedure,file:regulation/jurisdiction/regional/DGR-1593-2024-pages35-37.tesseract.txt,53ebf9093f41011f4765ea5aba6e672f0902982e8a7bb0de6460e5c6560dd6a3,2024-11-25,INITIAL,INITIAL,Owner/holder or ARIF,shall,The elected executor removes the plants within the source-stated window from the owner's communication.,"Missing execution evidence is not proof of nonexecution; proven nonexecution routes to the silence, refusal and enforcement provisions.",-,Execution facts; voluntary removals controlled by Osservatorio inspectors/agents and ARIF removals by two ARIF phytosanitary assistants.,[],DETERMINISTIC_RULE,NO,-,-,-
PUG-DGR1593-2024:notice-owner-election:v1,PUG-DGR1593-2024,PUG-DGR1593-2024:notice-owner-election,2024-11-25,2025-07-29,Effective historical regional plan procedure,file:regulation/jurisdiction/regional/DGR-1593-2024-pages35-37.tesseract.txt,53ebf9093f41011f4765ea5aba6e672f0902982e8a7bb0de6460e5c6560dd6a3,2024-11-25,INITIAL,INITIAL,Owner/holder,may,"The owner's timely communication, during publication and within the source-stated post-publication window, elects voluntary removal or execution by ARIF.","Absent a valid recipient effect or timely-communication evidence, no election or silence conclusion follows.",-,Recipient-effect evidence and the owner communication or its evidenced absence.,"[""IT-L241-A21BIS:Art.21-bis(1):individual-communication-effect"",""IT-L241-A21BIS:Art.21-bis(1):mass-publicity-route""]",AUTHORITY_JUDGMENT_REQUIRED,YES,"recipient effect, timeliness and evidenced response",-,The three-day post-publication window is stated in the source quote.
PUG-DGR1593-2024:notice-owner-identification:v1,PUG-DGR1593-2024,PUG-DGR1593-2024:notice-owner-identification,2024-11-25,2025-07-29,Effective historical regional plan procedure,file:regulation/jurisdiction/regional/DGR-1593-2024-pages35-37.tesseract.txt,53ebf9093f41011f4765ea5aba6e672f0902982e8a7bb0de6460e5c6560dd6a3,2024-11-25,INITIAL,INITIAL,InnovaPuglia S.p.A.,shall,"Communicate to the Osservatorio the cadastral data of the parcels subject to eradication/containment measures and the identities of their owners, together with the ortophotos to annex to the removal prescriptions, within the source-stated working-day window.",Missing or incomplete owner identification blocks recipient-specific notice preparation; it does not defeat the underlying phytosanitary duty.,-,Laboratory result and cadastral/owner records.,[],DETERMINISTIC_RULE,NO,-,-,"The window extends the predecessor's and adds ortophotos. This binds the regional support actor as internal task allocation; it is not a coercive plan-only effect engaging the national approval seam. Steps c-h of this procedure continue DGR 1866 meanings unchanged. [EFFECTIVENESS BASIS — ruled at the post-stage grill 2026-08-31] This plan's procedure interval anchors to the DGR deliberation date (2024-11-25); the plan's own quoted BURP header shows publication 2024-12-09. The procedure stages bind the administration's own organs, so deliberation controls; citizen-facing effects run entirely through per-act Law 241 recipient effect. No held act resolves differently under either basis (only DDS 165/2024 falls inside any deliberation-to-publication window, and it consumes no procedure stage)."
PUG-DGR1593-2024:notice-prescription-issuance:v1,PUG-DGR1593-2024,PUG-DGR1593-2024:notice-prescription-issuance,2024-11-25,2025-07-29,Effective historical regional plan procedure,file:regulation/jurisdiction/regional/DGR-1593-2024-pages35-37.tesseract.txt,53ebf9093f41011f4765ea5aba6e672f0902982e8a7bb0de6460e5c6560dd6a3,2024-11-25,INITIAL,INITIAL,Regional Plant Health Service,shall,Issue the injunctive prescriptions applying the eradication/containment measures.,Without identified plants and owner/cadastral data the prescription cannot be prepared; the substantive phytosanitary duty remains.,Regional Plant Health Service,Official finding chain and owner/cadastral evidence.,[],AUTHORITY_JUDGMENT_REQUIRED,YES,prescription scope and population,-,"The predecessor's stated issuance window is absent from this plan; issuance timing is governed by general administrative law, not a projected predecessor clock."
PUG-DGR1593-2024:notice-publication:v1,PUG-DGR1593-2024,PUG-DGR1593-2024:notice-publication,2024-11-25,2025-07-29,Effective historical regional plan procedure,file:regulation/jurisdiction/regional/DGR-1593-2024-pages35-37.tesseract.txt,53ebf9093f41011f4765ea5aba6e672f0902982e8a7bb0de6460e5c6560dd6a3,2024-11-25,INITIAL,INITIAL,Regional Plant Health Service and competent Comune,shall,"Notify the prescription by seven-day publication in the competent municipal albo pretorio, transmit it by PEC to ARIF and the competent Prefettura, and publish it on the source-listed official sites.",Publication alone does not establish recipient effect; Law 241 Article 21-bis governs whether the act binds the owner.,Regional Plant Health Service,"Publication, PEC transmission and site-publication records.","[""IT-L241-A21BIS:Art.21-bis(1):individual-communication-effect"",""IT-L241-A21BIS:Art.21-bis(1):mass-publicity-route""]",AUTHORITY_JUDGMENT_REQUIRED,YES,recipient effect,The plan's publication-as-notification claim remains subordinate to Law 241 Article 21-bis; a claimed mass-publicity route requires its own legal conditions.,-
PUG-DGR1593-2024:notice-refusal-forced-removal:v1,PUG-DGR1593-2024,PUG-DGR1593-2024:notice-refusal-forced-removal,2024-11-25,2025-07-29,Effective historical regional plan procedure,file:regulation/jurisdiction/regional/DGR-1593-2024-pages35-37.tesseract.txt,53ebf9093f41011f4765ea5aba6e672f0902982e8a7bb0de6460e5c6560dd6a3,2024-11-25,INITIAL,INITIAL,ARIF and Regional Plant Health Service,shall,"ARIF carries out forced removal, informing the Prefect and law enforcement, with removal costs charged to the owner; the Osservatorio contests the administrative violation for non-execution under the applicable national sanction provision.",Refusal must be express; silence is not refusal and routes separately.,Regional Plant Health Service,"Refusal evidence, forced-removal records and cost/sanction documentation.","[""IT-DLGS-19-2021:Art.32(3):primary-implementation""]",AUTHORITY_JUDGMENT_REQUIRED,YES,refusal proof and enforcement initiation,-,-
PUG-DGR1593-2024:notice-silence-substitute-execution:v1,PUG-DGR1593-2024,PUG-DGR1593-2024:notice-silence-substitute-execution,2024-11-25,2025-07-29,Effective historical regional plan procedure,file:regulation/jurisdiction/regional/DGR-1593-2024-pages35-37.tesseract.txt,53ebf9093f41011f4765ea5aba6e672f0902982e8a7bb0de6460e5c6560dd6a3,2024-11-25,INITIAL,INITIAL,ARIF,shall,"After evidenced owner silence through the source-stated post-publication window, ARIF proceeds with removal within the source-stated window.",Publication or a missing response alone does not prove silence; valid recipient effect and evidenced non-response are required.,Regional Plant Health Service,"Recipient-effect evidence, evidenced non-response and ARIF execution records.","[""IT-L241-A21BIS:Art.21-bis(1):individual-communication-effect"",""IT-L241-A21BIS:Art.21-bis(1):mass-publicity-route"",""IT-DLGS-19-2021:Art.32(3):primary-implementation""]",AUTHORITY_JUDGMENT_REQUIRED,YES,recipient effect and evidenced silence,-,"The silence route is predicate-disjoint from the election route: it activates only on evidenced absence of any communication through the shared window, so a timely election extinguishes it by its own terms. The formerly minted coercive-timing conflict is demoted as not a genuine conflict; valid recipient effect remains the antecedent, owned by the Law 241 rows and this AST. Late communication after the trigger arms is a source gap resolved case by case, not a conflict."
PUG-DGR1866-2022:Art7(3)-policy:v1,PUG-DGR1866-2022,PUG-DGR1866-2022:Art7(3)-policy,2022-12-12,2024-11-25,Effective regional plan policy,file:regulation/jurisdiction/regional/DGR-1866-2022-plan.txt,50d679c51ae222dcb12f6339f3cc1a013e8e068dfbf1bed7f3603bb89951e64e,2022-12-12,TEXT_CHANGED,YES,Regional Plant Health Service,shall not,"Do not exercise the Article 7(3) retention derogation for officially recognized, negative-tested monumental olives in the 50 m infected zone during this plan interval; the Article 7 removal route applies to them.",No inference that the plant lacks protected status; only the optional policy is not exercised.,Regional Plant Health Service,Effective plan interval; official recognition and negative test of the monumental olive in the 50 m infected zone.,"[""EU-2020-1201:7(3)"",""IT-DLGS-19-2021:Art.33(1):uninfected-protected-plant-removal""]",AUTHORITY_JUDGMENT_REQUIRED,YES,individual qualification and event-time application of the adopted nonexercise policy,-,"[REL-07] The 2023–2024 plan declines to exercise Article 7(3); protected eligibility does not create retention during this interval. [DDS 31 ACQUISITION NOTE 2026-09-01] The DDS 31/2022 procedure manual, in force through this interval, continued to instruct non-removal of officially recognized uninfected monumental olives in the 50 m radius — an unrevised restatement of the DGR 343-era Article 7(3) exercise. The plan's non-exercise controls; the stale manual instruction is held as an operational conflict for this interval, not as a second Article 7(3) owner. [SPAN 2026-09-02] Quote re-extracted from §4.3.1 (eradication), which states the non-exercise expressly: 'Per quanto attiene gli olivi secolari ufficialmente riconosciuti e risultati indenni non si applica la deroga prevista dal comma 3 dell'art. 7'; the prior span was the containment section."
PUG-DGR1866-2022:notice-elected-execution:v1,PUG-DGR1866-2022,PUG-DGR1866-2022:notice-elected-execution,2022-12-12,2024-11-25,Effective historical regional plan procedure,file:regulation/jurisdiction/regional/DGR-1866-2022-plan.txt,50d679c51ae222dcb12f6339f3cc1a013e8e068dfbf1bed7f3603bb89951e64e,2022-12-12,INITIAL,INITIAL,Owner/holder or ARIF,shall,The elected executor removes the plants within the source-stated window from the owner's communication.,"Missing execution evidence is not proof of nonexecution; proven nonexecution routes to the silence, refusal and enforcement provisions.",-,Execution facts and completion evidence.,[],DETERMINISTIC_RULE,NO,-,-,-
PUG-DGR1866-2022:notice-owner-election:v1,PUG-DGR1866-2022,PUG-DGR1866-2022:notice-owner-election,2022-12-12,2024-11-25,Effective historical regional plan procedure,file:regulation/jurisdiction/regional/DGR-1866-2022-plan.txt,50d679c51ae222dcb12f6339f3cc1a013e8e068dfbf1bed7f3603bb89951e64e,2022-12-12,INITIAL,INITIAL,Owner/holder,may,"The owner's timely communication, during publication and within the source-stated post-publication window, elects voluntary removal or execution by ARIF.","Absent a valid recipient effect or timely-communication evidence, no election or silence conclusion follows.",-,Recipient-effect evidence and the owner communication or its evidenced absence.,"[""IT-L241-A21BIS:Art.21-bis(1):individual-communication-effect"",""IT-L241-A21BIS:Art.21-bis(1):mass-publicity-route""]",AUTHORITY_JUDGMENT_REQUIRED,YES,"recipient effect, timeliness and evidenced response",-,The three-day post-publication window is stated in the source quote.
PUG-DGR1866-2022:notice-owner-identification:v1,PUG-DGR1866-2022,PUG-DGR1866-2022:notice-owner-identification,2022-12-12,2024-11-25,Effective historical regional plan procedure,file:regulation/jurisdiction/regional/DGR-1866-2022-plan.txt,50d679c51ae222dcb12f6339f3cc1a013e8e068dfbf1bed7f3603bb89951e64e,2022-12-12,INITIAL,INITIAL,InnovaPuglia S.p.A.,shall,Communicate to the Osservatorio the cadastral data of the parcels subject to eradication/containment measures and the identities of their owners within the source-stated working-day window.,Missing or incomplete owner identification blocks recipient-specific notice preparation; it does not defeat the underlying phytosanitary duty.,-,Laboratory result and cadastral/owner records.,[],DETERMINISTIC_RULE,NO,-,-,"[EFFECTIVENESS BASIS — ruled at the post-stage grill 2026-08-31] This plan's procedure interval anchors to the DGR deliberation date (2022-12-12); the plan's own quoted BURP header shows publication 2022-12-27. The procedure stages bind the administration's own organs, so deliberation controls; citizen-facing effects run entirely through per-act Law 241 recipient effect. No held act resolves differently under either basis (only DDS 165/2024 falls inside any deliberation-to-publication window, and it consumes no procedure stage)."
PUG-DGR1866-2022:notice-prescription-issuance:v1,PUG-DGR1866-2022,PUG-DGR1866-2022:notice-prescription-issuance,2022-12-12,2024-11-25,Effective historical regional plan procedure,file:regulation/jurisdiction/regional/DGR-1866-2022-plan.txt,50d679c51ae222dcb12f6339f3cc1a013e8e068dfbf1bed7f3603bb89951e64e,2022-12-12,INITIAL,INITIAL,Regional Plant Health Service,shall,Issue the injunctive prescriptions applying the eradication/containment measures within the source-stated working-day window.,Without identified plants and owner/cadastral data the prescription cannot be prepared; the substantive phytosanitary duty remains.,Regional Plant Health Service,Official finding chain and owner/cadastral evidence.,[],AUTHORITY_JUDGMENT_REQUIRED,YES,prescription scope and population,-,"The effective interval spans DGR 570/2023, which extended the operating plan without changing this owner-notification procedure; no separate procedure version arises from it."
PUG-DGR1866-2022:notice-publication:v1,PUG-DGR1866-2022,PUG-DGR1866-2022:notice-publication,2022-12-12,2024-11-25,Effective historical regional plan procedure,file:regulation/jurisdiction/regional/DGR-1866-2022-plan.txt,50d679c51ae222dcb12f6339f3cc1a013e8e068dfbf1bed7f3603bb89951e64e,2022-12-12,INITIAL,INITIAL,Regional Plant Health Service and competent Comune,shall,"Notify the prescription by seven-day publication in the competent municipal albo pretorio, transmit it by PEC to ARIF and the competent Prefettura, and publish it on the source-listed official sites.",Publication alone does not establish recipient effect; Law 241 Article 21-bis governs whether the act binds the owner.,Regional Plant Health Service,"Publication, PEC transmission and site-publication records.","[""IT-L241-A21BIS:Art.21-bis(1):individual-communication-effect"",""IT-L241-A21BIS:Art.21-bis(1):mass-publicity-route""]",AUTHORITY_JUDGMENT_REQUIRED,YES,recipient effect,The plan's publication-as-notification claim remains subordinate to Law 241 Article 21-bis; a claimed mass-publicity route requires its own legal conditions.,-
PUG-DGR1866-2022:notice-refusal-forced-removal:v1,PUG-DGR1866-2022,PUG-DGR1866-2022:notice-refusal-forced-removal,2022-12-12,2024-11-25,Effective historical regional plan procedure,file:regulation/jurisdiction/regional/DGR-1866-2022-plan.txt,50d679c51ae222dcb12f6339f3cc1a013e8e068dfbf1bed7f3603bb89951e64e,2022-12-12,INITIAL,INITIAL,ARIF and Regional Plant Health Service,shall,"ARIF carries out forced removal, informing the Prefect and law enforcement, with removal costs charged to the owner; the Osservatorio contests the administrative violation for non-execution under the applicable national sanction provision.",Refusal must be express; silence is not refusal and routes separately.,Regional Plant Health Service,"Refusal evidence, forced-removal records and cost/sanction documentation.","[""IT-DLGS-19-2021:Art.32(3):primary-implementation""]",AUTHORITY_JUDGMENT_REQUIRED,YES,refusal proof and enforcement initiation,-,-
PUG-DGR1866-2022:notice-silence-substitute-execution:v1,PUG-DGR1866-2022,PUG-DGR1866-2022:notice-silence-substitute-execution,2022-12-12,2024-11-25,Effective historical regional plan procedure,file:regulation/jurisdiction/regional/DGR-1866-2022-plan.txt,50d679c51ae222dcb12f6339f3cc1a013e8e068dfbf1bed7f3603bb89951e64e,2022-12-12,INITIAL,INITIAL,ARIF,shall,"After evidenced owner silence through the source-stated post-publication window, ARIF proceeds with removal within the source-stated window.",Publication or a missing response alone does not prove silence; valid recipient effect and evidenced non-response are required.,Regional Plant Health Service,"Recipient-effect evidence, evidenced non-response and ARIF execution records.","[""IT-L241-A21BIS:Art.21-bis(1):individual-communication-effect"",""IT-L241-A21BIS:Art.21-bis(1):mass-publicity-route"",""IT-DLGS-19-2021:Art.32(3):primary-implementation""]",AUTHORITY_JUDGMENT_REQUIRED,YES,recipient effect and evidenced silence,-,"The silence route is predicate-disjoint from the election route: it activates only on evidenced absence of any communication through the shared window, so a timely election extinguishes it by its own terms. The formerly minted coercive-timing conflict is demoted as not a genuine conflict; valid recipient effect remains the antecedent, owned by the Law 241 rows and this AST. Late communication after the trigger arms is a source gap resolved case by case, not a conflict."
PUG-DGR1866-2022:st53-crop-exclusion-conflict:v1,PUG-DGR1866-2022,PUG-DGR1866-2022:st53-crop-exclusion-conflict,2022-12-12,2024-11-25,Effective regional plan policy,file:regulation/jurisdiction/regional/DGR-1866-2022-plan.txt,50d679c51ae222dcb12f6339f3cc1a013e8e068dfbf1bed7f3603bb89951e64e,2022-12-12,TEXT_CHANGED,YES,Regional Plant Health Service,shall not,Do not permit the plan’s categorical citrus/peach/apricot/plum exclusion to amend Annex II; each plant avoids removal only through the effective EU evidence routes.,No crop-wide exemption is established.,Regional Plant Health Service,Effective Annex II population and plant-specific Article 7 evidence; the regional categorical exclusion is not an exemption.,"[""EU-2020-1201:7(1)"",""EU-2020-1201:1(c)""]",AUTHORITY_JUDGMENT_REQUIRED,YES,resolve regional categorical crop exclusion against effective EU population,DGR 1866 categorically excludes listed Annex II taxa from ST53 survey/removal without authority to amend the Union population.,[PLAN CONFLICT BOUNDARY] Repetition in case orders does not cure or renew the exclusion authority. [SPAN 2026-09-01] Quote completed to its sentence end from the same source span (it had been cut mid-word by an earlier extraction); meaning unchanged.
PUG-DGR343-2022:Art7(3)-policy:v1,PUG-DGR343-2022,PUG-DGR343-2022:Art7(3)-policy,2022-03-14,2022-12-12,Effective regional plan policy,file:regulation/jurisdiction/regional/DGR-343-2022-plan.txt,956bec799c80e707c2235f4ee64e68129cba3be9b8db6755293fc095e1b5caa5,2022-03-14,TEXT_CHANGED,YES,Regional Plant Health Service,shall not,Do not remove the individually qualifying plant covered by the adopted retention policy; no additional discretionary authorization is required.,No retention permission is established.,Regional Plant Health Service,"Individual official historic-value recognition, official negative result, coverage by this effective retention policy, and Article 7(3) annual inspection, sampling/testing and vector-treatment evidence.","[""EU-2020-1201:7(3)"",""IT-DLGS-19-2021:Art.33(1):uninfected-protected-plant-removal""]",AUTHORITY_JUDGMENT_REQUIRED,YES,individual qualification and event-time retention policy application,-,[REL-07] The 2022 plan exercises Article 7(3) for qualifying protected uninfected plants subject to annual testing and vector treatment.
PUG-DGR343-2022:notice-elected-execution:v1,PUG-DGR343-2022,PUG-DGR343-2022:notice-elected-execution,2022-03-14,2022-12-12,Effective historical regional plan procedure,file:regulation/jurisdiction/regional/DGR-343-2022-plan.txt,956bec799c80e707c2235f4ee64e68129cba3be9b8db6755293fc095e1b5caa5,2022-03-14,INITIAL,INITIAL,Owner/holder or ARIF,shall,The elected executor removes the plants within the source-stated window from the owner's communication.,"Missing execution evidence is not proof of nonexecution; proven nonexecution routes to the silence, refusal and enforcement provisions.",-,Execution facts; voluntary removals controlled by Osservatorio inspectors/agents and ARIF removals by two ARIF phytosanitary assistants.,[],DETERMINISTIC_RULE,NO,-,-,-
PUG-DGR343-2022:notice-owner-election:v1,PUG-DGR343-2022,PUG-DGR343-2022:notice-owner-election,2022-03-14,2022-12-12,Effective historical regional plan procedure,file:regulation/jurisdiction/regional/DGR-343-2022-plan.txt,956bec799c80e707c2235f4ee64e68129cba3be9b8db6755293fc095e1b5caa5,2022-03-14,INITIAL,INITIAL,Owner/holder,may,"The owner's timely communication, during publication and within the source-stated post-publication window, elects voluntary removal or execution by ARIF.","Absent a valid recipient effect or timely-communication evidence, no election or silence conclusion follows.",-,Recipient-effect evidence and the owner communication or its evidenced absence.,"[""IT-L241-A21BIS:Art.21-bis(1):individual-communication-effect"",""IT-L241-A21BIS:Art.21-bis(1):mass-publicity-route""]",AUTHORITY_JUDGMENT_REQUIRED,YES,"recipient effect, timeliness and evidenced response",-,The three-day post-publication window is stated in the source quote.
PUG-DGR343-2022:notice-owner-identification:v1,PUG-DGR343-2022,PUG-DGR343-2022:notice-owner-identification,2022-03-14,2022-12-12,Effective historical regional plan procedure,file:regulation/jurisdiction/regional/DGR-343-2022-plan.txt,956bec799c80e707c2235f4ee64e68129cba3be9b8db6755293fc095e1b5caa5,2022-03-14,INITIAL,INITIAL,InnovaPuglia S.p.A.,shall,Communicate to the Osservatorio the cadastral data of the parcels subject to eradication/containment measures and the identities of their owners within the source-stated working-day window.,Missing or incomplete owner identification blocks recipient-specific notice preparation; it does not defeat the underlying phytosanitary duty.,-,Laboratory result and cadastral/owner records.,[],DETERMINISTIC_RULE,NO,-,-,"[EFFECTIVENESS BASIS — ruled at the post-stage grill 2026-08-31] This plan's procedure interval anchors to the DGR deliberation date (2022-03-14); the plan's own quoted BURP header shows publication 2022-03-28. The procedure stages bind the administration's own organs, so deliberation controls; citizen-facing effects run entirely through per-act Law 241 recipient effect. No held act resolves differently under either basis (only DDS 165/2024 falls inside any deliberation-to-publication window, and it consumes no procedure stage)."
PUG-DGR343-2022:notice-prescription-issuance:v1,PUG-DGR343-2022,PUG-DGR343-2022:notice-prescription-issuance,2022-03-14,2022-12-12,Effective historical regional plan procedure,file:regulation/jurisdiction/regional/DGR-343-2022-plan.txt,956bec799c80e707c2235f4ee64e68129cba3be9b8db6755293fc095e1b5caa5,2022-03-14,INITIAL,INITIAL,Regional Plant Health Service,shall,Issue the injunctive prescriptions applying the eradication/containment measures within the source-stated working-day window.,Without identified plants and owner/cadastral data the prescription cannot be prepared; the substantive phytosanitary duty remains.,Regional Plant Health Service,Official finding chain and owner/cadastral evidence.,[],AUTHORITY_JUDGMENT_REQUIRED,YES,prescription scope and population,-,-
PUG-DGR343-2022:notice-publication:v1,PUG-DGR343-2022,PUG-DGR343-2022:notice-publication,2022-03-14,2022-12-12,Effective historical regional plan procedure,file:regulation/jurisdiction/regional/DGR-343-2022-plan.txt,956bec799c80e707c2235f4ee64e68129cba3be9b8db6755293fc095e1b5caa5,2022-03-14,INITIAL,INITIAL,Regional Plant Health Service and competent Comune,shall,"Notify the prescription by seven-day publication in the competent municipal albo pretorio, transmit it by PEC to ARIF and the competent Prefettura, and publish it on the source-listed official sites.",Publication alone does not establish recipient effect; Law 241 Article 21-bis governs whether the act binds the owner.,Regional Plant Health Service,"Publication, PEC transmission and site-publication records.","[""IT-L241-A21BIS:Art.21-bis(1):individual-communication-effect"",""IT-L241-A21BIS:Art.21-bis(1):mass-publicity-route""]",AUTHORITY_JUDGMENT_REQUIRED,YES,recipient effect,The plan's publication-as-notification claim remains subordinate to Law 241 Article 21-bis; a claimed mass-publicity route requires its own legal conditions.,-
PUG-DGR343-2022:notice-refusal-forced-removal:v1,PUG-DGR343-2022,PUG-DGR343-2022:notice-refusal-forced-removal,2022-03-14,2022-12-12,Effective historical regional plan procedure,file:regulation/jurisdiction/regional/DGR-343-2022-plan.txt,956bec799c80e707c2235f4ee64e68129cba3be9b8db6755293fc095e1b5caa5,2022-03-14,INITIAL,INITIAL,ARIF and Regional Plant Health Service,shall,"ARIF carries out forced removal, informing the Prefect and law enforcement, with removal costs charged to the owner; the Osservatorio contests the administrative violation for non-execution under the applicable national sanction provision.",Refusal must be express; silence is not refusal and routes separately.,Regional Plant Health Service,"Refusal evidence, forced-removal records and cost/sanction documentation.","[""IT-DLGS-19-2021:Art.32(3):primary-implementation""]",AUTHORITY_JUDGMENT_REQUIRED,YES,refusal proof and enforcement initiation,-,-
PUG-DGR343-2022:notice-silence-substitute-execution:v1,PUG-DGR343-2022,PUG-DGR343-2022:notice-silence-substitute-execution,2022-03-14,2022-12-12,Effective historical regional plan procedure,file:regulation/jurisdiction/regional/DGR-343-2022-plan.txt,956bec799c80e707c2235f4ee64e68129cba3be9b8db6755293fc095e1b5caa5,2022-03-14,INITIAL,INITIAL,ARIF,shall,"After evidenced owner silence through the source-stated post-publication window, ARIF proceeds with removal within the source-stated window.",Publication or a missing response alone does not prove silence; valid recipient effect and evidenced non-response are required.,Regional Plant Health Service,"Recipient-effect evidence, evidenced non-response and ARIF execution records.","[""IT-L241-A21BIS:Art.21-bis(1):individual-communication-effect"",""IT-L241-A21BIS:Art.21-bis(1):mass-publicity-route"",""IT-DLGS-19-2021:Art.32(3):primary-implementation""]",AUTHORITY_JUDGMENT_REQUIRED,YES,recipient effect and evidenced silence,-,"The silence route is predicate-disjoint from the election route: it activates only on evidenced absence of any communication through the shared window, so a timely election extinguishes it by its own terms. The formerly minted coercive-timing conflict is demoted as not a genuine conflict; valid recipient effect remains the antecedent, owned by the Law 241 rows and this AST. Late communication after the trigger arms is a source gap resolved case by case, not a conflict."
PUG-DGR538-2021:Art7(3)-policy:v1,PUG-DGR538-2021,PUG-DGR538-2021:Art7(3)-policy,2021-04-06,2022-03-14,Effective regional plan policy,file:regulation/jurisdiction/regional/DGR-538-2021-plan.tesseract.txt,389d7501684a5581bae0eb3099122d8817a83b5ee2632d8550b6b902180630a8,2021-04-06,TEXT_CHANGED,YES,Regional Plant Health Service,shall not,Do not remove the individually qualifying plant covered by the adopted retention policy; no additional discretionary authorization is required.,No retention permission is established.,Regional Plant Health Service,"Individual official historic-value recognition, official negative result, coverage by this effective retention policy, and Article 7(3) annual inspection, sampling/testing and vector-treatment evidence.","[""EU-2020-1201:7(3)"",""IT-DLGS-19-2021:Art.33(1):uninfected-protected-plant-removal""]",AUTHORITY_JUDGMENT_REQUIRED,YES,individual qualification and event-time retention policy application,-,[REL-07] The 2021 plan exercises Article 7(3) for qualifying protected uninfected plants subject to annual testing and vector treatment.
PUG-DGR538-2021:notice-elected-execution:v1,PUG-DGR538-2021,PUG-DGR538-2021:notice-elected-execution,2021-04-06,2022-03-14,Effective 2021 regional plan procedure,file:regulation/jurisdiction/regional/DGR-538-2021-plan.tesseract.txt,389d7501684a5581bae0eb3099122d8817a83b5ee2632d8550b6b902180630a8,2021-04-06,INITIAL,INITIAL,Owner/holder or ARIF,shall,The elected executor removes the plants within the source-stated window from the owner's communication.,"Missing execution evidence is not proof of nonexecution; proven nonexecution routes to the silence, refusal and enforcement provisions.",-,Execution facts and completion evidence.,[],DETERMINISTIC_RULE,NO,-,-,-
PUG-DGR538-2021:notice-owner-election:v1,PUG-DGR538-2021,PUG-DGR538-2021:notice-owner-election,2021-04-06,2022-03-14,Effective 2021 regional plan procedure,file:regulation/jurisdiction/regional/DGR-538-2021-plan.tesseract.txt,389d7501684a5581bae0eb3099122d8817a83b5ee2632d8550b6b902180630a8,2021-04-06,INITIAL,INITIAL,Owner/holder,may,"The owner's timely communication, during publication and within the source-stated post-publication window, elects voluntary removal or execution by ARIF.","Absent a valid recipient effect or timely-communication evidence, no election or silence conclusion follows.",-,Recipient-effect evidence and the owner communication or its evidenced absence.,"[""IT-L241-A21BIS:Art.21-bis(1):individual-communication-effect"",""IT-L241-A21BIS:Art.21-bis(1):mass-publicity-route""]",AUTHORITY_JUDGMENT_REQUIRED,YES,"recipient effect, timeliness and evidenced response",-,The seven-day post-publication window is stated in the source quote.
PUG-DGR538-2021:notice-owner-identification:v1,PUG-DGR538-2021,PUG-DGR538-2021:notice-owner-identification,2021-04-06,2022-03-14,Effective 2021 regional plan procedure,file:regulation/jurisdiction/regional/DGR-538-2021-plan.tesseract.txt,389d7501684a5581bae0eb3099122d8817a83b5ee2632d8550b6b902180630a8,2021-04-06,INITIAL,INITIAL,InnovaPuglia S.p.A.,shall,Communicate to the Osservatorio the cadastral data of the parcels subject to eradication/containment measures and the identities of their owners.,Missing or incomplete owner identification blocks recipient-specific notice preparation; it does not defeat the underlying phytosanitary duty.,-,Laboratory result and cadastral/owner records.,[],DETERMINISTIC_RULE,NO,-,-,"No transmission window is stated in the 2021 plan; later plan clocks are not projected backward. [EFFECTIVENESS BASIS — ruled at the post-stage grill 2026-08-31] This plan's procedure interval anchors to the DGR deliberation date (2021-04-06); the plan's own quoted BURP header shows publication 2021-04-20. The procedure stages bind the administration's own organs, so deliberation controls; citizen-facing effects run entirely through per-act Law 241 recipient effect. No held act resolves differently under either basis (only DDS 165/2024 falls inside any deliberation-to-publication window, and it consumes no procedure stage)."
PUG-DGR538-2021:notice-prescription-issuance:v1,PUG-DGR538-2021,PUG-DGR538-2021:notice-prescription-issuance,2021-04-06,2022-03-14,Effective 2021 regional plan procedure,file:regulation/jurisdiction/regional/DGR-538-2021-plan.tesseract.txt,389d7501684a5581bae0eb3099122d8817a83b5ee2632d8550b6b902180630a8,2021-04-06,INITIAL,INITIAL,Regional Plant Health Service,shall,Issue the injunctive prescriptions applying the eradication/containment measures.,Without identified plants and owner/cadastral data the prescription cannot be prepared; the substantive phytosanitary duty remains.,Regional Plant Health Service,Official finding chain and owner/cadastral evidence.,[],AUTHORITY_JUDGMENT_REQUIRED,YES,prescription scope and population,-,No issuance window is stated in the 2021 plan.
PUG-DGR538-2021:notice-publication:v1,PUG-DGR538-2021,PUG-DGR538-2021:notice-publication,2021-04-06,2022-03-14,Effective 2021 regional plan procedure,file:regulation/jurisdiction/regional/DGR-538-2021-plan.tesseract.txt,389d7501684a5581bae0eb3099122d8817a83b5ee2632d8550b6b902180630a8,2021-04-06,INITIAL,INITIAL,Regional Plant Health Service and competent Comune,shall,"Notify the prescription by seven-day publication in the competent municipal albo pretorio, transmit it by PEC to ARIF, and publish it on the source-listed official sites.",Publication alone does not establish recipient effect; Law 241 Article 21-bis governs whether the act binds the owner.,Regional Plant Health Service,"Publication, PEC transmission and site-publication records.","[""IT-L241-A21BIS:Art.21-bis(1):individual-communication-effect"",""IT-L241-A21BIS:Art.21-bis(1):mass-publicity-route""]",AUTHORITY_JUDGMENT_REQUIRED,YES,recipient effect,The plan's publication-as-notification claim remains subordinate to Law 241 Article 21-bis; a claimed mass-publicity route requires its own legal conditions.,-
PUG-DGR538-2021:notice-refusal-forced-removal:v1,PUG-DGR538-2021,PUG-DGR538-2021:notice-refusal-forced-removal,2021-04-06,2022-03-14,Effective 2021 regional plan procedure,file:regulation/jurisdiction/regional/DGR-538-2021-plan.tesseract.txt,389d7501684a5581bae0eb3099122d8817a83b5ee2632d8550b6b902180630a8,2021-04-06,INITIAL,INITIAL,ARIF and Regional Plant Health Service,shall,"ARIF carries out forced removal, informing the Prefect and law enforcement, with removal costs charged to the owner.",Refusal must be express; silence is not refusal and routes separately.,Regional Plant Health Service,"Refusal evidence, forced-removal records and cost/sanction documentation.","[""IT-DLGS-19-2021:Art.32(3):primary-implementation""]",AUTHORITY_JUDGMENT_REQUIRED,YES,refusal proof and enforcement initiation,-,"The 2021 text states forced removal, Prefect/police information and cost charging; a violation-contest step is not stated in the held text."
PUG-DGR538-2021:notice-silence-substitute-execution:v1,PUG-DGR538-2021,PUG-DGR538-2021:notice-silence-substitute-execution,2021-04-06,2022-03-14,Effective 2021 regional plan procedure,file:regulation/jurisdiction/regional/DGR-538-2021-plan.tesseract.txt,389d7501684a5581bae0eb3099122d8817a83b5ee2632d8550b6b902180630a8,2021-04-06,INITIAL,INITIAL,ARIF,shall,"After evidenced owner silence through the source-stated post-publication window, ARIF proceeds with removal within the source-stated window.",Publication or a missing response alone does not prove silence; valid recipient effect and evidenced non-response are required.,Regional Plant Health Service,"Recipient-effect evidence, evidenced non-response and ARIF execution records.","[""IT-L241-A21BIS:Art.21-bis(1):individual-communication-effect"",""IT-L241-A21BIS:Art.21-bis(1):mass-publicity-route"",""IT-DLGS-19-2021:Art.32(3):primary-implementation""]",AUTHORITY_JUDGMENT_REQUIRED,YES,recipient effect and evidenced silence,-,"The silence route is predicate-disjoint from the election route: it activates only on evidenced absence of any communication through the shared window, so a timely election extinguishes it by its own terms. The formerly minted coercive-timing conflict is demoted as not a genuine conflict; valid recipient effect remains the antecedent, owned by the Law 241 rows and this AST. Late communication after the trigger arms is a source gap resolved case by case, not a conflict."
PUG-DPGR22-2021:Art.20(3):publication-not-notice:v1,PUG-DPGR22-2021,PUG-DPGR22-2021:Art.20(3):publication-not-notice,2021-08-31,,Effective regional operating rule,file:regulation/jurisdiction/regional/PUG-DPGR22-A20.txt,8c644a060563d453ccd977079be241d90a91e9bd744ba6d4e5f83208709cce08,2021-08-31,INITIAL,INITIAL,Regional section manager,shall,Preserve publication and recipient notification as separate legal events.,Publication alone does not establish effectiveness against the recipient.,Regional Plant Health Service,Exact source facts and branch-specific authority/evidence.,"[""IT-L241-A21BIS:Art.21-bis(1):individual-communication-effect"",""IT-L241-A21BIS:Art.21-bis(1):mass-publicity-route""]",DETERMINISTIC_RULE,NO,-,-,[REL-03/11/17] Publication is a public act surface; it never proves recipient notice by itself.
PUG-LR3-2010:Art.3-bis(1)(a):v1,PUG-LR3-2010,PUG-LR3-2010:Art.3-bis(1)(a),2019-05-02,,Effective source read through REL-02/03,file:regulation/jurisdiction/regional/LR-19-2019-ARIF.txt,cf81ae342623769b7a684972a552ff474fdf88308b706028b051a43bc5ef026d,2019-05-02,INITIAL,INITIAL,ARIF,shall,"Support monitoring, prevention, removal and communication without acquiring reserved decisions.",No independent decision authority is established.,Regional Plant Health Observatory,"Exact assignment, evidence and resulting official record.","[""IT-DLGS-19-2021:Art.6(3)(b)"",""PUG-LR4-2017:Art.4(3):survey-route""]",DETERMINISTIC_RULE,NO,-,-,[REL-02/03] ARIF owns assigned execution only; Osservatorio retains every reserved decision.
PUG-LR4-2017:Art.2(1):v1,PUG-LR4-2017,PUG-LR4-2017:Art.2(1),2017-04-14,,Effective regional statute read through REL-03,file:regulation/jurisdiction/regional/PUG-LR4-CURRENT.txt,d3ef8bdd5e27d1bbf467911908c6465dafde764a6be36cf8dba2dae3e89f9041,2026-08-28,INITIAL,INITIAL,Any person,shall,Immediately inform the regional service and provide pertinent information.,-,Any person,Exact source facts and corresponding official record.,"[""IT-DLGS-19-2021:Art.28(1)""]",DETERMINISTIC_RULE,NO,-,-,[REL-03]
PUG-LR4-2017:Art.2(2):v1,PUG-LR4-2017,PUG-LR4-2017:Art.2(2),2017-04-14,,Effective regional statute read through REL-03,file:regulation/jurisdiction/regional/PUG-LR4-CURRENT.txt,d3ef8bdd5e27d1bbf467911908c6465dafde764a6be36cf8dba2dae3e89f9041,2026-08-28,INITIAL,INITIAL,Regional Plant Health Service,shall,Record it and immediately inform the central service.,-,Regional Plant Health Service,Exact source facts and corresponding official record.,"[""IT-DLGS-19-2021:Art.28(1)"",""IT-DLGS-19-2021:Art.5(1)""]",DETERMINISTIC_RULE,NO,-,-,[REL-03]
PUG-LR4-2017:Art.2(3):v1,PUG-LR4-2017,PUG-LR4-2017:Art.2(3),2017-04-14,,Effective regional statute read through REL-03,file:regulation/jurisdiction/regional/PUG-LR4-CURRENT.txt,d3ef8bdd5e27d1bbf467911908c6465dafde764a6be36cf8dba2dae3e89f9041,2026-08-28,INITIAL,INITIAL,Regional Plant Health Service,shall,"On receipt of a report of actual or presumed presence, adopt all measures necessary to verify that report without treating it as confirmation.","Without a received presence report, Article 2(3) does not activate this report-verification duty.",Regional Plant Health Service,Exact source facts and corresponding official record.,"[""IT-DLGS-19-2021:Art.28(3)"",""IT-DLGS-19-2021:Art.28(4)""]",DETERMINISTIC_RULE,NO,-,-,-
PUG-LR4-2017:Art.2(4):v1,PUG-LR4-2017,PUG-LR4-2017:Art.2(4),2017-04-14,,Effective regional statute read through REL-03,file:regulation/jurisdiction/regional/PUG-LR4-CURRENT.txt,d3ef8bdd5e27d1bbf467911908c6465dafde764a6be36cf8dba2dae3e89f9041,2026-08-28,INITIAL,INITIAL,Regional Plant Health Service,shall,"Immediately inform controllers of potentially affected plants of presence/suspicion, consequences, risks and measures.",-,Regional Plant Health Service,Exact source facts and corresponding official record.,"[""IT-DLGS-19-2021:Art.28(4)"",""IT-DLGS-19-2021:Art.30(1)""]",DETERMINISTIC_RULE,NO,-,-,[REL-03]
PUG-LR4-2017:Art.3(1):v1,PUG-LR4-2017,PUG-LR4-2017:Art.3(1),2017-04-14,,Effective regional source read through legal-geography lifecycle,file:regulation/jurisdiction/regional/PUG-LR4-CURRENT.txt,d3ef8bdd5e27d1bbf467911908c6465dafde764a6be36cf8dba2dae3e89f9041,2017-04-14,INITIAL,INITIAL,Regional Plant Health Service,shall,"On an official plant finding, establish a demarcated area without delay under Article 4 unless the qualifying Article 5(3) discretion is exercised.","Where every Article 5(3) condition is satisfied and the competent authority validly exercises the discretion, no immediate area is established and the follow-up route applies.",Regional Plant Health Service,"Official finding/investigation, competent act, adopted annex and effective interval.","[""EU-2020-1201:4(1)"",""EU-2020-1201:5(3)"",""IT-DLGS-19-2021:Art.31(3):establish-demarcated-area"",""IT-DLGS-19-2021:Art.28(3)""]",AUTHORITY_JUDGMENT_REQUIRED,YES,"Article 5 applicability, discretionary exercise and official plant attribution",-,The applicable EU Article 5(3) result controls the exception. The ordinary Article 4 duty does not require an express refusal or separately proved ineligibility. Unknown evidence is not affirmative non-exercise. The regional act constitutes geography.
PUG-LR4-2017:Art.3(2):pre-LR45-v1,PUG-LR4-2017,PUG-LR4-2017:Art.3(2),2020-08-20,2021-12-18,Pre-L.R.45/2021 regional text inside the Regulation 2020/1201 aperture,file:regulation/jurisdiction/regional/LR-4-2017-Xylella.txt,ed1b083109731d7f6ddec9b6ed0e56826d90651269493d4541bd999ede1868a7,2017-03-30,INITIAL,YES,Regional Plant Health Service,shall,"Treat a competent act's geography as the operative legal-area state in the pre-L.R. 45 interval, applying the regional infected-zone definition and 10 km buffer text only as far as compatible with the directly applicable Regulation 2020/1201.",No conclusion beyond the directly applicable EU rule and exact competent act is established.,Regional Plant Health Service,"Official finding/investigation, competent act, adopted annex and effective interval.","[""EU-2020-1201:4(2)"",""IT-DLGS-19-2021:Art.6(3)(g)""]",AUTHORITY_JUDGMENT_REQUIRED,YES,pre-amendment regional/EU authority reconciliation,"From 20 August 2020, the older regional infected-zone/10 km text cannot replace the effective EU minima, branch rules, or exact adopted regional geometry.","[TEMPORAL CORRESPONDENCE] Pre-amendment text retained only for its bounded point-in-time effect; higher law controls incompatibility. [SPAN 2026-09-02] Quote re-extracted as the whole comma 2, points (a) and (b): the 10 km buffer the effect states is point (b), which the prior span omitted."
PUG-LR4-2017:Art.3(2):post-LR45-v2,PUG-LR4-2017,PUG-LR4-2017:Art.3(2),2021-12-18,,Effective regional source read through legal-geography lifecycle,file:regulation/jurisdiction/regional/PUG-LR4-CURRENT.txt,d3ef8bdd5e27d1bbf467911908c6465dafde764a6be36cf8dba2dae3e89f9041,2021-12-18,TEXT_CHANGED,YES,Regional Plant Health Service,shall,"Treat a source-stated geography as an operative legal-area state when the competent act and adopted annexes establish it through a lawful Union route and the act has current operative effect, taking account of effectiveness, supersession and any resolved legal consequence of a proven defect. A historical prior-opinion breach can coexist with that operative state.","Missing act or annex evidence leaves source geography unresolved. A proven defect with an unsettled legal consequence requires adjudication; a resolved consequence that defeats current operative effect does not establish an operative area. Missing opinion evidence is not a gate, and resolving a consequence does not erase a historical breach.",Regional Plant Health Service,Official plant finding or Article 5/6 route; committee opinion and scope; competent regional act; adopted annexes; publication/effectiveness; supersession/revocation.,"[""EU-2020-1201:4(2)"",""IT-DLGS-19-2021:Art.6(3)(g)"",""IT-DLGS-19-2021:Art.31(3):establish-demarcated-area"",""EU-2020-1201:4(1)"",""EU-2020-1201:5(1)"",""EU-2020-1201:5(3)"",""EU-2020-1201:6(1)"",""EU-2020-1201:6(2)""]",AUTHORITY_JUDGMENT_REQUIRED,YES,"act competence/effectiveness, lawful route, and the legal effect of any proven procedural defect",-,"Source-stated geometry, national procedural compliance, Union duty and current operative effect are distinct. Article 6(3)(g) retains the prior-opinion duty and proven breach. Historical omission alone neither defeats a competently resolved operative state nor forces repeat adjudication; no automatic cure or new opinion-clearance workflow is inferred. The actual consequence, including any suspension, revocation or annulment, remains material."
PUG-LR4-2017:Art.3(3):v1,PUG-LR4-2017,PUG-LR4-2017:Art.3(3),2017-04-14,,Effective regional source read through legal-geography lifecycle,file:regulation/jurisdiction/regional/PUG-LR4-CURRENT.txt,d3ef8bdd5e27d1bbf467911908c6465dafde764a6be36cf8dba2dae3e89f9041,2017-04-14,INITIAL,INITIAL,Regional Plant Health Service,shall,"On confirmed presence in the buffer zone, immediately modify the infected-zone and buffer-zone delimitation accordingly through a competent act.",A finding only inside the existing infected zone does not activate the Article 3(3) buffer-finding modification duty.,Regional Plant Health Service,"Official finding/investigation, competent act, adopted annex and effective interval.","[""EU-2020-1201:4(1)"",""IT-DLGS-19-2021:Art.31(9):modify-area-if-necessary""]",DETERMINISTIC_RULE,NO,-,-,-
PUG-LR4-2017:Art.3(4):may-revoke:pre-LR45-v1,PUG-LR4-2017,PUG-LR4-2017:Art.3(4):may-revoke,2020-08-20,2021-12-18,Pre-L.R.45/2021 regional text inside the Regulation 2020/1201 aperture,file:regulation/jurisdiction/regional/LR-4-2017-Xylella.txt,ed1b083109731d7f6ddec9b6ed0e56826d90651269493d4541bd999ede1868a7,2017-03-30,INITIAL,YES,Regional Plant Health Service,may,Apply the pre-amendment regional five-year no-detection lifting route only as a potentially stricter regional condition compatible with controlling Article 6; negative evidence alone never lifts an area.,No conclusion beyond the directly applicable EU rule and exact competent act is established.,Regional Plant Health Service,"Official finding/investigation, competent act, adopted annex and effective interval.","[""EU-2020-1201:6(1)"",""IT-DLGS-19-2021:Art.31(9):modify-area-if-necessary""]",AUTHORITY_JUDGMENT_REQUIRED,YES,pre-amendment regional/EU authority reconciliation,The pre-amendment five-year regional route coexisted with directly applicable Article 6 until L.R. 45/2021; an exact competent lifting act remained required.,[TEMPORAL CORRESPONDENCE] Pre-amendment text retained only for its bounded point-in-time effect; higher law controls incompatibility. [SPAN 2026-09-01] Quote completed to its sentence end from the same source span (it had been cut mid-word by an earlier extraction); meaning unchanged.
PUG-LR4-2017:Art.3(4):may-revoke:post-LR45-v2,PUG-LR4-2017,PUG-LR4-2017:Art.3(4):may-revoke,2021-12-18,,Effective regional source read through legal-geography lifecycle,file:regulation/jurisdiction/regional/PUG-LR4-CURRENT.txt,d3ef8bdd5e27d1bbf467911908c6465dafde764a6be36cf8dba2dae3e89f9041,2021-12-18,TEXT_CHANGED,YES,Regional Plant Health Service,may,Revoke the demarcation only through a competent decision under controlling law.,The area remains legally active.,Regional Plant Health Service,"Official finding/investigation, competent act, adopted annex and effective interval.","[""EU-2020-1201:6(1)"",""EU-2020-1201:6(2)"",""IT-DLGS-19-2021:Art.31(9):modify-area-if-necessary""]",DETERMINISTIC_RULE,YES,area constitution or lifting judgment,-,[REL-04/06] Negative evidence supports but does not itself revoke.
PUG-LR4-2017:Art.4(1):v1,PUG-LR4-2017,PUG-LR4-2017:Art.4(1),2017-04-14,,Effective regional statute read through REL-02,file:regulation/jurisdiction/regional/PUG-LR4-CURRENT.txt,d3ef8bdd5e27d1bbf467911908c6465dafde764a6be36cf8dba2dae3e89f9041,2026-08-28,INITIAL,INITIAL,Regional Plant Health Service,shall,Continuously conduct official surveys under an annual regional plan.,-,Regional Plant Health Service,Exact source facts and corresponding official record.,"[""EU-2020-1201:2(1)"",""IT-DLGS-19-2021:Art.27(1)""]",DETERMINISTIC_RULE,NO,-,-,[REL-02]
PUG-LR4-2017:Art.4(2):pre-LR45-v1,PUG-LR4-2017,PUG-LR4-2017:Art.4(2),2020-08-20,2021-12-18,Pre-L.R.45/2021 regional text inside the Regulation 2020/1201 aperture,file:regulation/jurisdiction/regional/LR-4-2017-Xylella.txt,ed1b083109731d7f6ddec9b6ed0e56826d90651269493d4541bd999ede1868a7,2017-03-30,INITIAL,YES,Regional Plant Health Service,shall,"Design surveys using the pre-amendment scientific/biological inputs, but resolve plant populations through the effective EU 2020/1201 definitions and Annexes rather than superseded Decision 2015/789.",No conclusion beyond the directly applicable EU rule and exact competent act is established.,Regional Plant Health Service,Exact source facts and corresponding official record.,"[""EU-2020-1201:2(3)"",""EU-2020-1201:1(a)"",""EU-2020-1201:1(b)"",""EU-2020-1201:1(c)""]",AUTHORITY_JUDGMENT_REQUIRED,YES,pre-amendment regional/EU authority reconciliation,The source still cites Decision 2015/789 after Regulation 2020/1201 becomes controlling; effective EU definitions govern.,[TEMPORAL CORRESPONDENCE] Pre-amendment text retained only for its bounded point-in-time effect; higher law controls incompatibility. [SPAN 2026-09-01] Quote completed to its sentence end from the same source span (it had been cut mid-word by an earlier extraction); meaning unchanged.
PUG-LR4-2017:Art.4(2):post-LR45-v2,PUG-LR4-2017,PUG-LR4-2017:Art.4(2),2021-12-18,,Effective regional statute read through REL-02,file:regulation/jurisdiction/regional/PUG-LR4-CURRENT.txt,d3ef8bdd5e27d1bbf467911908c6465dafde764a6be36cf8dba2dae3e89f9041,2026-08-28,TEXT_CHANGED,YES,Regional Plant Health Service,shall,"Use technical/scientific data, pest/vector biology, legal plant populations and pertinent presence information.",-,Regional Plant Health Service,Exact source facts and corresponding official record.,"[""EU-2020-1201:2(3)"",""EU-2020-1201:2(5)"",""IT-DLGS-19-2021:Art.27(3)""]",DETERMINISTIC_RULE,NO,-,-,[REL-02]
PUG-LR4-2017:Art.4(3):access:pre-LR45-v1,PUG-LR4-2017,PUG-LR4-2017:Art.4(3):access,2020-08-20,2021-12-18,Pre-L.R.45/2021 regional text inside the Regulation 2020/1201 aperture,file:regulation/jurisdiction/regional/LR-4-2017-Xylella.txt,ed1b083109731d7f6ddec9b6ed0e56826d90651269493d4541bd999ede1868a7,2017-03-30,INITIAL,YES,Authorized survey personnel,may,Permit identified inspectors/agents acting under regional guidelines to access for official survey work even without the owner/holder; later delegated personnel require their own authority.,No conclusion beyond the directly applicable EU rule and exact competent act is established.,Regional Plant Health Service,Exact source facts and corresponding official record.,"[""IT-DLGS-19-2021:Art.33(2):authorized-land-access"",""IT-DLGS-19-2021:Art.20(1):assistant-identity"",""IT-DLGS-19-2021:Art.20(2):appointment-register"",""IT-DLGS-19-2021:Art.20(3):activity-limits"",""IT-DLGS-19-2021:Art.20(4):express-assignment"",""IT-DLGS-19-2021:Art.20(5):proposal-not-decision"",""IT-DLGS-19-2021:Art.24:register-current-status""]",DETERMINISTIC_RULE__EVIDENCE_OR_POLICY_REQUIRED,YES,event-time inspector/agent authority and identification under the applicable survey guidelines,-,[TEMPORAL CORRESPONDENCE] Pre-amendment text retained only for its bounded point-in-time effect; higher law controls incompatibility. [SPAN 2026-09-01] Quote completed to its sentence end from the same source span (it had been cut mid-word by an earlier extraction); meaning unchanged.
PUG-LR4-2017:Art.4(3):access:post-LR45-v2,PUG-LR4-2017,PUG-LR4-2017:Art.4(3):access,2021-12-18,,Effective regional statute read through REL-03,file:regulation/jurisdiction/regional/PUG-LR4-CURRENT.txt,d3ef8bdd5e27d1bbf467911908c6465dafde764a6be36cf8dba2dae3e89f9041,2026-08-28,TEXT_CHANGED,YES,Authorized survey personnel,may,Access land with valid identification even when the owner/holder is absent.,This regional access permission is not established.,Regional Plant Health Service,Exact source facts and corresponding official record.,"[""IT-DLGS-19-2021:Art.33(2):authorized-land-access"",""IT-DLGS-19-2021:Art.20(1):assistant-identity"",""IT-DLGS-19-2021:Art.20(2):appointment-register"",""IT-DLGS-19-2021:Art.20(3):activity-limits"",""IT-DLGS-19-2021:Art.20(4):express-assignment"",""IT-DLGS-19-2021:Art.20(5):proposal-not-decision"",""IT-DLGS-19-2021:Art.24:register-current-status""]",DETERMINISTIC_RULE__EVIDENCE_OR_POLICY_REQUIRED,YES,"event-time official personnel authority, direct or delegated activity, and identification under the applicable survey guidelines",-,[REL-03] Bounded survey access permission; assignment and credential do not transfer authority.
PUG-LR4-2017:Art.4(3):laboratory:pre-LR45-v1,PUG-LR4-2017,PUG-LR4-2017:Art.4(3):laboratory,2020-08-20,2021-12-18,Pre-L.R.45/2021 regional text inside the Regulation 2020/1201 aperture,file:regulation/jurisdiction/regional/LR-4-2017-Xylella.txt,ed1b083109731d7f6ddec9b6ed0e56826d90651269493d4541bd999ede1868a7,2017-03-30,INITIAL,YES,Regional Plant Health Service,shall,"Route samples under the pre-amendment regional accredited-laboratory text, subject to the later controlling national written-designation and event-time scope requirements.",No conclusion beyond the directly applicable EU rule and exact competent act is established.,Regional Plant Health Service,Exact source facts and corresponding official record.,"[""IT-DLGS-19-2021:Art.14(1):designate-official-laboratory"",""IT-DLGS-19-2021:Art.14(2)""]",AUTHORITY_JUDGMENT_REQUIRED,YES,pre-amendment regional/EU authority reconciliation,Regional “accredited by” wording cannot substitute for the controlling national written designation and event-time task/method scope.,[TEMPORAL CORRESPONDENCE] Pre-amendment text retained only for its bounded point-in-time effect; higher law controls incompatibility. [SPAN 2026-09-01] Quote completed to its sentence end from the same source span (it had been cut mid-word by an earlier extraction); meaning unchanged.
PUG-LR4-2017:Art.4(3):laboratory:post-LR45-v2,PUG-LR4-2017,PUG-LR4-2017:Art.4(3):laboratory,2021-12-18,,Effective regional statute read through REL-02,file:regulation/jurisdiction/regional/PUG-LR4-CURRENT.txt,d3ef8bdd5e27d1bbf467911908c6465dafde764a6be36cf8dba2dae3e89f9041,2026-08-28,TEXT_CHANGED,YES,Regional Plant Health Service,shall,Give a result returned through the regional official-laboratory route official evidentiary effect for the Osservatorio's decisions.,"A result proven to come from a laboratory without designation, required accreditation or current status for the task has no official evidentiary effect; missing designation evidence is not a gate.",Regional Plant Health Service,Exact source facts and corresponding official record.,"[""IT-DLGS-19-2021:Art.14(1):designate-official-laboratory"",""IT-DLGS-19-2021:Art.14(2)""]",AUTHORITY_JUDGMENT_REQUIRED,YES,"event-time laboratory designation, accreditation and scope",-,"A result returned through the regional official-laboratory route has official evidentiary effect. Designation, required accreditation and event-time task/method scope are governed by Regulation 2017/625 Article 37, D.lgs. 19 Article 14, Ordinance 10 and DTU 8. Proven absence of a covering designation, required accreditation without lawful derogation, or suspension for the task defeats that effect; missing separate designation evidence does not gate it."
PUG-LR4-2017:Art.4(3):sampling:pre-LR45-v1,PUG-LR4-2017,PUG-LR4-2017:Art.4(3):sampling,2020-08-20,2021-12-18,Pre-L.R.45/2021 regional text inside the Regulation 2020/1201 aperture,file:regulation/jurisdiction/regional/LR-4-2017-Xylella.txt,ed1b083109731d7f6ddec9b6ed0e56826d90651269493d4541bd999ede1868a7,2017-03-30,INITIAL,YES,Authorized survey personnel,shall,Conduct visual examination and sample at periods appropriate to detection under the pre-amendment survey route.,No conclusion beyond the directly applicable EU rule and exact competent act is established.,Regional Plant Health Service,Exact source facts and corresponding official record.,"[""EU-2020-1201:2(4)"",""EU-2020-1201:2(5)""]",AUTHORITY_JUDGMENT_REQUIRED,YES,pre-amendment regional/EU authority reconciliation,-,[TEMPORAL CORRESPONDENCE] Pre-amendment text retained only for its bounded point-in-time effect; higher law controls incompatibility. [SPAN 2026-09-01] Quote completed to its sentence end from the same source span (it had been cut mid-word by an earlier extraction); meaning unchanged.
PUG-LR4-2017:Art.4(3):sampling:post-LR45-v2,PUG-LR4-2017,PUG-LR4-2017:Art.4(3):sampling,2021-12-18,,Effective regional statute read through REL-02,file:regulation/jurisdiction/regional/PUG-LR4-CURRENT.txt,d3ef8bdd5e27d1bbf467911908c6465dafde764a6be36cf8dba2dae3e89f9041,2026-08-28,TEXT_CHANGED,YES,Authorized survey personnel,shall,Collect samples at periods appropriate to pest detection.,The appropriate sampling period or tissue remains unresolved.,Regional Plant Health Service,Exact source facts and corresponding official record.,"[""EU-2020-1201:2(4)"",""EU-2020-1201:2(5)""]",AUTHORITY_JUDGMENT_REQUIRED,YES,event-time detection period and tissue selection,-,"[REL-02] Biological timing is an event-time survey judgment, not a universal calendar."
PUG-LR4-2017:Art.4(3):survey-route:pre-LR45-v1,PUG-LR4-2017,PUG-LR4-2017:Art.4(3):survey-route,2020-08-20,2021-12-18,Pre-L.R.45/2021 regional text inside the Regulation 2020/1201 aperture,file:regulation/jurisdiction/regional/LR-4-2017-Xylella.txt,ed1b083109731d7f6ddec9b6ed0e56826d90651269493d4541bd999ede1868a7,2017-03-30,INITIAL,YES,Regional Plant Health Service,shall,Conduct the pre-amendment official survey through identified inspectors/agents under regional guidelines; this text does not authorize later assistant/delegation routes.,No conclusion beyond the directly applicable EU rule and exact competent act is established.,Regional Plant Health Service,Exact source facts and corresponding official record.,"[""EU-2020-1201:2(2)"",""IT-DLGS-19-2021:Art.6(3)(b)"",""IT-DLGS-19-2021:Art.20(1):assistant-identity"",""IT-DLGS-19-2021:Art.20(2):appointment-register"",""IT-DLGS-19-2021:Art.20(3):activity-limits"",""IT-DLGS-19-2021:Art.20(4):express-assignment"",""IT-DLGS-19-2021:Art.20(5):proposal-not-decision"",""IT-DLGS-19-2021:Art.24:register-current-status""]",DETERMINISTIC_RULE__EVIDENCE_OR_POLICY_REQUIRED,YES,event-time inspector/agent authority and identification under the applicable survey guidelines,-,[TEMPORAL CORRESPONDENCE] Pre-amendment text retained only for its bounded point-in-time effect; higher law controls incompatibility. [SPAN 2026-09-01] Quote completed to its sentence end from the same source span (it had been cut mid-word by an earlier extraction); meaning unchanged.
PUG-LR4-2017:Art.4(3):survey-route:post-LR45-v2,PUG-LR4-2017,PUG-LR4-2017:Art.4(3):survey-route,2021-12-18,,Effective regional statute read through REL-02,file:regulation/jurisdiction/regional/PUG-LR4-CURRENT.txt,d3ef8bdd5e27d1bbf467911908c6465dafde764a6be36cf8dba2dae3e89f9041,2026-08-28,TEXT_CHANGED,YES,Regional Plant Health Service,shall,Conduct official surveys directly or by bounded delegation under service guidelines.,-,Regional Plant Health Service,Exact source facts and corresponding official record.,"[""EU-2020-1201:2(2)"",""IT-DLGS-19-2021:Art.6(3)(b)"",""IT-DLGS-19-2021:Art.20(1):assistant-identity"",""IT-DLGS-19-2021:Art.20(2):appointment-register"",""IT-DLGS-19-2021:Art.20(3):activity-limits"",""IT-DLGS-19-2021:Art.20(4):express-assignment"",""IT-DLGS-19-2021:Art.20(5):proposal-not-decision"",""IT-DLGS-19-2021:Art.24:register-current-status""]",DETERMINISTIC_RULE__EVIDENCE_OR_POLICY_REQUIRED,YES,"event-time official personnel authority, direct or delegated activity, and identification under the applicable survey guidelines",-,[REL-02]
PUG-LR4-2017:Art.4(4):pre-LR45-v1,PUG-LR4-2017,PUG-LR4-2017:Art.4(4),2020-08-20,2021-12-18,Pre-L.R.45/2021 regional text inside the Regulation 2020/1201 aperture,file:regulation/jurisdiction/regional/LR-4-2017-Xylella.txt,ed1b083109731d7f6ddec9b6ed0e56826d90651269493d4541bd999ede1868a7,2017-03-30,INITIAL,YES,Regional Plant Health Service,shall,Apply the pre-amendment annual survey geography and 100 m grid only where it remains compatible with the effective Article 10/15 survey population and exact area state.,No conclusion beyond the directly applicable EU rule and exact competent act is established.,Regional Plant Health Service,Exact source facts and corresponding official record.,"[""EU-2020-1201:10"",""EU-2020-1201:15(2)""]",AUTHORITY_JUDGMENT_REQUIRED,YES,pre-amendment regional/EU authority reconciliation,"Pre-amendment 20 km/100 m-grid text cannot narrow or replace the effective EU confidence, prevalence, population, and branch-specific geography.",[TEMPORAL CORRESPONDENCE] Pre-amendment text retained only for its bounded point-in-time effect; higher law controls incompatibility. [SPAN 2026-09-01] Quote completed to its sentence end from the same source span (it had been cut mid-word by an earlier extraction); meaning unchanged.
PUG-LR4-2017:Art.4(4):post-LR45-v2,PUG-LR4-2017,PUG-LR4-2017:Art.4(4),2021-12-18,,Effective regional statute read through REL-02,file:regulation/jurisdiction/regional/PUG-LR4-CURRENT.txt,d3ef8bdd5e27d1bbf467911908c6465dafde764a6be36cf8dba2dae3e89f9041,2026-08-28,TEXT_CHANGED,YES,Regional Plant Health Service,shall,"Conduct annual inspections in demarcated areas at the appropriate time, using statistically reliable risk-based criteria and current scientific and technical information.",Survey design or timing remains unresolved; the annual duty continues.,Regional Plant Health Service,"Applicable demarcated area and surveillance regime; risk-based survey design, timing, execution and results. The same qualifying survey evidence may establish performance under regional and Union requirements.","[""EU-2020-1201:10"",""EU-2020-1201:15(2)""]",AUTHORITY_JUDGMENT_REQUIRED,YES,area-specific statistical and seasonal survey design,-,"Annual inspection is performed through the regional monitoring plan, implementing the applicable Union surveillance regime. A qualifying survey may satisfy both requirements; separate legal references do not require duplicate fieldwork. Source-specific population, design and timing requirements remain applicable."
PUG-LR4-2017:Art.4(5):v1,PUG-LR4-2017,PUG-LR4-2017:Art.4(5),2021-12-18,,Effective regional statute read through REL-02,file:regulation/jurisdiction/regional/PUG-LR4-CURRENT.txt,d3ef8bdd5e27d1bbf467911908c6465dafde764a6be36cf8dba2dae3e89f9041,2026-08-28,TEXT_CHANGED,YES,Regional Plant Health Service,shall,Concentrate surveys in areas at greater introduction risk.,This risk-concentration rule is not established; the general survey duty continues.,Regional Plant Health Service,Exact source facts and corresponding official record.,"[""EU-2020-1201:2(3)""]",AUTHORITY_JUDGMENT_REQUIRED,YES,pest-free introduction-risk classification,-,"[REL-02] Risk concentration changes allocation, not the existence of the survey duty."
PUG-LR4-2017:Art.4(6):follow-up:v1,PUG-LR4-2017,PUG-LR4-2017:Art.4(6):follow-up,2017-04-14,,Effective regional statute read through REL-02,file:regulation/jurisdiction/regional/PUG-LR4-CURRENT.txt,d3ef8bdd5e27d1bbf467911908c6465dafde764a6be36cf8dba2dae3e89f9041,2026-08-28,INITIAL,INITIAL,Regional Plant Health Service,shall,"Sample all specified plants at the infected-vector finding location under the regional duty. From 17 October 2024, this location-specific performance also contributes to, but cannot narrow or replace, the independently applicable complete EU Article 2(4a) 400 m investigation.","Without the infected-vector finding and specified plants at that location, no regional location-specific sampling follows. Any independently applicable Union investigation remains mandatory.",Regional Plant Health Service,Exact source facts and corresponding official record.,"[""EU-2020-1201:2(4a)""]",DETERMINISTIC_RULE,NO,-,-,The regional location duty predates EU Article 2(4a) and is not conditional on that later provision. The retained higher-authority link applies only from 17 October 2024; shared sampling may satisfy both authorities without shrinking either population.
PUG-LR4-2017:Art.4(6):vector:v1,PUG-LR4-2017,PUG-LR4-2017:Art.4(6):vector,2017-04-14,,Effective regional statute read through REL-02,file:regulation/jurisdiction/regional/PUG-LR4-CURRENT.txt,d3ef8bdd5e27d1bbf467911908c6465dafde764a6be36cf8dba2dae3e89f9041,2026-08-28,INITIAL,INITIAL,Regional Plant Health Service,shall,Monitor confirmed/potential vectors and test samples for early detection.,This regional vector-monitoring route is not established for the geography.,Regional Plant Health Service,Exact source facts and corresponding official record.,"[""EU-2020-1201:2(1)"",""EU-2020-1201:2(4)"",""EU-2020-1201:1(d)""]",DETERMINISTIC_RULE,NO,-,-,[REL-02] Applies to buffer and pest-free geography; suspected vectors remain within the population.
PUG-LR4-2017:Art.4(7):v1,PUG-LR4-2017,PUG-LR4-2017:Art.4(7),2017-04-14,,Effective regional statute read through REL-02,file:regulation/jurisdiction/regional/PUG-LR4-CURRENT.txt,d3ef8bdd5e27d1bbf467911908c6465dafde764a6be36cf8dba2dae3e89f9041,2026-08-28,INITIAL,INITIAL,Regional Plant Health Service,shall,"Report sites/coordinates, samples/species/results and monitoring map to the central service.",-,Regional Plant Health Service,Exact source facts and corresponding official record.,"[""EU-2020-1201:2(8)""]",DETERMINISTIC_RULE,NO,-,-,[REL-02]
PUG-LR4-2017:Art.5(1):v1,PUG-LR4-2017,PUG-LR4-2017:Art.5(1),2017-04-14,,Effective regional statute through eradication relationship,file:regulation/jurisdiction/regional/PUG-LR4-CURRENT.txt,d3ef8bdd5e27d1bbf467911908c6465dafde764a6be36cf8dba2dae3e89f9041,2017-04-14,INITIAL,INITIAL,Regional Plant Health Service,shall,Prescribe the eradication measures required by current higher law while preserving the broken internal cross-reference as a source defect.,This regional eradication prescription authority is not established for the selected subzone.,Regional Plant Health Service,"Exact area, plant population, prescription and execution evidence.","[""EU-2020-1201:7(1)"",""IT-DLGS-19-2021:Art.6(3)(o)""]",DETERMINISTIC_RULE,NO,-,-,[REL-07] Broken internal cross-reference is not guessed; exact branch and subzone come from higher law and the competent area act.
PUG-LR4-2017:Art.5(2):v1,PUG-LR4-2017,PUG-LR4-2017:Art.5(2),2017-04-14,,Effective regional statute through eradication relationship,file:regulation/jurisdiction/regional/PUG-LR4-CURRENT.txt,d3ef8bdd5e27d1bbf467911908c6465dafde764a6be36cf8dba2dae3e89f9041,2017-04-14,INITIAL,INITIAL,Regional Plant Health Service,shall,Order and control immediate removal of the infected plant.,No Article 7 infected-plant removal duty is established.,Regional Plant Health Service,"Exact area, plant population, prescription and execution evidence.","[""EU-2020-1201:7(1)(a)"",""IT-DLGS-19-2021:Art.6(3)(o)""]",DETERMINISTIC_RULE,NO,-,-,[REL-07] A laboratory result supplies evidence; the competent official finding activates removal.
PUG-LR4-2017:Art.5(3):pre-LR45-v1,PUG-LR4-2017,PUG-LR4-2017:Art.5(3),2020-08-20,2021-12-18,Pre-L.R.45/2021 regional text inside the Regulation 2020/1201 aperture,file:regulation/jurisdiction/regional/LR-4-2017-Xylella.txt,ed1b083109731d7f6ddec9b6ed0e56826d90651269493d4541bd999ede1868a7,2017-03-30,INITIAL,YES,Regional Plant Health Service,shall,Do not use the pre-amendment regional 100 m host-removal text to redefine the effective Article 7 population; apply only the controlling EU population and exact area act.,No conclusion beyond the directly applicable EU rule and exact competent act is established.,Regional Plant Health Service,"Exact area, plant population, prescription and execution evidence.","[""EU-2020-1201:7(1)"",""IT-DLGS-19-2021:Art.32(1)""]",AUTHORITY_JUDGMENT_REQUIRED,YES,pre-amendment regional/EU authority reconciliation,Pre-amendment blanket 100 m host-removal text conflicts with the directly applicable Article 7 population after 20 August 2020.,[TEMPORAL CORRESPONDENCE] Pre-amendment text retained only for its bounded point-in-time effect; higher law controls incompatibility. [SPAN 2026-09-01] Quote completed to its sentence end from the same source span (it had been cut mid-word by an earlier extraction); meaning unchanged.
PUG-LR4-2017:Art.5(3):post-LR45-v2,PUG-LR4-2017,PUG-LR4-2017:Art.5(3),2021-12-18,,Effective regional statute through eradication relationship,file:regulation/jurisdiction/regional/PUG-LR4-CURRENT.txt,d3ef8bdd5e27d1bbf467911908c6465dafde764a6be36cf8dba2dae3e89f9041,2021-12-18,TEXT_CHANGED,YES,Regional Plant Health Service,shall,Order immediate removal only for plants for which effective Article 7(1) emits IMMEDIATE_REMOVAL_REQUIRED after its applicable exceptions.,No removal order under this provision for a plant retained or otherwise excluded by the effective Article 7 result.,Regional Plant Health Service,"Exact area, plant population, prescription and execution evidence.","[""EU-2020-1201:7(1)"",""IT-DLGS-19-2021:Art.32(1)""]",DETERMINISTIC_RULE,NO,-,-,[REL-07] Regional text does not redefine Annex II or the complete Article 7 population.
PUG-LR4-2017:Art.5(4):pre-LR45-v1,PUG-LR4-2017,PUG-LR4-2017:Art.5(4),2020-08-20,2021-12-18,Pre-L.R.45/2021 regional text inside the Regulation 2020/1201 aperture,file:regulation/jurisdiction/regional/LR-4-2017-Xylella.txt,ed1b083109731d7f6ddec9b6ed0e56826d90651269493d4541bd999ede1868a7,2017-03-30,INITIAL,YES,Regional Plant Health Service,shall,"Preserve the pre-amendment 100 m vector-operation prescription only as regional implementation subject to the effective Article 8 population, timing, methods, and exact area state.",No conclusion beyond the directly applicable EU rule and exact competent act is established.,Regional Plant Health Service,"Exact area, plant population, prescription and execution evidence.","[""EU-2020-1201:8(1)"",""EU-2020-1201:8(2)""]",AUTHORITY_JUDGMENT_REQUIRED,YES,pre-amendment regional/EU authority reconciliation,Regional 100 m wording cannot narrow continuing Article 8 territorial duties.,[TEMPORAL CORRESPONDENCE] Pre-amendment text retained only for its bounded point-in-time effect; higher law controls incompatibility. [SPAN 2026-09-01] Quote completed to its sentence end from the same source span (it had been cut mid-word by an earlier extraction); meaning unchanged.
PUG-LR4-2017:Art.5(4):post-LR45-v2,PUG-LR4-2017,PUG-LR4-2017:Art.5(4),2021-12-18,,Effective regional statute through eradication relationship,file:regulation/jurisdiction/regional/PUG-LR4-CURRENT.txt,d3ef8bdd5e27d1bbf467911908c6465dafde764a6be36cf8dba2dae3e89f9041,2021-12-18,TEXT_CHANGED,YES,Regional Plant Health Service,shall,Apply necessary precautions based on plant risk and vector cycle.,Precaution selection remains unresolved.,Regional Plant Health Service,"Exact area, plant population, prescription and execution evidence.","[""EU-2020-1201:7(2)""]",AUTHORITY_JUDGMENT_REQUIRED,YES,regional eradication judgment,-,[REL-07]
PUG-LR4-2017:Art.5(5):pre-LR45-v1,PUG-LR4-2017,PUG-LR4-2017:Art.5(5),2020-08-20,2021-12-18,Pre-L.R.45/2021 regional text inside the Regulation 2020/1201 aperture,file:regulation/jurisdiction/regional/LR-4-2017-Xylella.txt,ed1b083109731d7f6ddec9b6ed0e56826d90651269493d4541bd999ede1868a7,2017-03-30,INITIAL,YES,Regional Plant Health Service,shall,Use the pre-amendment 100 m interim isolation/vector route only as temporary regional protection; it does not suspend or replace the controlling Article 7 removal duty.,No conclusion beyond the directly applicable EU rule and exact competent act is established.,Regional Plant Health Service,"Exact area, plant population, prescription and execution evidence.","[""EU-2020-1201:7(1)"",""EU-2020-1201:8(1)""]",AUTHORITY_JUDGMENT_REQUIRED,YES,pre-amendment regional/EU authority reconciliation,Pre-amendment interim isolation cannot become an alternative to mandatory higher-law removal.,[TEMPORAL CORRESPONDENCE] Pre-amendment text retained only for its bounded point-in-time effect; higher law controls incompatibility. [SPAN 2026-09-01] Quote completed to its sentence end from the same source span (it had been cut mid-word by an earlier extraction); meaning unchanged.
PUG-LR4-2017:Art.5(5):post-LR45-v2,PUG-LR4-2017,PUG-LR4-2017:Art.5(5),2021-12-18,,Effective regional statute through eradication relationship,file:regulation/jurisdiction/regional/PUG-LR4-CURRENT.txt,d3ef8bdd5e27d1bbf467911908c6465dafde764a6be36cf8dba2dae3e89f9041,2021-12-18,TEXT_CHANGED,YES,Regional Plant Health Service,shall,"Require owner/holder interim isolation, pruning and source-listed vector-control operations pending removal.",The ordinary removal route remains.,Regional Plant Health Service,"Exact area, plant population, prescription and execution evidence.","[""EU-2020-1201:7(2)"",""EU-2020-1201:8(1)""]",AUTHORITY_JUDGMENT_REQUIRED,YES,regional eradication judgment,-,[REL-07/08]
PUG-LR4-2017:Art.5(6):v1,PUG-LR4-2017,PUG-LR4-2017:Art.5(6),2017-04-14,,Effective regional statute through eradication relationship,file:regulation/jurisdiction/regional/PUG-LR4-CURRENT.txt,d3ef8bdd5e27d1bbf467911908c6465dafde764a6be36cf8dba2dae3e89f9041,2017-04-14,INITIAL,INITIAL,Regional Plant Health Service,shall,Adopt another contributing eradication measure under an integrated ISPM 14 approach.,No additional measure is established.,Regional Plant Health Service,"Exact area, plant population, prescription and execution evidence.","[""EU-2020-1201:11(1)"",""IT-DLGS-19-2021:Art.6(3)(o)""]",AUTHORITY_JUDGMENT_REQUIRED,YES,regional eradication judgment,-,[REL-11]
PUG-LR4-2017:Art.6(1):pre-LR45-v1,PUG-LR4-2017,PUG-LR4-2017:Art.6(1),2020-08-20,2021-12-18,Pre-L.R.45/2021 regional text inside the Regulation 2020/1201 aperture,file:regulation/jurisdiction/regional/LR-4-2017-Xylella.txt,ed1b083109731d7f6ddec9b6ed0e56826d90651269493d4541bd999ede1868a7,2017-03-30,INITIAL,YES,Regional Plant Health Service,may,"Apply containment in place of eradication for the valid, eligible infected-zone geography with a competent operative and current selection, absent an incompatible operative selection or a proven defect with legally unsettled consequence for this selection.","Preserve distinct outcomes for effective eradication, incompatible selections, invalid area, missing selection/eligibility evidence, and a proven defect with legally unsettled consequence for the particular containment selection.",Regional Plant Health Service,"Exact Annex III version, legal area state, official finding and regional decision/evidence.","[""EU-2020-1201:12"",""IT-DLGS-19-2021:Art.31(5):committee-action-plan-approval"",""PUG-LR4-2017:Art.3(2)""]",AUTHORITY_JUDGMENT_REQUIRED,YES,"event-time area validity, Annex III eligibility, competent territorial selection, conflict, and the legal effect of any proven procedural noncompliance",The older regional clause cannot make containment available outside Article 12 and Annex III.,"Containment depends on effective Annex III eligibility, exact territorial selection by the competent regional authority and its currency. The national action-plan coordination duties have separate owners. Missing approval records neither invalidate nor negate selection; a proven defect enters the validity route only where its consequence for this particular selection is legally unsettled. No generic approval-register gate controls other adopted regional measures."
PUG-LR4-2017:Art.6(1):post-LR45-v2,PUG-LR4-2017,PUG-LR4-2017:Art.6(1),2021-12-18,,Effective regional containment statute,file:regulation/jurisdiction/regional/PUG-LR4-CURRENT.txt,d3ef8bdd5e27d1bbf467911908c6465dafde764a6be36cf8dba2dae3e89f9041,2021-12-18,TEXT_CHANGED,YES,Regional Plant Health Service,may,"Apply containment in place of eradication for the valid, eligible infected-zone geography with a competent operative and current selection, absent an incompatible operative selection or a proven defect with legally unsettled consequence for this selection.","Preserve distinct outcomes for effective eradication, incompatible selections, invalid area, missing selection/eligibility evidence, and a proven defect with legally unsettled consequence for the particular containment selection.",Regional Plant Health Service,"Exact Annex III version, legal area state, official finding and regional decision/evidence.","[""EU-2020-1201:12"",""IT-DLGS-19-2021:Art.31(5):committee-action-plan-approval"",""IT-DLGS-19-2021:Art.31(6):adopt-action-plan"",""PUG-LR4-2017:Art.3(2)""]",AUTHORITY_JUDGMENT_REQUIRED,YES,"event-time area validity, Annex III eligibility, competent territorial selection, conflict, and the legal effect of any proven procedural noncompliance",-,"Containment depends on effective Annex III eligibility, exact territorial selection by the competent regional authority and its currency. The national action-plan coordination duties have separate owners. Missing approval records neither invalidate nor negate selection; a proven defect enters the validity route only where its consequence for this particular selection is legally unsettled. No generic approval-register gate controls other adopted regional measures."
PUG-LR4-2017:Art.6(2):pre-LR45-v1,PUG-LR4-2017,PUG-LR4-2017:Art.6(2),2020-08-20,2021-12-18,Pre-L.R.45/2021 regional text inside the Regulation 2020/1201 aperture,file:regulation/jurisdiction/regional/LR-4-2017-Xylella.txt,ed1b083109731d7f6ddec9b6ed0e56826d90651269493d4541bd999ede1868a7,2017-03-30,INITIAL,YES,Regional Plant Health Service,shall,Apply infected-plant removal only through the controlling Article 13 containment population and timing; do not use the older 200 m/site categories as independent removal authority.,No conclusion beyond the directly applicable EU rule and exact competent act is established.,Regional Plant Health Service,"Exact Annex III version, legal area state, official finding and regional decision/evidence.","[""EU-2020-1201:13(1)"",""IT-DLGS-19-2021:Art.6(3)(o)"",""PUG-LR4-2017:Art.6(1)""]",AUTHORITY_JUDGMENT_REQUIRED,YES,pre-amendment regional/EU authority reconciliation,The pre-amendment 200 m/site categories cannot replace the effective Article 13 infected-plant population.,"[TEMPORAL CORRESPONDENCE] Pre-amendment text retained only for its bounded point-in-time effect; higher law controls incompatibility. Eradication, conflict, validity-adjudication, invalid-area and missing parent outcomes propagate without reclassification. [SPAN 2026-09-01] Quote re-extracted from the operative lines of the source; the prior span was split at a page break or began one sentence late; meaning unchanged."
PUG-LR4-2017:Art.6(2):post-LR45-v2,PUG-LR4-2017,PUG-LR4-2017:Art.6(2),2021-12-18,,Effective regional containment statute,file:regulation/jurisdiction/regional/PUG-LR4-CURRENT.txt,d3ef8bdd5e27d1bbf467911908c6465dafde764a6be36cf8dba2dae3e89f9041,2021-12-18,TEXT_CHANGED,YES,Regional Plant Health Service,shall,"Order removal of the Article 13(1) infected-plant population only where removal stands after Article 13(2), with the applicable Article 13(1) immediate or next-flight-season timing.","Scientific retention displaces the removal requirement but preserves Article 14 treatment around retained plants. Where evidence proves the finding did not arise from Article 15(2) monitoring, Article 13 is not established and any separate exact legal basis must be evaluated independently. Missing provenance remains unresolved.",Regional Plant Health Service,"Exact Annex III version, legal area state, official finding and regional decision/evidence.","[""EU-2020-1201:13(1)"",""IT-DLGS-19-2021:Art.6(3)(o)"",""PUG-LR4-2017:Art.6(1)"",""EU-2020-1201:15(2)"",""EU-2020-1201:13(2)""]",AUTHORITY_JUDGMENT_REQUIRED,YES,containment selection or application judgment,-,"[REL-12/13] Containment selection, official infection finding and Article 15(2) discovery provenance are distinct. Wider regional work requires its own exact legal basis. Eradication, conflict, validity-adjudication, invalid-area and missing parent outcomes propagate without reclassification."
PUG-LR4-2017:Art.6(3):pre-LR45-v1,PUG-LR4-2017,PUG-LR4-2017:Art.6(3),2020-08-20,2021-12-18,Pre-L.R.45/2021 regional text inside the Regulation 2020/1201 aperture,file:regulation/jurisdiction/regional/LR-4-2017-Xylella.txt,ed1b083109731d7f6ddec9b6ed0e56826d90651269493d4541bd999ede1868a7,2017-03-30,INITIAL,YES,Regional Plant Health Service,shall,Apply the historical 100 m host-plant sampling and analysis at regular intervals and at least twice yearly only within its compatible regional scope; it cannot narrow or delay the effective Article 15 route. Qualifying analyses may also satisfy overlapping Union surveillance; no duplicate performance is required.,No conclusion beyond the directly applicable EU rule and exact competent act is established.,Regional Plant Health Service,"Exact Annex III version, legal area state, official finding and regional decision/evidence.","[""EU-2020-1201:15(1)"",""EU-2020-1201:15(2)"",""PUG-LR4-2017:Art.6(1)""]",AUTHORITY_JUDGMENT_REQUIRED,YES,pre-amendment regional/EU authority reconciliation,The pre-amendment 100 m/twice-yearly rule is additive and cannot substitute for the complete Article 15 monitoring population.,"[TEMPORAL CORRESPONDENCE] Pre-amendment text retained only for its bounded point-in-time effect; higher law controls incompatibility. Eradication, conflict, validity-adjudication, invalid-area and missing parent outcomes propagate without reclassification. [SPAN 2026-09-01] Quote completed to its sentence end from the same source span (it had been cut mid-word by an earlier extraction); meaning unchanged."
PUG-LR4-2017:Art.6(3):post-LR45-v2,PUG-LR4-2017,PUG-LR4-2017:Art.6(3),2021-12-18,,Effective regional containment statute,file:regulation/jurisdiction/regional/PUG-LR4-CURRENT.txt,d3ef8bdd5e27d1bbf467911908c6465dafde764a6be36cf8dba2dae3e89f9041,2021-12-18,TEXT_CHANGED,YES,Regional Plant Health Service,shall,"As an additive regional implementation, sample and analyse contiguous specified plants; do not narrow or delay the complete immediate Article 15(1) 50 m sampling/testing population.",No regional contiguous-plant conclusion follows; the controlling Article 15(1) route remains independently applicable.,Regional Plant Health Service,"Exact Annex III version, legal area state, official finding and regional decision/evidence.","[""EU-2020-1201:15(1)"",""IT-DLGS-19-2021:Art.6(3)(b)"",""PUG-LR4-2017:Art.6(1)""]",AUTHORITY_JUDGMENT_REQUIRED,YES,containment selection or application judgment,-,"[REL-13/15] Additive contiguous-plant implementation only; never a narrowing or sequencing substitute for the complete immediate 50 m route. Eradication, conflict, validity-adjudication, invalid-area and missing parent outcomes propagate without reclassification."
PUG-LR4-2017:Art.7(1):v1,PUG-LR4-2017,PUG-LR4-2017:Art.7(1),2017-04-14,,Effective regional statute through eradication relationship,file:regulation/jurisdiction/regional/PUG-LR4-CURRENT.txt,d3ef8bdd5e27d1bbf467911908c6465dafde764a6be36cf8dba2dae3e89f9041,2017-04-14,INITIAL,INITIAL,Regional Plant Health Service,shall,"For the applicable Article 9 or 16 destruction population, order in-situ destruction or removal/transport to a designated nearby place within the infected area, preserving lawful limited-destruction alternatives.",No destruction order for a living plant lawfully retained outside that population; removed infected material remains governed by the applicable destruction duty.,Regional Plant Health Service,"Exact area, plant population, prescription and execution evidence.","[""EU-2020-1201:9(1)"",""EU-2020-1201:16(1)""]",DETERMINISTIC_RULE,NO,-,-,[REL-09/16]
PUG-LR4-2017:Art.7(2):v1,PUG-LR4-2017,PUG-LR4-2017:Art.7(2),2017-04-14,,Effective regional statute through eradication relationship,file:regulation/jurisdiction/regional/PUG-LR4-CURRENT.txt,d3ef8bdd5e27d1bbf467911908c6465dafde764a6be36cf8dba2dae3e89f9041,2017-04-14,INITIAL,INITIAL,Regional Plant Health Service,shall,Prescribe agricultural practices and communicate interventions for pest and vector management in infected areas.,-,Regional Plant Health Service,"Exact area, plant population, prescription and execution evidence.","[""EU-2020-1201:8(2)(a)"",""EU-2020-1201:14(2)""]",DETERMINISTIC_RULE,NO,-,-,[REL-08/14]
PUG-LR4-2017:Art.7(4):v1,PUG-LR4-2017,PUG-LR4-2017:Art.7(4),2017-04-14,,Effective regional statute through eradication relationship,file:regulation/jurisdiction/regional/PUG-LR4-CURRENT.txt,d3ef8bdd5e27d1bbf467911908c6465dafde764a6be36cf8dba2dae3e89f9041,2017-04-14,INITIAL,INITIAL,Regional Plant Health Service,shall,Inform the public about the pest threat and measures preventing introduction and spread.,-,Regional Plant Health Service,"Exact area, plant population, prescription and execution evidence.","[""IT-DLGS-19-2021:Art.30(2)""]",DETERMINISTIC_RULE,NO,-,-,[REL-11] Regional public-awareness duty. EU Article 11(3) governs investigation-result recipients and is not its authority.
PUG-LR4-2017:Art.8(5):protected-uninfected-retention:pre-LR45-v1,PUG-LR4-2017,PUG-LR4-2017:Art.8(5):protected-uninfected-retention,2020-08-20,2021-12-18,Pre-L.R.45/2021 regional text inside the Regulation 2020/1201 aperture,file:regulation/jurisdiction/regional/LR-4-2017-Xylella.txt,ed1b083109731d7f6ddec9b6ed0e56826d90651269493d4541bd999ede1868a7,2017-03-30,INITIAL,YES,Regional Plant Health Service,shall not,Do not remove an individual (b)/(c)/(d) monumental olive satisfying the Article 7(3) safeguards and covered by the operative regional retention policy; the pre-L.R. 45 blanket non-removal and isolation text does not apply independently of higher law.,No conclusion beyond the directly applicable EU rule and exact competent act is established.,Regional Plant Health Service,"Individual listed/protected status, official negative result, applicable regional retention policy covering the plant, and Article 7(3) annual inspection, sampling/testing and vector-treatment evidence; no additional discretionary authorization where the policy supplies the choice.","[""EU-2020-1201:7(3)"",""IT-DLGS-19-2021:Art.33(1):uninfected-protected-plant-removal""]",AUTHORITY_JUDGMENT_REQUIRED,YES,individual qualification and event-time regional retention policy application,The pre-amendment blanket protection text is overbroad against directly applicable Article 7 and cannot protect infected or otherwise ineligible plants.,"EU b/c/d eligibility and both safeguards remain individual requirements; independent a/e removal grounds control. An operative regional policy covering the qualifying plant supplies the exercised choice without another discretionary act. Apply the policy for the event-time interval; a policy declining retention supplies no permission, and unavailable applicable authority remains unresolved."
PUG-LR4-2017:Art.8(5):protected-uninfected-retention:post-LR45-v2,PUG-LR4-2017,PUG-LR4-2017:Art.8(5):protected-uninfected-retention,2021-12-18,,Effective regional protected-plant rule,file:regulation/jurisdiction/regional/PUG-LR4-CURRENT.txt,d3ef8bdd5e27d1bbf467911908c6465dafde764a6be36cf8dba2dae3e89f9041,2021-12-18,TEXT_CHANGED,YES,Regional Plant Health Service,shall not,Do not remove an individual b/c/d plant satisfying both Article 7(3) safeguards and covered by the operative regional retention policy.,Independent Article 7(1)(a) or (e) grounds remain controlling. Failure of a safeguard or a competent non-exercise leaves the applicable removal duty in place; missing evidence remains unresolved.,Regional Plant Health Service,"Individual listed/protected status, official negative result, applicable regional retention policy covering the plant, and Article 7(3) annual inspection, sampling/testing and vector-treatment evidence; no additional discretionary authorization where the policy supplies the choice.","[""EU-2020-1201:7(3)"",""IT-DLGS-19-2021:Art.33(1):uninfected-protected-plant-removal"",""EU-2020-1201:7(1)(b)"",""EU-2020-1201:7(1)(c)"",""EU-2020-1201:7(1)(d)"",""EU-2020-1201:7(1)(a)"",""EU-2020-1201:7(1)(e)"",""EU-2020-1201:7(3)(a)"",""EU-2020-1201:7(3)(b)""]",AUTHORITY_JUDGMENT_REQUIRED,YES,individual qualification and event-time regional retention policy application,-,"EU b/c/d eligibility and both safeguards remain individual requirements; independent a/e removal grounds control. An operative regional policy covering the qualifying plant supplies the exercised choice without another discretionary act. Apply the policy for the event-time interval; a policy declining retention supplies no permission, and unavailable applicable authority remains unresolved."
PUG-LR4-2017:Art.8(7bis):infected-piana-alternative-boundary:v1,PUG-LR4-2017,PUG-LR4-2017:Art.8(7bis):infected-piana-alternative-boundary,2021-12-18,,Regional infected-tree conflict boundary,file:regulation/jurisdiction/regional/PUG-LR4-CURRENT.txt,d3ef8bdd5e27d1bbf467911908c6465dafde764a6be36cf8dba2dae3e89f9041,2021-12-18,INITIAL,YES,Regional Plant Health Service,may,Allow an alternative only where an exact higher-law derogation independently permits retention and the competent authority authorizes that precise route; no general owner-choice substitute exists.,Mandatory infected-plant removal remains controlling.,Regional Plant Health Service,"Official infection result, listed monumental-olive status and qualifying Piana location; exact higher-law derogation and its branch/site conditions; Osservatorio authorization of the precise alternative; evidence of the alternative's applicable measures, including its vector controls and any branch-specific testing.","[""EU-2020-1201:7(1)(a)"",""EU-2020-1201:13(1)"",""EU-2020-1201:13(2)""]",AUTHORITY_JUDGMENT_REQUIRED,YES,exact higher-law infected-plant retention derogation,L.R. 4/Piana alternative language cannot independently override Article 7(1)(a) or Article 13(1); Article 13(2) is limited to scientific purposes at qualifying sites.,[REL-07/13] Conflict boundary only; this row never mints a generally lawful alternative-measure branch.
REG-PUGLIA-U181-DIR-2021-00069:canosa-reduced-buffer:v1,REG-PUGLIA-U181-DIR-2021-00069,REG-PUGLIA-U181-DIR-2021-00069:canosa-reduced-buffer,2021-07-27,2021-12-30,Exact competent area act,file:regulation/jurisdiction/regional/DET_69_27_7_2021.pdf,90dcdd87beba7e435bc7012b54c3071ae75b6da164aaa4390b35555beba2b9ca,2021-07-27,INITIAL,INITIAL,Regional Plant Health Service,shall,Record the source act’s Canosa reduction to not less than 1 km and adopted limits; treat it as operative only through the shared area-validity route.,Ordinary buffer remains.,Regional Plant Health Service,"Exact act, evidence, adopted annex and interval.","[""EU-2020-1201:5(1)"",""IT-DLGS-19-2021:Art.31(3):establish-demarcated-area"",""PUG-LR4-2017:Art.3(2)""]",DETERMINISTIC_RULE,YES,area decision,-,[REL-04/05/06] Source span repaired by direct correspondence reread.
REG-PUGLIA-U181-DIR-2021-00069:partial-parcel-rule:v1,REG-PUGLIA-U181-DIR-2021-00069,REG-PUGLIA-U181-DIR-2021-00069:partial-parcel-rule,2021-07-27,2021-12-30,Exact competent area act,file:regulation/jurisdiction/regional/DET_69_27_7_2021.pdf,90dcdd87beba7e435bc7012b54c3071ae75b6da164aaa4390b35555beba2b9ca,2021-07-27,INITIAL,INITIAL,Regional Plant Health Service,shall,Apply source-defined mandatory measures to the parcel administrative relation without classifying every plant infected.,No parcel inclusion follows.,Regional Plant Health Service,"Exact act, evidence, adopted annex and interval.","[""EU-2020-1201:5(1)""]",DETERMINISTIC_RULE,YES,area decision,-,[REL-04/05/06] Source span repaired by direct correspondence reread.
REG-PUGLIA-U181-DIR-2021-00069:pauca-area-update:v1,REG-PUGLIA-U181-DIR-2021-00069,REG-PUGLIA-U181-DIR-2021-00069:pauca-area-update,2021-07-27,2022-11-17,Exact competent area act,file:regulation/jurisdiction/regional/DET_69_27_7_2021.pdf,90dcdd87beba7e435bc7012b54c3071ae75b6da164aaa4390b35555beba2b9ca,2021-07-27,INITIAL,INITIAL,Regional Plant Health Service,shall,"Confirm Monopoli, Polignano and Salento and adopt the wider regional pauca ST53 delimitation in Annex 1 bis until the competent successor state.",-,Regional Plant Health Service,"Exact act, evidence, adopted annex and interval.","[""EU-2020-1201:4(1)"",""IT-DLGS-19-2021:Art.31(9):modify-area-if-necessary""]",DETERMINISTIC_RULE,NO,-,-,[REL-04] Wider pauca state only; Canosa reduction and its revocation remain separate propositions.
REG-PUGLIA-U181-DIR-2021-00135:case-delta:noncommencement-enforcement:v1,REG-PUGLIA-U181-DIR-2021-00135,REG-PUGLIA-U181-DIR-2021-00135:case-delta:noncommencement-enforcement,2021-11-09,,Genuine case-specific operative delta,file:regulation/jurisdiction/regional/bulk/DET-135-2021-FITO-.txt,8e339892edabf2a8e277b3198a6b6a6891d874a77d42cd4d78ae2f7f1d1a6429,2021-11-09,INITIAL,INITIAL,Regional Plant Health Service,shall,"The Osservatorio must direct coercive removal through ARIF of infected plants only, insofar as removal remains lawfully due. This is the case-qualified use of existing substitute/coercive execution authority, not proof of completed removal.",This case noncommencement ground is not established. Missing evidence does not prove noncommencement; this does not discharge removal or prevent enforcement under another applicable ground.,Regional Plant Health Service,"Operative prescription and applicable correction, recipient and lawfully due plant population, legally sufficient notification date, and evidence establishing whether concrete removal work began by the source deadline.","[""IT-DLGS-19-2021:Art.32(3):substitute-execution"",""IT-DLGS-19-2021:Art.55(13):coercive-removal"",""IT-L241-A21BIS:Art.21-bis(1):mass-publicity-route"",""PUG-DPGR22-2021:Art.20(3):publication-not-notice"",""REG-PUGLIA-U181-DIR-2021-00135:case-delta:seasonal-no-treatment-judgment""]",AUTHORITY_JUDGMENT_REQUIRED,YES,"establish the operative recipient relation, notification and actual noncommencement",-,[CASE DELTA ONLY] Commencement is distinct from completion and owner election. This is not a grace period or a bar to earlier lawful intervention. Immediate effectiveness is not itself notification; publication counts only through a legally sufficient notice route.
REG-PUGLIA-U181-DIR-2021-00135:case-delta:seasonal-no-treatment-judgment:v1,REG-PUGLIA-U181-DIR-2021-00135,REG-PUGLIA-U181-DIR-2021-00135:case-delta:seasonal-no-treatment-judgment,2021-11-09,,Genuine case-specific operative delta,file:regulation/jurisdiction/regional/bulk/DET-135-2021-FITO-.txt,8e339892edabf2a8e277b3198a6b6a6891d874a77d42cd4d78ae2f7f1d1a6429,2021-11-09,INITIAL,INITIAL,Regional Plant Health Service,shall,Retain the case-specific no-treatment direction as a legal conflict with Article 14; do not treat it as a lawful seasonal exception or compliant execution.,No no-treatment conclusion follows when the exact case direction is not established.,Regional Plant Health Service,The case's seasonal treatment judgment and the applicable Union treatment requirement.,"[""EU-2020-1201:13(1)"",""EU-2020-1201:14(1)""]",AUTHORITY_JUDGMENT_REQUIRED,YES,resolve regional no-treatment direction against mandatory EU pre-removal treatment,"The case dispenses with treatment, while Article 14(1) supplies no seasonal derogation.",[CASE DELTA ONLY] The source direction remains visible as a conflict; reusable treatment law is unchanged.
REG-PUGLIA-U181-DIR-2021-00177:commission-notification:v1,REG-PUGLIA-U181-DIR-2021-00177,REG-PUGLIA-U181-DIR-2021-00177:commission-notification,2021-12-30,,Exact competent area act,file:regulation/jurisdiction/regional/bulk/DET-177-2021-FITO-.txt,97e0adba050df6bc70d7799c1f7e4bb552743f473c8897bb3aa1ad4015166e86,2021-12-30,INITIAL,INITIAL,Regional Plant Health Service,shall,Notify the Commission through the central service.,-,Regional Plant Health Service,"Exact act, evidence, adopted annex and interval.","[""EU-2020-1201:6(4)"",""IT-DLGS-19-2021:Art.29(2)""]",DETERMINISTIC_RULE,NO,-,-,[REL-04/05/06] Source span repaired by direct correspondence reread.
REG-PUGLIA-U181-DIR-2021-00177:post-lift-plant-surveillance:v1,REG-PUGLIA-U181-DIR-2021-00177,REG-PUGLIA-U181-DIR-2021-00177:post-lift-plant-surveillance,2021-12-30,2023-12-30,Exact competent area act,file:regulation/jurisdiction/regional/bulk/DET-177-2021-FITO-.txt,97e0adba050df6bc70d7799c1f7e4bb552743f473c8897bb3aa1ad4015166e86,2021-12-30,INITIAL,INITIAL,Regional Plant Health Service,shall,Conduct intensive specified-plant surveys for two years.,-,Regional Plant Health Service,"Exact act, evidence, adopted annex and interval.","[""EU-2020-1201:6(3)""]",DETERMINISTIC_RULE,NO,-,-,[REL-04/05/06] Source span repaired by direct correspondence reread.
REG-PUGLIA-U181-DIR-2021-00177:post-lift-vector-monitoring:v1,REG-PUGLIA-U181-DIR-2021-00177,REG-PUGLIA-U181-DIR-2021-00177:post-lift-vector-monitoring,2021-12-30,,Exact competent area act,file:regulation/jurisdiction/regional/bulk/DET-177-2021-FITO-.txt,97e0adba050df6bc70d7799c1f7e4bb552743f473c8897bb3aa1ad4015166e86,2021-12-30,INITIAL,INITIAL,Regional Plant Health Service,shall,Continue vector monitoring for infected-vector absence.,-,Regional Plant Health Service,"Exact act, evidence, adopted annex and interval.","[""EU-2020-1201:6(3)""]",DETERMINISTIC_RULE,NO,-,-,[REL-04/05/06] Source span repaired by direct correspondence reread.
REG-PUGLIA-U181-DIR-2021-00177:revoke-canosa:v1,REG-PUGLIA-U181-DIR-2021-00177,REG-PUGLIA-U181-DIR-2021-00177:revoke-canosa,2021-12-30,,Exact competent area act,file:regulation/jurisdiction/regional/bulk/DET-177-2021-FITO-.txt,97e0adba050df6bc70d7799c1f7e4bb552743f473c8897bb3aa1ad4015166e86,2021-12-30,INITIAL,INITIAL,Regional Plant Health Service,shall,Record the source act’s Canosa lifting; treat legal revocation as operative only through the Article 6 and shared area-validity route.,Area remains active.,Regional Plant Health Service,"Exact act, evidence, adopted annex and interval.","[""EU-2020-1201:6(2)"",""IT-DLGS-19-2021:Art.31(9):modify-area-if-necessary"",""PUG-LR4-2017:Art.3(2)""]",DETERMINISTIC_RULE,YES,area decision,-,[REL-04/05/06] Source span repaired by direct correspondence reread.
REG-PUGLIA-U181-DIR-2022-00004:case-delta:noncommencement-enforcement:v1,REG-PUGLIA-U181-DIR-2022-00004,REG-PUGLIA-U181-DIR-2022-00004:case-delta:noncommencement-enforcement,2022-02-01,,Genuine case-specific operative delta,file:regulation/jurisdiction/regional/bulk/DET-4-2022-FITO-.txt,81f6cbd5f9c10a0ccb9a88e28f3557e7d63a430da99c6e4c50fbcf956947944e,2022-02-01,INITIAL,INITIAL,Regional Plant Health Service,shall,"The Osservatorio must direct coercive removal through ARIF of infected plants only, insofar as removal remains lawfully due. This is the case-qualified use of existing substitute/coercive execution authority, not proof of completed removal.",This case noncommencement ground is not established. Missing evidence does not prove noncommencement; this does not discharge removal or prevent enforcement under another applicable ground.,Regional Plant Health Service,"Operative prescription and applicable correction, recipient and lawfully due plant population, legally sufficient notification date, and evidence establishing whether concrete removal work began by the source deadline.","[""IT-DLGS-19-2021:Art.32(3):substitute-execution"",""IT-DLGS-19-2021:Art.55(13):coercive-removal"",""IT-L241-A21BIS:Art.21-bis(1):mass-publicity-route"",""PUG-DPGR22-2021:Art.20(3):publication-not-notice"",""REG-PUGLIA-U181-DIR-2022-00004:case-delta:piana-alternative-election-conflict""]",AUTHORITY_JUDGMENT_REQUIRED,YES,"establish the operative recipient relation, notification and actual noncommencement",-,[CASE DELTA ONLY] Commencement is distinct from completion and owner election. This is not a grace period or a bar to earlier lawful intervention. Immediate effectiveness is not itself notification; publication counts only through a legally sufficient notice route. Apply only to removal lawfully due after resolving the existing Piana alternative-route conflict; a lawful retention route is not noncommencement default.
REG-PUGLIA-U181-DIR-2022-00004:case-delta:piana-alternative-election-conflict:v1,REG-PUGLIA-U181-DIR-2022-00004,REG-PUGLIA-U181-DIR-2022-00004:case-delta:piana-alternative-election-conflict,2022-02-01,,Genuine case-specific operative delta,file:regulation/jurisdiction/regional/bulk/DET-4-2022-FITO-.txt,81f6cbd5f9c10a0ccb9a88e28f3557e7d63a430da99c6e4c50fbcf956947944e,2022-02-01,INITIAL,INITIAL,Regional Plant Health Service,shall,"Preserve the owner’s source election among owner removal, ARIF removal, and capitozzatura/grafting alternative measures, but permit the alternative only if an exact higher-law infected-plant derogation makes non-removal lawful.","Without an exact higher-law derogation, mandatory infected-plant removal controls despite the recorded election.",Regional Plant Health Service,"The case plant's infection and monumental status, the elected alternative, and applicable higher-law permission and regional authorization.","[""PUG-LR4-2017:Art.8(7bis):infected-piana-alternative-boundary"",""EU-2020-1201:13(1)""]",AUTHORITY_JUDGMENT_REQUIRED,YES,case branch resolution against source miscitation,DDS 4 instantiates the regional Piana alternative without resolving whether higher EU law permits infected-plant non-removal.,[CASE DELTA ONLY] Exact event-time effect; reusable law remains unchanged. [SPAN 2026-09-01] The quote is a stitched excerpt whose final segment had been cut mid-sentence; that segment is completed from the source through its sentence end. Meaning unchanged.
REG-PUGLIA-U181-DIR-2022-00006:case-delta:identity-duty-transfer:v1,REG-PUGLIA-U181-DIR-2022-00006,REG-PUGLIA-U181-DIR-2022-00006:case-delta:identity-duty-transfer,2022-02-08,,Genuine case-specific operative delta,file:regulation/jurisdiction/regional/bulk/DET-6-2022-FITO-.txt,0569baf8504c76c7a820d80b1f4f7a8e87f46f42fa673644dfbe50fd9db39044,2022-02-08,INITIAL,INITIAL,Regional Plant Health Service,shall,Transfer only an independently valid existing infected-plant removal duty to the corrected owner/parcel relation; the correction does not create or validate Article 13 provenance.,"No duty transfer follows without exact correction, effective re-prescription and a separately valid underlying removal duty.",Regional Plant Health Service,"Case act, predecessor relation, exact payload correction, notice/evidence and applicable reusable proposition versions.","[""EU-2020-1201:13(1)"",""PUG-DGR538-2021:notice-owner-identification"",""PUG-DGR538-2021:notice-prescription-issuance"",""PUG-LR4-2017:Art.6(2)""]",AUTHORITY_JUDGMENT_REQUIRED,YES,case-specific correction or source-conflict resolution,-,[CASE DELTA ONLY] Payload remains payload; only the changed legal effect is retained.
REG-PUGLIA-U181-DIR-2022-00006:case-delta:noncommencement-enforcement:v1,REG-PUGLIA-U181-DIR-2022-00006,REG-PUGLIA-U181-DIR-2022-00006:case-delta:noncommencement-enforcement,2022-02-08,,Genuine case-specific operative delta,file:regulation/jurisdiction/regional/bulk/DET-6-2022-FITO-.txt,0569baf8504c76c7a820d80b1f4f7a8e87f46f42fa673644dfbe50fd9db39044,2022-02-08,INITIAL,INITIAL,Regional Plant Health Service,shall,"The Osservatorio must direct coercive removal through ARIF of infected plants only, insofar as removal remains lawfully due. This is the case-qualified use of existing substitute/coercive execution authority, not proof of completed removal.",This case noncommencement ground is not established. Missing evidence does not prove noncommencement; this does not discharge removal or prevent enforcement under another applicable ground.,Regional Plant Health Service,"Operative prescription and applicable correction, recipient and lawfully due plant population, legally sufficient notification date, and evidence establishing whether concrete removal work began by the source deadline.","[""IT-DLGS-19-2021:Art.32(3):substitute-execution"",""IT-DLGS-19-2021:Art.55(13):coercive-removal"",""IT-L241-A21BIS:Art.21-bis(1):mass-publicity-route"",""PUG-DPGR22-2021:Art.20(3):publication-not-notice"",""REG-PUGLIA-U181-DIR-2022-00006:case-delta:identity-duty-transfer"",""REG-PUGLIA-U181-DIR-2022-00006:case-delta:seasonal-no-treatment-judgment""]",AUTHORITY_JUDGMENT_REQUIRED,YES,"establish the operative recipient relation, notification and actual noncommencement",-,[CASE DELTA ONLY] Commencement is distinct from completion and owner election. This is not a grace period or a bar to earlier lawful intervention. Immediate effectiveness is not itself notification; publication counts only through a legally sufficient notice route.
REG-PUGLIA-U181-DIR-2022-00006:case-delta:seasonal-no-treatment-judgment:v1,REG-PUGLIA-U181-DIR-2022-00006,REG-PUGLIA-U181-DIR-2022-00006:case-delta:seasonal-no-treatment-judgment,2022-02-08,,Genuine case-specific operative delta,file:regulation/jurisdiction/regional/bulk/DET-6-2022-FITO-.txt,0569baf8504c76c7a820d80b1f4f7a8e87f46f42fa673644dfbe50fd9db39044,2022-02-08,INITIAL,INITIAL,Regional Plant Health Service,shall,Retain the case-specific no-treatment direction as a legal conflict with Article 14; do not treat it as a lawful seasonal exception or compliant execution.,No no-treatment conclusion follows when the exact case direction is not established.,Regional Plant Health Service,"Case act, predecessor relation, exact payload correction, notice/evidence and applicable reusable proposition versions.","[""EU-2020-1201:14(1)""]",AUTHORITY_JUDGMENT_REQUIRED,YES,resolve regional no-treatment direction against mandatory EU pre-removal treatment,"The case dispenses with treatment, while Article 14(1) supplies no seasonal derogation.",[CASE DELTA ONLY] The source direction remains visible as a conflict; reusable treatment law is unchanged.
REG-PUGLIA-U181-DIR-2022-00031:containment-pool-decomposition:v1,REG-PUGLIA-U181-DIR-2022-00031,REG-PUGLIA-U181-DIR-2022-00031:containment-pool-decomposition,2022-05-13,2025-03-26,Immediately executive regional procedure act (DDS 31 of 13 May 2022) updating the DDS 39/2021 manual under DGR 343/2022; superseded by DDS 45/2025,file:regulation/jurisdiction/regional/All_A_181_DIR_2022_00031.txt,148c3c36a5b7f55bfa08a20206757db5752baf69bc48f0ef0207bbc52c9d755b,2022-05-13,INITIAL,INITIAL,Official laboratory,shall,"On a positive pool from the containment zone, test the seven constituent samples individually to identify the infected plant or plants; the Regional Plant Health Service retains official-finding authority.",Pool positivity does not establish an individual positive sample or an official infected-plant finding.,Regional Plant Health Service,Constituent-sample retention and individual test results.,[],DETERMINISTIC_RULE,NO,-,-,Laboratory routing produces evidence; it does not itself create the official infected-plant finding.
REG-PUGLIA-U181-DIR-2022-00031:containment-treatment-removal-sequence:v1,REG-PUGLIA-U181-DIR-2022-00031,REG-PUGLIA-U181-DIR-2022-00031:containment-treatment-removal-sequence,2022-05-13,2025-03-26,Immediately executive regional procedure act (DDS 31 of 13 May 2022) updating the DDS 39/2021 manual under DGR 343/2022; superseded by DDS 45/2025,file:regulation/jurisdiction/regional/All_A_181_DIR_2022_00031.txt,148c3c36a5b7f55bfa08a20206757db5752baf69bc48f0ef0207bbc52c9d755b,2022-05-13,INITIAL,INITIAL,Regional Plant Health Service / assigned executor,shall,"Where Article 13 removal stands after the scientific non-removal exception: on a finding in the containment zone, apply the authorized-product vector treatment directed at the plants to be removed and the plants around them, wait 48 hours, then remove the infected plants.",Scientific retention displaces the removal requirement but preserves Article 14 treatment around retained plants. Proven omission of the pre-removal treatment is noncompliant; missing treatment or discovery-basis evidence does not cancel removal and remains unresolved.,Regional Plant Health Service,"Treatment record with authorized product and direction, its date, and the removal dates.","[""EU-2020-1201:13(1)"",""EU-2020-1201:14(1)"",""PUG-LR4-2017:Art.6(1)"",""EU-2020-1201:13(2)""]",DETERMINISTIC_RULE__EVIDENCE_OR_POLICY_REQUIRED,YES,event-time treatment adequacy and sequence facts,"The categorical November–March no-treatment instruction stands against Article 14(1), which supplies no seasonal derogation. The section cites Article 15 for containment removal; Article 13 controls removal and Article 15 supplies the monitoring provenance — a source miscitation of the DDS 45 class.","The remaining non-containment parent outcomes propagate as in the sibling containment children; this superseded row states the two operative routes and the conflict compactly. The treatment/wait result establishes readiness only for this sequence step, not performed removal or satisfaction of every other execution requirement."
REG-PUGLIA-U181-DIR-2022-00031:cq-analytical-result-classification:v1,REG-PUGLIA-U181-DIR-2022-00031,REG-PUGLIA-U181-DIR-2022-00031:cq-analytical-result-classification,2022-05-13,2025-03-26,Immediately executive regional procedure act (DDS 31 of 13 May 2022) updating the DDS 39/2021 manual under DGR 343/2022; superseded by DDS 45/2025,file:regulation/jurisdiction/regional/All_A_181_DIR_2022_00031.txt,148c3c36a5b7f55bfa08a20206757db5752baf69bc48f0ef0207bbc52c9d755b,2022-05-13,INITIAL,INITIAL,Official laboratory and Regional Plant Health Service,shall,"Classify the Harper real-time PCR result as positive, doubtful, negative, boundary-unresolved, or evidence-required, adapted to the per-assay controls, without creating an official infected-plant identity.",Invalid or missing analytical evidence produces no analytical classification.,Regional Plant Health Service,Valid Harper et al. 2010 real-time PCR run with negative/positive/no-target controls.,[],DETERMINISTIC_RULE__EVIDENCE_OR_POLICY_REQUIRED,YES,per-assay adaptation against run controls; exact Cq 32 boundary,The doubtful band has no stated upper numeric bound in this version; the 32–35 range appears only in the repeat step of the doubtful route. The successor DDS 45/2025 introduces the Cq>35 negative boundary — a genuine version difference in evidence classification.,-
REG-PUGLIA-U181-DIR-2022-00031:destruction-root-wood-completion:v1,REG-PUGLIA-U181-DIR-2022-00031,REG-PUGLIA-U181-DIR-2022-00031:destruction-root-wood-completion,2022-05-13,2025-03-26,Immediately executive regional procedure act (DDS 31 of 13 May 2022) updating the DDS 39/2021 manual under DGR 343/2022; superseded by DDS 45/2025,file:regulation/jurisdiction/regional/All_A_181_DIR_2022_00031.txt,148c3c36a5b7f55bfa08a20206757db5752baf69bc48f0ef0207bbc52c9d755b,2022-05-13,INITIAL,INITIAL,Regional Plant Health Service / assigned executor,shall,"Completion requires the applicable whole destruction alternative: full destruction with whole-root extraction and no retained wood, or competent limited destruction with required above-ground destruction, treatment of retained stripped wood if any, and roots removed or, where whole-root extraction is impracticable under the source procedure, adequately devitalised. Root devitalisation alone does not complete destruction.",A proven unmet performance condition prevents completion; missing evidence does not establish completion or prove nonperformance.,Regional Plant Health Service,Destruction location and method; root disposition; wood condition.,"[""EU-2020-1201:9(1)"",""EU-2020-1201:9(2)"",""EU-2020-1201:16(1)"",""EU-2020-1201:16(2)""]",DETERMINISTIC_RULE__EVIDENCE_OR_POLICY_REQUIRED,YES,limited-destruction risk decision,The containment section repeats this text verbatim including the Article 9(2) citation; inside containment Article 16 controls the destruction route — the same miscitation class held on the DDS 45 containment row.,"The source allows devitalised roots where extraction is impracticable. This changes the root limb, not the remaining destruction duties. Above-ground material may all be destroyed with roots devitalised; retaining wood is not compulsory. Event-time reconciliation enters only through present outstanding work or risk."
REG-PUGLIA-U181-DIR-2022-00031:doubtful-result-route:v1,REG-PUGLIA-U181-DIR-2022-00031,REG-PUGLIA-U181-DIR-2022-00031:doubtful-result-route,2022-05-13,2025-03-26,Immediately executive regional procedure act (DDS 31 of 13 May 2022) updating the DDS 39/2021 manual under DGR 343/2022; superseded by DDS 45/2025,file:regulation/jurisdiction/regional/All_A_181_DIR_2022_00031.txt,148c3c36a5b7f55bfa08a20206757db5752baf69bc48f0ef0207bbc52c9d755b,2022-05-13,INITIAL,INITIAL,Official laboratory,shall,"Route a doubtful result through repetition on the same extract (Harper or the comparably sensitive Ouyang assay); where all replicates return Cq between 32 and 35, re-extract the pool; where doubt persists, test the constituent samples individually. The route terminates only in analytical classes.",A positive or negative result terminates in its analytical class. Missing stage evidence remains unresolved and never creates an official finding.,Regional Plant Health Service,Repeat-assay records per stage; extract and re-extraction identity.,"[""REG-PUGLIA-U181-DIR-2022-00031:cq-analytical-result-classification""]",DETERMINISTIC_RULE,NO,-,-,"Earlier results remain evidence after the next stage completes; they do not keep completed analytical work outstanding. Each command addresses only its uncompleted source step. A resolved latest result terminates in its analytical class, not an official finding. The successor DDS45 procedure, not this interval, adds CNR aliquot review and resampling."
REG-PUGLIA-U181-DIR-2022-00031:eradication-treatment-removal-sequence:v1,REG-PUGLIA-U181-DIR-2022-00031,REG-PUGLIA-U181-DIR-2022-00031:eradication-treatment-removal-sequence,2022-05-13,2025-03-26,Immediately executive regional procedure act (DDS 31 of 13 May 2022) updating the DDS 39/2021 manual under DGR 343/2022; superseded by DDS 45/2025,file:regulation/jurisdiction/regional/All_A_181_DIR_2022_00031.txt,148c3c36a5b7f55bfa08a20206757db5752baf69bc48f0ef0207bbc52c9d755b,2022-05-13,INITIAL,INITIAL,Regional Plant Health Service / assigned executor,shall,"For the operative post-exception Article 7(1) removal population only: On a finding in the pest-free or buffer zone, apply the authorized-product vector treatment in the infected zone, wait 48 hours, then remove the source-restated Article 7(1)(a)–(e) population.",Proven omission of required treatment is noncompliant; missing treatment or timing evidence does not cancel the Article 7 removal duty and remains unresolved.,Regional Plant Health Service,"Treatment record with authorized product, its date, and the removal dates.","[""EU-2020-1201:7(1)"",""EU-2020-1201:8(1)""]",DETERMINISTIC_RULE__EVIDENCE_OR_POLICY_REQUIRED,YES,event-time treatment adequacy and sequence facts,"The categorical November–March no-treatment instruction carries no adult-vector-monitoring exception (the successor DDS 45 adds one). Against the pre-M5 Article 8(1), which requires treatment prior to and during removal without any flight-season condition, the waiver conflicts for the whole 13 May 2022 – 17 Oct 2024 span; after M5 the analysis matches the DDS 45 conflict class.","The removal-population wording restates the pre-M5 Article 7(1)(a)–(e) text including the not-found-free limb — era-consistent with the effective Union version. Removal-ordering conditions do not reactivate removal for a lawfully retained plant; independent Article 8 and retained-plant treatment duties remain. The treatment/wait result establishes readiness only for this sequence step, not performed removal or satisfaction of every other execution requirement."
REG-PUGLIA-U181-DIR-2022-00031:execution-oversight-and-record:v1,REG-PUGLIA-U181-DIR-2022-00031,REG-PUGLIA-U181-DIR-2022-00031:execution-oversight-and-record,2022-05-13,2025-03-26,Immediately executive regional procedure act (DDS 31 of 13 May 2022) updating the DDS 39/2021 manual under DGR 343/2022; superseded by DDS 45/2025,file:regulation/jurisdiction/regional/All_A_181_DIR_2022_00031.txt,148c3c36a5b7f55bfa08a20206757db5752baf69bc48f0ef0207bbc52c9d755b,2022-05-13,INITIAL,INITIAL,"Assigned plant-health inspector, agent or assistant",shall,"Have every extirpation presided by an inspector, agent or assistant who assists in determining the 50 m population and the plants to remove, verifies the correctness of extirpation and destruction, and records the operation in the App Xylella verbale; the administrative completion state of a plant is reached when its extirpation verbale is entered in the database.","A missing record does not prove nonexecution and never satisfies the underlying duty; verification is neither execution nor the record; the database-entry rule fixes the administrative completion state, not the physical fact.",Regional Plant Health Service,App Xylella verbale with number and species of removed plants; database entry.,"[""IT-DLGS-19-2021:Art.20(1):assistant-identity"",""IT-DLGS-19-2021:Art.20(2):appointment-register"",""IT-DLGS-19-2021:Art.20(3):activity-limits"",""IT-DLGS-19-2021:Art.20(4):express-assignment"",""IT-DLGS-19-2021:Art.24:register-current-status""]",DETERMINISTIC_RULE,NO,-,-,"The eradication and containment branches share these oversight and record duties. Population-identification assistance, correctness verification, the record and the activating duty remain separate; database entry fixes administrative completion, not physical execution. Articles 20/24 govern appointment, register status and assignment; official identity is carried in the operational record. Proven lack of the required status or assignment is consequential; a missing separate register extract is not an added gate."
REG-PUGLIA-U181-DIR-2022-00031:first-level-analysis-registration-return:v1,REG-PUGLIA-U181-DIR-2022-00031,REG-PUGLIA-U181-DIR-2022-00031:first-level-analysis-registration-return,2022-05-13,2025-03-26,Immediately executive regional procedure act (DDS 31 of 13 May 2022) updating the DDS 39/2021 manual under DGR 343/2022; superseded by DDS 45/2025,file:regulation/jurisdiction/regional/All_A_181_DIR_2022_00031.txt,148c3c36a5b7f55bfa08a20206757db5752baf69bc48f0ef0207bbc52c9d755b,2022-05-13,INITIAL,INITIAL,First-level official laboratory,shall,Perform analysis and register it in the database within five working days of receipt; following that performance communicate the results to the Osservatorio.,Outside the applicable receipt/route this performance is not activated. A missed limit does not by itself invalidate the result or establish absence of the pest.,Regional Plant Health Service,"Sample identity, applicable route, receipt by the responsible laboratory, analysis, database registration where required and communication records.",[],DETERMINISTIC_RULE__EVIDENCE_OR_POLICY_REQUIRED,NO,-,-,The five-day maximum covers analysis and registration. The source then orders communication but does not expressly put communication inside that maximum. Applicable immediate-notification duties remain independent. This predecessor rule is not replaced retroactively by DDS45's positive/negative limits.
REG-PUGLIA-U181-DIR-2022-00031:obstruction-remedy-route:v1,REG-PUGLIA-U181-DIR-2022-00031,REG-PUGLIA-U181-DIR-2022-00031:obstruction-remedy-route,2022-05-13,2025-03-26,Immediately executive regional procedure act (DDS 31 of 13 May 2022) updating the DDS 39/2021 manual under DGR 343/2022; superseded by DDS 45/2025,file:regulation/jurisdiction/regional/All_A_181_DIR_2022_00031.txt,148c3c36a5b7f55bfa08a20206757db5752baf69bc48f0ef0207bbc52c9d755b,2022-05-13,INITIAL,INITIAL,ARIF and Regional Plant Health Service,shall,"On documented and recorded denial of access or impediment, inform the Prefect and request public force for forced removal, charging extirpation costs to the owner; the Osservatorio contests the administrative violation for non-execution under D.lgs. 19/2021.","No public-force, forced-work, cost or sanction conclusion follows without documented obstruction, valid recipient notice and the proven legal branch.",Regional Plant Health Service,Obstruction documentation and verbale; Prefect request records; cost and violation-contest records.,"[""IT-DLGS-19-2021:Art.33(2):authorized-land-access"",""IT-DLGS-19-2021:Art.33(2):public-force-assistance"",""IT-DLGS-19-2021:Art.32(3):primary-implementation""]",AUTHORITY_JUDGMENT_REQUIRED,YES,"obstruction proof, Prefect-request attribution and enforcement initiation",The source states that ARIF informs the Prefect and requests public force; D.lgs. 19/2021 Article 33(2) reserves the legally effective request to the competent territorial plant-health service — the same attribution conflict held on the DDS 45 obstruction row.,-
REG-PUGLIA-U181-DIR-2022-00031:pest-free-buffer-pool-confirmation:v1,REG-PUGLIA-U181-DIR-2022-00031,REG-PUGLIA-U181-DIR-2022-00031:pest-free-buffer-pool-confirmation,2022-05-13,2025-03-26,Immediately executive regional procedure act (DDS 31 of 13 May 2022) updating the DDS 39/2021 manual under DGR 343/2022; superseded by DDS 45/2025,file:regulation/jurisdiction/regional/All_A_181_DIR_2022_00031.txt,148c3c36a5b7f55bfa08a20206757db5752baf69bc48f0ef0207bbc52c9d755b,2022-05-13,INITIAL,INITIAL,Official laboratory and second-level confirming laboratory,shall,"Deliver the positive or doubtful pool with its seven constituent bags to the second-level laboratory as soon as possible; the constituents are tested individually by a second molecular test on a different genome region and the subspecies is identified through Section B; the Regional Plant Health Service makes the official finding on that evidence. Once CNR receives a sample in the source pest-free/buffer confirmation route, it performs analysis and communicates the result within five working days; this return deadline is distinct from prompt transfer and result-availability notice.",Pest-free/buffer official confirmation and subspecies identity are not established without the second-level route; missing confirmation never becomes absence.,Regional Plant Health Service,"Second-level test identity, method and target; subspecies record; delivery chain to CNR-IPSP.","[""IT-DLGS-19-2021:Art.28(3)"",""EU-2017-625:Art.100:national-reference-laboratory-status"",""IT-DLGS-19-2021:Art.14(1):designate-official-laboratory""]",DETERMINISTIC_RULE__EVIDENCE_OR_POLICY_REQUIRED,YES,event-time official-laboratory designation scope and second-test method identity,-,"The procedure's different-listed-method instruction is subject to the controlling Union requirement of a different genome region. It names the CNR-IPSP Bari secondary seat; the seat-specific ministerial designation is not an additional finding gate. A positive in a species outside the 35 known specified species also routes to CNR-IPSP for Section B subspecies identification. Laboratory designation, required accreditation and task/method scope remain governed by the national and Union owners; proven disqualification is consequential, but missing separate designation evidence is not a gate. Confirmation supplies evidence for the Article 28(3) decision, not the reverse. Doubtful pools follow the initial repeat/extraction instructions before the applicable second-level route. The five-working-day receipt-to-analysis-and-return maximum governs CNR performance; lateness alone does not defeat confirmation. Confirmation evidence and a proven routing departure are independent: combined outcomes retain both, including where confirmation is incomplete or defeated. The routing predicate asks whether the adverse fact is established; absent routing evidence does not establish it and requires no proof of a clean route before confirmation. An unresolved confirmation requirement is not a proven test or laboratory failure."
REG-PUGLIA-U181-DIR-2022-00031:sample-custody-transfer:v1,REG-PUGLIA-U181-DIR-2022-00031,REG-PUGLIA-U181-DIR-2022-00031:sample-custody-transfer,2022-05-13,2025-03-26,Immediately executive regional procedure act (DDS 31 of 13 May 2022) updating the DDS 39/2021 manual under DGR 343/2022; superseded by DDS 45/2025,file:regulation/jurisdiction/regional/All_A_181_DIR_2022_00031.txt,148c3c36a5b7f55bfa08a20206757db5752baf69bc48f0ef0207bbc52c9d755b,2022-05-13,INITIAL,INITIAL,Assigned survey and transport personnel,shall,"Complete the assistant-team custody transfer through same-day refrigerated delivery, signatures of the two assistants and the driver, and the authorized transporter's countersignature attesting delivery to the laboratory.",Missing custody evidence does not prove transfer or nontransfer; the chain rows are exception-path audit evidence behind a challenged result.,Regional Plant Health Service,Handover record signatures; transporter countersignature attesting delivery.,"[""IT-DLGS-19-2021:Art.20(1):assistant-identity"",""IT-DLGS-19-2021:Art.20(2):appointment-register"",""IT-DLGS-19-2021:Art.20(3):activity-limits"",""IT-DLGS-19-2021:Art.20(4):express-assignment"",""IT-DLGS-19-2021:Art.24:register-current-status""]",DETERMINISTIC_RULE,NO,-,-,"Laboratory acceptance separately verifies record correspondence, sample condition and sealing; the laboratory does not analyse samples arriving in open or unsealed bags and reports their IDs to the service and ARIF. Acceptance is separate from custody transfer. Articles 20/24 govern appointment, register status and assignment; official identity is carried in the operational record. Proven lack of the required status or assignment is consequential; a missing separate register extract is not an added gate."
REG-PUGLIA-U181-DIR-2022-00031:st53-crop-exclusion-conflict:v1,REG-PUGLIA-U181-DIR-2022-00031,REG-PUGLIA-U181-DIR-2022-00031:st53-crop-exclusion-conflict,2022-05-13,2025-03-26,Immediately executive regional procedure act (DDS 31 of 13 May 2022) updating the DDS 39/2021 manual under DGR 343/2022; superseded by DDS 45/2025,file:regulation/jurisdiction/regional/All_A_181_DIR_2022_00031.txt,148c3c36a5b7f55bfa08a20206757db5752baf69bc48f0ef0207bbc52c9d755b,2022-05-13,INITIAL,INITIAL,Regional Plant Health Service,shall not,Do not apply the categorical citrus/peach/apricot/plum exclusion where the plant is reached by the effective Annex II/Article 7 population; require plant-specific controlling evidence.,No categorical exclusion follows; missing plant evidence remains unresolved.,Regional Plant Health Service subject to the controlling EU population,Plant-specific taxon and infection evidence against the effective Annex II version.,"[""EU-2020-1201:7(1)"",""EU-2020-1201:1(c)""]",DETERMINISTIC_RULE,NO,-,The procedure categorically excludes taxa it acknowledges as specified for pauca; a regional procedure cannot amend Annex II. Same conflict class as DGR 1866 and DDS 45; this row supplies the 13 May – 12 Dec 2022 span the plan rows do not cover and continues as procedure text through 26 Mar 2025.,"The same source list retains officially recognized monumental olives testing negative — an implementation of the DGR 343-era Article 7(3) exercise owned by the plan-policy rows. During the DGR 1866 non-exercise interval (12 Dec 2022 – 25 Nov 2024) this unrevised manual instruction stands against the controlling plan policy; held as an operational conflict noted here and on the DGR 1866 policy row, not as a second Article 7(3) owner."
REG-PUGLIA-U181-DIR-2022-00127:area-state-transition:v1,REG-PUGLIA-U181-DIR-2022-00127,REG-PUGLIA-U181-DIR-2022-00127:area-state-transition,2022-11-17,2024-03-14,Exact competent area act,file:regulation/jurisdiction/regional/bulk/DET-127-2022-FITO-70eff34bc0bf.txt,7e2aaddcd2d440c3dbaf5602f42530ea52202e2c3d49b266d39ab390e08e4754,2022-11-17,INITIAL,INITIAL,Regional Plant Health Service,shall,Record the source act and adopted annexes as the source-stated geography: adopt the exact pauca ST53 Valle d’Itria eradication state and its source annexes from this effective date.,"Outside the act's interval or adopted geography, or where its area state is superseded, suspended, revoked or annulled, no area state follows from this act.",Regional Plant Health Service,"Exact act identity, official evidence, adopted geography/cadastral annex, subspecies, regime and interval.","[""EU-2020-1201:4(1)"",""IT-DLGS-19-2021:Art.31(3):establish-demarcated-area"",""EU-2020-1201:7(1)"",""PUG-LR4-2017:Art.3(2)""]",AUTHORITY_JUDGMENT_REQUIRED,YES,constitutive area judgment,-,[REL-04] Valle d’Itria eradication state; replaced separate predecessor geography prospectively. Operative legal-area use is separately gated by PUG-LR4-2017:Art.3(2). [SPAN 2026-09-01] Quote completed to its sentence end from the same source span (it had been cut mid-word by an earlier extraction); meaning unchanged.
REG-PUGLIA-U181-DIR-2023-00002:case-delta:act-specific-mass-publicity-basis:v1,REG-PUGLIA-U181-DIR-2023-00002,REG-PUGLIA-U181-DIR-2023-00002:case-delta:act-specific-mass-publicity-basis,2023-01-25,,Genuine case-specific operative delta,file:regulation/jurisdiction/regional/bulk/DET-2-2023-FITO-78fd95864623.txt,022fad4f780cbfbc96648baa49850b4f7e48e30102901dcc0ffd7078394f0933,2023-01-25,INITIAL,INITIAL,Regional Plant Health Service,shall,Permit this act’s mass-publicity route only through its stated unlocatable-recipient and burdensome-personal-notice predicates.,No other case notice route is validated.,Regional Plant Health Service,"The case act's recipient population, ascertainment of untraceable recipients or individual-communication burden, and specified publicity.","[""IT-L241-A21BIS:Art.21-bis(1):mass-publicity-route""]",AUTHORITY_JUDGMENT_REQUIRED,YES,case-specific grounds and suitability of substituted publicity,-,[CASE DELTA ONLY] This effect remains attached to the exact case and does not redefine reusable law. [SPAN 2026-09-01] Quote completed to its sentence end from the same source span (it had been cut mid-word by an earlier extraction); meaning unchanged.
REG-PUGLIA-U181-DIR-2023-00002:case-delta:noncommencement-enforcement:v1,REG-PUGLIA-U181-DIR-2023-00002,REG-PUGLIA-U181-DIR-2023-00002:case-delta:noncommencement-enforcement,2023-01-25,,Genuine case-specific operative delta,file:regulation/jurisdiction/regional/bulk/DET-2-2023-FITO-78fd95864623.txt,022fad4f780cbfbc96648baa49850b4f7e48e30102901dcc0ffd7078394f0933,2023-01-25,INITIAL,INITIAL,Regional Plant Health Service,shall,"The Osservatorio must direct coercive removal through ARIF of infected plants only, insofar as removal remains lawfully due. This is the case-qualified use of existing substitute/coercive execution authority, not proof of completed removal.",This case noncommencement ground is not established. Missing evidence does not prove noncommencement; this does not discharge removal or prevent enforcement under another applicable ground.,Regional Plant Health Service,"Operative prescription and applicable correction, recipient and lawfully due plant population, legally sufficient notification date, and evidence establishing whether concrete removal work began by the source deadline.","[""IT-DLGS-19-2021:Art.32(3):substitute-execution"",""IT-DLGS-19-2021:Art.55(13):coercive-removal"",""IT-L241-A21BIS:Art.21-bis(1):mass-publicity-route"",""PUG-DPGR22-2021:Art.20(3):publication-not-notice"",""REG-PUGLIA-U181-DIR-2023-00002:case-delta:act-specific-mass-publicity-basis""]",AUTHORITY_JUDGMENT_REQUIRED,YES,"establish the operative recipient relation, notification and actual noncommencement",-,[CASE DELTA ONLY] Commencement is distinct from completion and owner election. This is not a grace period or a bar to earlier lawful intervention. Immediate effectiveness is not itself notification; publication counts only through a legally sufficient notice route.
REG-PUGLIA-U181-DIR-2023-00045:case-delta:noncommencement-enforcement:v1,REG-PUGLIA-U181-DIR-2023-00045,REG-PUGLIA-U181-DIR-2023-00045:case-delta:noncommencement-enforcement,2023-05-09,,Genuine case-specific operative delta,file:regulation/jurisdiction/regional/bulk/DET-45-2023-FITO-8277847ffa75.txt,5fe91d61afdbf7c2802d307dd79ec2f88d1a4a2a247b013646177cb49f50613a,2023-05-09,INITIAL,INITIAL,Regional Plant Health Service,shall,"The Osservatorio must direct coercive removal through ARIF of infected plants and the prescribed plants within 50 m, insofar as removal remains lawfully due. This is the case-qualified use of existing substitute/coercive execution authority, not proof of completed removal.",This case noncommencement ground is not established. Missing evidence does not prove noncommencement; this does not discharge removal or prevent enforcement under another applicable ground.,Regional Plant Health Service,"Operative prescription and applicable correction, recipient and lawfully due plant population, legally sufficient notification date, and evidence establishing whether concrete removal work began by the source deadline.","[""IT-DLGS-19-2021:Art.32(3):substitute-execution"",""IT-DLGS-19-2021:Art.55(13):coercive-removal"",""IT-L241-A21BIS:Art.21-bis(1):mass-publicity-route"",""PUG-DPGR22-2021:Art.20(3):publication-not-notice"",""REG-PUGLIA-U181-DIR-2023-00045:case-delta:pending-monumental-recognition-hold""]",AUTHORITY_JUDGMENT_REQUIRED,YES,"establish the operative recipient relation, notification and actual noncommencement",-,[CASE DELTA ONLY] Commencement is distinct from completion and owner election. This is not a grace period or a bar to earlier lawful intervention. Immediate effectiveness is not itself notification; publication counts only through a legally sufficient notice route. The existing pending monumental-recognition hold remains applicable to its qualified plants.
REG-PUGLIA-U181-DIR-2023-00045:case-delta:pending-monumental-recognition-hold:v1,REG-PUGLIA-U181-DIR-2023-00045,REG-PUGLIA-U181-DIR-2023-00045:case-delta:pending-monumental-recognition-hold,2023-05-09,,Genuine case-specific operative delta,file:regulation/jurisdiction/regional/bulk/DET-45-2023-FITO-8277847ffa75.txt,5fe91d61afdbf7c2802d307dd79ec2f88d1a4a2a247b013646177cb49f50613a,2023-05-09,INITIAL,INITIAL,Regional Plant Health Service,shall,"Hold visually qualifying, negative olives from removal only while official recognition and any required landscape authorization resolve; this is not Article 7(3) retention.",Unrecognized trees return to the controlling removal route; recognized trees require the separate case-specific authorization route.,Regional Plant Health Service,"The case plant's negative test, monumental characteristics, and pending recognition and authorization status.","[""IT-DLGS-19-2021:Art.33(1):uninfected-protected-plant-removal"",""IT-DLGS42-A146:Art.146(2)"",""IT-DLGS42-A146:Art.146(5):regional-decision-owner"",""IT-DLGS42-A146:Art.146(8):superintendent-opinion""]",AUTHORITY_JUDGMENT_REQUIRED,YES,individual recognition status and the resulting case-specific removal or authorization route,-,[CASE DELTA ONLY] This effect remains attached to the exact case and does not redefine reusable law. [SPAN 2026-09-01] The quote is a stitched excerpt whose final segment had been cut mid-sentence; that segment is completed from the source through its sentence end. Meaning unchanged.
REG-PUGLIA-U181-DIR-2023-00051:case-delta:correction-scope-unresolved:v1,REG-PUGLIA-U181-DIR-2023-00051,REG-PUGLIA-U181-DIR-2023-00051:case-delta:correction-scope-unresolved,2023-05-19,,Genuine case-specific operative delta,file:regulation/jurisdiction/regional/bulk/DET-51-2023-FITO-db9ed41fcfb9.txt,293a8bd8cefe82ccc0cd0f8790dd3121150f1019c28befc4b480313ef7f57813,2023-05-19,INITIAL,INITIAL,Regional Plant Health Service,shall,Preserve the predecessor relation and reissued Article 7 package while leaving whether DDS 51 fully replaces or partially corrects DDS 48 unresolved.,The correction title alone proves neither full replacement nor independent duplication.,Regional Plant Health Service,DDS 48/2023 and DDS 51/2023 texts and annexes establishing the exact correction scope; unavailable scope remains unresolved.,"[""EU-2020-1201:7(1)""]",AUTHORITY_JUDGMENT_REQUIRED,YES,"exact full-replacement, partial-correction or independent-order scope",Held text does not identify the exact corrected element despite republishing the complete prescription.,[CASE DELTA ONLY] This effect remains attached to the exact case and does not redefine reusable law. [SPAN 2026-09-02] Stitched excerpt: the act's title ('Rettifica Atto Dirigenziale n. 48 del 15 maggio 2023') supplies the predecessor relation the dispositivo does not restate.
REG-PUGLIA-U181-DIR-2023-00051:case-delta:noncommencement-enforcement:v1,REG-PUGLIA-U181-DIR-2023-00051,REG-PUGLIA-U181-DIR-2023-00051:case-delta:noncommencement-enforcement,2023-05-19,,Genuine case-specific operative delta,file:regulation/jurisdiction/regional/bulk/DET-51-2023-FITO-db9ed41fcfb9.txt,293a8bd8cefe82ccc0cd0f8790dd3121150f1019c28befc4b480313ef7f57813,2023-05-19,INITIAL,INITIAL,Regional Plant Health Service,shall,"The Osservatorio must direct coercive removal through ARIF of infected plants and the prescribed plants within 50 m, insofar as removal remains lawfully due. This is the case-qualified use of existing substitute/coercive execution authority, not proof of completed removal.",This case noncommencement ground is not established. Missing evidence does not prove noncommencement; this does not discharge removal or prevent enforcement under another applicable ground.,Regional Plant Health Service,"Operative prescription and applicable correction, recipient and lawfully due plant population, legally sufficient notification date, and evidence establishing whether concrete removal work began by the source deadline.","[""IT-DLGS-19-2021:Art.32(3):substitute-execution"",""IT-DLGS-19-2021:Art.55(13):coercive-removal"",""IT-L241-A21BIS:Art.21-bis(1):mass-publicity-route"",""PUG-DPGR22-2021:Art.20(3):publication-not-notice"",""REG-PUGLIA-U181-DIR-2023-00051:case-delta:correction-scope-unresolved""]",AUTHORITY_JUDGMENT_REQUIRED,YES,"establish the operative recipient relation, notification and actual noncommencement",-,"[CASE DELTA ONLY] Commencement is distinct from completion and owner election. This is not a grace period or a bar to earlier lawful intervention. Immediate effectiveness is not itself notification; publication counts only through a legally sufficient notice route. DDS51/2023 versus DDS48/2023 correction scope remains a bounded unknown: hold only a conclusion that depends on that unresolved relation, not unrelated established duties."
REG-PUGLIA-U181-DIR-2023-00096:case-delta:noncommencement-enforcement:v1,REG-PUGLIA-U181-DIR-2023-00096,REG-PUGLIA-U181-DIR-2023-00096:case-delta:noncommencement-enforcement,2023-08-28,,Genuine case-specific operative delta,file:regulation/jurisdiction/regional/bulk/DET-96-2023-FITO-dd5bebb3616b.txt,460c2ac9f155456e68a923085ae26a4e957cff7aa19d89d671932ae1e6bdf714,2023-08-28,INITIAL,INITIAL,Regional Plant Health Service,shall,"The Osservatorio must direct coercive removal through ARIF of infected plants and the prescribed plants within 50 m, insofar as removal remains lawfully due. This is the case-qualified use of existing substitute/coercive execution authority, not proof of completed removal.",This case noncommencement ground is not established. Missing evidence does not prove noncommencement; this does not discharge removal or prevent enforcement under another applicable ground.,Regional Plant Health Service,"Operative prescription and applicable correction, recipient and lawfully due plant population, legally sufficient notification date, and evidence establishing whether concrete removal work began by the source deadline.","[""IT-DLGS-19-2021:Art.32(3):substitute-execution"",""IT-DLGS-19-2021:Art.55(13):coercive-removal"",""IT-L241-A21BIS:Art.21-bis(1):mass-publicity-route"",""PUG-DPGR22-2021:Art.20(3):publication-not-notice"",""REG-PUGLIA-U181-DIR-2023-00096:case-delta:pre-m4-monopoli-eradication-fork""]",AUTHORITY_JUDGMENT_REQUIRED,YES,"establish the operative recipient relation, notification and actual noncommencement",-,[CASE DELTA ONLY] Commencement is distinct from completion and owner election. This is not a grace period or a bar to earlier lawful intervention. Immediate effectiveness is not itself notification; publication counts only through a legally sufficient notice route.
REG-PUGLIA-U181-DIR-2023-00096:case-delta:pre-m4-monopoli-eradication-fork:v1,REG-PUGLIA-U181-DIR-2023-00096,REG-PUGLIA-U181-DIR-2023-00096:case-delta:pre-m4-monopoli-eradication-fork,2023-08-28,,Genuine case-specific operative delta,file:regulation/jurisdiction/regional/bulk/DET-96-2023-FITO-dd5bebb3616b.txt,460c2ac9f155456e68a923085ae26a4e957cff7aa19d89d671932ae1e6bdf714,2023-08-28,INITIAL,INITIAL,Regional Plant Health Service,shall,"For this pre-M4 event, resolve Monopoli through Valle d’Itria Article 7 eradication; Article 13 containment and the regional Piana alternative are unavailable.",This point-in-time fork does not prove Monopoli remains eradication-only after M4.,Regional Plant Health Service,"Case date, Monopoli/Valle d'Itria area state, official finding and event-time Annex III eligibility.","[""EU-2020-1201:7(1)"",""REG-PUGLIA-U181-DIR-2022-00127:area-state-transition""]",AUTHORITY_JUDGMENT_REQUIRED,YES,case branch resolution against source miscitation,-,[CASE DELTA ONLY] This effect remains attached to the exact case and does not redefine reusable law. [SPAN 2026-09-01] Quote completed to its sentence end from the same source span (it had been cut mid-word by an earlier extraction); meaning unchanged.
REG-PUGLIA-U181-DIR-2024-00008:area-state-transition:v1,REG-PUGLIA-U181-DIR-2024-00008,REG-PUGLIA-U181-DIR-2024-00008:area-state-transition,2024-02-21,2024-02-27,Exact competent area act,file:regulation/jurisdiction/regional/bulk/DET-8-2024-FITO-af75f0207dbe.txt,6a313bf5ebfeb6b79a0d38aef65b39ea2ae620c59eff3204698aac8d8b88b843,2024-02-21,INITIAL,INITIAL,Regional Plant Health Service,shall,Record the source act and adopted annexes as the source-stated geography: adopt the exact fastidiosa ST1 eradication state and source annexes from this effective date.,"Outside the act's interval or adopted geography, or where its area state is superseded, suspended, revoked or annulled, no area state follows from this act.",Regional Plant Health Service,"Exact act, official evidence, adopted annex, subspecies, regime and interval.","[""EU-2020-1201:4(1)"",""IT-DLGS-19-2021:Art.31(3):establish-demarcated-area"",""EU-2020-1201:7(1)"",""PUG-LR4-2017:Art.3(2)""]",AUTHORITY_JUDGMENT_REQUIRED,YES,constitutive area judgment,-,[REL-04] institutes initial ST1 eradication foci Operative legal-area use is separately gated by PUG-LR4-2017:Art.3(2). [SPAN 2026-09-01] Quote completed to its sentence end from the same source span (it had been cut mid-word by an earlier extraction); meaning unchanged.
REG-PUGLIA-U181-DIR-2024-00012:area-state-transition:v1,REG-PUGLIA-U181-DIR-2024-00012,REG-PUGLIA-U181-DIR-2024-00012:area-state-transition,2024-02-27,2024-04-24,Exact competent area act,file:regulation/jurisdiction/regional/bulk/DET-12-2024-FITO-.txt,06215fc85c5dca54f64f3957252626029d6081469c4f1edfed2d56e8fe844ce4,2024-02-27,INITIAL,INITIAL,Regional Plant Health Service,shall,Record the source act and adopted annexes as the source-stated geography: adopt the exact fastidiosa ST1 eradication state and source annexes from this effective date.,"Outside the act's interval or adopted geography, or where its area state is superseded, suspended, revoked or annulled, no area state follows from this act.",Regional Plant Health Service,"Exact act, official evidence, adopted annex, subspecies, regime and interval.","[""EU-2020-1201:4(1)"",""IT-DLGS-19-2021:Art.31(3):establish-demarcated-area"",""EU-2020-1201:7(1)"",""PUG-LR4-2017:Art.3(2)""]",AUTHORITY_JUDGMENT_REQUIRED,YES,constitutive area judgment,-,[REL-04] adds completed ST1 identity/update Operative legal-area use is separately gated by PUG-LR4-2017:Art.3(2). [SPAN 2026-09-01] Quote completed to its sentence end from the same source span (it had been cut mid-word by an earlier extraction); meaning unchanged.
REG-PUGLIA-U181-DIR-2024-00018:area-state-transition:v1,REG-PUGLIA-U181-DIR-2024-00018,REG-PUGLIA-U181-DIR-2024-00018:area-state-transition,2024-03-14,2024-06-05,Exact competent area act,file:regulation/jurisdiction/regional/bulk/DET-18-2024-FITO-.txt,728f572dc18fbf52a467160a977b83548fe418ffb86350b45e815738a49fc792,2024-03-14,INITIAL,INITIAL,Regional Plant Health Service,shall,Record the source act and adopted annexes as the source-stated geography: adopt the source geography from 14 March 2024; containment selection remains in conflict because Annex III eligibility is not yet effective.,"Outside the act's interval or adopted geography, or where its area state is superseded, suspended, revoked or annulled, no area state follows from this act.",Regional Plant Health Service,"Exact act identity, official evidence, adopted geography/cadastral annex, subspecies, regime and interval.","[""EU-2020-1201:4(1)"",""EU-2020-1201:12"",""IT-DLGS-19-2021:Art.31(3):establish-demarcated-area"",""IT-DLGS-19-2021:Art.31(5):committee-action-plan-approval"",""IT-DLGS-19-2021:Art.31(6):adopt-action-plan"",""PUG-LR4-2017:Art.3(2)""]",AUTHORITY_JUDGMENT_REQUIRED,YES,constitutive area judgment,14 March–4 June 2024: regional containment selection precedes effective Annex III eligibility.,"[REL-04/12] Regional geography exists, but containment authority is unavailable before 5 June 2024. Operative legal-area use is separately gated by PUG-LR4-2017:Art.3(2). [SPAN 2026-09-01] Quote completed to its sentence end from the same source span (it had been cut mid-word by an earlier extraction); meaning unchanged."
REG-PUGLIA-U181-DIR-2024-00018:area-state-transition:v2,REG-PUGLIA-U181-DIR-2024-00018,REG-PUGLIA-U181-DIR-2024-00018:area-state-transition,2024-06-05,2024-11-18,Exact competent area act,file:regulation/jurisdiction/regional/bulk/DET-18-2024-FITO-.txt,728f572dc18fbf52a467160a977b83548fe418ffb86350b45e815738a49fc792,2024-03-14,STATUS_CHANGED,YES,Regional Plant Health Service,shall,"Record the source act and adopted annexes as the source-stated geography: from 5 June 2024 the DDS 18 geography is Annex III-eligible and its containment state continues area-wide. Continuity is established by competent authoritative construction, not inferred from M4 alone: DET 158's recital describes DDS 18 as the act that updated the area 'in cui si attuano misure di contenimento, di cui agli articoli da 13 a 17', and its dispositivo updates that same state 'ai sensi del Reg. UE 2024/2507, di cui alla determina n° 18 del 14/03/2024'. Apply Articles 13–17 area-wide for this interval.","Outside 5 June – 18 November 2024, or outside the DDS 18 geography, no area-wide containment conclusion follows from this version; DDS 158 supplies the next state.",Regional Plant Health Service,"Exact act identity, official evidence, adopted geography/cadastral annex, subspecies, regime and interval.","[""EU-2020-1201:4(1)"",""EU-2020-1201:12"",""IT-DLGS-19-2021:Art.31(3):establish-demarcated-area"",""IT-DLGS-19-2021:Art.31(5):committee-action-plan-approval"",""IT-DLGS-19-2021:Art.31(6):adopt-action-plan"",""PUG-LR4-2017:Art.3(2)""]",AUTHORITY_JUDGMENT_REQUIRED,YES,constitutive area judgment (continuity resolved by competent successor construction),Resolved 2026-09-01: the former area-wide continuity unknown is closed. M4 supplies Annex III eligibility and later competent regional acts expressly continue and update the DDS 18 containment state (DET 158; DGR 1593 lineage). The premature-adoption conflict remains recorded on v1 for the pre-M4 interval.,[REL-04/12] Post-M4 case acts may validate their exact cases without curing DDS 18 area-wide continuity. DDS 158 supplies the next unambiguous area-wide selection on 18 November 2024. Operative legal-area use is separately gated by PUG-LR4-2017:Art.3(2). [SPAN 2026-09-01] Quote completed to its sentence end from the same source span (it had been cut mid-word by an earlier extraction); meaning unchanged.
REG-PUGLIA-U181-DIR-2024-00027:case-delta:noncommencement-enforcement:v1,REG-PUGLIA-U181-DIR-2024-00027,REG-PUGLIA-U181-DIR-2024-00027:case-delta:noncommencement-enforcement,2024-04-08,,Genuine case-specific operative delta,file:regulation/jurisdiction/regional/DDS-27-2024-standard-art13.txt,1ac3b9142e72c4e55bddd5edbeefdaa277daa0197f133f36e9ec8fdba7fadf64,2024-04-08,INITIAL,INITIAL,Regional Plant Health Service,shall,"The Osservatorio must direct coercive removal through ARIF of infected plants only, insofar as removal remains lawfully due. This is the case-qualified use of existing substitute/coercive execution authority, not proof of completed removal.",This case noncommencement ground is not established. Missing evidence does not prove noncommencement; this does not discharge removal or prevent enforcement under another applicable ground.,Regional Plant Health Service,"Operative prescription and applicable correction, recipient and lawfully due plant population, legally sufficient notification date, and evidence establishing whether concrete removal work began by the source deadline.","[""IT-DLGS-19-2021:Art.32(3):substitute-execution"",""IT-DLGS-19-2021:Art.55(13):coercive-removal"",""IT-L241-A21BIS:Art.21-bis(1):mass-publicity-route"",""PUG-DPGR22-2021:Art.20(3):publication-not-notice"",""REG-PUGLIA-U181-DIR-2024-00027:case-delta:pre-m4-containment-authority-conflict""]",AUTHORITY_JUDGMENT_REQUIRED,YES,"establish the operative recipient relation, notification and actual noncommencement",-,[CASE DELTA ONLY] Commencement is distinct from completion and owner election. This is not a grace period or a bar to earlier lawful intervention. Immediate effectiveness is not itself notification; publication counts only through a legally sufficient notice route. The source Article 13 miscitation does not validate premature containment; the existing case authority-conflict owner controls the operative branch.
REG-PUGLIA-U181-DIR-2024-00027:case-delta:pre-m4-containment-authority-conflict:v1,REG-PUGLIA-U181-DIR-2024-00027,REG-PUGLIA-U181-DIR-2024-00027:case-delta:pre-m4-containment-authority-conflict,2024-04-08,,Genuine case-specific operative delta,file:regulation/jurisdiction/regional/DDS-27-2024-standard-art13.txt,1ac3b9142e72c4e55bddd5edbeefdaa277daa0197f133f36e9ec8fdba7fadf64,2024-04-08,INITIAL,INITIAL,Regional Plant Health Service,shall,"Treat infected-plant removal as supported under Article 7(1)(a), reject the premature Article 13 branch before Annex III eligibility, and record that the remaining Article 7 population was not discharged at event time.","No valid containment selection, discharge of the complete Article 7 population, or presently executable owner-order population follows.",Regional Plant Health Service,"Case date, DDS 18 geography, event-time Annex III eligibility and official infected finding.","[""EU-2020-1201:7(1)(a)"",""EU-2020-1201:12"",""REG-PUGLIA-U181-DIR-2024-00018:area-state-transition""]",AUTHORITY_JUDGMENT_REQUIRED,YES,case branch resolution against source miscitation,DDS 27 applies Article 13 before M4 makes the geography Annex III-eligible.,"[CASE DELTA ONLY] The event-time Member State duty is distinct from any continuing executable owner prescription; present enforceability requires its own valid act, notice and current authority."
REG-PUGLIA-U181-DIR-2024-00029:area-state-transition:v1,REG-PUGLIA-U181-DIR-2024-00029,REG-PUGLIA-U181-DIR-2024-00029:area-state-transition,2024-04-08,2024-07-22,Exact competent area act,file:regulation/jurisdiction/regional/bulk/DET-29-2024-FITO-.txt,9cd7bbf968fe073fa6fff0055e30e72acfb9cc84e921dd6b851878ac57dadcb0,2024-04-08,INITIAL,INITIAL,Regional Plant Health Service,shall,Record the source act and adopted annexes as the source-stated geography: adopt the exact multiplex ST26 eradication state and source annexes from this effective date.,"Outside the act's interval or adopted geography, or where its area state is superseded, suspended, revoked or annulled, no area state follows from this act.",Regional Plant Health Service,"Exact act, official evidence, adopted annex, subspecies, regime and interval.","[""EU-2020-1201:4(1)"",""IT-DLGS-19-2021:Art.31(3):establish-demarcated-area"",""EU-2020-1201:7(1)"",""PUG-LR4-2017:Art.3(2)""]",AUTHORITY_JUDGMENT_REQUIRED,YES,constitutive area judgment,-,[REL-04] institutes Santeramo eradication state Operative legal-area use is separately gated by PUG-LR4-2017:Art.3(2). [SPAN 2026-09-01] Quote completed to its sentence end from the same source span (it had been cut mid-word by an earlier extraction); meaning unchanged.
REG-PUGLIA-U181-DIR-2024-00045:area-state-transition:v1,REG-PUGLIA-U181-DIR-2024-00045,REG-PUGLIA-U181-DIR-2024-00045:area-state-transition,2024-04-24,2024-07-24,Exact competent area act,file:regulation/jurisdiction/regional/bulk/DET-45-2024-FITO-.txt,f3e35347889ca3a68214039595289806a5c844b0533b7540c868512c6a92883f,2024-04-24,INITIAL,INITIAL,Regional Plant Health Service,shall,Record the source act and adopted annexes as the source-stated geography: adopt the exact fastidiosa ST1 eradication state and source annexes from this effective date.,"Outside the act's interval or adopted geography, or where its area state is superseded, suspended, revoked or annulled, no area state follows from this act.",Regional Plant Health Service,"Exact act, official evidence, adopted annex, subspecies, regime and interval.","[""EU-2020-1201:4(1)"",""IT-DLGS-19-2021:Art.31(3):establish-demarcated-area"",""EU-2020-1201:7(1)"",""PUG-LR4-2017:Art.3(2)""]",AUTHORITY_JUDGMENT_REQUIRED,YES,constitutive area judgment,-,[REL-04] expands ST1 eradication state Operative legal-area use is separately gated by PUG-LR4-2017:Art.3(2). [SPAN 2026-09-01] Quote completed to its sentence end from the same source span (it had been cut mid-word by an earlier extraction); meaning unchanged.
REG-PUGLIA-U181-DIR-2024-00052:case-delta:noncommencement-enforcement:v1,REG-PUGLIA-U181-DIR-2024-00052,REG-PUGLIA-U181-DIR-2024-00052:case-delta:noncommencement-enforcement,2024-05-06,,Genuine case-specific operative delta,file:regulation/jurisdiction/regional/bulk/DET-52-2024-FITO-.txt,677db7dd5bd87c01f7b4be0c86617d131b6618dc4c4a30f0c1c9bdbbe31326c1,2024-05-06,INITIAL,INITIAL,Regional Plant Health Service,shall,"The Osservatorio must direct coercive removal through ARIF of infected plants only, insofar as removal remains lawfully due. This is the case-qualified use of existing substitute/coercive execution authority, not proof of completed removal.",This case noncommencement ground is not established. Missing evidence does not prove noncommencement; this does not discharge removal or prevent enforcement under another applicable ground.,Regional Plant Health Service,"Operative prescription and applicable correction, recipient and lawfully due plant population, legally sufficient notification date, and evidence establishing whether concrete removal work began by the source deadline.","[""IT-DLGS-19-2021:Art.32(3):substitute-execution"",""IT-DLGS-19-2021:Art.55(13):coercive-removal"",""IT-L241-A21BIS:Art.21-bis(1):mass-publicity-route"",""PUG-DPGR22-2021:Art.20(3):publication-not-notice"",""REG-PUGLIA-U181-DIR-2024-00052:case-delta:staged-article7-workload"",""REG-PUGLIA-U181-DIR-2024-00052:case-delta:st1-olive-nonmembership-boundary""]",AUTHORITY_JUDGMENT_REQUIRED,YES,"establish the operative recipient relation, notification and actual noncommencement",-,[CASE DELTA ONLY] Commencement is distinct from completion and owner election. This is not a grace period or a bar to earlier lawful intervention. Immediate effectiveness is not itself notification; publication counts only through a legally sufficient notice route.
REG-PUGLIA-U181-DIR-2024-00052:case-delta:st1-olive-nonmembership-boundary:v1,REG-PUGLIA-U181-DIR-2024-00052,REG-PUGLIA-U181-DIR-2024-00052:case-delta:st1-olive-nonmembership-boundary,2024-05-06,,Genuine case-specific operative delta,file:regulation/jurisdiction/regional/bulk/DET-52-2024-FITO-.txt,677db7dd5bd87c01f7b4be0c86617d131b6618dc4c4a30f0c1c9bdbbe31326c1,2024-05-06,INITIAL,INITIAL,Regional Plant Health Service,shall,"Treat uninfected, asymptomatic olive as outside the ST1 specified-plant limbs only; independently infected, symptomatic, or suspected olive remains in Article 7.",No general olive immunity is established.,Regional Plant Health Service,"Event-time Annex II ST1 population and the individual olive's infection, symptom and suspicion facts.","[""EU-2020-1201:7(1)"",""EU-2020-1201:1(c)""]",AUTHORITY_JUDGMENT_REQUIRED,YES,case branch resolution against source miscitation,DDS 52 states olive is not susceptible to ST1; this cannot override independently satisfied Article 7 predicates.,[CASE DELTA ONLY] This effect remains attached to the exact case and does not redefine reusable law. [SPAN 2026-09-02] Quote re-extracted to the dispositivo point 4 that states the olive rule.
REG-PUGLIA-U181-DIR-2024-00052:case-delta:staged-article7-workload:v1,REG-PUGLIA-U181-DIR-2024-00052,REG-PUGLIA-U181-DIR-2024-00052:case-delta:staged-article7-workload,2024-05-06,,Genuine case-specific operative delta,file:regulation/jurisdiction/regional/bulk/DET-52-2024-FITO-.txt,677db7dd5bd87c01f7b4be0c86617d131b6618dc4c4a30f0c1c9bdbbe31326c1,2024-05-06,INITIAL,INITIAL,Regional Plant Health Service,shall,Prescribe immediate removal of the 76 officially infected plants and retain the complete 50 m Article 7 population as an unfinished later-prescription workload.,The first-stage infected-plant execution does not satisfy or cancel the deferred 50 m population.,Regional Plant Health Service,The case's infected-plant list and express deferral of the remaining 50 m Article 7 prescription workload.,"[""EU-2020-1201:7(1)"",""REG-PUGLIA-U181-DIR-2024-00045:area-state-transition""]",AUTHORITY_JUDGMENT_REQUIRED,YES,scope of the initial prescription and its undischarged Article 7 workload,-,[CASE DELTA ONLY] This effect remains attached to the exact case and does not redefine reusable law. [SPAN 2026-09-01] Quote completed to its sentence end from the same source span (it had been cut mid-word by an earlier extraction); meaning unchanged.
REG-PUGLIA-U181-DIR-2024-00091:area-state-transition:v1,REG-PUGLIA-U181-DIR-2024-00091,REG-PUGLIA-U181-DIR-2024-00091:area-state-transition,2024-07-22,2024-11-12,Exact competent area act,file:regulation/jurisdiction/regional/bulk/DET-91-2024-FITO-.txt,6e5b464a5c84fba18a28a887aed1d7f7a727db5f2fab4d7e3d41a9044f87b2e3,2024-07-22,INITIAL,INITIAL,Regional Plant Health Service,shall,Record the source act and adopted annexes as the source-stated geography: adopt the exact multiplex ST26 eradication state and source annexes from this effective date.,"Outside the act's interval or adopted geography, or where its area state is superseded, suspended, revoked or annulled, no area state follows from this act.",Regional Plant Health Service,"Exact act, official evidence, adopted annex, subspecies, regime and interval.","[""EU-2020-1201:4(1)"",""IT-DLGS-19-2021:Art.31(3):establish-demarcated-area"",""EU-2020-1201:7(1)"",""PUG-LR4-2017:Art.3(2)""]",AUTHORITY_JUDGMENT_REQUIRED,YES,constitutive area judgment,-,[REL-04] Santeramo state ends at unavailable DDS 148; exact intermediate geometry remains unknown. Operative legal-area use is separately gated by PUG-LR4-2017:Art.3(2). [SPAN 2026-09-01] Quote completed to its sentence end from the same source span (it had been cut mid-word by an earlier extraction); meaning unchanged.
REG-PUGLIA-U181-DIR-2024-00092:area-state-transition:v1,REG-PUGLIA-U181-DIR-2024-00092,REG-PUGLIA-U181-DIR-2024-00092:area-state-transition,2024-07-22,,Exact competent area act,file:regulation/jurisdiction/regional/AREA-DDS-92-2024-Bari.txt,8f3e9bc146d94cafbfdbbe38d70219043bf703df1b6b8ce2392673dca2fa229b,2024-07-22,INITIAL,INITIAL,Regional Plant Health Service,shall,Record the source act and adopted annexes as the source-stated geography: adopt the exact pauca ST53 Bari eradication state and its source annexes from this effective date.,"Outside the act's interval or adopted geography, or where its area state is superseded, suspended, revoked or annulled, no area state follows from this act.",Regional Plant Health Service,"Exact act identity, official evidence, adopted geography/cadastral annex, subspecies, regime and interval.","[""EU-2020-1201:4(1)"",""IT-DLGS-19-2021:Art.31(3):establish-demarcated-area"",""EU-2020-1201:7(1)"",""PUG-LR4-2017:Art.3(2)""]",AUTHORITY_JUDGMENT_REQUIRED,YES,constitutive area judgment,-,[REL-04] independent pauca area Operative legal-area use is separately gated by PUG-LR4-2017:Art.3(2).
REG-PUGLIA-U181-DIR-2024-00093:area-state-transition:v1,REG-PUGLIA-U181-DIR-2024-00093,REG-PUGLIA-U181-DIR-2024-00093:area-state-transition,2024-07-23,,Exact competent area act,file:regulation/jurisdiction/regional/AREA-DDS-93-2024-Multiplex.txt,ed9dbf694553ff9c1bf98fb6635ea014fbe202b649e28e2f9144708c1ca406f2,2024-07-23,INITIAL,INITIAL,Regional Plant Health Service,shall,Record the source act and adopted annexes as the source-stated geography: adopt the exact multiplex ST26 two independent eradication areas state and its source annexes from this effective date.,"Outside the act's interval or adopted geography, or where its area state is superseded, suspended, revoked or annulled, no area state follows from this act.",Regional Plant Health Service,"Exact act identity, official evidence, adopted geography/cadastral annex, subspecies, regime and interval.","[""EU-2020-1201:4(1)"",""IT-DLGS-19-2021:Art.31(3):establish-demarcated-area"",""EU-2020-1201:7(1)"",""PUG-LR4-2017:Art.3(2)""]",AUTHORITY_JUDGMENT_REQUIRED,YES,constitutive area judgment,-,[REL-04] Capurso and Noicattaro/Triggiano multiplex areas coexist independently. Operative legal-area use is separately gated by PUG-LR4-2017:Art.3(2). [SPAN 2026-09-01] Quote completed to its sentence end from the same source span (it had been cut mid-word by an earlier extraction); meaning unchanged.
REG-PUGLIA-U181-DIR-2024-00094:area-state-transition:v1,REG-PUGLIA-U181-DIR-2024-00094,REG-PUGLIA-U181-DIR-2024-00094:area-state-transition,2024-07-24,2025-12-18,Exact competent area act,file:regulation/jurisdiction/regional/AREA-DDS-94-2024-ST1.txt,e91df67e32abf82081ce67924e6b4110c2a0b4b99b5ae80a808ae852c7f9fa8c,2024-07-24,INITIAL,INITIAL,Regional Plant Health Service,shall,Record the source act and adopted annexes as the source-stated geography: adopt the exact fastidiosa ST1 eradication state and its source annexes from this effective date.,"Outside the act's interval or adopted geography, or where its area state is superseded, suspended, revoked or annulled, no area state follows from this act.",Regional Plant Health Service,"Exact act identity, official evidence, adopted geography/cadastral annex, subspecies, regime and interval.","[""EU-2020-1201:4(1)"",""IT-DLGS-19-2021:Art.31(3):establish-demarcated-area"",""EU-2020-1201:7(1)"",""PUG-LR4-2017:Art.3(2)""]",AUTHORITY_JUDGMENT_REQUIRED,YES,constitutive area judgment,-,[REL-04] intermediate ST1 state Operative legal-area use is separately gated by PUG-LR4-2017:Art.3(2).
REG-PUGLIA-U181-DIR-2024-00138:case-delta:noncommencement-enforcement:v1,REG-PUGLIA-U181-DIR-2024-00138,REG-PUGLIA-U181-DIR-2024-00138:case-delta:noncommencement-enforcement,2024-10-28,,Genuine case-specific operative delta,file:regulation/jurisdiction/regional/bulk/DET-138-2024-FITO-.txt,8ad57764bfa36efa4317bd155d060c1e3a77a7f3ed42166b8ebda74fdc776b4b,2024-10-28,INITIAL,INITIAL,Regional Plant Health Service,shall,"The Osservatorio must direct coercive removal through ARIF of infected plants only, insofar as removal remains lawfully due. This is the case-qualified use of existing substitute/coercive execution authority, not proof of completed removal.",This case noncommencement ground is not established. Missing evidence does not prove noncommencement; this does not discharge removal or prevent enforcement under another applicable ground.,Regional Plant Health Service,"Operative prescription and applicable correction, recipient and lawfully due plant population, legally sufficient notification date, and evidence establishing whether concrete removal work began by the source deadline.","[""IT-DLGS-19-2021:Art.32(3):substitute-execution"",""IT-DLGS-19-2021:Art.55(13):coercive-removal"",""IT-L241-A21BIS:Art.21-bis(1):mass-publicity-route"",""PUG-DPGR22-2021:Art.20(3):publication-not-notice"",""REG-PUGLIA-U181-DIR-2024-00138:case-delta:post-m5-stale-article7-text""]",AUTHORITY_JUDGMENT_REQUIRED,YES,"establish the operative recipient relation, notification and actual noncommencement",-,[CASE DELTA ONLY] Commencement is distinct from completion and owner election. This is not a grace period or a bar to earlier lawful intervention. Immediate effectiveness is not itself notification; publication counts only through a legally sufficient notice route.
REG-PUGLIA-U181-DIR-2024-00138:case-delta:post-m5-stale-article7-text:v1,REG-PUGLIA-U181-DIR-2024-00138,REG-PUGLIA-U181-DIR-2024-00138:case-delta:post-m5-stale-article7-text,2024-10-28,,Genuine case-specific operative delta,file:regulation/jurisdiction/regional/bulk/DET-138-2024-FITO-.txt,8ad57764bfa36efa4317bd155d060c1e3a77a7f3ed42166b8ebda74fdc776b4b,2024-10-28,INITIAL,INITIAL,Regional Plant Health Service,shall,"Resolve the case through the Article 7 version effective at decision time, including the M5 alternative evidence routes; the copied pre-M5 letter (e) wording cannot narrow or enlarge the population.",No case population is derived from stale embedded text alone.,Regional Plant Health Service,"Case date, the copied population text, and the applicable Article 7 version and plant-specific evidence.","[""EU-2020-1201:7(1)""]",AUTHORITY_JUDGMENT_REQUIRED,YES,case branch resolution against source miscitation,Order copies pre-M5 Article 7(1)(e) wording after M5 changed the reusable population.,[CASE DELTA ONLY] Exact event-time effect; no reusable population is redefined. [SPAN 2026-09-01] Quote completed to its sentence end from the same source span (it had been cut mid-word by an earlier extraction); meaning unchanged.
REG-PUGLIA-U181-DIR-2024-00147:case-delta:noncommencement-enforcement:v1,REG-PUGLIA-U181-DIR-2024-00147,REG-PUGLIA-U181-DIR-2024-00147:case-delta:noncommencement-enforcement,2024-11-08,,Genuine case-specific operative delta,file:regulation/jurisdiction/regional/DDS-147-2024-enforcement-excerpt.txt,4489e65446aa6af2f177eeda28794d1e37451318f3a4d4d12c1be0e921cd8d9b,2024-11-08,INITIAL,INITIAL,Regional Plant Health Service,shall,"The Osservatorio must direct coercive removal through ARIF of infected plants only, insofar as removal remains lawfully due. This is the case-qualified use of existing substitute/coercive execution authority, not proof of completed removal.",This case noncommencement ground is not established. Missing evidence does not prove noncommencement; this does not discharge removal or prevent enforcement under another applicable ground.,Regional Plant Health Service,"Operative prescription and applicable correction, recipient and lawfully due plant population, legally sufficient notification date, and evidence establishing whether concrete removal work began by the source deadline.","[""IT-DLGS-19-2021:Art.32(3):substitute-execution"",""IT-DLGS-19-2021:Art.55(13):coercive-removal"",""IT-L241-A21BIS:Art.21-bis(1):mass-publicity-route"",""PUG-DPGR22-2021:Art.20(3):publication-not-notice""]",AUTHORITY_JUDGMENT_REQUIRED,YES,"establish the operative recipient relation, notification and actual noncommencement",-,[CASE DELTA ONLY] Commencement is distinct from completion and owner election. This is not a grace period or a bar to earlier lawful intervention. Immediate effectiveness is not itself notification; publication counts only through a legally sufficient notice route. The operative eradication instruction controls over the source Article 13 miscitation. DDS165/2024 corrects the annex municipality to Altamura without restarting valid recipient terms.
REG-PUGLIA-U181-DIR-2024-00148:area-state-transition:unresolved-v1,REG-PUGLIA-U181-DIR-2024-00148,REG-PUGLIA-U181-DIR-2024-00148:area-state-transition,2024-11-12,2024-12-18,Exact competent area act,file:regulation/jurisdiction/regional/AREA-DDS-198-2024-Santeramo-Ginosa.txt,a6fa37f154957b48e88867c235aa09951eaadc9b73252708798be7703ce58319,2024-12-20,INITIAL,INITIAL,Regional Plant Health Service,shall,"Hold the Santeramo ST26 intermediate geometry (12 November – 18 December 2024) as a bounded unknown: DDS 148's body and maps are unheld, so no parcel, subzone or geometry conclusion is drawn for that interval from successor recitals.",No negative geography conclusion follows from the missing act.,Regional Plant Health Service,DDS 148 identity/date/lineage position from successor recital; exact body and maps required for applicability.,"[""EU-2020-1201:4(1)"",""IT-DLGS-19-2021:Art.31(3):establish-demarcated-area"",""EU-2020-1201:7(1)"",""PUG-LR4-2017:Art.3(2)""]",DETERMINISTIC_RULE__EVIDENCE_OR_POLICY_REQUIRED,YES,exact intermediate source required,-,[REL-04] Bounded intermediate unknown; blocks only effects requiring the 12 Nov–20 Dec 2024 Santeramo geometry. Operative legal-area use is separately gated by PUG-LR4-2017:Art.3(2). [SPAN 2026-09-01] Quote completed to its sentence end from the same source span (it had been cut mid-word by an earlier extraction); meaning unchanged.
REG-PUGLIA-U181-DIR-2024-00151:case-delta:noncommencement-enforcement:v1,REG-PUGLIA-U181-DIR-2024-00151,REG-PUGLIA-U181-DIR-2024-00151:case-delta:noncommencement-enforcement,2024-11-14,,Genuine case-specific operative delta,file:regulation/jurisdiction/regional/bulk/DET-151-2024-FITO-.txt,68e3c201d76c3f587c5d7892e498fb9f7a9e30c3376b52dd2ec3b84d0f4dfb49,2024-11-14,INITIAL,INITIAL,Regional Plant Health Service,shall,"The Osservatorio must direct coercive removal through ARIF of infected plants only, insofar as removal remains lawfully due. This is the case-qualified use of existing substitute/coercive execution authority, not proof of completed removal.",This case noncommencement ground is not established. Missing evidence does not prove noncommencement; this does not discharge removal or prevent enforcement under another applicable ground.,Regional Plant Health Service,"Operative prescription and applicable correction, recipient and lawfully due plant population, legally sufficient notification date, and evidence establishing whether concrete removal work began by the source deadline.","[""IT-DLGS-19-2021:Art.32(3):substitute-execution"",""IT-DLGS-19-2021:Art.55(13):coercive-removal"",""IT-L241-A21BIS:Art.21-bis(1):mass-publicity-route"",""PUG-DPGR22-2021:Art.20(3):publication-not-notice"",""REG-PUGLIA-U181-DIR-2024-00151:case-delta:post-m5-stale-article7-text""]",AUTHORITY_JUDGMENT_REQUIRED,YES,"establish the operative recipient relation, notification and actual noncommencement",-,[CASE DELTA ONLY] Commencement is distinct from completion and owner election. This is not a grace period or a bar to earlier lawful intervention. Immediate effectiveness is not itself notification; publication counts only through a legally sufficient notice route.
REG-PUGLIA-U181-DIR-2024-00151:case-delta:post-m5-stale-article7-text:v1,REG-PUGLIA-U181-DIR-2024-00151,REG-PUGLIA-U181-DIR-2024-00151:case-delta:post-m5-stale-article7-text,2024-11-14,,Genuine case-specific operative delta,file:regulation/jurisdiction/regional/bulk/DET-151-2024-FITO-.txt,68e3c201d76c3f587c5d7892e498fb9f7a9e30c3376b52dd2ec3b84d0f4dfb49,2024-11-14,INITIAL,INITIAL,Regional Plant Health Service,shall,"Resolve the case through the Article 7 version effective at decision time, including the M5 alternative evidence routes; the copied pre-M5 letter (e) wording cannot narrow or enlarge the population.",No case population is derived from stale embedded text alone.,Regional Plant Health Service,"Case date, the copied population text, and the applicable Article 7 version and plant-specific evidence.","[""EU-2020-1201:7(1)""]",AUTHORITY_JUDGMENT_REQUIRED,YES,case branch resolution against source miscitation,Order copies pre-M5 Article 7(1)(e) wording after M5 changed the reusable population.,[CASE DELTA ONLY] Exact event-time effect; no reusable population is redefined.
REG-PUGLIA-U181-DIR-2024-00158:area-state-transition:v1,REG-PUGLIA-U181-DIR-2024-00158,REG-PUGLIA-U181-DIR-2024-00158:area-state-transition,2024-11-18,2026-05-11,Exact competent area act,file:regulation/jurisdiction/regional/bulk/DET-158-2024-FITO-.txt,65aecb5c7f4d164018977a2c8538cdbafc9c99e57f6c3d1a41e8c80d2e2fd5fa,2024-11-18,INITIAL,INITIAL,Regional Plant Health Service,shall,Record the source act and adopted annexes as the source-stated geography: adopt the exact pauca ST53 geography with a 2 km infected-zone portion in which containment measures apply (Articles 13–17) and a distinct 5 km outward Article 4 buffer zone. The act's own operative state establishes the containment selection (see the containment-selection row).,"Without the competent act and adopted annexes, the exact geography is not established; missing branch-authority evidence does not negate the geography.",Regional Plant Health Service,"Exact act identity, official evidence, adopted geography/cadastral annex, subspecies, regime and interval.","[""EU-2020-1201:4(1)"",""EU-2020-1201:12"",""EU-2020-1201:15(2)"",""IT-DLGS-19-2021:Art.31(5):committee-action-plan-approval"",""IT-DLGS-19-2021:Art.31(6):adopt-action-plan"",""PUG-LR4-2017:Art.3(2)""]",AUTHORITY_JUDGMENT_REQUIRED,YES,event-time operativity and geographical scope of the competent area act,Resolved 2026-09-01: containment selection for this geography is established by the act's own operative state ('zona infetta in cui si applicano misure di contenimento'; 'si applicano le misure di cui agli articoli da 13 a 17'). National plan-approval coverage remains held only by the retained DGR 1593/1075 plan-only approval and committee-opinion register entries.,[REL-04/12/15] The source act and annexes establish the held 2 km/5 km geography as a source fact. Operative legal-area validity and containment substitution are separate gates. [SPAN 2026-09-01] Quote completed to its sentence end from the same source span (it had been cut mid-word by an earlier extraction); meaning unchanged.
REG-PUGLIA-U181-DIR-2024-00158:containment-selection:v1,REG-PUGLIA-U181-DIR-2024-00158,REG-PUGLIA-U181-DIR-2024-00158:containment-selection,2024-11-18,2026-05-11,Exact competent area act,file:regulation/jurisdiction/regional/bulk/DET-158-2024-FITO-.txt,65aecb5c7f4d164018977a2c8538cdbafc9c99e57f6c3d1a41e8c80d2e2fd5fa,2024-11-18,INITIAL,INITIAL,Regional Plant Health Service,shall,"Select containment for the exact DDS 158 pauca ST53 infected-zone geography: the act is itself the competent selection — its dispositivo establishes the 'zona infetta in cui si applicano misure di contenimento' and orders that throughout it 'si applicano le misure di cui agli articoli da 13 a 17 del Reg.(UE) 2020/1201', declared immediately executory 'in quanto necessario per applicare le misure di contenimento'. The eradication/containment master partition still governs through the Art. 6(1) result_ref.","DDS158 is itself the competent containment selection for its exact geography. Propagate the master partition's eradication, conflict, validity, invalid-area or missing-input outcome without inventing an additional approval/adoption gate.",Regional Plant Health Service,"Exact act identity, official evidence, adopted geography/cadastral annex, subspecies, regime and interval.","[""REG-PUGLIA-U181-DIR-2024-00158:area-state-transition"",""PUG-LR4-2017:Art.6(1)"",""EU-2020-1201:12"",""IT-DLGS-19-2021:Art.31(5):committee-action-plan-approval"",""IT-DLGS-19-2021:Art.31(6):adopt-action-plan""]",AUTHORITY_JUDGMENT_REQUIRED,YES,containment selection established by the competent act's own operative state,"Resolved 2026-09-01: no separate selection document exists or is required; DDS 158's operative state is the selection. National approval-chain compliance questions live only in the retained DGR 1593/1075 plan-only approval and committee-opinion register entries and block national procedural-compliance conclusions, not the selection itself.","[REL-12] This proposition owns branch selection; the sibling area-state proposition owns geography. Eradication, conflict, validity-adjudication, invalid-area and missing parent outcomes propagate without reclassification. The DGR 1593/1075 plan glossaries carry a stale 2.5 km containment-band value; it is copied-forward editorial front-matter with no operative force. The operative plan clauses, effective Union minimum and the constitutive act all state 2 km. Editorial residue, not a legal conflict. [SPAN 2026-09-01] Quote completed to its sentence end from the same source span (it had been cut mid-word by an earlier extraction); meaning unchanged."
REG-PUGLIA-U181-DIR-2024-00165:case-delta:annex-only-municipality-correction:v1,REG-PUGLIA-U181-DIR-2024-00165,REG-PUGLIA-U181-DIR-2024-00165:case-delta:annex-only-municipality-correction,2024-11-25,,Genuine case-specific operative delta,file:regulation/jurisdiction/regional/bulk/DET-165-2024-FITO-.txt,ad67720f2bd2474b99fafa08353c23923d3fae81c88195caf01bb6be29a77755,2024-11-25,INITIAL,INITIAL,Regional Plant Health Service,shall,Replace the erroneous municipality value in the annex and confirm every other operative effect of the predecessor order.,"No new removal rule, branch, population, owner duty, or area state is created.",Regional Plant Health Service,"Case act, predecessor relation, exact payload correction, notice/evidence and applicable reusable proposition versions.","[""REG-PUGLIA-U181-DIR-2024-00148:area-state-transition"",""EU-2020-1201:7(1)"",""REG-PUGLIA-U181-DIR-2024-00147:case-delta:noncommencement-enforcement""]",AUTHORITY_JUDGMENT_REQUIRED,YES,case-specific correction or source-conflict resolution,-,[CASE DELTA ONLY] Payload remains payload; only the changed legal effect is retained. Inherited notification/noncommencement terms remain owned by the predecessor enforcement proposition; apply them to the corrected recipient relation without duplicating the clock or automatically restarting valid notice.
REG-PUGLIA-U181-DIR-2024-00188:case-delta:deferred-50m-workload-completion:v1,REG-PUGLIA-U181-DIR-2024-00188,REG-PUGLIA-U181-DIR-2024-00188:case-delta:deferred-50m-workload-completion,2024-12-12,,Genuine case-specific operative delta,file:regulation/jurisdiction/regional/bulk/DET-188-2024-FITO-.txt,0abddab775fd987eabe0eec4ccf59e80806ed4101b4af4c7e1b94f878a348b3c,2024-12-12,INITIAL,INITIAL,Regional Plant Health Service,shall,Complete the parcel/owner annexes omitted from ten earlier infected-plant orders and prescribe the deferred Article 7(b)–(e) 50 m population as a distinct linked workload.,"The completion act is not a duplicate, and the earlier infected-plant removals do not satisfy the deferred population.",Regional Plant Health Service,"The predecessor and completion acts, omitted parcel/owner relation, and the remaining 50 m plant workload.","[""EU-2020-1201:7(1)"",""REG-PUGLIA-U181-DIR-2024-00052:case-delta:staged-article7-workload""]",AUTHORITY_JUDGMENT_REQUIRED,YES,"predecessor/completion scope and the remaining parcel, owner and plant workload",-,[CASE DELTA ONLY] Exact event-time effect; reusable law remains unchanged.
REG-PUGLIA-U181-DIR-2024-00188:case-delta:noncommencement-enforcement:v1,REG-PUGLIA-U181-DIR-2024-00188,REG-PUGLIA-U181-DIR-2024-00188:case-delta:noncommencement-enforcement,2024-12-12,,Genuine case-specific operative delta,file:regulation/jurisdiction/regional/bulk/DET-188-2024-FITO-.txt,0abddab775fd987eabe0eec4ccf59e80806ed4101b4af4c7e1b94f878a348b3c,2024-12-12,INITIAL,INITIAL,Regional Plant Health Service,shall,"The Osservatorio must direct coercive removal through ARIF of infected plants only, insofar as removal remains lawfully due. This is the case-qualified use of existing substitute/coercive execution authority, not proof of completed removal.",This case noncommencement ground is not established. Missing evidence does not prove noncommencement; this does not discharge removal or prevent enforcement under another applicable ground.,Regional Plant Health Service,"Operative prescription and applicable correction, recipient and lawfully due plant population, legally sufficient notification date, and evidence establishing whether concrete removal work began by the source deadline.","[""IT-DLGS-19-2021:Art.32(3):substitute-execution"",""IT-DLGS-19-2021:Art.55(13):coercive-removal"",""IT-L241-A21BIS:Art.21-bis(1):mass-publicity-route"",""PUG-DPGR22-2021:Art.20(3):publication-not-notice"",""REG-PUGLIA-U181-DIR-2024-00188:case-delta:deferred-50m-workload-completion""]",AUTHORITY_JUDGMENT_REQUIRED,YES,"establish the operative recipient relation, notification and actual noncommencement",-,[CASE DELTA ONLY] Commencement is distinct from completion and owner election. This is not a grace period or a bar to earlier lawful intervention. Immediate effectiveness is not itself notification; publication counts only through a legally sufficient notice route. Read with the completed deferred 50 m prescription and DDS11/2025 ownership correction; already removed infected plants are not ordered removed again.
REG-PUGLIA-U181-DIR-2024-00198:area-state-transition:v1,REG-PUGLIA-U181-DIR-2024-00198,REG-PUGLIA-U181-DIR-2024-00198:area-state-transition,2024-12-18,2025-06-16,Exact competent area act,file:regulation/jurisdiction/regional/AREA-DDS-198-2024-Santeramo-Ginosa.txt,a6fa37f154957b48e88867c235aa09951eaadc9b73252708798be7703ce58319,2024-12-18,INITIAL,INITIAL,Regional Plant Health Service,shall,Record the source act and adopted annexes as the source-stated geography: adopt the exact multiplex ST26 Ginosa institution and Santeramo update eradication state and its source annexes from this effective date.,"Outside the act's interval or adopted geography, or where its area state is superseded, suspended, revoked or annulled, no area state follows from this act.",Regional Plant Health Service,"Exact act identity, official evidence, adopted geography/cadastral annex, subspecies, regime and interval.","[""EU-2020-1201:4(1)"",""IT-DLGS-19-2021:Art.31(3):establish-demarcated-area"",""EU-2020-1201:7(1)"",""PUG-LR4-2017:Art.3(2)""]",AUTHORITY_JUDGMENT_REQUIRED,YES,constitutive area judgment,"Ginosa dispositive contains isolated “ST6”; title, evidence, reasoning and surrounding operative text identify multiplex ST26.",[REL-04] Ginosa institution and Santeramo update use adjudicated ST26 identity; the source ST6 token remains visible and creates no ST6 area. Operative legal-area use is separately gated by PUG-LR4-2017:Art.3(2).
REG-PUGLIA-U181-DIR-2025-00011:case-delta:ownership-correction:v1,REG-PUGLIA-U181-DIR-2025-00011,REG-PUGLIA-U181-DIR-2025-00011:case-delta:ownership-correction,2025-02-05,,Genuine case-specific operative delta,file:regulation/jurisdiction/regional/bulk/DET-11-2025-FITO-.txt,78af2c3a7a6f4dfd2555d6b10925b023370aac0b968126ba099713fa4dce4dd1,2025-02-05,INITIAL,INITIAL,Regional Plant Health Service,shall,Replace obsolete owner identities with current owners and carry the predecessor eradication measures to those current recipient relations.,Old-listed ownership does not prove current duty; no transfer follows without the correction.,Regional Plant Health Service,"Case act, predecessor relation, exact payload correction, notice/evidence and applicable reusable proposition versions.","[""EU-2020-1201:7(1)"",""PUG-DGR1593-2024:notice-owner-identification"",""REG-PUGLIA-U181-DIR-2024-00188:case-delta:noncommencement-enforcement""]",AUTHORITY_JUDGMENT_REQUIRED,YES,case-specific correction or source-conflict resolution,-,[CASE DELTA ONLY] Payload remains payload; only the changed legal effect is retained. [SPAN 2026-09-01] Quote completed to its sentence end from the same source span (it had been cut mid-word by an earlier extraction); meaning unchanged. Inherited notification/noncommencement terms remain owned by the predecessor enforcement proposition; apply them to the corrected recipient relation without duplicating the clock or automatically restarting valid notice.
REG-PUGLIA-U181-DIR-2025-00011:case-delta:three-day-owner-change-report:v1,REG-PUGLIA-U181-DIR-2025-00011,REG-PUGLIA-U181-DIR-2025-00011:case-delta:three-day-owner-change-report,2025-02-05,,Genuine case-specific operative delta,file:regulation/jurisdiction/regional/bulk/DET-11-2025-FITO-.txt,78af2c3a7a6f4dfd2555d6b10925b023370aac0b968126ba099713fa4dce4dd1,2025-02-05,INITIAL,INITIAL,Regional Plant Health Service,shall,Require an old-listed owner who knows of another ownership change to report the current owner within the source three-day window.,No breach or current-owner identity is inferred from missing report data.,Regional Plant Health Service,"Case act, predecessor relation, exact payload correction, notice/evidence and applicable reusable proposition versions.","[""PUG-DGR1593-2024:notice-owner-election""]",AUTHORITY_JUDGMENT_REQUIRED,YES,case-specific correction or source-conflict resolution,-,[CASE DELTA ONLY] Payload remains payload; only the changed legal effect is retained. [SPAN 2026-09-01] Quote completed to its sentence end from the same source span (it had been cut mid-word by an earlier extraction); meaning unchanged.
REG-PUGLIA-U181-DIR-2025-00045:area-act-before-gis:v1,REG-PUGLIA-U181-DIR-2025-00045,REG-PUGLIA-U181-DIR-2025-00045:area-act-before-gis,2025-03-26,,Effective regional source read through legal-geography lifecycle,file:regulation/jurisdiction/regional/181_DIR_2025_00045.txt,6c992c0a85dede9b01baef19aa51d69555ea0e32b3397e31d2ad278392690129,2025-03-26,INITIAL,INITIAL,Regional Plant Health Service,shall,Create or update the area by managerial act; only afterward transmit operational shapefiles and update the field application.,Operational GIS does not create or amend the legal area.,Regional Plant Health Service,"Official finding/investigation, competent act, adopted annex and effective interval.","[""EU-2020-1201:4(1)"",""IT-DLGS-19-2021:Art.31(3):establish-demarcated-area""]",DETERMINISTIC_RULE,YES,area constitution or lifting judgment,-,[REL-04/06] Legal act and adopted geometry precede operational systems. Source span repaired by direct correspondence reread.
REG-PUGLIA-U181-DIR-2025-00045:asparagus-non-sampling-conflict:v1,REG-PUGLIA-U181-DIR-2025-00045,REG-PUGLIA-U181-DIR-2025-00045:asparagus-non-sampling-conflict,2025-03-26,,Current regional procedure conflict boundary,file:regulation/jurisdiction/regional/181_DIR_2025_00045.txt,6c992c0a85dede9b01baef19aa51d69555ea0e32b3397e31d2ad278392690129,2025-03-26,INITIAL,INITIAL,Regional Plant Health Service,shall not,Do not apply a categorical non-sampling rule where asparagus lies in the effective EU survey population; resolve the exact survey design and plant evidence under controlling law.,No categorical exclusion follows; missing plant evidence remains unresolved.,Regional Plant Health Service subject to controlling EU law,"Effective EU Annex/provision version, plant identity and evidence, exact regional procedure instruction, competent case decision.","[""EU-2020-1201:1(b)"",""EU-2020-1201:1(c)"",""EU-2020-1201:2(1)"",""EU-2020-1201:2(4)""]",AUTHORITY_JUDGMENT_REQUIRED,YES,resolve regional categorical exclusion against effective EU population,DDS 45 categorically prohibits asparagus sampling; regional procedure cannot amend effective Annex or Article 2 populations.,Resolved conflict: the effective EU Annex/Article 2/7 population controls; the regional procedure cannot amend it. Adjudicated and removed from the unknown register 2026-09-01; this row remains the visible conflict boundary.
REG-PUGLIA-U181-DIR-2025-00045:containment-execution-evidence:v1,REG-PUGLIA-U181-DIR-2025-00045,REG-PUGLIA-U181-DIR-2025-00045:containment-execution-evidence,2025-03-26,,Current regional execution procedure,file:regulation/jurisdiction/regional/181_DIR_2025_00045.txt,6c992c0a85dede9b01baef19aa51d69555ea0e32b3397e31d2ad278392690129,2025-03-26,INITIAL,INITIAL,Regional Plant Health Service / assigned executor,shall,Create the containment execution record and photograph for the removed infected plant without treating evidence as activation.,"A proven defect with legally defeating consequence for this official proof prevents proof completion, not the physical occurrence of removal. Missing required record content remains an evidence gap; missing separate personnel-register evidence is not a gate.",Regional Plant Health Service,"Exact prescription, treatment, execution and verification records.","[""EU-2020-1201:16(1)"",""IT-DLGS-19-2021:Art.32(3):primary-implementation"",""IT-DLGS-19-2021:Art.20(1):assistant-identity"",""IT-DLGS-19-2021:Art.20(2):appointment-register"",""IT-DLGS-19-2021:Art.20(3):activity-limits"",""IT-DLGS-19-2021:Art.20(4):express-assignment"",""IT-DLGS-19-2021:Art.20(5):proposal-not-decision"",""IT-DLGS-19-2021:Art.24:register-current-status"",""PUG-LR4-2017:Art.6(1)""]",DETERMINISTIC_RULE__EVIDENCE_OR_POLICY_REQUIRED,YES,only the legal consequence of a proven material defect in the official execution proof,-,"This owner classifies the official execution record, not activation of the duty or physical performance. App Xylella carries personnel identity; Articles 20/24 govern appointment, register status and assignment but do not require a separate dossier before the operator can use its own record. A demonstrated personnel defect matters only through its legal consequence for this proof. Removal-population assistance and execution-correctness verification remain separate. The photograph is supporting record content; compensation information is outside this effect. Parent outcomes propagate unchanged."
REG-PUGLIA-U181-DIR-2025-00045:containment-execution-verification:v1,REG-PUGLIA-U181-DIR-2025-00045,REG-PUGLIA-U181-DIR-2025-00045:containment-execution-verification,2025-03-26,,Current regional execution procedure,file:regulation/jurisdiction/regional/181_DIR_2025_00045.txt,6c992c0a85dede9b01baef19aa51d69555ea0e32b3397e31d2ad278392690129,2025-03-26,INITIAL,INITIAL,"Assigned plant-health inspector, agent or assistant",shall,Where Article 13 removal stands after the scientific non-removal exception: verify that containment removal and destruction conform to the applicable legal duties without treating verification as execution itself.,Scientific retention displaces the removal requirement but preserves Article 14 treatment around retained plants. Missing verification does not prove nonexecution; proven nonconformity remains separate from missing verification.,Regional Plant Health Service,"Resolved containment result, applicable containment duties, exact official identity/status/assignment, as-run removal/destruction and correctness finding.","[""PUG-LR4-2017:Art.6(1)"",""EU-2020-1201:13(1)"",""EU-2020-1201:16(1)"",""IT-DLGS-19-2021:Art.20(1):assistant-identity"",""IT-DLGS-19-2021:Art.20(2):appointment-register"",""IT-DLGS-19-2021:Art.20(3):activity-limits"",""IT-DLGS-19-2021:Art.20(4):express-assignment"",""IT-DLGS-19-2021:Art.20(5):proposal-not-decision"",""IT-DLGS-19-2021:Art.24:register-current-status"",""EU-2020-1201:13(2)"",""EU-2020-1201:16(2)""]",AUTHORITY_JUDGMENT_REQUIRED,YES,"event-time inspector, agent or assistant authority and assignment",-,"The source requires correctness verification independently of the physical execution event and its record. Personnel identity is recorded; Articles 20/24 govern authority without a separate register dossier. Only a proven defect with legally defeating consequence affects this official verification. Lawful limited destruction remains part of the correctness assessment, not a failure to perform full destruction."
REG-PUGLIA-U181-DIR-2025-00045:containment-removal-population-support:v1,REG-PUGLIA-U181-DIR-2025-00045,REG-PUGLIA-U181-DIR-2025-00045:containment-removal-population-support,2025-03-26,,Current regional execution procedure,file:regulation/jurisdiction/regional/181_DIR_2025_00045.txt,6c992c0a85dede9b01baef19aa51d69555ea0e32b3397e31d2ad278392690129,2025-03-26,INITIAL,INITIAL,"Assigned plant-health inspector, agent or assistant",shall,Where Article 13 removal stands after the scientific non-removal exception: assist identification of the containment infected plants to be removed without acquiring the removal decision.,"Scientific retention displaces the removal requirement but preserves Article 14 treatment around retained plants. Outside a valid containment route or complete official authority and assignment, this support function is not established; the Regional Plant Health Service retains the decision.",Regional Plant Health Service,"Resolved containment result, applicable Article 13 removal route, exact official identity/status/assignment and identified removal population.","[""PUG-LR4-2017:Art.6(1)"",""EU-2020-1201:13(1)"",""IT-DLGS-19-2021:Art.20(1):assistant-identity"",""IT-DLGS-19-2021:Art.20(2):appointment-register"",""IT-DLGS-19-2021:Art.20(3):activity-limits"",""IT-DLGS-19-2021:Art.20(4):express-assignment"",""IT-DLGS-19-2021:Art.20(5):proposal-not-decision"",""IT-DLGS-19-2021:Art.24:register-current-status"",""EU-2020-1201:13(2)""]",AUTHORITY_JUDGMENT_REQUIRED,YES,"event-time inspector, agent or assistant authority and assignment",-,"The assigned official supports population identification; the Regional Plant Health Service retains the containment removal decision. Articles 20/24 govern appointment, register status and assignment; official identity is carried in the operational record. Proven lack of the required status or assignment is consequential; a missing separate register extract is not an added gate."
REG-PUGLIA-U181-DIR-2025-00045:containment-root-wood-completion:v1,REG-PUGLIA-U181-DIR-2025-00045,REG-PUGLIA-U181-DIR-2025-00045:containment-root-wood-completion,2025-03-26,,Current regional execution procedure,file:regulation/jurisdiction/regional/181_DIR_2025_00045.txt,6c992c0a85dede9b01baef19aa51d69555ea0e32b3397e31d2ad278392690129,2025-03-26,INITIAL,INITIAL,Regional Plant Health Service / assigned executor,shall,"Complete the applicable destruction alternative: full destruction including roots and no retained wood, or competent limited destruction with above-ground branches and foliage destroyed, lawful treatment and verification of any retained wood, and roots removed or adequately devitalised where whole-root extraction is impracticable.",A proven unmet performance condition prevents completion; missing evidence establishes neither completion nor nonperformance. Retained wood cannot satisfy full destruction.,Regional Plant Health Service,"Exact prescription, treatment, execution and verification records.","[""EU-2020-1201:16(1)"",""EU-2020-1201:16(2)"",""EU-2020-1201:16(3)"",""PUG-LR4-2017:Art.6(1)"",""EU-2020-1201:14(1)"",""IT-DLGS-19-2021:Art.6(3)(o)""]",AUTHORITY_JUDGMENT_REQUIRED,YES,containment difficult-root and retained-wood verification,Procedure cites Article 9(2) inside containment; Article 16 controls the containment destruction route.,"The source miscites Article 9; containment is controlled by Article 16, with Article 14 treatment. Parent outcomes propagate unchanged. Whole-root extraction is the regional default. The impracticability exception changes only the root limb; it does not waive remaining destruction. Limited destruction need not retain wood. The existing Article 16(2) result owns both the risk condition and the exercised limited-destruction choice; a favorable risk conclusion alone is insufficient. The same competent act may establish both, without a separate approval document."
REG-PUGLIA-U181-DIR-2025-00045:containment-treatment-removal-sequence:v1,REG-PUGLIA-U181-DIR-2025-00045,REG-PUGLIA-U181-DIR-2025-00045:containment-treatment-removal-sequence,2025-03-26,,Current regional execution procedure,file:regulation/jurisdiction/regional/181_DIR_2025_00045.txt,6c992c0a85dede9b01baef19aa51d69555ea0e32b3397e31d2ad278392690129,2025-03-26,INITIAL,INITIAL,Regional Plant Health Service / assigned executor,shall,"Where Article 13 removal stands after the scientific non-removal exception: apply mandatory Article 14 treatment before containment removal, then the regional 48-hour wait and Article 13 infected-plant removal.",Scientific retention displaces the removal requirement but preserves Article 14 treatment around retained plants. Proven omission of pre-removal treatment is noncompliant; missing treatment or discovery-basis evidence does not cancel removal and remains unresolved.,Regional Plant Health Service,"Exact prescription, treatment, execution and verification records.","[""EU-2020-1201:13(1)"",""EU-2020-1201:14(1)"",""PUG-LR4-2017:Art.6(1)"",""EU-2020-1201:15(2)"",""EU-2020-1201:13(2)""]",AUTHORITY_JUDGMENT_REQUIRED,YES,event-time containment treatment and removal timing,DDS 45 cites Article 15 for containment removal and states categorical November–March no treatment; Articles 13–14 supply no seasonal derogation.,"[REL-13/14] The regional no-treatment instruction is retained as a conflict, not a lawful exception. The treatment/wait result establishes readiness only for this sequence step, not performed removal or satisfaction of every other execution requirement."
REG-PUGLIA-U181-DIR-2025-00045:cq-analytical-result-classification:v1,REG-PUGLIA-U181-DIR-2025-00045,REG-PUGLIA-U181-DIR-2025-00045:cq-analytical-result-classification,2025-03-26,,Effective source read through REL-02,file:regulation/jurisdiction/regional/181_DIR_2025_00045.txt,6c992c0a85dede9b01baef19aa51d69555ea0e32b3397e31d2ad278392690129,2025-03-26,INITIAL,INITIAL,Official laboratory and Regional Plant Health Service,shall,"Classify the analytical result as positive, doubtful, negative, boundary-unresolved, or evidence-required without creating an official infected-plant identity.",Invalid or missing analytical evidence produces no analytical classification.,Regional Plant Health Service,Analytical result from the DDS45-selected Harper et al. 2010 real-time PCR assay with the 2013 erratum; valid Cq or source-defined no-Cq evidence. Analytical classification is not an official infected-plant finding.,"[""EU-2020-1201:2(6)"",""IT-DLGS-19-2021:Art.28(3)""]",AUTHORITY_JUDGMENT_REQUIRED,YES,exact Cq 32/35 boundary interpretation and analytical validity,"Source uses Cq<32, Cq>32 and <35, and Cq>35; exact values 32 and 35 are unstated.","The 32/35 criteria classify the selected Harper assay, not arbitrary Cq values from another method. Non-applicability of this classifier does not invalidate an official result established under another applicable route. Exact values 32 and 35 remain unresolved by the source inequalities; the official-finding boundary remains separate."
REG-PUGLIA-U181-DIR-2025-00045:doubtful-result-route:v1,REG-PUGLIA-U181-DIR-2025-00045,REG-PUGLIA-U181-DIR-2025-00045:doubtful-result-route,2025-03-26,,Effective source read through REL-02,file:regulation/jurisdiction/regional/181_DIR_2025_00045.txt,6c992c0a85dede9b01baef19aa51d69555ea0e32b3397e31d2ad278392690129,2025-03-26,INITIAL,INITIAL,Official laboratory and Regional Plant Health Service,shall,"Route a doubtful analytical result through repeat extraction/testing, pool decomposition, individual review, CNR-IPSP aliquot analysis, and—only if doubt persists—notification, recording and resampling.",A positive or negative result terminates in its analytical class. Missing stage evidence remains unresolved and never creates an official finding.,Regional Plant Health Service,"Exact assignment, evidence and resulting official record.","[""EU-2020-1201:2(6)"",""IT-DLGS-19-2021:Art.28(3)"",""REG-PUGLIA-U181-DIR-2025-00045:cq-analytical-result-classification""]",AUTHORITY_JUDGMENT_REQUIRED,YES,classification of exact Cq boundary values and persistent doubtful result,"Source uses Cq<32, Cq>32 and <35, and Cq>35; exact values 32 and 35 are unstated.","Earlier results remain evidence after the next stage completes; they do not keep completed analytical work outstanding. Each command addresses only its uncompleted source step. A resolved latest result terminates in its analytical class, not an official finding. Persistent aliquot doubt requires notification, recording and resampling; completing that bundle does not order it again."
REG-PUGLIA-U181-DIR-2025-00045:eradication-execution-verification:v1,REG-PUGLIA-U181-DIR-2025-00045,REG-PUGLIA-U181-DIR-2025-00045:eradication-execution-verification,2025-03-26,,Current regional execution procedure,file:regulation/jurisdiction/regional/181_DIR_2025_00045.txt,6c992c0a85dede9b01baef19aa51d69555ea0e32b3397e31d2ad278392690129,2025-03-26,INITIAL,INITIAL,Assigned plant-health assistants,shall,Verify that eradication removal and destruction conform to the applicable legal duties without treating verification as execution itself.,Missing verification does not prove nonexecution; proven nonconformity remains separate from missing verification. A lawful retention or point-(e) deferral is not an unfulfilled removal assignment.,Regional Plant Health Service,"Applicable eradication duties, exact assistant identity/status/assignment, as-run removal/destruction and correctness finding.","[""EU-2020-1201:7(1)"",""EU-2020-1201:9(1)"",""IT-DLGS-19-2021:Art.20(1):assistant-identity"",""IT-DLGS-19-2021:Art.20(2):appointment-register"",""IT-DLGS-19-2021:Art.20(3):activity-limits"",""IT-DLGS-19-2021:Art.20(4):express-assignment"",""IT-DLGS-19-2021:Art.20(5):proposal-not-decision"",""IT-DLGS-19-2021:Art.24:register-current-status"",""EU-2020-1201:9(2)""]",DETERMINISTIC_RULE__EVIDENCE_OR_POLICY_REQUIRED,NO,-,-,"The source requires correctness verification independently of the physical execution event and its record. Personnel identity is recorded; Articles 20/24 govern authority without a separate register dossier. Only a proven defect with legally defeating consequence affects this official verification. Lawful limited destruction remains part of the correctness assessment, not a failure to perform full destruction."
REG-PUGLIA-U181-DIR-2025-00045:eradication-removal-population-support:v1,REG-PUGLIA-U181-DIR-2025-00045,REG-PUGLIA-U181-DIR-2025-00045:eradication-removal-population-support,2025-03-26,,Current regional execution procedure,file:regulation/jurisdiction/regional/181_DIR_2025_00045.txt,6c992c0a85dede9b01baef19aa51d69555ea0e32b3397e31d2ad278392690129,2025-03-26,INITIAL,INITIAL,Assigned plant-health assistants,shall,Assist determination of the eradication infected-zone removal population and identify the plants to be removed without acquiring the removal decision.,"Outside the applicable eradication route or complete assistant authority and assignment, this support function is not established; the Regional Plant Health Service retains the decision. A lawful retention or point-(e) deferral is not an unfulfilled removal assignment.",Regional Plant Health Service,"Applicable eradication route, exact assistant identity/status/assignment and identified removal population.","[""EU-2020-1201:7(1)"",""IT-DLGS-19-2021:Art.20(1):assistant-identity"",""IT-DLGS-19-2021:Art.20(2):appointment-register"",""IT-DLGS-19-2021:Art.20(3):activity-limits"",""IT-DLGS-19-2021:Art.20(4):express-assignment"",""IT-DLGS-19-2021:Art.20(5):proposal-not-decision"",""IT-DLGS-19-2021:Art.24:register-current-status""]",DETERMINISTIC_RULE__EVIDENCE_OR_POLICY_REQUIRED,NO,-,-,"The assistant supports population identification; the Regional Plant Health Service retains removal-population and prescription authority. Articles 20/24 govern appointment, register status and assignment; official identity is carried in the operational record. Proven lack of the required status or assignment is consequential; a missing separate register extract is not an added gate."
REG-PUGLIA-U181-DIR-2025-00045:execution-evidence:v1,REG-PUGLIA-U181-DIR-2025-00045,REG-PUGLIA-U181-DIR-2025-00045:execution-evidence,2025-03-26,,Current regional execution procedure,file:regulation/jurisdiction/regional/181_DIR_2025_00045.txt,6c992c0a85dede9b01baef19aa51d69555ea0e32b3397e31d2ad278392690129,2025-03-26,INITIAL,INITIAL,Regional Plant Health Service / assigned executor,shall,Create the execution record with plant/species/surface facts and countersignature without treating the record as activation.,"A proven defect with legally defeating consequence for this official proof prevents proof completion, not the physical occurrence of removal. Missing required record content remains an evidence gap; missing separate personnel-register evidence is not a gate.",Regional Plant Health Service,"Exact prescription, treatment, execution and verification records.","[""IT-DLGS-19-2021:Art.32(3):primary-implementation"",""IT-DLGS-19-2021:Art.20(1):assistant-identity"",""IT-DLGS-19-2021:Art.20(2):appointment-register"",""IT-DLGS-19-2021:Art.20(3):activity-limits"",""IT-DLGS-19-2021:Art.20(4):express-assignment"",""IT-DLGS-19-2021:Art.20(5):proposal-not-decision"",""IT-DLGS-19-2021:Art.24:register-current-status""]",DETERMINISTIC_RULE__EVIDENCE_OR_POLICY_REQUIRED,YES,only the legal consequence of a proven material defect in the official execution proof,-,"This owner classifies the official execution record, not activation of the duty or physical performance. App Xylella carries personnel identity; Articles 20/24 govern appointment, register status and assignment but do not require a separate dossier before the operator can use its own record. A demonstrated personnel defect matters only through its legal consequence for this proof. Removal-population assistance and execution-correctness verification remain separate. The source-required owner/holder countersignature remains part of the record."
REG-PUGLIA-U181-DIR-2025-00045:executor-selection:v1,REG-PUGLIA-U181-DIR-2025-00045,REG-PUGLIA-U181-DIR-2025-00045:executor-selection,2025-03-26,,Current regional execution procedure,file:regulation/jurisdiction/regional/181_DIR_2025_00045.txt,6c992c0a85dede9b01baef19aa51d69555ea0e32b3397e31d2ad278392690129,2025-03-26,INITIAL,INITIAL,Regional Plant Health Service / assigned executor,shall,"Route execution to the validly selected owner or ARIF executor; ARIF coordinates and controls voluntary owner work. For operations executed by ARIF, ARIF must organize the work and communicate the detailed removal calendar to the Osservatorio.",Executor selection remains unresolved; missing election does not prove default.,Regional Plant Health Service,"Exact prescription and executor-selection or assignment evidence; for ARIF-executed operations, the detailed removal calendar and evidence of its communication to the Osservatorio. Internal scheduling is not that communication.","[""IT-DLGS-19-2021:Art.32(3):primary-implementation""]",DETERMINISTIC_RULE,NO,-,-,"[REL-07/11/13/17] Executor selection is not notice, silence, refusal, breach or substitute execution. Calendar communication is a performance owed by ARIF for ARIF-executed work, not a prerequisite to executor selection or a separate approval of removal. Selection, communication and physical execution remain distinct."
REG-PUGLIA-U181-DIR-2025-00045:first-level-result-return:v1,REG-PUGLIA-U181-DIR-2025-00045,REG-PUGLIA-U181-DIR-2025-00045:first-level-result-return,2025-03-26,,Effective source read through REL-02,file:regulation/jurisdiction/regional/181_DIR_2025_00045.txt,6c992c0a85dede9b01baef19aa51d69555ea0e32b3397e31d2ad278392690129,2025-03-26,INITIAL,INITIAL,First-level official laboratory,shall,"Perform analysis, register it in the database and communicate it to the Osservatorio within seven working days of sample receipt for positive results and ten working days for negative results.",Outside the applicable receipt/route this performance is not activated. A missed limit does not by itself invalidate the result or establish absence of the pest.,Regional Plant Health Service,"Sample identity, applicable route, receipt by the responsible laboratory, analysis, database registration where required and communication records.",[],DETERMINISTIC_RULE__EVIDENCE_OR_POLICY_REQUIRED,NO,-,-,"The receipt anchor is not result availability. The differing positive/negative maxima qualify the same first-level evidence return, including tests that determine removal or retention. Independent immediate-notification obligations remain applicable; these maxima are not permission to withhold an available result. No numerical limit for a still-doubtful result is supplied by this sentence."
REG-PUGLIA-U181-DIR-2025-00045:obstruction-remedy-route:v1,REG-PUGLIA-U181-DIR-2025-00045,REG-PUGLIA-U181-DIR-2025-00045:obstruction-remedy-route,2025-03-26,,Current regional execution procedure,file:regulation/jurisdiction/regional/181_DIR_2025_00045.txt,6c992c0a85dede9b01baef19aa51d69555ea0e32b3397e31d2ad278392690129,2025-03-26,INITIAL,INITIAL,Regional Plant Health Service / assigned executor,shall,"ARIF documents and transmits obstruction; the legally effective Prefect request must be made by or attributable to the Osservatorio; forced work and cost recovery require the proven legal branch, and violation contest is not a final sanction.","No public-force, forced-work, cost-recovery, breach or final-sanction conclusion is established.",Regional Plant Health Service,"Exact prescription, treatment, execution and verification records.","[""IT-DLGS-19-2021:Art.33(2):public-force-assistance"",""IT-DLGS-19-2021:Art.32(3):substitute-execution"",""IT-DLGS-19-2021:Art.55(13):coercive-removal""]",AUTHORITY_JUDGMENT_REQUIRED,YES,execution/remedy judgment,DDS 45 states ARIF requests Prefect assistance; D.lgs. 19/2021 Article 33 reserves the legal request to the territorial plant-health service.,"[REL-11/17] Operational initiation by ARIF does not transfer the reserved request, violation, or sanction decision."
REG-PUGLIA-U181-DIR-2025-00045:pest-free-positive-routing:v1,REG-PUGLIA-U181-DIR-2025-00045,REG-PUGLIA-U181-DIR-2025-00045:pest-free-positive-routing,2025-03-26,,Effective source read through REL-02,file:regulation/jurisdiction/regional/181_DIR_2025_00045.txt,6c992c0a85dede9b01baef19aa51d69555ea0e32b3397e31d2ad278392690129,2025-03-26,INITIAL,INITIAL,Official laboratory and second-level confirming laboratory,shall,"Identify the individually positive sample, confirm it by a second molecular test on a different genome region performed by a validly designated official laboratory whose designation covers the task, identify the subspecies where required; the Regional Plant Health Service makes the official finding on that evidence.",Proven failure of the second test or of the laboratory's designation defeats confirmation; proven departure from national reference-laboratory routing is a validity question about a finding that exists; missing evidence remains unresolved.,Regional Plant Health Service,"Pest-free area state, pool/individual identity, official screening result, second-method confirmation where required, Dupas and MLST reports.","[""EU-2020-1201:2(6)"",""EU-2020-1201:2(7)"",""IT-DLGS-19-2021:Art.28(3)"",""EU-2017-625:Art.100:national-reference-laboratory-status"",""IT-DLGS-19-2021:Art.14(1):designate-official-laboratory""]",DETERMINISTIC_RULE__EVIDENCE_OR_POLICY_REQUIRED,YES,event-time official-laboratory designation scope and second-test method identity,-,"Required second-method confirmation is distinct from national-reference-laboratory routing. Article 2(6) requires a second molecular test on a different genome region by a validly designated official laboratory; Article 28(3) assigns the resulting official finding to the Regional Service, whose decision is not an antecedent of its own evidence. A valid CREA-DC or other supported reference route may supply confirmation; Bari-seat designation is not inferred. Proven routing departure requires its legal consequence to be adjudicated, not automatic finding invalidity. Laboratory designation, required accreditation and task/method scope are governed by the corresponding national and Union owners: proven disqualification defeats official effect, while missing separate designation evidence is not an added gate. Confirmation evidence and a proven routing departure are independent: combined outcomes retain both, including where confirmation is incomplete or defeated. The routing predicate asks whether the adverse fact is established; absent routing evidence does not establish it and requires no proof of a clean route before confirmation. An unresolved confirmation requirement is not a proven test or laboratory failure."
REG-PUGLIA-U181-DIR-2025-00045:positive-pool-identity-route:v1,REG-PUGLIA-U181-DIR-2025-00045,REG-PUGLIA-U181-DIR-2025-00045:positive-pool-identity-route,2025-03-26,,Effective source read through REL-02,file:regulation/jurisdiction/regional/181_DIR_2025_00045.txt,6c992c0a85dede9b01baef19aa51d69555ea0e32b3397e31d2ad278392690129,2025-03-26,INITIAL,INITIAL,Official laboratory and CNR-IPSP,shall,"Test constituents individually, identify individually positive samples, and route them for subspecies testing; the Regional Plant Health Service retains official-finding authority.",Pool positivity does not establish an individual positive sample or an official infected-plant finding.,Regional Plant Health Service,"Exact assignment, evidence and resulting official record.","[""EU-2020-1201:2(6)"",""EU-2020-1201:2(7)"",""IT-DLGS-19-2021:Art.28(3)""]",DETERMINISTIC_RULE,NO,-,-,[REL-02] Laboratory routing produces evidence; it does not itself create the official infected-plant finding.
REG-PUGLIA-U181-DIR-2025-00045:positive-sample-cnr-return:v1,REG-PUGLIA-U181-DIR-2025-00045,REG-PUGLIA-U181-DIR-2025-00045:positive-sample-cnr-return,2025-03-26,,Effective source read through REL-02,file:regulation/jurisdiction/regional/181_DIR_2025_00045.txt,6c992c0a85dede9b01baef19aa51d69555ea0e32b3397e31d2ad278392690129,2025-03-26,INITIAL,INITIAL,First-level official laboratory / CNR-IPSP,shall,"Send positive samples promptly to CNR-IPSP; following receipt, CNR-IPSP performs the applicable source-route analysis and communicates the result within three working days. For a positive in a new species not among the specified species for the Xylella present in its demarcated area, the required subspecies identification is MLST under Yuan et al. (2010).",Outside the applicable receipt/route this performance is not activated. A missed limit does not by itself invalidate the result or establish absence of the pest.,Regional Plant Health Service,"Sample identity, species and demarcated-area provenance, applicable diagnostic route, CNR-IPSP receipt, required analysis/method and communication records; the qualifying new-species route requires the MLST/Yuan subspecies report. Database registration remains required where the source prescribes it.",[],DETERMINISTIC_RULE__EVIDENCE_OR_POLICY_REQUIRED,NO,-,-,"The transfer and CNR receipt-to-return performances have different actors and anchors. The source covers positive samples, not every doubtful aliquot referral. Other first-level deadlines or immediate notification duties are not replaced. The ordinary condition admits either or both activating facts; the true effect keeps each duty conditional on its own trigger, and B preserves the distinct transfer and receipt anchors. Applicable diagnostic performance includes the Part IV section 2 new-species requirement. Ordinary containment/buffer characterization and the pest-free Dupas-then-MLST sequence retain their source scopes. Already qualifying analysis satisfies the requirement; neither an unfinished characterization nor a missed return limit alone supplies automatic finding invalidity or a removal hold."
REG-PUGLIA-U181-DIR-2025-00045:post-finding-containment-sampling:v1,REG-PUGLIA-U181-DIR-2025-00045,REG-PUGLIA-U181-DIR-2025-00045:post-finding-containment-sampling,2025-03-26,,Adopted operational manual,file:regulation/jurisdiction/regional/181_DIR_2025_00045.txt,6c992c0a85dede9b01baef19aa51d69555ea0e32b3397e31d2ad278392690129,2025-03-26,INITIAL,INITIAL,Regional Plant Health Service; ARIF executes the assigned surveillance,shall,"Immediately sample the source inner population within 50 m: all specified plants and all other symptomatic or suspected plants. In the 400 m-wide outer band starting at that 50 m perimeter, sample all surfaces planted with olives, fruit trees, vines or other specified species using the manual pool/single procedure. Where the operative DGR1075 §4.2.2 ST53 qualification applies, use that qualified inner population while preserving independently required Article 15(1) sampling; the outer band remains.",Outside the infected containment zone this manual branch does not apply; the separate pest-free/buffer branch may apply.,Regional Plant Health Service,"Individual positive plant identity, event-time finding location and subspecies, applicable population and geographical coverage, sampling and test records; shared qualifying performance may satisfy concurrent requirements.","[""EU-2020-1201:15(1)"",""PUG-LR4-2017:Art.6(1)"",""PUG-DGR1075-2025:§4.2.2:st53-post-finding-sampling""]",DETERMINISTIC_RULE__EVIDENCE_OR_POLICY_REQUIRED,NO,-,-,"The later plan qualifies inner sampling only in its own event-time interval; it cannot back-project before 29 July 2025. The 400 m is outer-band width from the 50 m perimeter, not radius from the infected plant. Sampling is not conditional on removing the trigger plant, including lawful scientific retention."
REG-PUGLIA-U181-DIR-2025-00045:post-finding-pest-free-buffer-sampling:v1,REG-PUGLIA-U181-DIR-2025-00045,REG-PUGLIA-U181-DIR-2025-00045:post-finding-pest-free-buffer-sampling,2025-03-26,,Adopted operational manual,file:regulation/jurisdiction/regional/181_DIR_2025_00045.txt,6c992c0a85dede9b01baef19aa51d69555ea0e32b3397e31d2ad278392690129,2025-03-26,INITIAL,INITIAL,Regional Plant Health Service; ARIF executes the assigned surveillance,shall,"Immediately sample all monumental olives, officially listed or displaying monumental characteristics, within 50 m of the infected plants; in the 400 m-wide band around the infected zone, sample every hectare containing specified species using the manual pool/single procedure. This is hectare coverage, not sampling every plant.","Outside this finding-location branch, this regional sampling duty does not arise. An adequate annual statistical survey alone does not establish the prescribed post-finding coverage.",Regional Plant Health Service,"Individual positive plant identity, event-time finding location and subspecies, applicable population and geographical coverage, sampling and test records; shared qualifying performance may satisfy concurrent requirements.","[""IT-DLGS-19-2021:Art.31(1)"",""IT-DLGS-19-2021:Art.6(1)"",""EU-2020-1201:7(3)""]",DETERMINISTIC_RULE__EVIDENCE_OR_POLICY_REQUIRED,NO,-,-,"The finding triggers sampling, not completion of demarcation or removal. From its operative interval, DGR1075 §4.2.1 specifies the detected-subspecies coverage and pest-free-only follow-on sequence. One qualifying operation may satisfy concurrent Union/regional requirements."
REG-PUGLIA-U181-DIR-2025-00045:root-wood-completion:v1,REG-PUGLIA-U181-DIR-2025-00045,REG-PUGLIA-U181-DIR-2025-00045:root-wood-completion,2025-03-26,,Current regional execution procedure,file:regulation/jurisdiction/regional/181_DIR_2025_00045.txt,6c992c0a85dede9b01baef19aa51d69555ea0e32b3397e31d2ad278392690129,2025-03-26,INITIAL,INITIAL,Regional Plant Health Service / assigned executor,shall,"Complete the applicable destruction alternative: full destruction including roots and no retained wood, or competent limited destruction with above-ground branches and foliage destroyed, lawful treatment and verification of any retained wood, and roots removed or adequately devitalised where whole-root extraction is impracticable.",A proven unmet performance condition prevents completion; missing evidence establishes neither completion nor nonperformance. Retained wood cannot satisfy full destruction.,Regional Plant Health Service,"Exact prescription, treatment, execution and verification records.","[""EU-2020-1201:9(1)"",""EU-2020-1201:9(2)"",""EU-2020-1201:9(3)"",""EU-2020-1201:8(1)"",""IT-DLGS-19-2021:Art.6(3)(o)""]",AUTHORITY_JUDGMENT_REQUIRED,YES,eradication difficult-root and retained-wood verification,-,Whole-root extraction is the regional default. The impracticability exception changes only the root limb; it does not waive remaining destruction. Limited destruction need not retain wood.
REG-PUGLIA-U181-DIR-2025-00045:sample-custody-transfer:v1,REG-PUGLIA-U181-DIR-2025-00045,REG-PUGLIA-U181-DIR-2025-00045:sample-custody-transfer,2025-03-26,,Effective source read through REL-02,file:regulation/jurisdiction/regional/181_DIR_2025_00045.txt,6c992c0a85dede9b01baef19aa51d69555ea0e32b3397e31d2ad278392690129,2025-03-26,INITIAL,INITIAL,Assigned survey and transport personnel,shall,"Complete the source-qualified DDS 45 assistant-team custody transfer through same-day cold-chain delivery, assistant/driver signatures, and transporter countersignature attesting delivery, without a proven legally defeating personnel-authority defect.",Missing source custody evidence does not prove transfer or nontransfer. Laboratory acceptance/receipt is a separate fact only where another source requires it.,Regional Plant Health Service,"Exact assignment, evidence and resulting official record.","[""EU-2020-1201:2(6)"",""IT-DLGS-19-2021:Art.14(1):designate-official-laboratory"",""IT-DLGS-19-2021:Art.20(1):assistant-identity"",""IT-DLGS-19-2021:Art.20(2):appointment-register"",""IT-DLGS-19-2021:Art.20(3):activity-limits"",""IT-DLGS-19-2021:Art.20(4):express-assignment"",""IT-DLGS-19-2021:Art.20(5):proposal-not-decision"",""IT-DLGS-19-2021:Art.24:register-current-status""]",DETERMINISTIC_RULE__EVIDENCE_OR_POLICY_REQUIRED,YES,event-time assistant and transporter authority plus custody completeness,-,"This official custody proof is limited to the DDS45 assistant-team route. The source requires the assistants', driver's and authorized transporter's signatures, not a laboratory representative's signature. Articles 20/24 govern appointment, register status and activity assignment; the operational record carries official identity. A proven personnel-authority defect defeats this proof only where it has that legal consequence; a missing separate register extract is not an added gate. Physical delivery, laboratory receipt, analysis and official finding remain distinct facts."
REG-PUGLIA-U181-DIR-2025-00045:st26-olive-exclusion-conflict:v1,REG-PUGLIA-U181-DIR-2025-00045,REG-PUGLIA-U181-DIR-2025-00045:st26-olive-exclusion-conflict,2025-03-26,,Current regional procedure conflict boundary,file:regulation/jurisdiction/regional/181_DIR_2025_00045.txt,6c992c0a85dede9b01baef19aa51d69555ea0e32b3397e31d2ad278392690129,2025-03-26,INITIAL,INITIAL,Regional Plant Health Service,shall not,Do not apply the categorical regional exclusion where olive is reached by the effective Annex II/Article 7 population; require plant-specific controlling evidence.,No categorical exclusion follows; missing plant evidence remains unresolved.,Regional Plant Health Service subject to controlling EU law,"Effective EU Annex/provision version, plant identity and evidence, exact regional procedure instruction, competent case decision.","[""EU-2020-1201:1(c)"",""EU-2020-1201:7(1)""]",AUTHORITY_JUDGMENT_REQUIRED,YES,resolve regional categorical exclusion against effective EU population,DDS 45 excludes olive while acknowledging it is specified in Puglia; regional procedure cannot amend Annex II.,Resolved conflict: the effective EU Annex/Article 2/7 population controls; the regional procedure cannot amend it. Adjudicated and removed from the unknown register 2026-09-01; this row remains the visible conflict boundary.
REG-PUGLIA-U181-DIR-2025-00045:st53-citrus-prunus-exclusion-conflict:v1,REG-PUGLIA-U181-DIR-2025-00045,REG-PUGLIA-U181-DIR-2025-00045:st53-citrus-prunus-exclusion-conflict,2025-03-26,,Current regional procedure conflict boundary,file:regulation/jurisdiction/regional/181_DIR_2025_00045.txt,6c992c0a85dede9b01baef19aa51d69555ea0e32b3397e31d2ad278392690129,2025-03-26,INITIAL,INITIAL,Regional Plant Health Service,shall not,Do not apply the categorical regional exclusion where the plant is reached by the effective Annex II/Article 7 population; require plant-specific controlling evidence.,No categorical exclusion follows; missing plant evidence remains unresolved.,Regional Plant Health Service subject to controlling EU law,"Effective EU Annex/provision version, plant identity and evidence, exact regional procedure instruction, competent case decision.","[""EU-2020-1201:1(c)"",""EU-2020-1201:7(1)""]",AUTHORITY_JUDGMENT_REQUIRED,YES,resolve regional categorical exclusion against effective EU population,DDS 45 excludes source-listed taxa it acknowledges are specified for pauca; regional procedure cannot amend Annex II.,Resolved conflict: the effective EU Annex/Article 2/7 population controls; the regional procedure cannot amend it. Adjudicated and removed from the unknown register 2026-09-01; this row remains the visible conflict boundary.
REG-PUGLIA-U181-DIR-2025-00045:treatment-removal-sequence:v1,REG-PUGLIA-U181-DIR-2025-00045,REG-PUGLIA-U181-DIR-2025-00045:treatment-removal-sequence,2025-03-26,,Current regional execution procedure,file:regulation/jurisdiction/regional/181_DIR_2025_00045.txt,6c992c0a85dede9b01baef19aa51d69555ea0e32b3397e31d2ad278392690129,2025-03-26,INITIAL,INITIAL,Regional Plant Health Service / assigned executor,shall,"For the operative post-exception Article 7(1) removal population only: During vector flight, apply Article 8 treatment before and during removal and the regional 48-hour sequence. Outside proven flight, do not treat the fixed November–March instruction as self-proving compliance; resolve the broader Article 8 treatment duty and appropriate timing from event-time evidence, and satisfy the applicable regional 48-hour wait.",Proven omission of required flight-season treatment is noncompliant. Missing vector-flight or appropriate-treatment evidence does not cancel Article 7 removal and does not establish the regional no-treatment instruction as lawful.,Regional Plant Health Service,"Exact prescription, treatment, execution and verification records.","[""EU-2020-1201:7(1)"",""EU-2020-1201:8(1)""]",AUTHORITY_JUDGMENT_REQUIRED,YES,event-time vector flight and appropriate all-stage treatment,DDS 45 uses fixed November–March no-treatment wording. Current Article 8 makes the pre/during-removal sequence specific to vector flight while retaining broader all-stage treatment duties; fixed months cannot substitute for event-time vector evidence.,"[REL-07/08] No calendar computation is made in Stage A. The authority must resolve vector-flight and appropriate-treatment predicates. Removal-ordering conditions do not reactivate removal for a lawfully retained plant; independent Article 8 and retained-plant treatment duties remain. Outside flight, readiness requires the elapsed wait or an affirmative event-time resolution that no triggering pre-removal treatment is applicable; missing treatment or wait evidence cannot establish this latter route. The treatment/wait result establishes readiness only for this sequence step, not performed removal or satisfaction of every other execution requirement."
REG-PUGLIA-U181-DIR-2025-00059:area-state-transition:v1,REG-PUGLIA-U181-DIR-2025-00059,REG-PUGLIA-U181-DIR-2025-00059:area-state-transition,2025-04-14,,Exact competent area act,file:regulation/jurisdiction/regional/181_DIR_2025_00059_DeterminaPUB.txt,f1c45beed4d8c69907b3f0380739e3f322ebecb2a5d00bcf218611dbec9aa716,2025-04-14,INITIAL,INITIAL,Regional Plant Health Service,shall,Record the source act and adopted annexes as the source-stated geography: adopt the exact pauca ST53 eradication state and source annexes from this effective date.,"Outside the act's interval or adopted geography, or where its area state is superseded, suspended, revoked or annulled, no area state follows from this act.",Regional Plant Health Service,"Exact act, official evidence, adopted annex, subspecies, regime and interval.","[""EU-2020-1201:4(1)"",""IT-DLGS-19-2021:Art.31(3):establish-demarcated-area"",""EU-2020-1201:7(1)"",""PUG-LR4-2017:Art.3(2)""]",AUTHORITY_JUDGMENT_REQUIRED,YES,constitutive area judgment,-,[REL-04] institutes Minervino Murge eradication state Operative legal-area use is separately gated by PUG-LR4-2017:Art.3(2). [SPAN 2026-09-01] Quote completed to its sentence end from the same source span (it had been cut mid-word by an earlier extraction); meaning unchanged.
REG-PUGLIA-U181-DIR-2025-00106:area-state-transition:v1,REG-PUGLIA-U181-DIR-2025-00106,REG-PUGLIA-U181-DIR-2025-00106:area-state-transition,2025-06-16,,Exact competent area act,file:regulation/jurisdiction/regional/AREA-DDS-106-2025-Santeramo-Ginosa.txt,bb68834548c2a46e4d217d6c9c40e74c149ffd79c07fe2d13b9ed56491e834fb,2025-06-16,INITIAL,INITIAL,Regional Plant Health Service,shall,Record the source act and adopted annexes as the source-stated geography: adopt the exact multiplex ST26 Santeramo and Ginosa eradication update state and its source annexes from this effective date.,"Outside the act's interval or adopted geography, or where its area state is superseded, suspended, revoked or annulled, no area state follows from this act.",Regional Plant Health Service,"Exact act identity, official evidence, adopted geography/cadastral annex, subspecies, regime and interval.","[""EU-2020-1201:4(1)"",""IT-DLGS-19-2021:Art.31(3):establish-demarcated-area"",""EU-2020-1201:7(1)"",""PUG-LR4-2017:Art.3(2)""]",AUTHORITY_JUDGMENT_REQUIRED,YES,constitutive area judgment,-,[REL-04] current held shared update; territorial portions remain competent-jurisdiction bounded Operative legal-area use is separately gated by PUG-LR4-2017:Art.3(2). [SPAN 2026-09-01] Quote re-extracted from the operative lines of the source; the prior span was split at a page break or began one sentence late; meaning unchanged.
REG-PUGLIA-U181-DIR-2025-00113:area-state-transition:v1,REG-PUGLIA-U181-DIR-2025-00113,REG-PUGLIA-U181-DIR-2025-00113:area-state-transition,2025-06-23,2025-08-06,Exact competent area act,file:regulation/jurisdiction/regional/AREA-DDS-113-2025-Bisceglie.txt,59d531ccb2833e817556f78bd3fd6a9b98f6bcd4a60836b7748cb9005a3ce2b1,2025-06-23,INITIAL,INITIAL,Regional Plant Health Service,shall,Record the source act and adopted annexes as the source-stated geography: adopt the exact pauca ST53 Bisceglie eradication state and its source annexes from this effective date.,"Outside the act's interval or adopted geography, or where its area state is superseded, suspended, revoked or annulled, no area state follows from this act.",Regional Plant Health Service,"Exact act identity, official evidence, adopted geography/cadastral annex, subspecies, regime and interval.","[""EU-2020-1201:4(1)"",""IT-DLGS-19-2021:Art.31(3):establish-demarcated-area"",""EU-2020-1201:7(1)"",""PUG-LR4-2017:Art.3(2)""]",AUTHORITY_JUDGMENT_REQUIRED,YES,constitutive area judgment,-,[REL-04] initial held Bisceglie state Operative legal-area use is separately gated by PUG-LR4-2017:Art.3(2).
REG-PUGLIA-U181-DIR-2025-00115:case-delta:noncommencement-enforcement:v1,REG-PUGLIA-U181-DIR-2025-00115,REG-PUGLIA-U181-DIR-2025-00115:case-delta:noncommencement-enforcement,2025-06-25,,Genuine case-specific operative delta,file:regulation/jurisdiction/regional/bulk/DET-115-2025-FITO-ed7ecbb460e2.txt,c5fd34bdb12d11f2a6c80a1d48135de5815b4bb9637e45191f31c3c9df814dff,2025-06-25,INITIAL,INITIAL,Regional Plant Health Service,shall,"The Osservatorio must direct coercive removal through ARIF of infected plants and the prescribed plants in the Bisceglie infected area, insofar as removal remains lawfully due. This is the case-qualified use of existing substitute/coercive execution authority, not proof of completed removal.",This case noncommencement ground is not established. Missing evidence does not prove noncommencement; this does not discharge removal or prevent enforcement under another applicable ground.,Regional Plant Health Service,"Operative prescription and applicable correction, recipient and lawfully due plant population, legally sufficient notification date, and evidence establishing whether concrete removal work began by the source deadline.","[""IT-DLGS-19-2021:Art.32(3):substitute-execution"",""IT-DLGS-19-2021:Art.55(13):coercive-removal"",""IT-L241-A21BIS:Art.21-bis(1):mass-publicity-route"",""PUG-DPGR22-2021:Art.20(3):publication-not-notice"",""REG-PUGLIA-U181-DIR-2025-00115:case-delta:post-m5-stale-article7-text""]",AUTHORITY_JUDGMENT_REQUIRED,YES,"establish the operative recipient relation, notification and actual noncommencement",-,[CASE DELTA ONLY] Commencement is distinct from completion and owner election. This is not a grace period or a bar to earlier lawful intervention. Immediate effectiveness is not itself notification; publication counts only through a legally sufficient notice route.
REG-PUGLIA-U181-DIR-2025-00115:case-delta:post-m5-stale-article7-text:v1,REG-PUGLIA-U181-DIR-2025-00115,REG-PUGLIA-U181-DIR-2025-00115:case-delta:post-m5-stale-article7-text,2025-06-25,,Genuine case-specific operative delta,file:regulation/jurisdiction/regional/bulk/DET-115-2025-FITO-ed7ecbb460e2.txt,c5fd34bdb12d11f2a6c80a1d48135de5815b4bb9637e45191f31c3c9df814dff,2025-06-25,INITIAL,INITIAL,Regional Plant Health Service,shall,"Resolve the case through the Article 7 version effective at decision time, including the M5 alternative evidence routes; the copied pre-M5 letter (e) wording cannot narrow or enlarge the population.",No case population is derived from stale embedded text alone.,Regional Plant Health Service,"Case date, the copied population text, and the applicable Article 7 version and plant-specific evidence.","[""EU-2020-1201:7(1)""]",AUTHORITY_JUDGMENT_REQUIRED,YES,case branch resolution against source miscitation,Order copies pre-M5 Article 7(1)(e) wording after M5 changed the reusable population.,[CASE DELTA ONLY] Exact event-time effect; no reusable population is redefined. [SPAN 2026-09-01] Quote completed to its sentence end from the same source span (it had been cut mid-word by an earlier extraction); meaning unchanged.
REG-PUGLIA-U181-DIR-2025-00117:case-delta:failed-service-represcription:v1,REG-PUGLIA-U181-DIR-2025-00117,REG-PUGLIA-U181-DIR-2025-00117:case-delta:failed-service-represcription,2025-06-27,,Genuine case-specific operative delta,file:regulation/jurisdiction/regional/bulk/DET-117-2025-FITO-1d2e9b6111cd.txt,d8eb06ce7a049d52af7507562c671f756f8d758f413d9094368b73ac679dc25d,2025-06-27,INITIAL,INITIAL,Regional Plant Health Service,shall,Correct the current owners and re-prescribe the complete Article 7 population because the predecessor orders were not effectively notified to them.,"Failed service cannot become silence, refusal, breach, or substitute-execution authority.",Regional Plant Health Service,"Case act, predecessor relation, exact payload correction, notice/evidence and applicable reusable proposition versions.","[""EU-2020-1201:7(1)"",""PUG-DGR1593-2024:notice-publication"",""PUG-DGR1593-2024:notice-prescription-issuance"",""IT-L241-A21BIS:Art.21-bis(1):individual-communication-effect""]",AUTHORITY_JUDGMENT_REQUIRED,YES,case-specific correction or source-conflict resolution,-,[CASE DELTA ONLY] Payload remains payload; only the changed legal effect is retained. [SPAN 2026-09-01] Quote completed to its sentence end from the same source span (it had been cut mid-word by an earlier extraction); meaning unchanged.
REG-PUGLIA-U181-DIR-2025-00117:case-delta:noncommencement-enforcement:v1,REG-PUGLIA-U181-DIR-2025-00117,REG-PUGLIA-U181-DIR-2025-00117:case-delta:noncommencement-enforcement,2025-06-27,,Genuine case-specific operative delta,file:regulation/jurisdiction/regional/bulk/DET-117-2025-FITO-1d2e9b6111cd.txt,d8eb06ce7a049d52af7507562c671f756f8d758f413d9094368b73ac679dc25d,2025-06-27,INITIAL,INITIAL,Regional Plant Health Service,shall,"The Osservatorio must direct coercive removal through ARIF of infected plants only, insofar as removal remains lawfully due. This is the case-qualified use of existing substitute/coercive execution authority, not proof of completed removal.",This case noncommencement ground is not established. Missing evidence does not prove noncommencement; this does not discharge removal or prevent enforcement under another applicable ground.,Regional Plant Health Service,"Operative prescription and applicable correction, recipient and lawfully due plant population, legally sufficient notification date, and evidence establishing whether concrete removal work began by the source deadline.","[""IT-DLGS-19-2021:Art.32(3):substitute-execution"",""IT-DLGS-19-2021:Art.55(13):coercive-removal"",""IT-L241-A21BIS:Art.21-bis(1):mass-publicity-route"",""PUG-DPGR22-2021:Art.20(3):publication-not-notice"",""REG-PUGLIA-U181-DIR-2025-00117:case-delta:failed-service-represcription"",""REG-PUGLIA-U181-DIR-2025-00117:case-delta:st1-olive-nonmembership-boundary""]",AUTHORITY_JUDGMENT_REQUIRED,YES,"establish the operative recipient relation, notification and actual noncommencement",-,"[CASE DELTA ONLY] Commencement is distinct from completion and owner election. This is not a grace period or a bar to earlier lawful intervention. Immediate effectiveness is not itself notification; publication counts only through a legally sufficient notice route. Re-prescription after failed service requires the legally sufficient notification for the repaired recipient relation, not the failed predecessor service date."
REG-PUGLIA-U181-DIR-2025-00117:case-delta:st1-olive-nonmembership-boundary:v1,REG-PUGLIA-U181-DIR-2025-00117,REG-PUGLIA-U181-DIR-2025-00117:case-delta:st1-olive-nonmembership-boundary,2025-06-27,,Genuine case-specific operative delta,file:regulation/jurisdiction/regional/bulk/DET-117-2025-FITO-1d2e9b6111cd.txt,d8eb06ce7a049d52af7507562c671f756f8d758f413d9094368b73ac679dc25d,2025-06-27,INITIAL,INITIAL,Regional Plant Health Service,shall,"Treat uninfected, asymptomatic olive as outside the fastidiosa ST1 specified-plant limbs only; infected, symptomatic, suspected, or otherwise independently reached olive remains inside the controlling Article 7 population.",No crop-wide immunity or exemption from independently satisfied Article 7 predicates is established.,Regional Plant Health Service,"Case act, predecessor relation, exact payload correction, notice/evidence and applicable reusable proposition versions.","[""EU-2020-1201:7(1)"",""EU-2020-1201:1(c)""]",AUTHORITY_JUDGMENT_REQUIRED,YES,case-specific correction or source-conflict resolution,DDS 117 states olive is not susceptible to ST1; that statement cannot override independently satisfied infected/suspected Article 7 predicates.,[CASE DELTA ONLY] Payload remains payload; only the changed legal effect is retained. [SPAN 2026-09-01] Quote re-extracted from the operative lines of the source; the prior span was split at a page break or began one sentence late; meaning unchanged.
REG-PUGLIA-U181-DIR-2025-00126:area-state-transition:v1,REG-PUGLIA-U181-DIR-2025-00126,REG-PUGLIA-U181-DIR-2025-00126:area-state-transition,2025-07-11,2025-07-18,Exact competent area act,file:regulation/jurisdiction/regional/bulk/DET-126-2025-FITO-943e4d6102ae.txt,32f4820a203ee5f3d784fa1b06e3c29759a0aed71e7baac2f425e2a7745d2832,2025-07-11,INITIAL,INITIAL,Regional Plant Health Service,shall,Record the source act and adopted annexes as the source-stated geography: adopt the exact pauca ST53 eradication state and source annexes from this effective date.,"Outside the act's interval or adopted geography, or where its area state is superseded, suspended, revoked or annulled, no area state follows from this act.",Regional Plant Health Service,"Exact act, official evidence, adopted annex, subspecies, regime and interval.","[""EU-2020-1201:4(1)"",""IT-DLGS-19-2021:Art.31(3):establish-demarcated-area"",""EU-2020-1201:7(1)"",""PUG-LR4-2017:Art.3(2)""]",AUTHORITY_JUDGMENT_REQUIRED,YES,constitutive area judgment,-,[REL-04] institutes Modugno eradication state Operative legal-area use is separately gated by PUG-LR4-2017:Art.3(2). [SPAN 2026-09-01] Quote completed to its sentence end from the same source span (it had been cut mid-word by an earlier extraction); meaning unchanged.
REG-PUGLIA-U181-DIR-2025-00132:area-state-transition:v1,REG-PUGLIA-U181-DIR-2025-00132,REG-PUGLIA-U181-DIR-2025-00132:area-state-transition,2025-07-18,2026-01-15,Exact competent area act,file:regulation/jurisdiction/regional/bulk/DET-132-2025-FITO-6bed5acbfc11.txt,8d2ac94229f2ab156d4f1130340d877ce8d8b72a1a4d3de9607e3598f9104408,2025-07-18,INITIAL,INITIAL,Regional Plant Health Service,shall,Record the source act and adopted annexes as the source-stated geography: adopt the exact pauca ST53 eradication state and source annexes from this effective date.,"Outside the act's interval or adopted geography, or where its area state is superseded, suspended, revoked or annulled, no area state follows from this act.",Regional Plant Health Service,"Exact act, official evidence, adopted annex, subspecies, regime and interval.","[""EU-2020-1201:4(1)"",""IT-DLGS-19-2021:Art.31(3):establish-demarcated-area"",""EU-2020-1201:7(1)"",""PUG-LR4-2017:Art.3(2)""]",AUTHORITY_JUDGMENT_REQUIRED,YES,constitutive area judgment,-,[REL-04] expands Modugno state; predecessor miscitation remains defect Operative legal-area use is separately gated by PUG-LR4-2017:Art.3(2). [SPAN 2026-09-01] Quote completed to its sentence end from the same source span (it had been cut mid-word by an earlier extraction); meaning unchanged.
REG-PUGLIA-U181-DIR-2025-00141:area-state-transition:v1,REG-PUGLIA-U181-DIR-2025-00141,REG-PUGLIA-U181-DIR-2025-00141:area-state-transition,2025-08-06,,Exact competent area act,file:regulation/jurisdiction/regional/DET_141_6_8_2025.txt,d05d6d804ab574d7982efa1047ed7588d9a9c21ccedd01a9cbaa45c34dd0fd9c,2025-08-06,INITIAL,INITIAL,Regional Plant Health Service,shall,Record the source act and adopted annexes as the source-stated geography: adopt the exact pauca ST53 eradication state and source annexes from this effective date.,"Outside the act's interval or adopted geography, or where its area state is superseded, suspended, revoked or annulled, no area state follows from this act.",Regional Plant Health Service,"Exact act, official evidence, adopted annex, subspecies, regime and interval.","[""EU-2020-1201:4(1)"",""IT-DLGS-19-2021:Art.31(3):establish-demarcated-area"",""EU-2020-1201:7(1)"",""PUG-LR4-2017:Art.3(2)""]",AUTHORITY_JUDGMENT_REQUIRED,YES,constitutive area judgment,-,[REL-04] updates Bisceglie eradication state Operative legal-area use is separately gated by PUG-LR4-2017:Art.3(2). [SPAN 2026-09-01] Quote completed to its sentence end from the same source span (it had been cut mid-word by an earlier extraction); meaning unchanged.
REG-PUGLIA-U181-DIR-2025-00147:area-state-transition:v1,REG-PUGLIA-U181-DIR-2025-00147,REG-PUGLIA-U181-DIR-2025-00147:area-state-transition,2025-08-12,,Exact competent area act,file:regulation/jurisdiction/regional/DET_147_12_8_2025.txt,aa147970966b0a2c20f6e2ceb9c1ed1ff6e6ef2c4f2d7b405da56902b98e4c5b,2025-08-12,INITIAL,INITIAL,Regional Plant Health Service,shall,Record the source act and adopted annexes as the source-stated geography: adopt the exact pauca ST53 eradication state and source annexes from this effective date.,"Outside the act's interval or adopted geography, or where its area state is superseded, suspended, revoked or annulled, no area state follows from this act.",Regional Plant Health Service,"Exact act, official evidence, adopted annex, subspecies, regime and interval.","[""EU-2020-1201:4(1)"",""IT-DLGS-19-2021:Art.31(3):establish-demarcated-area"",""EU-2020-1201:7(1)"",""PUG-LR4-2017:Art.3(2)""]",AUTHORITY_JUDGMENT_REQUIRED,YES,constitutive area judgment,-,[REL-04] institutes Giovinazzo eradication state Operative legal-area use is separately gated by PUG-LR4-2017:Art.3(2). [SPAN 2026-09-01] Quote completed to its sentence end from the same source span (it had been cut mid-word by an earlier extraction); meaning unchanged.
REG-PUGLIA-U181-DIR-2025-00163:area-state-transition:v1,REG-PUGLIA-U181-DIR-2025-00163,REG-PUGLIA-U181-DIR-2025-00163:area-state-transition,2025-10-08,,Exact competent area act,file:regulation/jurisdiction/regional/DET_163_8_10_2025.txt,30888bf1f46396575778ccffa00621f1ad23612314ae009d83005cae85048de2,2025-10-08,INITIAL,INITIAL,Regional Plant Health Service,shall,Record the source act and adopted annexes as the source-stated geography: adopt the exact pauca ST53 eradication state and source annexes from this effective date.,"Outside the act's interval or adopted geography, or where its area state is superseded, suspended, revoked or annulled, no area state follows from this act.",Regional Plant Health Service,"Exact act, official evidence, adopted annex, subspecies, regime and interval.","[""EU-2020-1201:4(1)"",""IT-DLGS-19-2021:Art.31(3):establish-demarcated-area"",""EU-2020-1201:7(1)"",""PUG-LR4-2017:Art.3(2)""]",AUTHORITY_JUDGMENT_REQUIRED,YES,constitutive area judgment,-,[REL-04] institutes Cagnano Varano eradication state Operative legal-area use is separately gated by PUG-LR4-2017:Art.3(2). [SPAN 2026-09-01] Quote completed to its sentence end from the same source span (it had been cut mid-word by an earlier extraction); meaning unchanged.
REG-PUGLIA-U181-DIR-2025-00173:case-delta:noncommencement-enforcement:v1,REG-PUGLIA-U181-DIR-2025-00173,REG-PUGLIA-U181-DIR-2025-00173:case-delta:noncommencement-enforcement,2025-10-24,,Genuine case-specific operative delta,file:regulation/jurisdiction/regional/DDS-173-2025-enforcement-excerpt.txt,d05eb86a1c6769b8d31698631a6a3e35147df71171cea65587c01bbfd0788aa6,2025-10-24,INITIAL,INITIAL,Regional Plant Health Service,shall,"The Osservatorio must direct coercive removal through ARIF of infected plants and the prescribed plants within 50 m, insofar as removal remains lawfully due. This is the case-qualified use of existing substitute/coercive execution authority, not proof of completed removal.",This case noncommencement ground is not established. Missing evidence does not prove noncommencement; this does not discharge removal or prevent enforcement under another applicable ground.,Regional Plant Health Service,"Operative prescription and applicable correction, recipient and lawfully due plant population, legally sufficient notification date, and evidence establishing whether concrete removal work began by the source deadline.","[""IT-DLGS-19-2021:Art.32(3):substitute-execution"",""IT-DLGS-19-2021:Art.55(13):coercive-removal"",""IT-L241-A21BIS:Art.21-bis(1):mass-publicity-route"",""PUG-DPGR22-2021:Art.20(3):publication-not-notice""]",AUTHORITY_JUDGMENT_REQUIRED,YES,"establish the operative recipient relation, notification and actual noncommencement",-,[CASE DELTA ONLY] Commencement is distinct from completion and owner election. This is not a grace period or a bar to earlier lawful intervention. Immediate effectiveness is not itself notification; publication counts only through a legally sufficient notice route. DDS63/2026 incorporates these terms for the supplemented parcel/current-owner relation; it does not restart valid terms for other recipients.
REG-PUGLIA-U181-DIR-2025-00201:case-delta:infected-plant-execution-priority:v1,REG-PUGLIA-U181-DIR-2025-00201,REG-PUGLIA-U181-DIR-2025-00201:case-delta:infected-plant-execution-priority,2025-11-24,,Genuine case-specific operative delta,file:regulation/jurisdiction/regional/bulk/DET-201-2025-FITO-11d2e495c708.txt,76d26b7f2e39d67d25deed236bbae2504fe9d359fce864c4b2c6944508b101c9,2025-11-24,INITIAL,INITIAL,Regional Plant Health Service,shall,Give execution priority to the 106 officially infected plants without changing or discharging the remaining mandatory Article 7 population.,"Priority does not remove noninfected, suspected, or other qualifying plants from the workload.",Regional Plant Health Service,"The case's priority instruction and infected-plant list, read with the complete Article 7 workload.","[""EU-2020-1201:7(1)"",""REG-PUGLIA-U181-DIR-2025-00163:area-state-transition""]",AUTHORITY_JUDGMENT_REQUIRED,YES,"execution priority within, not replacement of, the complete Article 7 workload",-,[CASE DELTA ONLY] Exact event-time effect; reusable law remains unchanged. [SPAN 2026-09-01] Quote completed to its sentence end from the same source span (it had been cut mid-word by an earlier extraction); meaning unchanged.
REG-PUGLIA-U181-DIR-2025-00201:case-delta:noncommencement-enforcement:v1,REG-PUGLIA-U181-DIR-2025-00201,REG-PUGLIA-U181-DIR-2025-00201:case-delta:noncommencement-enforcement,2025-11-24,,Genuine case-specific operative delta,file:regulation/jurisdiction/regional/bulk/DET-201-2025-FITO-11d2e495c708.txt,76d26b7f2e39d67d25deed236bbae2504fe9d359fce864c4b2c6944508b101c9,2025-11-24,INITIAL,INITIAL,Regional Plant Health Service,shall,"The Osservatorio must direct coercive removal through ARIF of infected plants and the prescribed plants within 50 m, insofar as removal remains lawfully due. This is the case-qualified use of existing substitute/coercive execution authority, not proof of completed removal.",This case noncommencement ground is not established. Missing evidence does not prove noncommencement; this does not discharge removal or prevent enforcement under another applicable ground.,Regional Plant Health Service,"Operative prescription and applicable correction, recipient and lawfully due plant population, legally sufficient notification date, and evidence establishing whether concrete removal work began by the source deadline.","[""IT-DLGS-19-2021:Art.32(3):substitute-execution"",""IT-DLGS-19-2021:Art.55(13):coercive-removal"",""IT-L241-A21BIS:Art.21-bis(1):mass-publicity-route"",""PUG-DPGR22-2021:Art.20(3):publication-not-notice"",""REG-PUGLIA-U181-DIR-2025-00201:case-delta:infected-plant-execution-priority""]",AUTHORITY_JUDGMENT_REQUIRED,YES,"establish the operative recipient relation, notification and actual noncommencement",-,[CASE DELTA ONLY] Commencement is distinct from completion and owner election. This is not a grace period or a bar to earlier lawful intervention. Immediate effectiveness is not itself notification; publication counts only through a legally sufficient notice route.
REG-PUGLIA-U181-DIR-2025-00236:area-state-transition:v1,REG-PUGLIA-U181-DIR-2025-00236,REG-PUGLIA-U181-DIR-2025-00236:area-state-transition,2025-12-18,,Exact competent area act,file:regulation/jurisdiction/regional/AREA-DDS-236-2025-ST1.txt,483c75d04c744a5bab4a54aace236d78aafb3b4cd3af897398f6fc2b08036e62,2025-12-18,INITIAL,INITIAL,Regional Plant Health Service,shall,Record the source act and adopted annexes as the source-stated geography: adopt the exact fastidiosa ST1 eradication state and its source annexes from this effective date.,"Outside the act's interval or adopted geography, or where its area state is superseded, suspended, revoked or annulled, no area state follows from this act.",Regional Plant Health Service,"Exact act identity, official evidence, adopted geography/cadastral annex, subspecies, regime and interval.","[""EU-2020-1201:4(1)"",""IT-DLGS-19-2021:Art.31(3):establish-demarcated-area"",""EU-2020-1201:7(1)"",""PUG-LR4-2017:Art.3(2)""]",AUTHORITY_JUDGMENT_REQUIRED,YES,constitutive area judgment,-,[REL-04] current held ST1 state succeeding prior ST1 acts Operative legal-area use is separately gated by PUG-LR4-2017:Art.3(2).
REG-PUGLIA-U181-DIR-2026-00002:area-state-transition:v1,REG-PUGLIA-U181-DIR-2026-00002,REG-PUGLIA-U181-DIR-2026-00002:area-state-transition,2026-01-12,2026-07-07,Exact competent area act,file:regulation/jurisdiction/regional/AREA-DDS-2-2026-Valenzano.txt,96588987a9c479447d45fa27aa841f690adbcb8409586e3db5e580c6904a7631,2026-01-12,INITIAL,INITIAL,Regional Plant Health Service,shall,Record the source act and adopted annexes as the source-stated geography: adopt the exact pauca ST53 Valenzano eradication state and its source annexes from this effective date.,"Outside the act's interval or adopted geography, or where its area state is superseded, suspended, revoked or annulled, no area state follows from this act.",Regional Plant Health Service,"Exact act identity, official evidence, adopted geography/cadastral annex, subspecies, regime and interval.","[""EU-2020-1201:4(1)"",""IT-DLGS-19-2021:Art.31(3):establish-demarcated-area"",""EU-2020-1201:7(1)"",""PUG-LR4-2017:Art.3(2)""]",AUTHORITY_JUDGMENT_REQUIRED,YES,constitutive area judgment,-,[REL-04] independent until later absorption Operative legal-area use is separately gated by PUG-LR4-2017:Art.3(2).
REG-PUGLIA-U181-DIR-2026-00004:area-state-transition:v1,REG-PUGLIA-U181-DIR-2026-00004,REG-PUGLIA-U181-DIR-2026-00004:area-state-transition,2026-01-15,2026-07-07,Exact competent area act,file:regulation/jurisdiction/regional/bulk/DET-4-2026-FITO-0d34986457c0.txt,6113fb89e5eab266aa3c77fec76d175b03bb9b1acebf5e40f0f52d6ee5cab78b,2026-01-15,INITIAL,INITIAL,Regional Plant Health Service,shall,Record the source act and adopted annexes as the source-stated geography: adopt the exact pauca ST53 eradication state and source annexes from this effective date.,"Outside the act's interval or adopted geography, or where its area state is superseded, suspended, revoked or annulled, no area state follows from this act.",Regional Plant Health Service,"Exact act, official evidence, adopted annex, subspecies, regime and interval.","[""EU-2020-1201:4(1)"",""IT-DLGS-19-2021:Art.31(3):establish-demarcated-area"",""EU-2020-1201:7(1)"",""PUG-LR4-2017:Art.3(2)""]",AUTHORITY_JUDGMENT_REQUIRED,YES,constitutive area judgment,-,[REL-04] updates Modugno state before Valenzano absorption Operative legal-area use is separately gated by PUG-LR4-2017:Art.3(2). [SPAN 2026-09-01] Quote completed to its sentence end from the same source span (it had been cut mid-word by an earlier extraction); meaning unchanged.
REG-PUGLIA-U181-DIR-2026-00012:almond-characterization:v1,REG-PUGLIA-U181-DIR-2026-00012,REG-PUGLIA-U181-DIR-2026-00012:almond-characterization,2026-02-12,,Effective regional operating rule,file:regulation/jurisdiction/regional/bulk/DET-12-2026-FITO-a5b57a900dcc.txt,24be7013d97fffab777eda8c9aca76c908e8247020054c7e615870c63cccc15c,2026-02-12,INITIAL,INITIAL,Authorized field evaluator,shall,Classify the individual almond tree as marginal/abandoned only through a competent holistic assessment of all five source-stated indicators.,"Without the competent characterization, qualification remains unresolved; parcel listing or any single indicator does not establish or defeat it.",Regional Plant Health Service,Exact source facts and branch-specific authority/evidence.,"[""PUG-DGR1075-2025:§4.3.2:mandatory-almond-400m"",""IT-DLGS-19-2021:Art.6(3)(o)""]",AUTHORITY_JUDGMENT_REQUIRED,YES,holistic source-native five-factor almond characterization,-,"[REL-11] All five indicators remain required inputs to the authority assessment. The source states no AND, OR, score, threshold or dispensability rule."
REG-PUGLIA-U181-DIR-2026-00035:case-delta:noncommencement-enforcement:v1,REG-PUGLIA-U181-DIR-2026-00035,REG-PUGLIA-U181-DIR-2026-00035:case-delta:noncommencement-enforcement,2026-03-09,,Genuine case-specific operative delta,file:regulation/jurisdiction/regional/bulk/DET-35-2026-FITO-76d363b7ece1.txt,4de7cf8d27d47a0a3db353cac3ef1303eeed301d86727045e8b5d7bbcf5efa0a,2026-03-09,INITIAL,INITIAL,Regional Plant Health Service,shall,"The Osservatorio must direct coercive removal through ARIF of infected plants and the prescribed plants within 50 m, insofar as removal remains lawfully due. This is the case-qualified use of existing substitute/coercive execution authority, not proof of completed removal.",This case noncommencement ground is not established. Missing evidence does not prove noncommencement; this does not discharge removal or prevent enforcement under another applicable ground.,Regional Plant Health Service,"Operative prescription and applicable correction, recipient and lawfully due plant population, legally sufficient notification date, and evidence establishing whether concrete removal work began by the source deadline.","[""IT-DLGS-19-2021:Art.32(3):substitute-execution"",""IT-DLGS-19-2021:Art.55(13):coercive-removal"",""IT-L241-A21BIS:Art.21-bis(1):mass-publicity-route"",""PUG-DPGR22-2021:Art.20(3):publication-not-notice"",""REG-PUGLIA-U181-DIR-2026-00035:case-delta:post-m5-stale-article7-text""]",AUTHORITY_JUDGMENT_REQUIRED,YES,"establish the operative recipient relation, notification and actual noncommencement",-,[CASE DELTA ONLY] Commencement is distinct from completion and owner election. This is not a grace period or a bar to earlier lawful intervention. Immediate effectiveness is not itself notification; publication counts only through a legally sufficient notice route. Read the population through the existing post-M5 case-conflict owner; copied pre-M5 text does not replace operative Article 7.
REG-PUGLIA-U181-DIR-2026-00035:case-delta:post-m5-stale-article7-text:v1,REG-PUGLIA-U181-DIR-2026-00035,REG-PUGLIA-U181-DIR-2026-00035:case-delta:post-m5-stale-article7-text,2026-03-09,,Genuine case-specific operative delta,file:regulation/jurisdiction/regional/bulk/DET-35-2026-FITO-76d363b7ece1.txt,4de7cf8d27d47a0a3db353cac3ef1303eeed301d86727045e8b5d7bbcf5efa0a,2026-03-09,INITIAL,INITIAL,Regional Plant Health Service,shall,"Resolve the case through the Article 7 version effective at decision time, including the M5 alternative evidence routes; the copied pre-M5 letter (e) wording cannot narrow or enlarge the population.",No case population is derived from stale embedded text alone.,Regional Plant Health Service,"Case date, the copied population text, and the applicable Article 7 version and plant-specific evidence.","[""EU-2020-1201:7(1)""]",AUTHORITY_JUDGMENT_REQUIRED,YES,case branch resolution against source miscitation,Order copies pre-M5 Article 7(1)(e) wording after M5 changed the reusable population.,[CASE DELTA ONLY] Exact event-time effect; no reusable population is redefined.
REG-PUGLIA-U181-DIR-2026-00063:case-delta:act-specific-mass-publicity-basis:v1,REG-PUGLIA-U181-DIR-2026-00063,REG-PUGLIA-U181-DIR-2026-00063:case-delta:act-specific-mass-publicity-basis,2026-04-03,,Genuine case-specific operative delta,file:regulation/jurisdiction/regional/bulk/DET-63-2026-FITO-bd7f7bd2162a.txt,c88d31c97d7f81e6c891fcbeeb727ca54308c63e11ccda56f67bf15cf1637b48,2026-04-03,INITIAL,INITIAL,Regional Plant Health Service,shall,Permit the act-specific seven-day mass-publicity route because the act expressly finds unlocatable recipients and particularly burdensome personal notification.,This case-specific predicate does not validate publication routes in any other order.,Regional Plant Health Service,"Case act, predecessor relation, exact payload correction, notice/evidence and applicable reusable proposition versions.","[""IT-L241-A21BIS:Art.21-bis(1):mass-publicity-route"",""PUG-DPGR22-2021:Art.20(3):publication-not-notice""]",AUTHORITY_JUDGMENT_REQUIRED,YES,case-specific correction or source-conflict resolution,-,[CASE DELTA ONLY] Payload remains payload; only the changed legal effect is retained.
REG-PUGLIA-U181-DIR-2026-00063:case-delta:omitted-parcel-supplement:v1,REG-PUGLIA-U181-DIR-2026-00063,REG-PUGLIA-U181-DIR-2026-00063:case-delta:omitted-parcel-supplement,2026-04-03,,Genuine case-specific operative delta,file:regulation/jurisdiction/regional/bulk/DET-63-2026-FITO-bd7f7bd2162a.txt,c88d31c97d7f81e6c891fcbeeb727ca54308c63e11ccda56f67bf15cf1637b48,2026-04-03,INITIAL,INITIAL,Regional Plant Health Service,shall,Add the omitted parcel/current-owner relation to the predecessor eradication order and apply that order’s existing measures and timing to the supplemented relation.,The supplement does not create a new removal rule or rewrite already valid predecessor relations.,Regional Plant Health Service,"Case act, predecessor relation, exact payload correction, notice/evidence and applicable reusable proposition versions.","[""EU-2020-1201:7(1)"",""REG-PUGLIA-U181-DIR-2025-00163:area-state-transition"",""REG-PUGLIA-U181-DIR-2025-00173:case-delta:noncommencement-enforcement""]",AUTHORITY_JUDGMENT_REQUIRED,YES,case-specific correction or source-conflict resolution,-,"[CASE DELTA ONLY] Payload remains payload; only the changed legal effect is retained. The source loosely labels the 50 m infected-zone radius a ""zona buffer di 50""; the supplemented parcel joins the predecessor order’s exact Article 4 population. Inherited notification/noncommencement terms remain owned by the predecessor enforcement proposition; apply them to the corrected recipient relation without duplicating the clock or automatically restarting valid notice."
REG-PUGLIA-U181-DIR-2026-00082:area-state-transition:v1,REG-PUGLIA-U181-DIR-2026-00082,REG-PUGLIA-U181-DIR-2026-00082:area-state-transition,2026-05-11,,Exact competent area act,file:regulation/jurisdiction/regional/AREA-DDS-82-2026-ex-Salento.txt,488b8db1dea23806b29c55087450f78c4dff6176190d003269a36496ebc95572,2026-05-11,INITIAL,INITIAL,Regional Plant Health Service,shall,Record the source act and adopted annexes as the source-stated geography: adopt the exact pauca ST53 mixed ex-Salento containment plus embedded eradication foci state and its source annexes from this effective date.,"Outside the act's interval or adopted geography, or where its area state is superseded, suspended, revoked or annulled, no area state follows from this act.",Regional Plant Health Service,"Exact act identity, official evidence, adopted geography/cadastral annex, subspecies, regime and interval.","[""EU-2020-1201:4(1)"",""EU-2020-1201:12"",""EU-2020-1201:7(1)"",""IT-DLGS-19-2021:Art.31(3):establish-demarcated-area"",""PUG-LR4-2017:Art.3(2)""]",AUTHORITY_JUDGMENT_REQUIRED,YES,constitutive area judgment,-,[REL-04] Mixed ex-Salento state; containment and embedded Mola/Noci eradication subzones remain distinct. Operative legal-area use is separately gated by PUG-LR4-2017:Art.3(2).
REG-PUGLIA-U181-DIR-2026-00112:area-state-transition:v1,REG-PUGLIA-U181-DIR-2026-00112,REG-PUGLIA-U181-DIR-2026-00112:area-state-transition,2026-07-07,,Exact competent area act,file:regulation/jurisdiction/regional/AREA-DDS-112-2026-Modugno.txt,0a6acd91f927a87f79063f33bae4f9965dde97ba6d091d19f989a3d609ac81e9,2026-07-07,INITIAL,INITIAL,Regional Plant Health Service,shall,Record the source act and adopted annexes as the source-stated geography: adopt the exact pauca ST53 Modugno/Valenzano consolidated eradication state and its source annexes from this effective date.,"Outside the act's interval or adopted geography, or where its area state is superseded, suspended, revoked or annulled, no area state follows from this act.",Regional Plant Health Service,"Exact act identity, official evidence, adopted geography/cadastral annex, subspecies, regime and interval.","[""EU-2020-1201:4(1)"",""IT-DLGS-19-2021:Art.31(3):establish-demarcated-area"",""EU-2020-1201:7(1)"",""PUG-LR4-2017:Art.3(2)""]",AUTHORITY_JUDGMENT_REQUIRED,YES,constitutive area judgment,-,[REL-04] Consolidated Modugno/Valenzano state absorbs Valenzano prospectively without rewriting its prior interval. Operative legal-area use is separately gated by PUG-LR4-2017:Art.3(2).
