provision_version_id,instrument_id,stable_provision_id,effective_from,effective_to_exclusive,application_basis,exact_change_kind,semantic_change,actor_role,modality,true_effect,false_effect,reserved_decision_owner,evidence_contract,rule_determinacy,authority_judgment_required,legal_linguistic_conflict,semantic_note,source_uri,source_paths,source_snapshot_hashes,source_snapshot_dates,source_quote,source_quote_sha256,temporal_status
EU-2020-1201:1:v1,EU-2020-1201,EU-2020-1201:1,2020-08-20,,EU-2020-1201 Article 38 entry into force,INITIAL,INITIAL,-,-,The definitions in points (a) to (d) apply for the purposes of the Regulation.,-,-,-,DETERMINISTIC_RULE,NO,-,-,https://eur-lex.europa.eu/legal-content/EN/TXT/HTML/?uri=CELEX:02020R1201-20200817,regulation/source/consolidations/02020R1201-20200817.txt;regulation/source/consolidations/02020R1201-20211011.txt;regulation/source/consolidations/02020R1201-20211223.txt;regulation/source/consolidations/02020R1201-20230928.txt;regulation/source/consolidations/02020R1201-20240605.txt;regulation/source/consolidations/02020R1201-20241017.txt;regulation/source/consolidations/02020R1201-20250701.txt;regulation/source/consolidations/02020R1201-20251124.txt,0c2f2f5a1c9f3aa6029968316919fd1c3302849388c0d8c92632e2533719a4b1;45e3ac62539f5f05dccfcb2980038efbaedf9961518a7232e565a63f08db99ae;7399f07ef01d86355316157be4a6a7fc1fb91d27785179b775cdbb1494a167ad;bc99293b1ca38ecc84d0751ec8c66f624f8d31fab2b2f521e48b57bf609c08bf;dd0488e1db242996cfa0fa99bb54197fd3b73a311661cc3f8b95571553c4990e;0b48eb0200b1547987dc8ef6353101b3a1f4aec1378632643e60cdab0688110c;12618f62fc97c09c8f913c103ff58d04537c7f386de1c74c12a12921a366f9fa;d00d33c426a1e12b81470a4c0c5c5000fdd91caece26057c028e886a07109273,2020-08-17;2021-10-11;2021-12-23;2023-09-28;2024-06-05;2024-10-17;2025-07-01;2025-11-24,"For the purposes of this Regulation, the following definitions shall apply:",5a8fca9473956551d5156a6951a87c839e5b279ffb7ec80d724c39fef11aac7c,CURRENT
EU-2020-1201:1(a):v1,EU-2020-1201,EU-2020-1201:1(a),2020-08-20,,EU-2020-1201 Article 38 entry into force,INITIAL,INITIAL,-,-,specified pest = Xylella fastidiosa and any subspecies,-,-,laboratory identification to subspecies where required,DETERMINISTIC_RULE,NO,-,-,https://eur-lex.europa.eu/legal-content/EN/TXT/HTML/?uri=CELEX:02020R1201-20200817,regulation/source/consolidations/02020R1201-20200817.txt;regulation/source/consolidations/02020R1201-20211011.txt;regulation/source/consolidations/02020R1201-20211223.txt;regulation/source/consolidations/02020R1201-20230928.txt;regulation/source/consolidations/02020R1201-20240605.txt;regulation/source/consolidations/02020R1201-20241017.txt;regulation/source/consolidations/02020R1201-20250701.txt;regulation/source/consolidations/02020R1201-20251124.txt,0c2f2f5a1c9f3aa6029968316919fd1c3302849388c0d8c92632e2533719a4b1;45e3ac62539f5f05dccfcb2980038efbaedf9961518a7232e565a63f08db99ae;7399f07ef01d86355316157be4a6a7fc1fb91d27785179b775cdbb1494a167ad;bc99293b1ca38ecc84d0751ec8c66f624f8d31fab2b2f521e48b57bf609c08bf;dd0488e1db242996cfa0fa99bb54197fd3b73a311661cc3f8b95571553c4990e;0b48eb0200b1547987dc8ef6353101b3a1f4aec1378632643e60cdab0688110c;12618f62fc97c09c8f913c103ff58d04537c7f386de1c74c12a12921a366f9fa;d00d33c426a1e12b81470a4c0c5c5000fdd91caece26057c028e886a07109273,2020-08-17;2021-10-11;2021-12-23;2023-09-28;2024-06-05;2024-10-17;2025-07-01;2025-11-24,‘specified pest’ means Xylella fastidiosa (Wells et al .) and any of its subspecies;,92d55837461a1a144b7a1197a6f8b60e3f1dcfe04330e9e35bc859b8e31b952d,CURRENT
EU-2020-1201:1(b):v1,EU-2020-1201,EU-2020-1201:1(b),2020-08-20,,EU-2020-1201 Article 38 entry into force,INITIAL,INITIAL,-,-,"host plants = plants for planting, not seeds, of genera or species in Annex I",-,-,taxon identification of the plant,DETERMINISTIC_RULE,NO,-,-,https://eur-lex.europa.eu/legal-content/EN/TXT/HTML/?uri=CELEX:02020R1201-20200817,regulation/source/consolidations/02020R1201-20200817.txt;regulation/source/consolidations/02020R1201-20211011.txt;regulation/source/consolidations/02020R1201-20211223.txt;regulation/source/consolidations/02020R1201-20230928.txt;regulation/source/consolidations/02020R1201-20240605.txt;regulation/source/consolidations/02020R1201-20241017.txt;regulation/source/consolidations/02020R1201-20250701.txt;regulation/source/consolidations/02020R1201-20251124.txt,0c2f2f5a1c9f3aa6029968316919fd1c3302849388c0d8c92632e2533719a4b1;45e3ac62539f5f05dccfcb2980038efbaedf9961518a7232e565a63f08db99ae;7399f07ef01d86355316157be4a6a7fc1fb91d27785179b775cdbb1494a167ad;bc99293b1ca38ecc84d0751ec8c66f624f8d31fab2b2f521e48b57bf609c08bf;dd0488e1db242996cfa0fa99bb54197fd3b73a311661cc3f8b95571553c4990e;0b48eb0200b1547987dc8ef6353101b3a1f4aec1378632643e60cdab0688110c;12618f62fc97c09c8f913c103ff58d04537c7f386de1c74c12a12921a366f9fa;d00d33c426a1e12b81470a4c0c5c5000fdd91caece26057c028e886a07109273,2020-08-17;2021-10-11;2021-12-23;2023-09-28;2024-06-05;2024-10-17;2025-07-01;2025-11-24,"‘host plants’ means all plants for planting, other than seeds, belonging to the genera or species listed in Annex I;",36359566d28150ef8358fb7e4cf2fc8146bbe3664a1a374da9e33501467c0499,CURRENT
EU-2020-1201:1(c):v1,EU-2020-1201,EU-2020-1201:1(c),2020-08-20,2024-10-17,EU-2020-1201 Article 38 entry into force,INITIAL,INITIAL,-,-,specified plants = host plants in Annex II susceptible to the specific subspecies,-,-,taxon identification plus subspecies of the finding,DETERMINISTIC_RULE,NO,-,-,https://eur-lex.europa.eu/legal-content/EN/TXT/HTML/?uri=CELEX:02020R1201-20200817,regulation/source/consolidations/02020R1201-20200817.txt;regulation/source/consolidations/02020R1201-20211011.txt;regulation/source/consolidations/02020R1201-20211223.txt;regulation/source/consolidations/02020R1201-20230928.txt;regulation/source/consolidations/02020R1201-20240605.txt,0c2f2f5a1c9f3aa6029968316919fd1c3302849388c0d8c92632e2533719a4b1;45e3ac62539f5f05dccfcb2980038efbaedf9961518a7232e565a63f08db99ae;7399f07ef01d86355316157be4a6a7fc1fb91d27785179b775cdbb1494a167ad;bc99293b1ca38ecc84d0751ec8c66f624f8d31fab2b2f521e48b57bf609c08bf;dd0488e1db242996cfa0fa99bb54197fd3b73a311661cc3f8b95571553c4990e,2020-08-17;2021-10-11;2021-12-23;2023-09-28;2024-06-05,"‘specified plants’ means host plants for planting, other than seeds, belonging to the genera or species listed in Annex II and known to be susceptible to the specific subspecies of the specified pest.",32b4872ba48cea990a652da2f90331205e31ba2ca1eff6543de48a3384f26954,SUPERSEDED
EU-2020-1201:1(c):v2,EU-2020-1201,EU-2020-1201:1(c),2024-10-17,,effective amending act reflected by dated consolidation,TEXT_CHANGED,NO,-,-,specified plants = host plants in Annex II susceptible to the specific subspecies,-,-,taxon identification plus subspecies of the finding,DETERMINISTIC_RULE,NO,-,-,https://eur-lex.europa.eu/legal-content/EN/TXT/HTML/?uri=CELEX:02020R1201-20241017,regulation/source/consolidations/02020R1201-20241017.txt;regulation/source/consolidations/02020R1201-20250701.txt;regulation/source/consolidations/02020R1201-20251124.txt,0b48eb0200b1547987dc8ef6353101b3a1f4aec1378632643e60cdab0688110c;12618f62fc97c09c8f913c103ff58d04537c7f386de1c74c12a12921a366f9fa;d00d33c426a1e12b81470a4c0c5c5000fdd91caece26057c028e886a07109273,2024-10-17;2025-07-01;2025-11-24,"‘specified plants’ means host plants for planting, other than seeds, belonging to the genera or species listed in Annex II and known to be susceptible to the specific subspecies of the specified pest;",123565d5c90dca67e7552c32715f93b999e376ea540ee94c59347e9cd15b78f6,CURRENT
EU-2020-1201:1(d):v1,EU-2020-1201,EU-2020-1201:1(d),2024-10-17,,effective amending act reflected by dated consolidation,INITIAL,INTRODUCED,-,-,"vector = Cicadomorpha known to transmit, or any insect suspected of transmitting",-,-,entomological identification,DETERMINISTIC_RULE__EVIDENCE_OR_POLICY_REQUIRED,YES,-,-,https://eur-lex.europa.eu/legal-content/EN/TXT/HTML/?uri=CELEX:02020R1201-20241017,regulation/source/consolidations/02020R1201-20241017.txt;regulation/source/consolidations/02020R1201-20250701.txt;regulation/source/consolidations/02020R1201-20251124.txt,0b48eb0200b1547987dc8ef6353101b3a1f4aec1378632643e60cdab0688110c;12618f62fc97c09c8f913c103ff58d04537c7f386de1c74c12a12921a366f9fa;d00d33c426a1e12b81470a4c0c5c5000fdd91caece26057c028e886a07109273,2024-10-17;2025-07-01;2025-11-24,"‘vector’ means Cicadomorpha insects known to transmit the specified pest to plants, or any other insect suspected of transmitting the specified pest to plants.",df4ab7db5dd72d7131746bd67121d9829beb716cc3f77e6358b4f7bf336060c6,CURRENT
EU-2020-1201:2(1):v1,EU-2020-1201,EU-2020-1201:2(1),2020-08-20,2024-10-17,EU-2020-1201 Article 38 entry into force,INITIAL,INITIAL,Member State concerned,shall,Conduct annual surveys of the host plants for detection of the specified pest.,not stated - default duty stands,-,annual host-plant survey records,DETERMINISTIC_RULE,NO,-,The suspicion-species limb and optional vector coverage enter only with the M5 text (v2); the 2020 text reaches host plants alone. Back-projection of the v2 population onto this interval was removed by the 2026-09-01 census.,https://eur-lex.europa.eu/legal-content/EN/TXT/HTML/?uri=CELEX:02020R1201-20200817,regulation/source/consolidations/02020R1201-20200817.txt;regulation/source/consolidations/02020R1201-20211011.txt;regulation/source/consolidations/02020R1201-20211223.txt;regulation/source/consolidations/02020R1201-20230928.txt;regulation/source/consolidations/02020R1201-20240605.txt,0c2f2f5a1c9f3aa6029968316919fd1c3302849388c0d8c92632e2533719a4b1;45e3ac62539f5f05dccfcb2980038efbaedf9961518a7232e565a63f08db99ae;7399f07ef01d86355316157be4a6a7fc1fb91d27785179b775cdbb1494a167ad;bc99293b1ca38ecc84d0751ec8c66f624f8d31fab2b2f521e48b57bf609c08bf;dd0488e1db242996cfa0fa99bb54197fd3b73a311661cc3f8b95571553c4990e,2020-08-17;2021-10-11;2021-12-23;2023-09-28;2024-06-05,1. Member States shall conduct annual surveys of the host plants for the detection of the specified pest in their territory.,19653bab8e497562821c64dd44d0eac83b9f180433088bab5b140f19c812cf62,SUPERSEDED
EU-2020-1201:2(1):v2,EU-2020-1201,EU-2020-1201:2(1),2024-10-17,,effective amending act reflected by dated consolidation,TEXT_CHANGED,YES,Member State concerned,shall,"Conduct annual surveys of host plants and, on suspicion of infection, any other plant species; the surveys may also cover vectors.",not stated - default duty stands,-,survey record per Annex V grain,DETERMINISTIC_RULE,NO,-,-,https://eur-lex.europa.eu/legal-content/EN/TXT/HTML/?uri=CELEX:02020R1201-20241017,regulation/source/consolidations/02020R1201-20241017.txt;regulation/source/consolidations/02020R1201-20250701.txt;regulation/source/consolidations/02020R1201-20251124.txt,0b48eb0200b1547987dc8ef6353101b3a1f4aec1378632643e60cdab0688110c;12618f62fc97c09c8f913c103ff58d04537c7f386de1c74c12a12921a366f9fa;d00d33c426a1e12b81470a4c0c5c5000fdd91caece26057c028e886a07109273,2024-10-17;2025-07-01;2025-11-24,"1. Member States shall conduct annual surveys of the host plants, and any other plant species in case of suspicion of infection, for the detection of the specified pest in their territory. Those surveys may also cover vectors.",284232fa45c8c942916a322e5d4729cdcaa77e3710e4a26b471979b8ebb41f6a,CURRENT
EU-2020-1201:2(2):v1,EU-2020-1201,EU-2020-1201:2(2),2020-08-20,,EU-2020-1201 Article 38 entry into force,INITIAL,INITIAL,competent authority,shall,survey carried out by the authority or under its official supervision,-,-,identity of the surveying body and its supervision,DETERMINISTIC_RULE,NO,-,-,https://eur-lex.europa.eu/legal-content/EN/TXT/HTML/?uri=CELEX:02020R1201-20200817,regulation/source/consolidations/02020R1201-20200817.txt;regulation/source/consolidations/02020R1201-20211011.txt;regulation/source/consolidations/02020R1201-20211223.txt;regulation/source/consolidations/02020R1201-20230928.txt;regulation/source/consolidations/02020R1201-20240605.txt;regulation/source/consolidations/02020R1201-20241017.txt;regulation/source/consolidations/02020R1201-20250701.txt;regulation/source/consolidations/02020R1201-20251124.txt,0c2f2f5a1c9f3aa6029968316919fd1c3302849388c0d8c92632e2533719a4b1;45e3ac62539f5f05dccfcb2980038efbaedf9961518a7232e565a63f08db99ae;7399f07ef01d86355316157be4a6a7fc1fb91d27785179b775cdbb1494a167ad;bc99293b1ca38ecc84d0751ec8c66f624f8d31fab2b2f521e48b57bf609c08bf;dd0488e1db242996cfa0fa99bb54197fd3b73a311661cc3f8b95571553c4990e;0b48eb0200b1547987dc8ef6353101b3a1f4aec1378632643e60cdab0688110c;12618f62fc97c09c8f913c103ff58d04537c7f386de1c74c12a12921a366f9fa;d00d33c426a1e12b81470a4c0c5c5000fdd91caece26057c028e886a07109273,2020-08-17;2021-10-11;2021-12-23;2023-09-28;2024-06-05;2024-10-17;2025-07-01;2025-11-24,"2. Those surveys shall be carried out by the competent authorities, or under the official supervision of the competent authorities.",785104b719df896c7c23621680229a8e94e6018ea924f664ec4d94f091fa727c,CURRENT
EU-2020-1201:2(3):v1,EU-2020-1201,EU-2020-1201:2(3),2020-08-20,,EU-2020-1201 Article 38 entry into force,INITIAL,INITIAL,Member State concerned,shall,"survey in open air including fields, orchards, vineyards, nurseries, garden and trading centres, natural areas. Survey sited by risk",-,-,site classification of each survey location,DETERMINISTIC_RULE,NO,-,-,https://eur-lex.europa.eu/legal-content/EN/TXT/HTML/?uri=CELEX:02020R1201-20200817,regulation/source/consolidations/02020R1201-20200817.txt;regulation/source/consolidations/02020R1201-20211011.txt;regulation/source/consolidations/02020R1201-20211223.txt;regulation/source/consolidations/02020R1201-20230928.txt;regulation/source/consolidations/02020R1201-20240605.txt;regulation/source/consolidations/02020R1201-20241017.txt;regulation/source/consolidations/02020R1201-20250701.txt;regulation/source/consolidations/02020R1201-20251124.txt,0c2f2f5a1c9f3aa6029968316919fd1c3302849388c0d8c92632e2533719a4b1;45e3ac62539f5f05dccfcb2980038efbaedf9961518a7232e565a63f08db99ae;7399f07ef01d86355316157be4a6a7fc1fb91d27785179b775cdbb1494a167ad;bc99293b1ca38ecc84d0751ec8c66f624f8d31fab2b2f521e48b57bf609c08bf;dd0488e1db242996cfa0fa99bb54197fd3b73a311661cc3f8b95571553c4990e;0b48eb0200b1547987dc8ef6353101b3a1f4aec1378632643e60cdab0688110c;12618f62fc97c09c8f913c103ff58d04537c7f386de1c74c12a12921a366f9fa;d00d33c426a1e12b81470a4c0c5c5000fdd91caece26057c028e886a07109273,2020-08-17;2021-10-11;2021-12-23;2023-09-28;2024-06-05;2024-10-17;2025-07-01;2025-11-24,"3. Those surveys shall be performed on the basis of the level of risk. They shall take place in open air, including cropping fields, orchards, vineyards, as well as nurseries, garden centres and/or trading centres, natural areas and other relevant locations.",4ef7789c39163e7eb78f44c32e15b108213ee54c6732d3671fb944c3124a71a3,CURRENT
EU-2020-1201:2(3)-sub1:v1,EU-2020-1201,EU-2020-1201:2(3)-sub1,2024-10-17,,effective amending act reflected by dated consolidation,INITIAL,INTRODUCED,Member State concerned,shall,restrict the survey to protected locations. Survey only where host plants are grown outside open air and pose a spread risk,the open-air survey of 2(3) applies in full,-,the ecoclimatic determination for the Member State,DETERMINISTIC_RULE__EVIDENCE_OR_POLICY_REQUIRED,YES,-,-,https://eur-lex.europa.eu/legal-content/EN/TXT/HTML/?uri=CELEX:02020R1201-20241017,regulation/source/consolidations/02020R1201-20241017.txt;regulation/source/consolidations/02020R1201-20250701.txt;regulation/source/consolidations/02020R1201-20251124.txt,0b48eb0200b1547987dc8ef6353101b3a1f4aec1378632643e60cdab0688110c;12618f62fc97c09c8f913c103ff58d04537c7f386de1c74c12a12921a366f9fa;d00d33c426a1e12b81470a4c0c5c5000fdd91caece26057c028e886a07109273,2024-10-17;2025-07-01;2025-11-24,"In those Member States where the specified pest cannot become established in open air due to the ecoclimatic conditions, surveys shall be carried out only in locations, other than in open air, where host plants are grown and are likely to pose a risk for spread of the specified pest to the Union territory.",4fdd2caeb7e20b58ee354704c23a8d4b97e267a372dd277ba1b0c9f81724d1aa,CURRENT
EU-2020-1201:2(4):v1,EU-2020-1201,EU-2020-1201:2(4),2020-08-20,2023-01-01,EU-2020-1201 Article 38 entry into force,INITIAL,INITIAL,Member State concerned,shall,"Collect samples and test plants for planting. The second sentence (survey design identifying, with at least 80 % confidence, a 1 % level of presence) is present in the text but does not yet apply in this interval.",-,-,plant sample and test records,DETERMINISTIC_RULE,NO,-,"Article 38, second paragraph: the second sentence of Article 2(4) applies from 1 January 2023. The version boundary is that delayed application, not a text change.",https://eur-lex.europa.eu/legal-content/EN/TXT/HTML/?uri=CELEX:02020R1201-20200817,regulation/source/consolidations/02020R1201-20200817.txt;regulation/source/consolidations/02020R1201-20211011.txt;regulation/source/consolidations/02020R1201-20211223.txt,0c2f2f5a1c9f3aa6029968316919fd1c3302849388c0d8c92632e2533719a4b1;45e3ac62539f5f05dccfcb2980038efbaedf9961518a7232e565a63f08db99ae;7399f07ef01d86355316157be4a6a7fc1fb91d27785179b775cdbb1494a167ad,2020-08-17;2021-10-11;2021-12-23,"4. Those surveys shall consist in the collection of samples and testing of plants for planting. Taking into account the European Food Safety Authority’s (Authority) Guidelines for statistically sound and risk-based surveys of Xylella fastidiosa , the survey design and sampling scheme used shall be able to identify within the Member State concerned, with at least 80 % of confidence, a level of presence of infected plants of 1 %.",d0eec4b3d62739cde2bdebd3f35ee85580be938bcb0967271c12348d23dc0fb6,SUPERSEDED
EU-2020-1201:2(4):v2,EU-2020-1201,EU-2020-1201:2(4),2023-01-01,2024-10-17,EU-2020-1201 Article 38 delayed application,STATUS_CHANGED,YES,Member State concerned,shall,"Collect samples and test plants for planting, with the survey design and sampling scheme able to identify, with at least 80 % of confidence, a level of presence of infected plants of 1 %.",-,-,plant sample/test records and achieved design assurance,DETERMINISTIC_RULE__EVIDENCE_OR_POLICY_REQUIRED,NO,-,"Identical text to v1; the second sentence becomes applicable on 1 January 2023 under Article 38, second paragraph.",https://eur-lex.europa.eu/legal-content/EN/TXT/HTML/?uri=CELEX:02020R1201-20230928,regulation/source/consolidations/02020R1201-20230928.txt;regulation/source/consolidations/02020R1201-20240605.txt,bc99293b1ca38ecc84d0751ec8c66f624f8d31fab2b2f521e48b57bf609c08bf;dd0488e1db242996cfa0fa99bb54197fd3b73a311661cc3f8b95571553c4990e,2023-09-28;2024-06-05,"4. Those surveys shall consist in the collection of samples and testing of plants for planting. Taking into account the European Food Safety Authority’s (Authority) Guidelines for statistically sound and risk-based surveys of Xylella fastidiosa , the survey design and sampling scheme used shall be able to identify within the Member State concerned, with at least 80 % of confidence, a level of presence of infected plants of 1 %.",d0eec4b3d62739cde2bdebd3f35ee85580be938bcb0967271c12348d23dc0fb6,SUPERSEDED
EU-2020-1201:2(4):v3,EU-2020-1201,EU-2020-1201:2(4),2024-10-17,,effective amending act reflected by dated consolidation,TEXT_CHANGED,YES,Member State concerned,shall,"Collect samples and test plants for planting, and vectors where applicable, under the amended design standard of a sufficient level of confidence and a low level of presence of the specified pest: the M5 text states no numeric confidence/prevalence pair.",-,-,sample and test records,DETERMINISTIC_RULE__EVIDENCE_OR_POLICY_REQUIRED,NO,-,-,https://eur-lex.europa.eu/legal-content/EN/TXT/HTML/?uri=CELEX:02020R1201-20241017,regulation/source/consolidations/02020R1201-20241017.txt;regulation/source/consolidations/02020R1201-20250701.txt;regulation/source/consolidations/02020R1201-20251124.txt,0b48eb0200b1547987dc8ef6353101b3a1f4aec1378632643e60cdab0688110c;12618f62fc97c09c8f913c103ff58d04537c7f386de1c74c12a12921a366f9fa;d00d33c426a1e12b81470a4c0c5c5000fdd91caece26057c028e886a07109273,2024-10-17;2025-07-01;2025-11-24,"4. Those surveys shall consist in the collection of samples and testing of plants for planting, and, if applicable, of vectors. Taking into account the European Food Safety Authority’s (Authority) Guidelines for statistically sound and risk-based surveys of Xylella fastidiosa , the survey design and the sampling scheme used shall enable detecting with a sufficient level of confidence, a low level of presence of the specified pest within the Member State concerned.",8b2fc3b09e23f29fa7f2bcb8e0e1b44cae9466d1e63401728ff871582143823b,CURRENT
EU-2020-1201:2(4a):v1,EU-2020-1201,EU-2020-1201:2(4a),2024-10-17,,effective amending act reflected by dated consolidation,INITIAL,INTRODUCED,Member State concerned,shall,"survey a radius around the infected vector. Survey within the radius, sampling and testing host plants and any suspected species",no duty under this paragraph,-,vector finding record; survey record,DETERMINISTIC_RULE,NO,-,-,https://eur-lex.europa.eu/legal-content/EN/TXT/HTML/?uri=CELEX:02020R1201-20241017,regulation/source/consolidations/02020R1201-20241017.txt;regulation/source/consolidations/02020R1201-20250701.txt;regulation/source/consolidations/02020R1201-20251124.txt,0b48eb0200b1547987dc8ef6353101b3a1f4aec1378632643e60cdab0688110c;12618f62fc97c09c8f913c103ff58d04537c7f386de1c74c12a12921a366f9fa;d00d33c426a1e12b81470a4c0c5c5000fdd91caece26057c028e886a07109273,2024-10-17;2025-07-01;2025-11-24,"4a. Where the presence of the specified pest is confirmed in a vector, in an area where the specified pest is not known to be present, the Member State concerned shall, without delay, carry out surveys in a radius of at least 400 m around the finding of the infected vector, as well as sampling and testing of host plants and any other plant species in case of suspicion of infection.",9b7178fa9e0ef5c31fe4a86225e00cc588ff3dc4289f820404c23e1f28b8f409,CURRENT
EU-2020-1201:2(5):v1,EU-2020-1201,EU-2020-1201:2(5),2020-08-20,,EU-2020-1201 Article 38 entry into force,INITIAL,INITIAL,Member State concerned,shall,survey at appropriate times given pest and vector biology and host presence,-,-,"survey dates against pest detectability, pest/vector biology, host presence/biology and scientific information",DETERMINISTIC_RULE__EVIDENCE_OR_POLICY_REQUIRED,YES,-,-,https://eur-lex.europa.eu/legal-content/EN/TXT/HTML/?uri=CELEX:02020R1201-20200817,regulation/source/consolidations/02020R1201-20200817.txt;regulation/source/consolidations/02020R1201-20211011.txt;regulation/source/consolidations/02020R1201-20211223.txt;regulation/source/consolidations/02020R1201-20230928.txt;regulation/source/consolidations/02020R1201-20240605.txt;regulation/source/consolidations/02020R1201-20241017.txt;regulation/source/consolidations/02020R1201-20250701.txt;regulation/source/consolidations/02020R1201-20251124.txt,0c2f2f5a1c9f3aa6029968316919fd1c3302849388c0d8c92632e2533719a4b1;45e3ac62539f5f05dccfcb2980038efbaedf9961518a7232e565a63f08db99ae;7399f07ef01d86355316157be4a6a7fc1fb91d27785179b775cdbb1494a167ad;bc99293b1ca38ecc84d0751ec8c66f624f8d31fab2b2f521e48b57bf609c08bf;dd0488e1db242996cfa0fa99bb54197fd3b73a311661cc3f8b95571553c4990e;0b48eb0200b1547987dc8ef6353101b3a1f4aec1378632643e60cdab0688110c;12618f62fc97c09c8f913c103ff58d04537c7f386de1c74c12a12921a366f9fa;d00d33c426a1e12b81470a4c0c5c5000fdd91caece26057c028e886a07109273,2020-08-17;2021-10-11;2021-12-23;2023-09-28;2024-06-05;2024-10-17;2025-07-01;2025-11-24,"5. Those surveys shall be carried out at appropriate times of the year with regard to the possibility to detect the specified pest, taking into account the biology of that pest and its vectors, the presence and biology of host plants, and the scientific and technical information referred to in the Authority’s Pest Survey Card on Xylella fastidiosa.",76ed8c04dc39efefbff6007b0693edc18feda6095502afab54aba72ca175dd8a,CURRENT
EU-2020-1201:2(6):v1,EU-2020-1201,EU-2020-1201:2(6),2020-08-20,,EU-2020-1201 Article 38 entry into force,INITIAL,INITIAL,Member State concerned,shall,Monitor by an Annex IV molecular test; outside demarcated areas a positive is confirmed only by a second positive test targeting a different part of the genome on the same sample or extract; inside demarcated areas the monitoring test confirms presence.,presence not confirmed,-,"test identity, target, and the sample or extract used",DETERMINISTIC_RULE,NO,-,-,https://eur-lex.europa.eu/legal-content/EN/TXT/HTML/?uri=CELEX:02020R1201-20200817,regulation/source/consolidations/02020R1201-20200817.txt;regulation/source/consolidations/02020R1201-20211011.txt;regulation/source/consolidations/02020R1201-20211223.txt;regulation/source/consolidations/02020R1201-20230928.txt;regulation/source/consolidations/02020R1201-20240605.txt;regulation/source/consolidations/02020R1201-20241017.txt;regulation/source/consolidations/02020R1201-20250701.txt;regulation/source/consolidations/02020R1201-20251124.txt,0c2f2f5a1c9f3aa6029968316919fd1c3302849388c0d8c92632e2533719a4b1;45e3ac62539f5f05dccfcb2980038efbaedf9961518a7232e565a63f08db99ae;7399f07ef01d86355316157be4a6a7fc1fb91d27785179b775cdbb1494a167ad;bc99293b1ca38ecc84d0751ec8c66f624f8d31fab2b2f521e48b57bf609c08bf;dd0488e1db242996cfa0fa99bb54197fd3b73a311661cc3f8b95571553c4990e;0b48eb0200b1547987dc8ef6353101b3a1f4aec1378632643e60cdab0688110c;12618f62fc97c09c8f913c103ff58d04537c7f386de1c74c12a12921a366f9fa;d00d33c426a1e12b81470a4c0c5c5000fdd91caece26057c028e886a07109273,2020-08-17;2021-10-11;2021-12-23;2023-09-28;2024-06-05;2024-10-17;2025-07-01;2025-11-24,"6. The presence of the specified pest shall be monitored by one of the molecular tests listed in Annex IV. In case of positive results detected in areas other than the demarcated areas, the presence of the specified pest shall be confirmed by one more positive molecular test listed in that Annex, targeting different parts of the genome. Those tests shall be performed on the same plant sample or, if appropriate for the molecular confirmatory test used, on the same plant extract.",98427519b86602f6300511e7c98ae6083291cbc54433f922926a5cfc2e04d703,CURRENT
EU-2020-1201:2(7):v1,EU-2020-1201,EU-2020-1201:2(7),2020-08-20,,EU-2020-1201 Article 38 entry into force,INITIAL,INITIAL,Member State concerned,shall,"identify the subspecies on each infected plant species, by an Annex IV Section B test",-,-,subspecies identification record,DETERMINISTIC_RULE,NO,-,-,https://eur-lex.europa.eu/legal-content/EN/TXT/HTML/?uri=CELEX:02020R1201-20200817,regulation/source/consolidations/02020R1201-20200817.txt;regulation/source/consolidations/02020R1201-20211011.txt;regulation/source/consolidations/02020R1201-20211223.txt;regulation/source/consolidations/02020R1201-20230928.txt;regulation/source/consolidations/02020R1201-20240605.txt;regulation/source/consolidations/02020R1201-20241017.txt;regulation/source/consolidations/02020R1201-20250701.txt;regulation/source/consolidations/02020R1201-20251124.txt,0c2f2f5a1c9f3aa6029968316919fd1c3302849388c0d8c92632e2533719a4b1;45e3ac62539f5f05dccfcb2980038efbaedf9961518a7232e565a63f08db99ae;7399f07ef01d86355316157be4a6a7fc1fb91d27785179b775cdbb1494a167ad;bc99293b1ca38ecc84d0751ec8c66f624f8d31fab2b2f521e48b57bf609c08bf;dd0488e1db242996cfa0fa99bb54197fd3b73a311661cc3f8b95571553c4990e;0b48eb0200b1547987dc8ef6353101b3a1f4aec1378632643e60cdab0688110c;12618f62fc97c09c8f913c103ff58d04537c7f386de1c74c12a12921a366f9fa;d00d33c426a1e12b81470a4c0c5c5000fdd91caece26057c028e886a07109273,2020-08-17;2021-10-11;2021-12-23;2023-09-28;2024-06-05;2024-10-17;2025-07-01;2025-11-24,7. The identification of the subspecies of the specified pest shall be carried out on each plant species that is found infected by the specified pest in the demarcated area concerned. That identification shall be carried out by using the molecular tests listed in Section B of Annex IV.,bca3ea0a697efb8f6a58de976062c2a257b5d491bcb016cac334174b68c2bc73,CURRENT
EU-2020-1201:2(8):v1,EU-2020-1201,EU-2020-1201:2(8),2020-08-20,,EU-2020-1201 Article 38 entry into force,INITIAL,INITIAL,Member State concerned,shall,report survey results,-,-,the report itself,DETERMINISTIC_RULE,NO,-,"Article 22(3) of Regulation 2016/2031 supplies the annual 30 April deadline, preceding-calendar-year reporting period, payload and electronic route; Article 2(8) makes that framework deadline part of this Xylella survey-result reporting duty.",https://eur-lex.europa.eu/legal-content/EN/TXT/HTML/?uri=CELEX:02020R1201-20200817,regulation/source/consolidations/02020R1201-20200817.txt;regulation/source/consolidations/02020R1201-20211011.txt;regulation/source/consolidations/02020R1201-20211223.txt;regulation/source/consolidations/02020R1201-20230928.txt;regulation/source/consolidations/02020R1201-20240605.txt;regulation/source/consolidations/02020R1201-20241017.txt;regulation/source/consolidations/02020R1201-20250701.txt;regulation/source/consolidations/02020R1201-20251124.txt,0c2f2f5a1c9f3aa6029968316919fd1c3302849388c0d8c92632e2533719a4b1;45e3ac62539f5f05dccfcb2980038efbaedf9961518a7232e565a63f08db99ae;7399f07ef01d86355316157be4a6a7fc1fb91d27785179b775cdbb1494a167ad;bc99293b1ca38ecc84d0751ec8c66f624f8d31fab2b2f521e48b57bf609c08bf;dd0488e1db242996cfa0fa99bb54197fd3b73a311661cc3f8b95571553c4990e;0b48eb0200b1547987dc8ef6353101b3a1f4aec1378632643e60cdab0688110c;12618f62fc97c09c8f913c103ff58d04537c7f386de1c74c12a12921a366f9fa;d00d33c426a1e12b81470a4c0c5c5000fdd91caece26057c028e886a07109273,2020-08-17;2021-10-11;2021-12-23;2023-09-28;2024-06-05;2024-10-17;2025-07-01;2025-11-24,8. Member States shall report the results of the surveys referred to in paragraph 1 in accordance with Article 22(3) of Regulation (EU) 2016/2031.,295469747b3106997a3774a1a4f64789c72d6aca0e23bf11ca5e4b5e45d3e660,CURRENT
EU-2020-1201:3(1):v1,EU-2020-1201,EU-2020-1201:3(1),2020-08-20,2021-10-11,EU-2020-1201 Article 38 entry into force,INITIAL,INITIAL,each Member State,shall,"establish a contingency plan covering eradication, movement, and official checks",-,-,the plan document and its review date,DETERMINISTIC_RULE__EVIDENCE_OR_POLICY_REQUIRED,NO,-,-,https://eur-lex.europa.eu/legal-content/EN/TXT/HTML/?uri=CELEX:02020R1201-20200817,regulation/source/consolidations/02020R1201-20200817.txt,0c2f2f5a1c9f3aa6029968316919fd1c3302849388c0d8c92632e2533719a4b1,2020-08-17,1. Each Member State shall establish a contingency plan. That contingency plan shall set out the actions to be taken in its territory concerning:,3305c956009290d4484d381a8fdec2711840a35b7daa451b98626935f30e61cf,SUPERSEDED
EU-2020-1201:3(1):v2,EU-2020-1201,EU-2020-1201:3(1),2021-10-11,,effective amending act reflected by dated consolidation,TEXT_CHANGED,NO,each Member State,shall,"establish a contingency plan covering eradication, movement, and official checks",-,-,the plan document and its review date,DETERMINISTIC_RULE__EVIDENCE_OR_POLICY_REQUIRED,NO,-,-,https://eur-lex.europa.eu/legal-content/EN/TXT/HTML/?uri=CELEX:02020R1201-20211011,regulation/source/consolidations/02020R1201-20211011.txt;regulation/source/consolidations/02020R1201-20211223.txt;regulation/source/consolidations/02020R1201-20230928.txt;regulation/source/consolidations/02020R1201-20240605.txt;regulation/source/consolidations/02020R1201-20241017.txt;regulation/source/consolidations/02020R1201-20250701.txt;regulation/source/consolidations/02020R1201-20251124.txt,45e3ac62539f5f05dccfcb2980038efbaedf9961518a7232e565a63f08db99ae;7399f07ef01d86355316157be4a6a7fc1fb91d27785179b775cdbb1494a167ad;bc99293b1ca38ecc84d0751ec8c66f624f8d31fab2b2f521e48b57bf609c08bf;dd0488e1db242996cfa0fa99bb54197fd3b73a311661cc3f8b95571553c4990e;0b48eb0200b1547987dc8ef6353101b3a1f4aec1378632643e60cdab0688110c;12618f62fc97c09c8f913c103ff58d04537c7f386de1c74c12a12921a366f9fa;d00d33c426a1e12b81470a4c0c5c5000fdd91caece26057c028e886a07109273,2021-10-11;2021-12-23;2023-09-28;2024-06-05;2024-10-17;2025-07-01;2025-11-24,Each Member State shall establish a contingency plan. That contingency plan shall set out the actions to be taken in its territory concerning:,4f6264489c9902d92d7bdc45c22d9d98469984f1f0a56fa1b39b679b833a8532,CURRENT
EU-2020-1201:3(1)(a):v1,EU-2020-1201,EU-2020-1201:3(1)(a),2020-08-20,,EU-2020-1201 Article 38 entry into force,INITIAL,INITIAL,-,-,plan covers eradication of the pest,-,-,-,DETERMINISTIC_RULE,NO,-,-,https://eur-lex.europa.eu/legal-content/EN/TXT/HTML/?uri=CELEX:02020R1201-20200817,regulation/source/consolidations/02020R1201-20200817.txt;regulation/source/consolidations/02020R1201-20211011.txt;regulation/source/consolidations/02020R1201-20211223.txt;regulation/source/consolidations/02020R1201-20230928.txt;regulation/source/consolidations/02020R1201-20240605.txt;regulation/source/consolidations/02020R1201-20241017.txt;regulation/source/consolidations/02020R1201-20250701.txt;regulation/source/consolidations/02020R1201-20251124.txt,0c2f2f5a1c9f3aa6029968316919fd1c3302849388c0d8c92632e2533719a4b1;45e3ac62539f5f05dccfcb2980038efbaedf9961518a7232e565a63f08db99ae;7399f07ef01d86355316157be4a6a7fc1fb91d27785179b775cdbb1494a167ad;bc99293b1ca38ecc84d0751ec8c66f624f8d31fab2b2f521e48b57bf609c08bf;dd0488e1db242996cfa0fa99bb54197fd3b73a311661cc3f8b95571553c4990e;0b48eb0200b1547987dc8ef6353101b3a1f4aec1378632643e60cdab0688110c;12618f62fc97c09c8f913c103ff58d04537c7f386de1c74c12a12921a366f9fa;d00d33c426a1e12b81470a4c0c5c5000fdd91caece26057c028e886a07109273,2020-08-17;2021-10-11;2021-12-23;2023-09-28;2024-06-05;2024-10-17;2025-07-01;2025-11-24,"the eradication of the specified pest, as set out in Articles 7 to 11;",17c34aabc1e0c3a50b0dae508bbe15de6c7ab30df206777bb60a18534b124181,CURRENT
EU-2020-1201:3(1)(b):v1,EU-2020-1201,EU-2020-1201:3(1)(b),2020-08-20,,EU-2020-1201 Article 38 entry into force,INITIAL,INITIAL,-,-,plan covers movement of specified plants within the Union,-,-,-,DETERMINISTIC_RULE,NO,-,-,https://eur-lex.europa.eu/legal-content/EN/TXT/HTML/?uri=CELEX:02020R1201-20200817,regulation/source/consolidations/02020R1201-20200817.txt;regulation/source/consolidations/02020R1201-20211011.txt;regulation/source/consolidations/02020R1201-20211223.txt;regulation/source/consolidations/02020R1201-20230928.txt;regulation/source/consolidations/02020R1201-20240605.txt;regulation/source/consolidations/02020R1201-20241017.txt;regulation/source/consolidations/02020R1201-20250701.txt;regulation/source/consolidations/02020R1201-20251124.txt,0c2f2f5a1c9f3aa6029968316919fd1c3302849388c0d8c92632e2533719a4b1;45e3ac62539f5f05dccfcb2980038efbaedf9961518a7232e565a63f08db99ae;7399f07ef01d86355316157be4a6a7fc1fb91d27785179b775cdbb1494a167ad;bc99293b1ca38ecc84d0751ec8c66f624f8d31fab2b2f521e48b57bf609c08bf;dd0488e1db242996cfa0fa99bb54197fd3b73a311661cc3f8b95571553c4990e;0b48eb0200b1547987dc8ef6353101b3a1f4aec1378632643e60cdab0688110c;12618f62fc97c09c8f913c103ff58d04537c7f386de1c74c12a12921a366f9fa;d00d33c426a1e12b81470a4c0c5c5000fdd91caece26057c028e886a07109273,2020-08-17;2021-10-11;2021-12-23;2023-09-28;2024-06-05;2024-10-17;2025-07-01;2025-11-24,"the movements of specified plants within the Union, as set out in Articles 19 to 26;",6bee213206e78d65cb18ce1c7d89e167293e267caffdd7fb99cda63475c2a9cc,CURRENT
EU-2020-1201:3(1)(c):v1,EU-2020-1201,EU-2020-1201:3(1)(c),2020-08-20,,EU-2020-1201 Article 38 entry into force,INITIAL,INITIAL,-,-,plan covers official checks on movement and introduction,-,-,-,DETERMINISTIC_RULE,NO,-,-,https://eur-lex.europa.eu/legal-content/EN/TXT/HTML/?uri=CELEX:02020R1201-20200817,regulation/source/consolidations/02020R1201-20200817.txt;regulation/source/consolidations/02020R1201-20211011.txt;regulation/source/consolidations/02020R1201-20211223.txt;regulation/source/consolidations/02020R1201-20230928.txt;regulation/source/consolidations/02020R1201-20240605.txt;regulation/source/consolidations/02020R1201-20241017.txt;regulation/source/consolidations/02020R1201-20250701.txt;regulation/source/consolidations/02020R1201-20251124.txt,0c2f2f5a1c9f3aa6029968316919fd1c3302849388c0d8c92632e2533719a4b1;45e3ac62539f5f05dccfcb2980038efbaedf9961518a7232e565a63f08db99ae;7399f07ef01d86355316157be4a6a7fc1fb91d27785179b775cdbb1494a167ad;bc99293b1ca38ecc84d0751ec8c66f624f8d31fab2b2f521e48b57bf609c08bf;dd0488e1db242996cfa0fa99bb54197fd3b73a311661cc3f8b95571553c4990e;0b48eb0200b1547987dc8ef6353101b3a1f4aec1378632643e60cdab0688110c;12618f62fc97c09c8f913c103ff58d04537c7f386de1c74c12a12921a366f9fa;d00d33c426a1e12b81470a4c0c5c5000fdd91caece26057c028e886a07109273,2020-08-17;2021-10-11;2021-12-23;2023-09-28;2024-06-05;2024-10-17;2025-07-01;2025-11-24,"the official checks to be carried out on movements of specified plants within the Union and of host plants into the Union, as set out in Articles 32 and 33.",859795089692ea203d77998acfbf06f3cae1492f3f6c9506b57cb86bf6ccf8dd,CURRENT
EU-2020-1201:3(1)-final-subparagraph:v1,EU-2020-1201,EU-2020-1201:3(1)-final-subparagraph,2020-08-20,,EU-2020-1201 Article 38 entry into force,INITIAL,INITIAL,each Member State,shall,update the contingency plan as appropriate; plans made under Implementing Decision 2015/789 updated by 31 December 2020,-,-,the plan's revision date,DETERMINISTIC_RULE,NO,-,-,https://eur-lex.europa.eu/legal-content/EN/TXT/HTML/?uri=CELEX:02020R1201-20200817,regulation/source/consolidations/02020R1201-20200817.txt;regulation/source/consolidations/02020R1201-20211011.txt;regulation/source/consolidations/02020R1201-20211223.txt;regulation/source/consolidations/02020R1201-20230928.txt;regulation/source/consolidations/02020R1201-20240605.txt;regulation/source/consolidations/02020R1201-20241017.txt;regulation/source/consolidations/02020R1201-20250701.txt;regulation/source/consolidations/02020R1201-20251124.txt,0c2f2f5a1c9f3aa6029968316919fd1c3302849388c0d8c92632e2533719a4b1;45e3ac62539f5f05dccfcb2980038efbaedf9961518a7232e565a63f08db99ae;7399f07ef01d86355316157be4a6a7fc1fb91d27785179b775cdbb1494a167ad;bc99293b1ca38ecc84d0751ec8c66f624f8d31fab2b2f521e48b57bf609c08bf;dd0488e1db242996cfa0fa99bb54197fd3b73a311661cc3f8b95571553c4990e;0b48eb0200b1547987dc8ef6353101b3a1f4aec1378632643e60cdab0688110c;12618f62fc97c09c8f913c103ff58d04537c7f386de1c74c12a12921a366f9fa;d00d33c426a1e12b81470a4c0c5c5000fdd91caece26057c028e886a07109273,2020-08-17;2021-10-11;2021-12-23;2023-09-28;2024-06-05;2024-10-17;2025-07-01;2025-11-24,"Each Member State shall update its contingency plan, as appropriate, by 31 December of each year. Contingency plans established under Implementing Decision (EU) 2015/789 shall be updated by 31 December 2020.",2622f8a4339797a39657d22260781c886edf35ef27098efdfc2a527fab849993,CURRENT
EU-2020-1201:3(2):v1,EU-2020-1201,EU-2020-1201:3(2),2020-08-20,2021-10-11,EU-2020-1201 Article 38 entry into force,INITIAL,INITIAL,each Member State,shall,plan includes the elements below in addition to Reg. 2016/2031 Art. 25(2),-,-,-,DETERMINISTIC_RULE,NO,-,-,https://eur-lex.europa.eu/legal-content/EN/TXT/HTML/?uri=CELEX:02020R1201-20200817,regulation/source/consolidations/02020R1201-20200817.txt,0c2f2f5a1c9f3aa6029968316919fd1c3302849388c0d8c92632e2533719a4b1,2020-08-17,"2. In addition to the elements referred to in Article 25(2) of Regulation (EU) 2016/2031, the contingency plan shall include all of the following elements:",54e2b857089450a1177ff082db46fb4e7a06a43bbf67d6711b8e5fbfbb2b447a,SUPERSEDED
EU-2020-1201:3(2):v2,EU-2020-1201,EU-2020-1201:3(2),2021-10-11,,effective amending act reflected by dated consolidation,TEXT_CHANGED,NO,each Member State,shall,plan includes the elements below in addition to Reg. 2016/2031 Art. 25(2),-,-,-,DETERMINISTIC_RULE,NO,-,-,https://eur-lex.europa.eu/legal-content/EN/TXT/HTML/?uri=CELEX:02020R1201-20211011,regulation/source/consolidations/02020R1201-20211011.txt;regulation/source/consolidations/02020R1201-20211223.txt;regulation/source/consolidations/02020R1201-20230928.txt;regulation/source/consolidations/02020R1201-20240605.txt;regulation/source/consolidations/02020R1201-20241017.txt;regulation/source/consolidations/02020R1201-20250701.txt;regulation/source/consolidations/02020R1201-20251124.txt,45e3ac62539f5f05dccfcb2980038efbaedf9961518a7232e565a63f08db99ae;7399f07ef01d86355316157be4a6a7fc1fb91d27785179b775cdbb1494a167ad;bc99293b1ca38ecc84d0751ec8c66f624f8d31fab2b2f521e48b57bf609c08bf;dd0488e1db242996cfa0fa99bb54197fd3b73a311661cc3f8b95571553c4990e;0b48eb0200b1547987dc8ef6353101b3a1f4aec1378632643e60cdab0688110c;12618f62fc97c09c8f913c103ff58d04537c7f386de1c74c12a12921a366f9fa;d00d33c426a1e12b81470a4c0c5c5000fdd91caece26057c028e886a07109273,2021-10-11;2021-12-23;2023-09-28;2024-06-05;2024-10-17;2025-07-01;2025-11-24,"In addition to the elements referred to in Article 25(2) of Regulation (EU) 2016/2031, the contingency plan shall include all of the following elements:",315581cfebe83a228119f58d934fd7c84e937daaf5a219f23a158af68a95a6bc,CURRENT
EU-2020-1201:3(2)(a):v1,EU-2020-1201,EU-2020-1201:3(2)(a),2020-08-20,,EU-2020-1201 Article 38 entry into force,INITIAL,INITIAL,-,shall,"minimum resources, and the procedure for making further resources available",-,-,the stated resource floor,DETERMINISTIC_RULE__EVIDENCE_OR_POLICY_REQUIRED,NO,-,-,https://eur-lex.europa.eu/legal-content/EN/TXT/HTML/?uri=CELEX:02020R1201-20200817,regulation/source/consolidations/02020R1201-20200817.txt;regulation/source/consolidations/02020R1201-20211011.txt;regulation/source/consolidations/02020R1201-20211223.txt;regulation/source/consolidations/02020R1201-20230928.txt;regulation/source/consolidations/02020R1201-20240605.txt;regulation/source/consolidations/02020R1201-20241017.txt;regulation/source/consolidations/02020R1201-20250701.txt;regulation/source/consolidations/02020R1201-20251124.txt,0c2f2f5a1c9f3aa6029968316919fd1c3302849388c0d8c92632e2533719a4b1;45e3ac62539f5f05dccfcb2980038efbaedf9961518a7232e565a63f08db99ae;7399f07ef01d86355316157be4a6a7fc1fb91d27785179b775cdbb1494a167ad;bc99293b1ca38ecc84d0751ec8c66f624f8d31fab2b2f521e48b57bf609c08bf;dd0488e1db242996cfa0fa99bb54197fd3b73a311661cc3f8b95571553c4990e;0b48eb0200b1547987dc8ef6353101b3a1f4aec1378632643e60cdab0688110c;12618f62fc97c09c8f913c103ff58d04537c7f386de1c74c12a12921a366f9fa;d00d33c426a1e12b81470a4c0c5c5000fdd91caece26057c028e886a07109273,2020-08-17;2021-10-11;2021-12-23;2023-09-28;2024-06-05;2024-10-17;2025-07-01;2025-11-24,the minimum resources to be made available and the procedures for making those additional resources available in case of a confirmed or suspected presence of the specified pest;,46a18a0c72f697d3a425b66f861a673b70dbc820995552b4394cdeb6693ca53d,CURRENT
EU-2020-1201:3(2)(b):v1,EU-2020-1201,EU-2020-1201:3(2)(b),2020-08-20,,EU-2020-1201 Article 38 entry into force,INITIAL,INITIAL,-,shall,"rules for identifying owners, notifying the removal order, and accessing private property",-,-,the procedure text,DETERMINISTIC_RULE,NO,-,-,https://eur-lex.europa.eu/legal-content/EN/TXT/HTML/?uri=CELEX:02020R1201-20200817,regulation/source/consolidations/02020R1201-20200817.txt;regulation/source/consolidations/02020R1201-20211011.txt;regulation/source/consolidations/02020R1201-20211223.txt;regulation/source/consolidations/02020R1201-20230928.txt;regulation/source/consolidations/02020R1201-20240605.txt;regulation/source/consolidations/02020R1201-20241017.txt;regulation/source/consolidations/02020R1201-20250701.txt;regulation/source/consolidations/02020R1201-20251124.txt,0c2f2f5a1c9f3aa6029968316919fd1c3302849388c0d8c92632e2533719a4b1;45e3ac62539f5f05dccfcb2980038efbaedf9961518a7232e565a63f08db99ae;7399f07ef01d86355316157be4a6a7fc1fb91d27785179b775cdbb1494a167ad;bc99293b1ca38ecc84d0751ec8c66f624f8d31fab2b2f521e48b57bf609c08bf;dd0488e1db242996cfa0fa99bb54197fd3b73a311661cc3f8b95571553c4990e;0b48eb0200b1547987dc8ef6353101b3a1f4aec1378632643e60cdab0688110c;12618f62fc97c09c8f913c103ff58d04537c7f386de1c74c12a12921a366f9fa;d00d33c426a1e12b81470a4c0c5c5000fdd91caece26057c028e886a07109273,2020-08-17;2021-10-11;2021-12-23;2023-09-28;2024-06-05;2024-10-17;2025-07-01;2025-11-24,"rules detailing the procedures for identifying the owners of the plants to be removed, for notifying the order of removal and for accessing private properties.",b8bcf0cb99b29b79774d073dce0f7e298bd849ad7539110aa2efad8c86335287,CURRENT
EU-2020-1201:4(1):v1,EU-2020-1201,EU-2020-1201:4(1),2020-08-20,2024-10-17,EU-2020-1201 Article 38 entry into force,INITIAL,INITIAL,Member State concerned,shall,Establish a demarcated area without delay following an official plant finding unless the competent Article 5(3) no-immediate-demarcation exception is exercised.,"An exercised Article 5(3) exception displaces immediate demarcation and activates its follow-up; absent a qualifying plant finding, this demarcation duty does not arise. Unresolved qualifying evidence is not a finding.",-,the confirmation record and the establishing act,DETERMINISTIC_RULE,NO,-,The original confirmation wording does not state a medium. Its operative demarcation output is plant-based because Article 4(2) constructs the infected zone around an infected plant; vector-only findings do not produce a demarcation output. Article 5(3) owns the exercised exception and the default duty-standing result. The default does not require an affirmative refusal of the exception.,https://eur-lex.europa.eu/legal-content/EN/TXT/HTML/?uri=CELEX:02020R1201-20200817,regulation/source/consolidations/02020R1201-20200817.txt;regulation/source/consolidations/02020R1201-20211011.txt;regulation/source/consolidations/02020R1201-20211223.txt;regulation/source/consolidations/02020R1201-20230928.txt;regulation/source/consolidations/02020R1201-20240605.txt,0c2f2f5a1c9f3aa6029968316919fd1c3302849388c0d8c92632e2533719a4b1;45e3ac62539f5f05dccfcb2980038efbaedf9961518a7232e565a63f08db99ae;7399f07ef01d86355316157be4a6a7fc1fb91d27785179b775cdbb1494a167ad;bc99293b1ca38ecc84d0751ec8c66f624f8d31fab2b2f521e48b57bf609c08bf;dd0488e1db242996cfa0fa99bb54197fd3b73a311661cc3f8b95571553c4990e,2020-08-17;2021-10-11;2021-12-23;2023-09-28;2024-06-05,"1. Where the presence of the specified pest is officially confirmed, the Member State concerned shall without delay establish a demarcated area.",0c32f415e74208c0bdb29170f9ddf4d7d82f850975ea702e8a4deb606b7f40e9,SUPERSEDED
EU-2020-1201:4(1):v2,EU-2020-1201,EU-2020-1201:4(1),2024-10-17,,effective amending act reflected by dated consolidation,TEXT_CHANGED,YES,Member State concerned,shall,Establish a demarcated area without delay following an official plant finding unless the competent Article 5(3) no-immediate-demarcation exception is exercised.,"An exercised Article 5(3) exception displaces immediate demarcation and activates its follow-up; absent a qualifying plant finding, this demarcation duty does not arise. Unresolved qualifying evidence is not a finding.",-,the confirmation record and the establishing act,DETERMINISTIC_RULE,NO,-,Article 5(3) owns the exercised exception and the default duty-standing result. The default does not require an affirmative refusal of the exception.,https://eur-lex.europa.eu/legal-content/EN/TXT/HTML/?uri=CELEX:02020R1201-20241017,regulation/source/consolidations/02020R1201-20241017.txt;regulation/source/consolidations/02020R1201-20250701.txt;regulation/source/consolidations/02020R1201-20251124.txt,0b48eb0200b1547987dc8ef6353101b3a1f4aec1378632643e60cdab0688110c;12618f62fc97c09c8f913c103ff58d04537c7f386de1c74c12a12921a366f9fa;d00d33c426a1e12b81470a4c0c5c5000fdd91caece26057c028e886a07109273,2024-10-17;2025-07-01;2025-11-24,"Where the presence of the specified pest is officially confirmed in plants, the Member State concerned shall without delay establish a demarcated area.",f138ecce64906f724d3183a0481bd00601c7d2674543f6be1e3be61f2eeec3da,CURRENT
EU-2020-1201:4(1)-sub1:v1,EU-2020-1201,EU-2020-1201:4(1)-sub1,2020-08-20,,EU-2020-1201 Article 38 entry into force,INITIAL,INITIAL,Member State concerned,may,narrow the demarcation. Demarcate for those subspecies only,demarcate for the pest and all possible subspecies,Member State concerned,subspecies identification,DETERMINISTIC_RULE,YES,-,-,https://eur-lex.europa.eu/legal-content/EN/TXT/HTML/?uri=CELEX:02020R1201-20200817,regulation/source/consolidations/02020R1201-20200817.txt;regulation/source/consolidations/02020R1201-20211011.txt;regulation/source/consolidations/02020R1201-20211223.txt;regulation/source/consolidations/02020R1201-20230928.txt;regulation/source/consolidations/02020R1201-20240605.txt;regulation/source/consolidations/02020R1201-20241017.txt;regulation/source/consolidations/02020R1201-20250701.txt;regulation/source/consolidations/02020R1201-20251124.txt,0c2f2f5a1c9f3aa6029968316919fd1c3302849388c0d8c92632e2533719a4b1;45e3ac62539f5f05dccfcb2980038efbaedf9961518a7232e565a63f08db99ae;7399f07ef01d86355316157be4a6a7fc1fb91d27785179b775cdbb1494a167ad;bc99293b1ca38ecc84d0751ec8c66f624f8d31fab2b2f521e48b57bf609c08bf;dd0488e1db242996cfa0fa99bb54197fd3b73a311661cc3f8b95571553c4990e;0b48eb0200b1547987dc8ef6353101b3a1f4aec1378632643e60cdab0688110c;12618f62fc97c09c8f913c103ff58d04537c7f386de1c74c12a12921a366f9fa;d00d33c426a1e12b81470a4c0c5c5000fdd91caece26057c028e886a07109273,2020-08-17;2021-10-11;2021-12-23;2023-09-28;2024-06-05;2024-10-17;2025-07-01;2025-11-24,"Where only the presence of one or more particular subspecies of the specified pest is confirmed, the Member State concerned may demarcate an area with regard to those subspecies only.",7c9e3e2643fc8be68753037ca70da93f948227f35b3ad0e7c4895cec5637f545,CURRENT
EU-2020-1201:4(1)-sub2:v1,EU-2020-1201,EU-2020-1201:4(1)-sub2,2020-08-20,,EU-2020-1201 Article 38 entry into force,INITIAL,INITIAL,Member State concerned,shall,demarcate broadly while pending. Demarcate for the pest and all its possible subspecies,-,-,the pending status,DETERMINISTIC_RULE,NO,-,-,https://eur-lex.europa.eu/legal-content/EN/TXT/HTML/?uri=CELEX:02020R1201-20200817,regulation/source/consolidations/02020R1201-20200817.txt;regulation/source/consolidations/02020R1201-20211011.txt;regulation/source/consolidations/02020R1201-20211223.txt;regulation/source/consolidations/02020R1201-20230928.txt;regulation/source/consolidations/02020R1201-20240605.txt;regulation/source/consolidations/02020R1201-20241017.txt;regulation/source/consolidations/02020R1201-20250701.txt;regulation/source/consolidations/02020R1201-20251124.txt,0c2f2f5a1c9f3aa6029968316919fd1c3302849388c0d8c92632e2533719a4b1;45e3ac62539f5f05dccfcb2980038efbaedf9961518a7232e565a63f08db99ae;7399f07ef01d86355316157be4a6a7fc1fb91d27785179b775cdbb1494a167ad;bc99293b1ca38ecc84d0751ec8c66f624f8d31fab2b2f521e48b57bf609c08bf;dd0488e1db242996cfa0fa99bb54197fd3b73a311661cc3f8b95571553c4990e;0b48eb0200b1547987dc8ef6353101b3a1f4aec1378632643e60cdab0688110c;12618f62fc97c09c8f913c103ff58d04537c7f386de1c74c12a12921a366f9fa;d00d33c426a1e12b81470a4c0c5c5000fdd91caece26057c028e886a07109273,2020-08-17;2021-10-11;2021-12-23;2023-09-28;2024-06-05;2024-10-17;2025-07-01;2025-11-24,"Where the confirmation of the presence of a subspecies is pending, the Member State concerned shall demarcate that area with regard to the specified pest and all of its possible subspecies.",3200a67bffad55d7e6e7dc395e681579a7941aac353cdf7099d3ab9bff59bf39,CURRENT
EU-2020-1201:4(2):v1,EU-2020-1201,EU-2020-1201:4(2),2020-08-20,,EU-2020-1201 Article 38 entry into force,INITIAL,INITIAL,Member State concerned,shall,the area consists of an infected zone and a buffer zone,-,-,plant location; published geometry,DETERMINISTIC_RULE,NO,-,-,https://eur-lex.europa.eu/legal-content/EN/TXT/HTML/?uri=CELEX:02020R1201-20200817,regulation/source/consolidations/02020R1201-20200817.txt;regulation/source/consolidations/02020R1201-20211011.txt;regulation/source/consolidations/02020R1201-20211223.txt;regulation/source/consolidations/02020R1201-20230928.txt;regulation/source/consolidations/02020R1201-20240605.txt;regulation/source/consolidations/02020R1201-20241017.txt;regulation/source/consolidations/02020R1201-20250701.txt;regulation/source/consolidations/02020R1201-20251124.txt,0c2f2f5a1c9f3aa6029968316919fd1c3302849388c0d8c92632e2533719a4b1;45e3ac62539f5f05dccfcb2980038efbaedf9961518a7232e565a63f08db99ae;7399f07ef01d86355316157be4a6a7fc1fb91d27785179b775cdbb1494a167ad;bc99293b1ca38ecc84d0751ec8c66f624f8d31fab2b2f521e48b57bf609c08bf;dd0488e1db242996cfa0fa99bb54197fd3b73a311661cc3f8b95571553c4990e;0b48eb0200b1547987dc8ef6353101b3a1f4aec1378632643e60cdab0688110c;12618f62fc97c09c8f913c103ff58d04537c7f386de1c74c12a12921a366f9fa;d00d33c426a1e12b81470a4c0c5c5000fdd91caece26057c028e886a07109273,2020-08-17;2021-10-11;2021-12-23;2023-09-28;2024-06-05;2024-10-17;2025-07-01;2025-11-24,2. The demarcated area shall consist of an infected zone and a buffer zone.,a846c7fadcaa3234802f4bdd62d205731619ad0577f4c52ee9c729db99e8dbad,CURRENT
EU-2020-1201:4(2)(a):v1,EU-2020-1201,EU-2020-1201:4(2)(a),2020-08-20,,EU-2020-1201 Article 38 entry into force,INITIAL,INITIAL,Member State concerned,shall,"buffer at least 2,5 km",-,-,published geometry,DETERMINISTIC_RULE,NO,-,-,https://eur-lex.europa.eu/legal-content/EN/TXT/HTML/?uri=CELEX:02020R1201-20200817,regulation/source/consolidations/02020R1201-20200817.txt;regulation/source/consolidations/02020R1201-20211011.txt;regulation/source/consolidations/02020R1201-20211223.txt;regulation/source/consolidations/02020R1201-20230928.txt;regulation/source/consolidations/02020R1201-20240605.txt;regulation/source/consolidations/02020R1201-20241017.txt;regulation/source/consolidations/02020R1201-20250701.txt;regulation/source/consolidations/02020R1201-20251124.txt,0c2f2f5a1c9f3aa6029968316919fd1c3302849388c0d8c92632e2533719a4b1;45e3ac62539f5f05dccfcb2980038efbaedf9961518a7232e565a63f08db99ae;7399f07ef01d86355316157be4a6a7fc1fb91d27785179b775cdbb1494a167ad;bc99293b1ca38ecc84d0751ec8c66f624f8d31fab2b2f521e48b57bf609c08bf;dd0488e1db242996cfa0fa99bb54197fd3b73a311661cc3f8b95571553c4990e;0b48eb0200b1547987dc8ef6353101b3a1f4aec1378632643e60cdab0688110c;12618f62fc97c09c8f913c103ff58d04537c7f386de1c74c12a12921a366f9fa;d00d33c426a1e12b81470a4c0c5c5000fdd91caece26057c028e886a07109273,2020-08-17;2021-10-11;2021-12-23;2023-09-28;2024-06-05;2024-10-17;2025-07-01;2025-11-24,"at least 2,5 km in the case of an infected zone established for the purpose of taking the eradication measures referred to in Articles 7 to 11;",d25c93d5ae4e8f8cfa0797e7995b2433ba09fb2a9bd46e658395761a194c74c6,CURRENT
EU-2020-1201:4(2)(b):v1,EU-2020-1201,EU-2020-1201:4(2)(b),2020-08-20,,EU-2020-1201 Article 38 entry into force,INITIAL,INITIAL,Member State concerned,shall,buffer at least 5 km,-,-,published geometry,DETERMINISTIC_RULE,NO,-,-,https://eur-lex.europa.eu/legal-content/EN/TXT/HTML/?uri=CELEX:02020R1201-20200817,regulation/source/consolidations/02020R1201-20200817.txt;regulation/source/consolidations/02020R1201-20211011.txt;regulation/source/consolidations/02020R1201-20211223.txt;regulation/source/consolidations/02020R1201-20230928.txt;regulation/source/consolidations/02020R1201-20240605.txt;regulation/source/consolidations/02020R1201-20241017.txt;regulation/source/consolidations/02020R1201-20250701.txt;regulation/source/consolidations/02020R1201-20251124.txt,0c2f2f5a1c9f3aa6029968316919fd1c3302849388c0d8c92632e2533719a4b1;45e3ac62539f5f05dccfcb2980038efbaedf9961518a7232e565a63f08db99ae;7399f07ef01d86355316157be4a6a7fc1fb91d27785179b775cdbb1494a167ad;bc99293b1ca38ecc84d0751ec8c66f624f8d31fab2b2f521e48b57bf609c08bf;dd0488e1db242996cfa0fa99bb54197fd3b73a311661cc3f8b95571553c4990e;0b48eb0200b1547987dc8ef6353101b3a1f4aec1378632643e60cdab0688110c;12618f62fc97c09c8f913c103ff58d04537c7f386de1c74c12a12921a366f9fa;d00d33c426a1e12b81470a4c0c5c5000fdd91caece26057c028e886a07109273,2020-08-17;2021-10-11;2021-12-23;2023-09-28;2024-06-05;2024-10-17;2025-07-01;2025-11-24,at least 5 km in the case of an infected zone established for the purpose of taking the containment measures referred to in Articles 12 to 17.,b2b200cc90ccdf3366310dd7e5c56eaaf657459a5a3a7f1ae7d4aa87081c253f,CURRENT
EU-2020-1201:4(2)-sub1:v1,EU-2020-1201,EU-2020-1201:4(2)-sub1,2020-08-20,,EU-2020-1201 Article 38 entry into force,INITIAL,INITIAL,Member State concerned,shall,the infected zone has a radius of at least 50 m around the plant found infected,-,-,the plant's location and the published zone geometry,DETERMINISTIC_RULE,NO,-,-,https://eur-lex.europa.eu/legal-content/EN/TXT/HTML/?uri=CELEX:02020R1201-20200817,regulation/source/consolidations/02020R1201-20200817.txt;regulation/source/consolidations/02020R1201-20211011.txt;regulation/source/consolidations/02020R1201-20211223.txt;regulation/source/consolidations/02020R1201-20230928.txt;regulation/source/consolidations/02020R1201-20240605.txt;regulation/source/consolidations/02020R1201-20241017.txt;regulation/source/consolidations/02020R1201-20250701.txt;regulation/source/consolidations/02020R1201-20251124.txt,0c2f2f5a1c9f3aa6029968316919fd1c3302849388c0d8c92632e2533719a4b1;45e3ac62539f5f05dccfcb2980038efbaedf9961518a7232e565a63f08db99ae;7399f07ef01d86355316157be4a6a7fc1fb91d27785179b775cdbb1494a167ad;bc99293b1ca38ecc84d0751ec8c66f624f8d31fab2b2f521e48b57bf609c08bf;dd0488e1db242996cfa0fa99bb54197fd3b73a311661cc3f8b95571553c4990e;0b48eb0200b1547987dc8ef6353101b3a1f4aec1378632643e60cdab0688110c;12618f62fc97c09c8f913c103ff58d04537c7f386de1c74c12a12921a366f9fa;d00d33c426a1e12b81470a4c0c5c5000fdd91caece26057c028e886a07109273,2020-08-17;2021-10-11;2021-12-23;2023-09-28;2024-06-05;2024-10-17;2025-07-01;2025-11-24,The infected zone shall have a radius of at least 50 m around the plant found infected by the specified pest.,4c2cfdcb7881dbd474be787bf23b7adf1893a799a1fb73ab893ea9d29bf2ebd8,CURRENT
EU-2020-1201:4(2)-sub2:v1,EU-2020-1201,EU-2020-1201:4(2)-sub2,2020-08-20,,EU-2020-1201 Article 38 entry into force,INITIAL,INITIAL,Member State concerned,shall,the buffer zone has the width set at (a) or (b),-,-,"the purpose of the zone, eradication or containment",DETERMINISTIC_RULE,NO,-,-,https://eur-lex.europa.eu/legal-content/EN/TXT/HTML/?uri=CELEX:02020R1201-20200817,regulation/source/consolidations/02020R1201-20200817.txt;regulation/source/consolidations/02020R1201-20211011.txt;regulation/source/consolidations/02020R1201-20211223.txt;regulation/source/consolidations/02020R1201-20230928.txt;regulation/source/consolidations/02020R1201-20240605.txt;regulation/source/consolidations/02020R1201-20241017.txt;regulation/source/consolidations/02020R1201-20250701.txt;regulation/source/consolidations/02020R1201-20251124.txt,0c2f2f5a1c9f3aa6029968316919fd1c3302849388c0d8c92632e2533719a4b1;45e3ac62539f5f05dccfcb2980038efbaedf9961518a7232e565a63f08db99ae;7399f07ef01d86355316157be4a6a7fc1fb91d27785179b775cdbb1494a167ad;bc99293b1ca38ecc84d0751ec8c66f624f8d31fab2b2f521e48b57bf609c08bf;dd0488e1db242996cfa0fa99bb54197fd3b73a311661cc3f8b95571553c4990e;0b48eb0200b1547987dc8ef6353101b3a1f4aec1378632643e60cdab0688110c;12618f62fc97c09c8f913c103ff58d04537c7f386de1c74c12a12921a366f9fa;d00d33c426a1e12b81470a4c0c5c5000fdd91caece26057c028e886a07109273,2020-08-17;2021-10-11;2021-12-23;2023-09-28;2024-06-05;2024-10-17;2025-07-01;2025-11-24,The buffer zone shall be of the following width:,b9bbdfcb4635c7c096e8a0a54a11f3712abd08a09dafab2b75a18d87982cdda6,CURRENT
EU-2020-1201:4(3):v1,EU-2020-1201,EU-2020-1201:4(3),2020-08-20,,EU-2020-1201 Article 38 entry into force,INITIAL,INITIAL,Commission,shall,update and publish the Union list of demarcated areas,-,-,the published list,DETERMINISTIC_RULE,NO,-,-,https://eur-lex.europa.eu/legal-content/EN/TXT/HTML/?uri=CELEX:02020R1201-20200817,regulation/source/consolidations/02020R1201-20200817.txt;regulation/source/consolidations/02020R1201-20211011.txt;regulation/source/consolidations/02020R1201-20211223.txt;regulation/source/consolidations/02020R1201-20230928.txt;regulation/source/consolidations/02020R1201-20240605.txt;regulation/source/consolidations/02020R1201-20241017.txt;regulation/source/consolidations/02020R1201-20250701.txt;regulation/source/consolidations/02020R1201-20251124.txt,0c2f2f5a1c9f3aa6029968316919fd1c3302849388c0d8c92632e2533719a4b1;45e3ac62539f5f05dccfcb2980038efbaedf9961518a7232e565a63f08db99ae;7399f07ef01d86355316157be4a6a7fc1fb91d27785179b775cdbb1494a167ad;bc99293b1ca38ecc84d0751ec8c66f624f8d31fab2b2f521e48b57bf609c08bf;dd0488e1db242996cfa0fa99bb54197fd3b73a311661cc3f8b95571553c4990e;0b48eb0200b1547987dc8ef6353101b3a1f4aec1378632643e60cdab0688110c;12618f62fc97c09c8f913c103ff58d04537c7f386de1c74c12a12921a366f9fa;d00d33c426a1e12b81470a4c0c5c5000fdd91caece26057c028e886a07109273,2020-08-17;2021-10-11;2021-12-23;2023-09-28;2024-06-05;2024-10-17;2025-07-01;2025-11-24,"3. The Commission shall update and publish a list of the demarcated areas established by Member States, as notified pursuant to Article 18(6) of Regulation (EU) 2016/2031.",cfdc31cb42e46bbdf9ac47232dc8e9bb994962f8b098ecd1fb32c9b0090af333,CURRENT
EU-2020-1201:5(1):v1,EU-2020-1201,EU-2020-1201:5(1),2020-08-20,2021-10-11,EU-2020-1201 Article 38 entry into force,INITIAL,INITIAL,Member State concerned,may,reduce the buffer width. Buffer may be reduced to no less than 1 km,"buffer stays at 2,5 km",Member State concerned,the four condition records,DETERMINISTIC_RULE__EVIDENCE_OR_POLICY_REQUIRED,YES,-,-,https://eur-lex.europa.eu/legal-content/EN/TXT/HTML/?uri=CELEX:02020R1201-20200817,regulation/source/consolidations/02020R1201-20200817.txt,0c2f2f5a1c9f3aa6029968316919fd1c3302849388c0d8c92632e2533719a4b1,2020-08-17,"1. By way of derogation from Article 4, the buffer zone surrounding the infected zone established for the purpose of eradication may be reduced to a width of no less than 1 km, where there is a high degree of confidence that the initial presence of the specified pest did not result in its spread and where all of the following conditions have been fulfilled:",23c10092a56924de5ae3bb0fc821127916858fbb6ebda0b6fdf1ac01241413ad,SUPERSEDED
EU-2020-1201:5(1):v2,EU-2020-1201,EU-2020-1201:5(1),2021-10-11,,effective amending act reflected by dated consolidation,TEXT_CHANGED,NO,Member State concerned,may,reduce the buffer width. Buffer may be reduced to no less than 1 km,"buffer stays at 2,5 km",Member State concerned,the four condition records,DETERMINISTIC_RULE__EVIDENCE_OR_POLICY_REQUIRED,YES,-,-,https://eur-lex.europa.eu/legal-content/EN/TXT/HTML/?uri=CELEX:02020R1201-20211011,regulation/source/consolidations/02020R1201-20211011.txt;regulation/source/consolidations/02020R1201-20211223.txt;regulation/source/consolidations/02020R1201-20230928.txt;regulation/source/consolidations/02020R1201-20240605.txt;regulation/source/consolidations/02020R1201-20241017.txt;regulation/source/consolidations/02020R1201-20250701.txt;regulation/source/consolidations/02020R1201-20251124.txt,45e3ac62539f5f05dccfcb2980038efbaedf9961518a7232e565a63f08db99ae;7399f07ef01d86355316157be4a6a7fc1fb91d27785179b775cdbb1494a167ad;bc99293b1ca38ecc84d0751ec8c66f624f8d31fab2b2f521e48b57bf609c08bf;dd0488e1db242996cfa0fa99bb54197fd3b73a311661cc3f8b95571553c4990e;0b48eb0200b1547987dc8ef6353101b3a1f4aec1378632643e60cdab0688110c;12618f62fc97c09c8f913c103ff58d04537c7f386de1c74c12a12921a366f9fa;d00d33c426a1e12b81470a4c0c5c5000fdd91caece26057c028e886a07109273,2021-10-11;2021-12-23;2023-09-28;2024-06-05;2024-10-17;2025-07-01;2025-11-24,"By way of derogation from Article 4, the buffer zone surrounding the infected zone established for the purpose of eradication may be reduced to a width of no less than 1 km, where there is a high degree of confidence that the initial presence of the specified pest did not result in its spread and where all of the following conditions have been fulfilled:",77e75175867ba96ef3fe1ecafbb60a39e7403a2e14d946ef755e73ebb7e9e30a,CURRENT
EU-2020-1201:5(1)(a):v1,EU-2020-1201,EU-2020-1201:5(1)(a),2020-08-20,,EU-2020-1201 Article 38 entry into force,INITIAL,INITIAL,Member State concerned,-,condition met,derogation unavailable,-,sampling record and removal record for every specified plant in the zone,DETERMINISTIC_RULE__EVIDENCE_OR_POLICY_REQUIRED,NO,ES can attach immediacy only to removal; compile both sampling and removal immediate for Puglia,-,https://eur-lex.europa.eu/legal-content/EN/TXT/HTML/?uri=CELEX:02020R1201-20200817,regulation/source/consolidations/02020R1201-20200817.txt;regulation/source/consolidations/02020R1201-20211011.txt;regulation/source/consolidations/02020R1201-20211223.txt;regulation/source/consolidations/02020R1201-20230928.txt;regulation/source/consolidations/02020R1201-20240605.txt;regulation/source/consolidations/02020R1201-20241017.txt;regulation/source/consolidations/02020R1201-20250701.txt;regulation/source/consolidations/02020R1201-20251124.txt,0c2f2f5a1c9f3aa6029968316919fd1c3302849388c0d8c92632e2533719a4b1;45e3ac62539f5f05dccfcb2980038efbaedf9961518a7232e565a63f08db99ae;7399f07ef01d86355316157be4a6a7fc1fb91d27785179b775cdbb1494a167ad;bc99293b1ca38ecc84d0751ec8c66f624f8d31fab2b2f521e48b57bf609c08bf;dd0488e1db242996cfa0fa99bb54197fd3b73a311661cc3f8b95571553c4990e;0b48eb0200b1547987dc8ef6353101b3a1f4aec1378632643e60cdab0688110c;12618f62fc97c09c8f913c103ff58d04537c7f386de1c74c12a12921a366f9fa;d00d33c426a1e12b81470a4c0c5c5000fdd91caece26057c028e886a07109273,2020-08-17;2021-10-11;2021-12-23;2023-09-28;2024-06-05;2024-10-17;2025-07-01;2025-11-24,"all specified plants located in the infected zone, irrespective of their health status, have been immediately sampled and removed;",e8787d8f1b6e2dd413af0cfdedc0e0399e5c9491fa5c5fc87c7760b6ec570ec9,CURRENT
EU-2020-1201:5(1)(b):v1,EU-2020-1201,EU-2020-1201:5(1)(b),2020-08-20,,EU-2020-1201 Article 38 entry into force,INITIAL,INITIAL,Member State concerned,-,condition met,derogation unavailable,-,test results within the zone since the measures,DETERMINISTIC_RULE,YES,-,-,https://eur-lex.europa.eu/legal-content/EN/TXT/HTML/?uri=CELEX:02020R1201-20200817,regulation/source/consolidations/02020R1201-20200817.txt;regulation/source/consolidations/02020R1201-20211011.txt;regulation/source/consolidations/02020R1201-20211223.txt;regulation/source/consolidations/02020R1201-20230928.txt;regulation/source/consolidations/02020R1201-20240605.txt;regulation/source/consolidations/02020R1201-20241017.txt;regulation/source/consolidations/02020R1201-20250701.txt;regulation/source/consolidations/02020R1201-20251124.txt,0c2f2f5a1c9f3aa6029968316919fd1c3302849388c0d8c92632e2533719a4b1;45e3ac62539f5f05dccfcb2980038efbaedf9961518a7232e565a63f08db99ae;7399f07ef01d86355316157be4a6a7fc1fb91d27785179b775cdbb1494a167ad;bc99293b1ca38ecc84d0751ec8c66f624f8d31fab2b2f521e48b57bf609c08bf;dd0488e1db242996cfa0fa99bb54197fd3b73a311661cc3f8b95571553c4990e;0b48eb0200b1547987dc8ef6353101b3a1f4aec1378632643e60cdab0688110c;12618f62fc97c09c8f913c103ff58d04537c7f386de1c74c12a12921a366f9fa;d00d33c426a1e12b81470a4c0c5c5000fdd91caece26057c028e886a07109273,2020-08-17;2021-10-11;2021-12-23;2023-09-28;2024-06-05;2024-10-17;2025-07-01;2025-11-24,"no other plants have been found infected by the specified pest in the infected zone since the eradication measures have been taken, on the basis of official tests carried out at least once during the course of the year, taking into account the Authority’s Pest Survey Card on Xylella fastidiosa ;",dd25212dd7ad37bf9b9d1b766e8623223df64f63c24ffd659db2cd6c9fb6fe38,CURRENT
EU-2020-1201:5(1)(c):v1,EU-2020-1201,EU-2020-1201:5(1)(c),2020-08-20,2023-01-01,EU-2020-1201 Article 38 entry into force,INITIAL,INITIAL,Member State concerned,-,"A survey at least once in the first year, in a zone at least 2,5 km around the infected zone, showing the pest absent, with host plants in that zone sampled and tested. The entire third sentence, including the 90 % confidence / 1 % prevalence design and the first 400 m higher-risk qualifier, does not yet apply in this interval; application starts on 1 January 2023.",derogation unavailable,-,first-year surrounding-zone survey plus host-plant sample/test records,DETERMINISTIC_RULE__EVIDENCE_OR_POLICY_REQUIRED,NO,-,"Article 38, second paragraph: the third sentence of Article 5(1)(c) applies from 1 January 2023.",https://eur-lex.europa.eu/legal-content/EN/TXT/HTML/?uri=CELEX:02020R1201-20200817,regulation/source/consolidations/02020R1201-20200817.txt;regulation/source/consolidations/02020R1201-20211011.txt;regulation/source/consolidations/02020R1201-20211223.txt,0c2f2f5a1c9f3aa6029968316919fd1c3302849388c0d8c92632e2533719a4b1;45e3ac62539f5f05dccfcb2980038efbaedf9961518a7232e565a63f08db99ae;7399f07ef01d86355316157be4a6a7fc1fb91d27785179b775cdbb1494a167ad,2020-08-17;2021-10-11;2021-12-23,"a survey has been carried out at least once during the first year following the identification of the specified pest in a zone with a width of at least 2,5 km surrounding the infected zone, which shows that the specified pest has not been found present in that zone. The Member State concerned shall sample and test the host plants located in that zone. For that purpose, and taking into account the Authority’s Guidelines for statistically sound and risk-based surveys of Xylella fastidiosa, the survey design and sampling scheme shall be able to identify with at least 90 % confidence a level of presence of infected plants of 1 %, taking into account that the first 400 m surrounding the infected plants has a higher risk compared to the other part of that area;",9c5ebb32d519768a355870fa7471aec582c64044fde988dc7b9e5865fe0b112c,SUPERSEDED
EU-2020-1201:5(1)(c):v2,EU-2020-1201,EU-2020-1201:5(1)(c),2023-01-01,,EU-2020-1201 Article 38 delayed application,STATUS_CHANGED,YES,Member State concerned,-,"A survey at least once in the first year, in a zone at least 2,5 km around the infected zone, showing the pest absent, with host plants sampled and tested under the now-applicable design-assurance sentence: the survey design and sampling scheme able to identify, with at least 90 % of confidence, a level of presence of infected plants of 1 %.",derogation unavailable,-,the survey design and its achieved confidence,DETERMINISTIC_RULE__EVIDENCE_OR_POLICY_REQUIRED,NO,-,"Identical text to v1; the third sentence becomes applicable on 1 January 2023 under Article 38, second paragraph.",https://eur-lex.europa.eu/legal-content/EN/TXT/HTML/?uri=CELEX:02020R1201-20230928,regulation/source/consolidations/02020R1201-20230928.txt;regulation/source/consolidations/02020R1201-20240605.txt;regulation/source/consolidations/02020R1201-20241017.txt;regulation/source/consolidations/02020R1201-20250701.txt;regulation/source/consolidations/02020R1201-20251124.txt,bc99293b1ca38ecc84d0751ec8c66f624f8d31fab2b2f521e48b57bf609c08bf;dd0488e1db242996cfa0fa99bb54197fd3b73a311661cc3f8b95571553c4990e;0b48eb0200b1547987dc8ef6353101b3a1f4aec1378632643e60cdab0688110c;12618f62fc97c09c8f913c103ff58d04537c7f386de1c74c12a12921a366f9fa;d00d33c426a1e12b81470a4c0c5c5000fdd91caece26057c028e886a07109273,2023-09-28;2024-06-05;2024-10-17;2025-07-01;2025-11-24,"a survey has been carried out at least once during the first year following the identification of the specified pest in a zone with a width of at least 2,5 km surrounding the infected zone, which shows that the specified pest has not been found present in that zone. The Member State concerned shall sample and test the host plants located in that zone. For that purpose, and taking into account the Authority’s Guidelines for statistically sound and risk-based surveys of Xylella fastidiosa, the survey design and sampling scheme shall be able to identify with at least 90 % confidence a level of presence of infected plants of 1 %, taking into account that the first 400 m surrounding the infected plants has a higher risk compared to the other part of that area;",9c5ebb32d519768a355870fa7471aec582c64044fde988dc7b9e5865fe0b112c,CURRENT
EU-2020-1201:5(1)(d):v1,EU-2020-1201,EU-2020-1201:5(1)(d),2020-08-20,,EU-2020-1201 Article 38 entry into force,INITIAL,INITIAL,Member State concerned,-,condition met,derogation unavailable,-,vector test records and the exclusion conclusion,DETERMINISTIC_RULE__EVIDENCE_OR_POLICY_REQUIRED,YES,-,-,https://eur-lex.europa.eu/legal-content/EN/TXT/HTML/?uri=CELEX:02020R1201-20200817,regulation/source/consolidations/02020R1201-20200817.txt;regulation/source/consolidations/02020R1201-20211011.txt;regulation/source/consolidations/02020R1201-20211223.txt;regulation/source/consolidations/02020R1201-20230928.txt;regulation/source/consolidations/02020R1201-20240605.txt;regulation/source/consolidations/02020R1201-20241017.txt;regulation/source/consolidations/02020R1201-20250701.txt;regulation/source/consolidations/02020R1201-20251124.txt,0c2f2f5a1c9f3aa6029968316919fd1c3302849388c0d8c92632e2533719a4b1;45e3ac62539f5f05dccfcb2980038efbaedf9961518a7232e565a63f08db99ae;7399f07ef01d86355316157be4a6a7fc1fb91d27785179b775cdbb1494a167ad;bc99293b1ca38ecc84d0751ec8c66f624f8d31fab2b2f521e48b57bf609c08bf;dd0488e1db242996cfa0fa99bb54197fd3b73a311661cc3f8b95571553c4990e;0b48eb0200b1547987dc8ef6353101b3a1f4aec1378632643e60cdab0688110c;12618f62fc97c09c8f913c103ff58d04537c7f386de1c74c12a12921a366f9fa;d00d33c426a1e12b81470a4c0c5c5000fdd91caece26057c028e886a07109273,2020-08-17;2021-10-11;2021-12-23;2023-09-28;2024-06-05;2024-10-17;2025-07-01;2025-11-24,"no vectors carrying the specified pest have been detected in the infected zone and its immediate vicinity since the eradication measures have been taken, on the basis of tests carried out twice during the flight season of the vector, and in accordance with International Standards for Phytosanitary Measures. Those tests shall lead to the conclusion that the natural spread of the specified pest is excluded.",d5d78ee71bc2af7bb48ff84c5eb5f20cd9805e140fd67f3c2174883cdb7ae8f4,CURRENT
EU-2020-1201:5(2):v1,EU-2020-1201,EU-2020-1201:5(2),2020-08-20,,EU-2020-1201 Article 38 entry into force,INITIAL,INITIAL,Member State concerned,shall,notify the Commission and the other Member States of the justification,-,-,the notification and its justification,DETERMINISTIC_RULE,NO,-,-,https://eur-lex.europa.eu/legal-content/EN/TXT/HTML/?uri=CELEX:02020R1201-20200817,regulation/source/consolidations/02020R1201-20200817.txt;regulation/source/consolidations/02020R1201-20211011.txt;regulation/source/consolidations/02020R1201-20211223.txt;regulation/source/consolidations/02020R1201-20230928.txt;regulation/source/consolidations/02020R1201-20240605.txt;regulation/source/consolidations/02020R1201-20241017.txt;regulation/source/consolidations/02020R1201-20250701.txt;regulation/source/consolidations/02020R1201-20251124.txt,0c2f2f5a1c9f3aa6029968316919fd1c3302849388c0d8c92632e2533719a4b1;45e3ac62539f5f05dccfcb2980038efbaedf9961518a7232e565a63f08db99ae;7399f07ef01d86355316157be4a6a7fc1fb91d27785179b775cdbb1494a167ad;bc99293b1ca38ecc84d0751ec8c66f624f8d31fab2b2f521e48b57bf609c08bf;dd0488e1db242996cfa0fa99bb54197fd3b73a311661cc3f8b95571553c4990e;0b48eb0200b1547987dc8ef6353101b3a1f4aec1378632643e60cdab0688110c;12618f62fc97c09c8f913c103ff58d04537c7f386de1c74c12a12921a366f9fa;d00d33c426a1e12b81470a4c0c5c5000fdd91caece26057c028e886a07109273,2020-08-17;2021-10-11;2021-12-23;2023-09-28;2024-06-05;2024-10-17;2025-07-01;2025-11-24,"2. When reducing the width of the buffer zone pursuant to paragraph 1, the Member State concerned shall immediately notify the Commission and the other Member States of the justification for that reduction.",672f0776b7aae6e18938f363c91d1ce773bd1c7f2ea2f5c7325ad4188f643256,CURRENT
EU-2020-1201:5(3):v1,EU-2020-1201,EU-2020-1201:5(3),2020-08-20,2021-10-11,EU-2020-1201 Article 38 entry into force,INITIAL,INITIAL,Member State concerned,may,decline to demarcate immediately. No demarcated area need be established immediately,a demarcated area is established under Art. 4,Member State concerned,the three condition records,DETERMINISTIC_RULE__EVIDENCE_OR_POLICY_REQUIRED,YES,-,-,https://eur-lex.europa.eu/legal-content/EN/TXT/HTML/?uri=CELEX:02020R1201-20200817,regulation/source/consolidations/02020R1201-20200817.txt,0c2f2f5a1c9f3aa6029968316919fd1c3302849388c0d8c92632e2533719a4b1,2020-08-17,"3. By way of derogation from Article 4, the Member State concerned may decide not to establish a demarcated area immediately, where all of the following conditions are fulfilled:",5abeef2955f8136f7d2157d3d094386140d81d6074514498c52e0b7dbceaf5e6,SUPERSEDED
EU-2020-1201:5(3):v2,EU-2020-1201,EU-2020-1201:5(3),2021-10-11,,effective amending act reflected by dated consolidation,TEXT_CHANGED,NO,Member State concerned,may,decline to demarcate immediately. No demarcated area need be established immediately,a demarcated area is established under Art. 4,Member State concerned,the three condition records,DETERMINISTIC_RULE__EVIDENCE_OR_POLICY_REQUIRED,YES,-,-,https://eur-lex.europa.eu/legal-content/EN/TXT/HTML/?uri=CELEX:02020R1201-20211011,regulation/source/consolidations/02020R1201-20211011.txt;regulation/source/consolidations/02020R1201-20211223.txt;regulation/source/consolidations/02020R1201-20230928.txt;regulation/source/consolidations/02020R1201-20240605.txt;regulation/source/consolidations/02020R1201-20241017.txt;regulation/source/consolidations/02020R1201-20250701.txt;regulation/source/consolidations/02020R1201-20251124.txt,45e3ac62539f5f05dccfcb2980038efbaedf9961518a7232e565a63f08db99ae;7399f07ef01d86355316157be4a6a7fc1fb91d27785179b775cdbb1494a167ad;bc99293b1ca38ecc84d0751ec8c66f624f8d31fab2b2f521e48b57bf609c08bf;dd0488e1db242996cfa0fa99bb54197fd3b73a311661cc3f8b95571553c4990e;0b48eb0200b1547987dc8ef6353101b3a1f4aec1378632643e60cdab0688110c;12618f62fc97c09c8f913c103ff58d04537c7f386de1c74c12a12921a366f9fa;d00d33c426a1e12b81470a4c0c5c5000fdd91caece26057c028e886a07109273,2021-10-11;2021-12-23;2023-09-28;2024-06-05;2024-10-17;2025-07-01;2025-11-24,"By way of derogation from Article 4, the Member State concerned may decide not to establish a demarcated area immediately, where all of the following conditions are fulfilled:",471d9d743e225e613d9a4610ebc329090e7cd8d24b0cfb8d54e930e5fcec13a7,CURRENT
EU-2020-1201:5(3)(a):v1,EU-2020-1201,EU-2020-1201:5(3)(a),2020-08-20,,EU-2020-1201 Article 38 entry into force,INITIAL,INITIAL,Member State concerned,-,condition met,derogation unavailable,-,introduction evidence or site protection evidence,DETERMINISTIC_RULE__EVIDENCE_OR_POLICY_REQUIRED,NO,-,-,https://eur-lex.europa.eu/legal-content/EN/TXT/HTML/?uri=CELEX:02020R1201-20200817,regulation/source/consolidations/02020R1201-20200817.txt;regulation/source/consolidations/02020R1201-20211011.txt;regulation/source/consolidations/02020R1201-20211223.txt;regulation/source/consolidations/02020R1201-20230928.txt;regulation/source/consolidations/02020R1201-20240605.txt;regulation/source/consolidations/02020R1201-20241017.txt;regulation/source/consolidations/02020R1201-20250701.txt;regulation/source/consolidations/02020R1201-20251124.txt,0c2f2f5a1c9f3aa6029968316919fd1c3302849388c0d8c92632e2533719a4b1;45e3ac62539f5f05dccfcb2980038efbaedf9961518a7232e565a63f08db99ae;7399f07ef01d86355316157be4a6a7fc1fb91d27785179b775cdbb1494a167ad;bc99293b1ca38ecc84d0751ec8c66f624f8d31fab2b2f521e48b57bf609c08bf;dd0488e1db242996cfa0fa99bb54197fd3b73a311661cc3f8b95571553c4990e;0b48eb0200b1547987dc8ef6353101b3a1f4aec1378632643e60cdab0688110c;12618f62fc97c09c8f913c103ff58d04537c7f386de1c74c12a12921a366f9fa;d00d33c426a1e12b81470a4c0c5c5000fdd91caece26057c028e886a07109273,2020-08-17;2021-10-11;2021-12-23;2023-09-28;2024-06-05;2024-10-17;2025-07-01;2025-11-24,"there is evidence that the specified pest was recently introduced into the area with the plants on which it was found, or that the specified pest has been found in a site with physical protection from the vectors of that pest;",e676f18d10b93d2d86155d204f44ca37aeea111a2ad4d156d9378af36493c029,CURRENT
EU-2020-1201:5(3)(b):v1,EU-2020-1201,EU-2020-1201:5(3)(b),2020-08-20,,EU-2020-1201 Article 38 entry into force,INITIAL,INITIAL,Member State concerned,-,condition met,derogation unavailable,-,inspection results,DETERMINISTIC_RULE__EVIDENCE_OR_POLICY_REQUIRED,NO,-,-,https://eur-lex.europa.eu/legal-content/EN/TXT/HTML/?uri=CELEX:02020R1201-20200817,regulation/source/consolidations/02020R1201-20200817.txt;regulation/source/consolidations/02020R1201-20211011.txt;regulation/source/consolidations/02020R1201-20211223.txt;regulation/source/consolidations/02020R1201-20230928.txt;regulation/source/consolidations/02020R1201-20240605.txt;regulation/source/consolidations/02020R1201-20241017.txt;regulation/source/consolidations/02020R1201-20250701.txt;regulation/source/consolidations/02020R1201-20251124.txt,0c2f2f5a1c9f3aa6029968316919fd1c3302849388c0d8c92632e2533719a4b1;45e3ac62539f5f05dccfcb2980038efbaedf9961518a7232e565a63f08db99ae;7399f07ef01d86355316157be4a6a7fc1fb91d27785179b775cdbb1494a167ad;bc99293b1ca38ecc84d0751ec8c66f624f8d31fab2b2f521e48b57bf609c08bf;dd0488e1db242996cfa0fa99bb54197fd3b73a311661cc3f8b95571553c4990e;0b48eb0200b1547987dc8ef6353101b3a1f4aec1378632643e60cdab0688110c;12618f62fc97c09c8f913c103ff58d04537c7f386de1c74c12a12921a366f9fa;d00d33c426a1e12b81470a4c0c5c5000fdd91caece26057c028e886a07109273,2020-08-17;2021-10-11;2021-12-23;2023-09-28;2024-06-05;2024-10-17;2025-07-01;2025-11-24,the results of inspection activities indicate that those plants were infected before their introduction into the area concerned;,cfa0409cfd59a2363b86d6be0710ae00d43cbaa8febd9a6ba818532525bca3b0,CURRENT
EU-2020-1201:5(3)(c):v1,EU-2020-1201,EU-2020-1201:5(3)(c),2020-08-20,,EU-2020-1201 Article 38 entry into force,INITIAL,INITIAL,Member State concerned,-,condition met,derogation unavailable,-,vector test records,DETERMINISTIC_RULE__EVIDENCE_OR_POLICY_REQUIRED,YES,-,-,https://eur-lex.europa.eu/legal-content/EN/TXT/HTML/?uri=CELEX:02020R1201-20200817,regulation/source/consolidations/02020R1201-20200817.txt;regulation/source/consolidations/02020R1201-20211011.txt;regulation/source/consolidations/02020R1201-20211223.txt;regulation/source/consolidations/02020R1201-20230928.txt;regulation/source/consolidations/02020R1201-20240605.txt;regulation/source/consolidations/02020R1201-20241017.txt;regulation/source/consolidations/02020R1201-20250701.txt;regulation/source/consolidations/02020R1201-20251124.txt,0c2f2f5a1c9f3aa6029968316919fd1c3302849388c0d8c92632e2533719a4b1;45e3ac62539f5f05dccfcb2980038efbaedf9961518a7232e565a63f08db99ae;7399f07ef01d86355316157be4a6a7fc1fb91d27785179b775cdbb1494a167ad;bc99293b1ca38ecc84d0751ec8c66f624f8d31fab2b2f521e48b57bf609c08bf;dd0488e1db242996cfa0fa99bb54197fd3b73a311661cc3f8b95571553c4990e;0b48eb0200b1547987dc8ef6353101b3a1f4aec1378632643e60cdab0688110c;12618f62fc97c09c8f913c103ff58d04537c7f386de1c74c12a12921a366f9fa;d00d33c426a1e12b81470a4c0c5c5000fdd91caece26057c028e886a07109273,2020-08-17;2021-10-11;2021-12-23;2023-09-28;2024-06-05;2024-10-17;2025-07-01;2025-11-24,"no vectors carrying the specified pest have been detected, on the basis of tests carried out in the vicinity of those plants.",862bed19531826a3ec2db39b976792b320a3838039a77f7acd1ac76554197e70,CURRENT
EU-2020-1201:5(4):v1,EU-2020-1201,EU-2020-1201:5(4),2020-08-20,2021-10-11,EU-2020-1201 Article 38 entry into force,INITIAL,INITIAL,Member State concerned,shall,carry out the survey and give notification below,-,-,-,DETERMINISTIC_RULE,NO,-,-,https://eur-lex.europa.eu/legal-content/EN/TXT/HTML/?uri=CELEX:02020R1201-20200817,regulation/source/consolidations/02020R1201-20200817.txt,0c2f2f5a1c9f3aa6029968316919fd1c3302849388c0d8c92632e2533719a4b1,2020-08-17,"4. In the case referred to in paragraph 3, the Member State concerned shall:",57a8a3d0fdd2f2c34ba066b45fc065593bbab6a9e1310eb585adb4adfb7aff1c,SUPERSEDED
EU-2020-1201:5(4):v2,EU-2020-1201,EU-2020-1201:5(4),2021-10-11,,effective amending act reflected by dated consolidation,TEXT_CHANGED,NO,Member State concerned,shall,carry out the survey and give notification below,-,-,-,DETERMINISTIC_RULE,NO,-,-,https://eur-lex.europa.eu/legal-content/EN/TXT/HTML/?uri=CELEX:02020R1201-20211011,regulation/source/consolidations/02020R1201-20211011.txt;regulation/source/consolidations/02020R1201-20211223.txt;regulation/source/consolidations/02020R1201-20230928.txt;regulation/source/consolidations/02020R1201-20240605.txt;regulation/source/consolidations/02020R1201-20241017.txt;regulation/source/consolidations/02020R1201-20250701.txt;regulation/source/consolidations/02020R1201-20251124.txt,45e3ac62539f5f05dccfcb2980038efbaedf9961518a7232e565a63f08db99ae;7399f07ef01d86355316157be4a6a7fc1fb91d27785179b775cdbb1494a167ad;bc99293b1ca38ecc84d0751ec8c66f624f8d31fab2b2f521e48b57bf609c08bf;dd0488e1db242996cfa0fa99bb54197fd3b73a311661cc3f8b95571553c4990e;0b48eb0200b1547987dc8ef6353101b3a1f4aec1378632643e60cdab0688110c;12618f62fc97c09c8f913c103ff58d04537c7f386de1c74c12a12921a366f9fa;d00d33c426a1e12b81470a4c0c5c5000fdd91caece26057c028e886a07109273,2021-10-11;2021-12-23;2023-09-28;2024-06-05;2024-10-17;2025-07-01;2025-11-24,"In the case referred to in paragraph 3, the Member State concerned shall:",a14c2edaca0fdf745a3e945e9f2c435c006f4bf8d8bc6726bd91db3a1181fe58,CURRENT
EU-2020-1201:5(4)(a):v1,EU-2020-1201,EU-2020-1201:5(4)(a),2020-08-20,2024-10-17,EU-2020-1201 Article 38 entry into force,INITIAL,INITIAL,Member State concerned,shall,annual survey for at least two years in the area of first confirmation,-,-,survey records,DETERMINISTIC_RULE,NO,-,-,https://eur-lex.europa.eu/legal-content/EN/TXT/HTML/?uri=CELEX:02020R1201-20200817,regulation/source/consolidations/02020R1201-20200817.txt;regulation/source/consolidations/02020R1201-20211011.txt;regulation/source/consolidations/02020R1201-20211223.txt;regulation/source/consolidations/02020R1201-20230928.txt;regulation/source/consolidations/02020R1201-20240605.txt,0c2f2f5a1c9f3aa6029968316919fd1c3302849388c0d8c92632e2533719a4b1;45e3ac62539f5f05dccfcb2980038efbaedf9961518a7232e565a63f08db99ae;7399f07ef01d86355316157be4a6a7fc1fb91d27785179b775cdbb1494a167ad;bc99293b1ca38ecc84d0751ec8c66f624f8d31fab2b2f521e48b57bf609c08bf;dd0488e1db242996cfa0fa99bb54197fd3b73a311661cc3f8b95571553c4990e,2020-08-17;2021-10-11;2021-12-23;2023-09-28;2024-06-05,"carry out, in the area where the presence of the specified pest was first confirmed, an annual survey for at least two years to determine whether any other plants have been infected and whether any further measures should be taken;",52ca51adffc5ec063b24e27e0a582681d9aa8f4c63eb9cb01ffc8cb47f16fcec,SUPERSEDED
EU-2020-1201:5(4)(a):v2,EU-2020-1201,EU-2020-1201:5(4)(a),2024-10-17,,effective amending act reflected by dated consolidation,TEXT_CHANGED,YES,Member State concerned,shall,annual survey for at least one year in the area of first confirmation,-,-,survey records,DETERMINISTIC_RULE,NO,-,-,https://eur-lex.europa.eu/legal-content/EN/TXT/HTML/?uri=CELEX:02020R1201-20241017,regulation/source/consolidations/02020R1201-20241017.txt;regulation/source/consolidations/02020R1201-20250701.txt;regulation/source/consolidations/02020R1201-20251124.txt,0b48eb0200b1547987dc8ef6353101b3a1f4aec1378632643e60cdab0688110c;12618f62fc97c09c8f913c103ff58d04537c7f386de1c74c12a12921a366f9fa;d00d33c426a1e12b81470a4c0c5c5000fdd91caece26057c028e886a07109273,2024-10-17;2025-07-01;2025-11-24,"carry out, in the area where the presence of the specified pest was first confirmed, an annual survey for at least 1 year to determine whether any other plants have been infected and whether any further measures should be taken;",ddef9d88e78303b42a72193e777e4438a22e0c6c6ff2817516239b382860aaa1,CURRENT
EU-2020-1201:5(4)(b):v1,EU-2020-1201,EU-2020-1201:5(4)(b),2020-08-20,,EU-2020-1201 Article 38 entry into force,INITIAL,INITIAL,Member State concerned,shall,notify the Commission and Member States of the justification and the survey outcome,-,-,the notification,DETERMINISTIC_RULE,NO,-,-,https://eur-lex.europa.eu/legal-content/EN/TXT/HTML/?uri=CELEX:02020R1201-20200817,regulation/source/consolidations/02020R1201-20200817.txt;regulation/source/consolidations/02020R1201-20211011.txt;regulation/source/consolidations/02020R1201-20211223.txt;regulation/source/consolidations/02020R1201-20230928.txt;regulation/source/consolidations/02020R1201-20240605.txt;regulation/source/consolidations/02020R1201-20241017.txt;regulation/source/consolidations/02020R1201-20250701.txt;regulation/source/consolidations/02020R1201-20251124.txt,0c2f2f5a1c9f3aa6029968316919fd1c3302849388c0d8c92632e2533719a4b1;45e3ac62539f5f05dccfcb2980038efbaedf9961518a7232e565a63f08db99ae;7399f07ef01d86355316157be4a6a7fc1fb91d27785179b775cdbb1494a167ad;bc99293b1ca38ecc84d0751ec8c66f624f8d31fab2b2f521e48b57bf609c08bf;dd0488e1db242996cfa0fa99bb54197fd3b73a311661cc3f8b95571553c4990e;0b48eb0200b1547987dc8ef6353101b3a1f4aec1378632643e60cdab0688110c;12618f62fc97c09c8f913c103ff58d04537c7f386de1c74c12a12921a366f9fa;d00d33c426a1e12b81470a4c0c5c5000fdd91caece26057c028e886a07109273,2020-08-17;2021-10-11;2021-12-23;2023-09-28;2024-06-05;2024-10-17;2025-07-01;2025-11-24,"notify to the Commission and the other Member States the justification for not establishing a demarcated area, and the outcome of the survey referred to in point (a) as soon as it becomes available.",4698b80bfe531278cf3113a81953e0c0b7e250fbf36344a23c4e28da11a5cd36,CURRENT
EU-2020-1201:5(4)-sub1:v1,EU-2020-1201,EU-2020-1201:5(4)-sub1,2024-10-17,,effective amending act reflected by dated consolidation,INITIAL,INTRODUCED,Member State concerned,shall,"The 5(4)(a) survey consists in the collection of samples for testing using an Annex IV molecular test, with the survey design and sampling scheme enabling identification, with at least 90 % confidence, of a 1 % level of presence of infected plants.",-,-,survey design record,DETERMINISTIC_RULE,NO,-,-,https://eur-lex.europa.eu/legal-content/EN/TXT/HTML/?uri=CELEX:02020R1201-20241017,regulation/source/consolidations/02020R1201-20241017.txt;regulation/source/consolidations/02020R1201-20250701.txt;regulation/source/consolidations/02020R1201-20251124.txt,0b48eb0200b1547987dc8ef6353101b3a1f4aec1378632643e60cdab0688110c;12618f62fc97c09c8f913c103ff58d04537c7f386de1c74c12a12921a366f9fa;d00d33c426a1e12b81470a4c0c5c5000fdd91caece26057c028e886a07109273,2024-10-17;2025-07-01;2025-11-24,The survey referred to in point (a) of the first subparagraph shall consist in the collection of samples for testing using one of the molecular tests listed in Annex IV. The survey design and sampling scheme shall enable the identification with at least 90 % confidence a level of presence of 1 % of infected plants.,0d29241e23523a63ced8e3cfca26632e106989e7a7e612c1d7a836a24a7b6d89,CURRENT
EU-2020-1201:6(1):v1,EU-2020-1201,EU-2020-1201:6(1),2020-08-20,,EU-2020-1201 Article 38 entry into force,INITIAL,INITIAL,Member State concerned,may,lift the demarcation; notify the Commission and Member States. The demarcation may be lifted,the demarcation stands,Member State concerned,four years of Art. 10 survey records,DETERMINISTIC_RULE,YES,-,-,https://eur-lex.europa.eu/legal-content/EN/TXT/HTML/?uri=CELEX:02020R1201-20200817,regulation/source/consolidations/02020R1201-20200817.txt;regulation/source/consolidations/02020R1201-20211011.txt;regulation/source/consolidations/02020R1201-20211223.txt;regulation/source/consolidations/02020R1201-20230928.txt;regulation/source/consolidations/02020R1201-20240605.txt;regulation/source/consolidations/02020R1201-20241017.txt;regulation/source/consolidations/02020R1201-20250701.txt;regulation/source/consolidations/02020R1201-20251124.txt,0c2f2f5a1c9f3aa6029968316919fd1c3302849388c0d8c92632e2533719a4b1;45e3ac62539f5f05dccfcb2980038efbaedf9961518a7232e565a63f08db99ae;7399f07ef01d86355316157be4a6a7fc1fb91d27785179b775cdbb1494a167ad;bc99293b1ca38ecc84d0751ec8c66f624f8d31fab2b2f521e48b57bf609c08bf;dd0488e1db242996cfa0fa99bb54197fd3b73a311661cc3f8b95571553c4990e;0b48eb0200b1547987dc8ef6353101b3a1f4aec1378632643e60cdab0688110c;12618f62fc97c09c8f913c103ff58d04537c7f386de1c74c12a12921a366f9fa;d00d33c426a1e12b81470a4c0c5c5000fdd91caece26057c028e886a07109273,2020-08-17;2021-10-11;2021-12-23;2023-09-28;2024-06-05;2024-10-17;2025-07-01;2025-11-24,"1. Where, based on the surveys referred to in Article 10, the specified pest has not been detected in a demarcated area for a period of four years, this demarcation may be lifted. In such cases, the Member State concerned shall notify the Commission and other Member States.",0ecbf728f90513404cb172e6d545b665250ff36e4af43016f8732dedcfa0ab30,CURRENT
EU-2020-1201:6(2):v1,EU-2020-1201,EU-2020-1201:6(2),2020-08-20,2021-10-11,EU-2020-1201 Article 38 entry into force,INITIAL,INITIAL,Member State concerned,may,lift early. The area may be lifted 12 months after establishment,the four-year rule of 6(1) applies,Member State concerned,-,DETERMINISTIC_RULE__EVIDENCE_OR_POLICY_REQUIRED,YES,-,-,https://eur-lex.europa.eu/legal-content/EN/TXT/HTML/?uri=CELEX:02020R1201-20200817,regulation/source/consolidations/02020R1201-20200817.txt,0c2f2f5a1c9f3aa6029968316919fd1c3302849388c0d8c92632e2533719a4b1,2020-08-17,"2. By way of derogation from paragraph 1, in the case where the Member State concerned has reduced the buffer zone to a width of no less than 1 km in accordance with Article 5(1), the Member State may lift the demarcated area after 12 months since its initial establishment, where both of the following conditions are fulfilled:",2032d49b55d7ce40818ecdbacfe1d3309e3df9e0acf8caf0ce63d261aff12bc9,SUPERSEDED
EU-2020-1201:6(2):v2,EU-2020-1201,EU-2020-1201:6(2),2021-10-11,,effective amending act reflected by dated consolidation,TEXT_CHANGED,NO,Member State concerned,may,lift early. The area may be lifted 12 months after establishment,the four-year rule of 6(1) applies,Member State concerned,-,DETERMINISTIC_RULE__EVIDENCE_OR_POLICY_REQUIRED,YES,-,-,https://eur-lex.europa.eu/legal-content/EN/TXT/HTML/?uri=CELEX:02020R1201-20211011,regulation/source/consolidations/02020R1201-20211011.txt;regulation/source/consolidations/02020R1201-20211223.txt;regulation/source/consolidations/02020R1201-20230928.txt;regulation/source/consolidations/02020R1201-20240605.txt;regulation/source/consolidations/02020R1201-20241017.txt;regulation/source/consolidations/02020R1201-20250701.txt;regulation/source/consolidations/02020R1201-20251124.txt,45e3ac62539f5f05dccfcb2980038efbaedf9961518a7232e565a63f08db99ae;7399f07ef01d86355316157be4a6a7fc1fb91d27785179b775cdbb1494a167ad;bc99293b1ca38ecc84d0751ec8c66f624f8d31fab2b2f521e48b57bf609c08bf;dd0488e1db242996cfa0fa99bb54197fd3b73a311661cc3f8b95571553c4990e;0b48eb0200b1547987dc8ef6353101b3a1f4aec1378632643e60cdab0688110c;12618f62fc97c09c8f913c103ff58d04537c7f386de1c74c12a12921a366f9fa;d00d33c426a1e12b81470a4c0c5c5000fdd91caece26057c028e886a07109273,2021-10-11;2021-12-23;2023-09-28;2024-06-05;2024-10-17;2025-07-01;2025-11-24,"By way of derogation from paragraph 1, in the case where the Member State concerned has reduced the buffer zone to a width of no less than 1 km in accordance with Article 5(1), the Member State may lift the demarcated area after 12 months since its initial establishment, where both of the following conditions are fulfilled:",8e5260b06a047aae9544b0921b22b89eb0afac7f9e54e294b55ed5585c5213e7,CURRENT
EU-2020-1201:6(2)(a):v1,EU-2020-1201,EU-2020-1201:6(2)(a),2020-08-20,,EU-2020-1201 Article 38 entry into force,INITIAL,INITIAL,Member State concerned,-,condition met,early lifting unavailable,-,the 5(1) measure records,DETERMINISTIC_RULE__EVIDENCE_OR_POLICY_REQUIRED,NO,-,-,https://eur-lex.europa.eu/legal-content/EN/TXT/HTML/?uri=CELEX:02020R1201-20200817,regulation/source/consolidations/02020R1201-20200817.txt;regulation/source/consolidations/02020R1201-20211011.txt;regulation/source/consolidations/02020R1201-20211223.txt;regulation/source/consolidations/02020R1201-20230928.txt;regulation/source/consolidations/02020R1201-20240605.txt;regulation/source/consolidations/02020R1201-20241017.txt;regulation/source/consolidations/02020R1201-20250701.txt;regulation/source/consolidations/02020R1201-20251124.txt,0c2f2f5a1c9f3aa6029968316919fd1c3302849388c0d8c92632e2533719a4b1;45e3ac62539f5f05dccfcb2980038efbaedf9961518a7232e565a63f08db99ae;7399f07ef01d86355316157be4a6a7fc1fb91d27785179b775cdbb1494a167ad;bc99293b1ca38ecc84d0751ec8c66f624f8d31fab2b2f521e48b57bf609c08bf;dd0488e1db242996cfa0fa99bb54197fd3b73a311661cc3f8b95571553c4990e;0b48eb0200b1547987dc8ef6353101b3a1f4aec1378632643e60cdab0688110c;12618f62fc97c09c8f913c103ff58d04537c7f386de1c74c12a12921a366f9fa;d00d33c426a1e12b81470a4c0c5c5000fdd91caece26057c028e886a07109273,2020-08-17;2021-10-11;2021-12-23;2023-09-28;2024-06-05;2024-10-17;2025-07-01;2025-11-24,"as a result of the measures taken pursuant to Article 5(1), it is concluded with a high degree of confidence that the initial presence of the specified pest was an isolated case and no further spread occurred in the respective demarcated area;",7f127846897047bd0ca3b6dc10c6649906942d3c6d2e00506e52fc26e4deec4c,CURRENT
EU-2020-1201:6(2)(b):v1,EU-2020-1201,EU-2020-1201:6(2)(b),2020-08-20,,EU-2020-1201 Article 38 entry into force,INITIAL,INITIAL,Member State concerned,-,condition met,early lifting unavailable,-,test records and their dates relative to lifting,DETERMINISTIC_RULE,YES,-,-,https://eur-lex.europa.eu/legal-content/EN/TXT/HTML/?uri=CELEX:02020R1201-20200817,regulation/source/consolidations/02020R1201-20200817.txt;regulation/source/consolidations/02020R1201-20211011.txt;regulation/source/consolidations/02020R1201-20211223.txt;regulation/source/consolidations/02020R1201-20230928.txt;regulation/source/consolidations/02020R1201-20240605.txt;regulation/source/consolidations/02020R1201-20241017.txt;regulation/source/consolidations/02020R1201-20250701.txt;regulation/source/consolidations/02020R1201-20251124.txt,0c2f2f5a1c9f3aa6029968316919fd1c3302849388c0d8c92632e2533719a4b1;45e3ac62539f5f05dccfcb2980038efbaedf9961518a7232e565a63f08db99ae;7399f07ef01d86355316157be4a6a7fc1fb91d27785179b775cdbb1494a167ad;bc99293b1ca38ecc84d0751ec8c66f624f8d31fab2b2f521e48b57bf609c08bf;dd0488e1db242996cfa0fa99bb54197fd3b73a311661cc3f8b95571553c4990e;0b48eb0200b1547987dc8ef6353101b3a1f4aec1378632643e60cdab0688110c;12618f62fc97c09c8f913c103ff58d04537c7f386de1c74c12a12921a366f9fa;d00d33c426a1e12b81470a4c0c5c5000fdd91caece26057c028e886a07109273,2020-08-17;2021-10-11;2021-12-23;2023-09-28;2024-06-05;2024-10-17;2025-07-01;2025-11-24,"as practically close to the time of lifting, official tests have been carried out within the demarcated area, taking into account the Authority’s Pest Survey Card on Xylella fastidiosa. For that purpose, and taking into account the Authority’s Guidelines for statistically sound and risk-based surveys of Xylella fastidiosa, the survey design and sampling scheme shall be able to identify with at least 95 % confidence a level of presence of infected plants of 1 %.",8ea5e5982b86afa07dd4e796e08d40b4f172d457b2595c2850ea1ee013f86e6d,CURRENT
EU-2020-1201:6(3):v1,EU-2020-1201,EU-2020-1201:6(3),2020-08-20,,EU-2020-1201 Article 38 entry into force,INITIAL,INITIAL,Member State concerned,shall,"Intensive surveys of the specified plants for the following two years, with the survey design and sampling scheme able to identify, with at least 80 % confidence, a 1 % level of presence of infected plants.",-,-,two years of survey records,DETERMINISTIC_RULE,NO,-,-,https://eur-lex.europa.eu/legal-content/EN/TXT/HTML/?uri=CELEX:02020R1201-20200817,regulation/source/consolidations/02020R1201-20200817.txt;regulation/source/consolidations/02020R1201-20211011.txt;regulation/source/consolidations/02020R1201-20211223.txt;regulation/source/consolidations/02020R1201-20230928.txt;regulation/source/consolidations/02020R1201-20240605.txt;regulation/source/consolidations/02020R1201-20241017.txt;regulation/source/consolidations/02020R1201-20250701.txt;regulation/source/consolidations/02020R1201-20251124.txt,0c2f2f5a1c9f3aa6029968316919fd1c3302849388c0d8c92632e2533719a4b1;45e3ac62539f5f05dccfcb2980038efbaedf9961518a7232e565a63f08db99ae;7399f07ef01d86355316157be4a6a7fc1fb91d27785179b775cdbb1494a167ad;bc99293b1ca38ecc84d0751ec8c66f624f8d31fab2b2f521e48b57bf609c08bf;dd0488e1db242996cfa0fa99bb54197fd3b73a311661cc3f8b95571553c4990e;0b48eb0200b1547987dc8ef6353101b3a1f4aec1378632643e60cdab0688110c;12618f62fc97c09c8f913c103ff58d04537c7f386de1c74c12a12921a366f9fa;d00d33c426a1e12b81470a4c0c5c5000fdd91caece26057c028e886a07109273,2020-08-17;2021-10-11;2021-12-23;2023-09-28;2024-06-05;2024-10-17;2025-07-01;2025-11-24,"3. Where a demarcated area is lifted pursuant to paragraph 2, the specified plants located in the previously established demarcated area shall be subject to intensive surveys during the following two years. For that purpose, and taking into account the Authority’s Guidelines for statistically sound and risk-based surveys of Xylella fastidiosa, the survey design and sampling scheme shall be able to identify with at least 80 % confidence a level of presence of infected plants of 1 %.",172006e4e08a3bf5d82542be67af9807b7d97ca2ef63487dd9e4eae2d3cc56de,CURRENT
EU-2020-1201:6(4):v1,EU-2020-1201,EU-2020-1201:6(4),2020-08-20,,EU-2020-1201 Article 38 entry into force,INITIAL,INITIAL,Member State concerned,shall,notify the Commission and Member States of the justification,-,-,the notification,DETERMINISTIC_RULE,NO,EN/ES identification/detection versus IT/FR/DE establishment; compile establishment,-,https://eur-lex.europa.eu/legal-content/EN/TXT/HTML/?uri=CELEX:02020R1201-20200817,regulation/source/consolidations/02020R1201-20200817.txt;regulation/source/consolidations/02020R1201-20211011.txt;regulation/source/consolidations/02020R1201-20211223.txt;regulation/source/consolidations/02020R1201-20230928.txt;regulation/source/consolidations/02020R1201-20240605.txt;regulation/source/consolidations/02020R1201-20241017.txt;regulation/source/consolidations/02020R1201-20250701.txt;regulation/source/consolidations/02020R1201-20251124.txt,0c2f2f5a1c9f3aa6029968316919fd1c3302849388c0d8c92632e2533719a4b1;45e3ac62539f5f05dccfcb2980038efbaedf9961518a7232e565a63f08db99ae;7399f07ef01d86355316157be4a6a7fc1fb91d27785179b775cdbb1494a167ad;bc99293b1ca38ecc84d0751ec8c66f624f8d31fab2b2f521e48b57bf609c08bf;dd0488e1db242996cfa0fa99bb54197fd3b73a311661cc3f8b95571553c4990e;0b48eb0200b1547987dc8ef6353101b3a1f4aec1378632643e60cdab0688110c;12618f62fc97c09c8f913c103ff58d04537c7f386de1c74c12a12921a366f9fa;d00d33c426a1e12b81470a4c0c5c5000fdd91caece26057c028e886a07109273,2020-08-17;2021-10-11;2021-12-23;2023-09-28;2024-06-05;2024-10-17;2025-07-01;2025-11-24,"4. When lifting the demarcated area after 12 months since its initial identification, the Member State concerned shall immediately notify the Commission and the other Member States of the justification for that lifting.",c2bc463fe5a6216164d33d4555f178faef36cb312a4c66592a48d63120927492,CURRENT
EU-2020-1201:7(1):v1,EU-2020-1201,EU-2020-1201:7(1),2020-08-20,2021-10-11,EU-2020-1201 Article 38 entry into force,INITIAL,INITIAL,Member State concerned,shall,Immediately remove the point-(a) to (e) population from the eradication infected zone only where the applicable Article 7(3) retention derogation has not been exercised. Point (e) supplies its event-time post-exception population.,"No Article 7(1) removal duty for this plant outside that operative population; applicable retained-plant treatment, testing and surveillance remain.",-,removal records per plant,DETERMINISTIC_RULE,NO,-,Population membership and operative removal are distinct. The absence of an exercised derogation does not require an affirmative refusal decision.,https://eur-lex.europa.eu/legal-content/EN/TXT/HTML/?uri=CELEX:02020R1201-20200817,regulation/source/consolidations/02020R1201-20200817.txt,0c2f2f5a1c9f3aa6029968316919fd1c3302849388c0d8c92632e2533719a4b1,2020-08-17,1. The Member State concerned shall immediately remove from the infected zone:,393f254a3668ba690160dce66bc084f50f272ef54a9bfdebd77dfd42736f9e83,SUPERSEDED
EU-2020-1201:7(1):v2,EU-2020-1201,EU-2020-1201:7(1),2021-10-11,,effective amending act reflected by dated consolidation,TEXT_CHANGED,NO,Member State concerned,shall,Immediately remove the point-(a) to (e) population from the eradication infected zone only where the applicable Article 7(3) retention derogation has not been exercised. Point (e) supplies its event-time post-exception population.,"No Article 7(1) removal duty for this plant outside that operative population; applicable retained-plant treatment, testing and surveillance remain.",-,removal records per plant,DETERMINISTIC_RULE,NO,-,Population membership and operative removal are distinct. The absence of an exercised derogation does not require an affirmative refusal decision.,https://eur-lex.europa.eu/legal-content/EN/TXT/HTML/?uri=CELEX:02020R1201-20211011,regulation/source/consolidations/02020R1201-20211011.txt;regulation/source/consolidations/02020R1201-20211223.txt;regulation/source/consolidations/02020R1201-20230928.txt;regulation/source/consolidations/02020R1201-20240605.txt;regulation/source/consolidations/02020R1201-20241017.txt;regulation/source/consolidations/02020R1201-20250701.txt;regulation/source/consolidations/02020R1201-20251124.txt,45e3ac62539f5f05dccfcb2980038efbaedf9961518a7232e565a63f08db99ae;7399f07ef01d86355316157be4a6a7fc1fb91d27785179b775cdbb1494a167ad;bc99293b1ca38ecc84d0751ec8c66f624f8d31fab2b2f521e48b57bf609c08bf;dd0488e1db242996cfa0fa99bb54197fd3b73a311661cc3f8b95571553c4990e;0b48eb0200b1547987dc8ef6353101b3a1f4aec1378632643e60cdab0688110c;12618f62fc97c09c8f913c103ff58d04537c7f386de1c74c12a12921a366f9fa;d00d33c426a1e12b81470a4c0c5c5000fdd91caece26057c028e886a07109273,2021-10-11;2021-12-23;2023-09-28;2024-06-05;2024-10-17;2025-07-01;2025-11-24,The Member State concerned shall immediately remove from the infected zone:,6439714f41dceb10036d029337a173b7cd83c3f2b21b3b3704342436cf4cd70f,CURRENT
EU-2020-1201:7(1)(a):v1,EU-2020-1201,EU-2020-1201:7(1)(a),2020-08-20,,EU-2020-1201 Article 38 entry into force,INITIAL,INITIAL,Member State concerned,shall,Member of the point-(a) baseline removal population; not an independent post-exception removal command.,-,-,confirmed test result per plant,DETERMINISTIC_RULE,NO,-,-,https://eur-lex.europa.eu/legal-content/EN/TXT/HTML/?uri=CELEX:02020R1201-20200817,regulation/source/consolidations/02020R1201-20200817.txt;regulation/source/consolidations/02020R1201-20211011.txt;regulation/source/consolidations/02020R1201-20211223.txt;regulation/source/consolidations/02020R1201-20230928.txt;regulation/source/consolidations/02020R1201-20240605.txt;regulation/source/consolidations/02020R1201-20241017.txt;regulation/source/consolidations/02020R1201-20250701.txt;regulation/source/consolidations/02020R1201-20251124.txt,0c2f2f5a1c9f3aa6029968316919fd1c3302849388c0d8c92632e2533719a4b1;45e3ac62539f5f05dccfcb2980038efbaedf9961518a7232e565a63f08db99ae;7399f07ef01d86355316157be4a6a7fc1fb91d27785179b775cdbb1494a167ad;bc99293b1ca38ecc84d0751ec8c66f624f8d31fab2b2f521e48b57bf609c08bf;dd0488e1db242996cfa0fa99bb54197fd3b73a311661cc3f8b95571553c4990e;0b48eb0200b1547987dc8ef6353101b3a1f4aec1378632643e60cdab0688110c;12618f62fc97c09c8f913c103ff58d04537c7f386de1c74c12a12921a366f9fa;d00d33c426a1e12b81470a4c0c5c5000fdd91caece26057c028e886a07109273,2020-08-17;2021-10-11;2021-12-23;2023-09-28;2024-06-05;2024-10-17;2025-07-01;2025-11-24,plants known to be infected by the specified pest;,5a9d959bd857bcb7cd196965def0efb25c69fec207305afee781bd1ea2322e90,CURRENT
EU-2020-1201:7(1)(b):v1,EU-2020-1201,EU-2020-1201:7(1)(b),2020-08-20,,EU-2020-1201 Article 38 entry into force,INITIAL,INITIAL,Member State concerned,shall,Member of the point-(b) baseline removal population; not an independent post-exception removal command.,-,-,symptom observation record,DETERMINISTIC_RULE__EVIDENCE_OR_POLICY_REQUIRED,NO,-,-,https://eur-lex.europa.eu/legal-content/EN/TXT/HTML/?uri=CELEX:02020R1201-20200817,regulation/source/consolidations/02020R1201-20200817.txt;regulation/source/consolidations/02020R1201-20211011.txt;regulation/source/consolidations/02020R1201-20211223.txt;regulation/source/consolidations/02020R1201-20230928.txt;regulation/source/consolidations/02020R1201-20240605.txt;regulation/source/consolidations/02020R1201-20241017.txt;regulation/source/consolidations/02020R1201-20250701.txt;regulation/source/consolidations/02020R1201-20251124.txt,0c2f2f5a1c9f3aa6029968316919fd1c3302849388c0d8c92632e2533719a4b1;45e3ac62539f5f05dccfcb2980038efbaedf9961518a7232e565a63f08db99ae;7399f07ef01d86355316157be4a6a7fc1fb91d27785179b775cdbb1494a167ad;bc99293b1ca38ecc84d0751ec8c66f624f8d31fab2b2f521e48b57bf609c08bf;dd0488e1db242996cfa0fa99bb54197fd3b73a311661cc3f8b95571553c4990e;0b48eb0200b1547987dc8ef6353101b3a1f4aec1378632643e60cdab0688110c;12618f62fc97c09c8f913c103ff58d04537c7f386de1c74c12a12921a366f9fa;d00d33c426a1e12b81470a4c0c5c5000fdd91caece26057c028e886a07109273,2020-08-17;2021-10-11;2021-12-23;2023-09-28;2024-06-05;2024-10-17;2025-07-01;2025-11-24,plants showing symptoms indicating possible infection by that pest or suspected to be infected by that pest;,8296f7fa41cee9fabe5852aad72cbea5c99e1360674753bfb7af20a7b7d9131b,CURRENT
EU-2020-1201:7(1)(c):v1,EU-2020-1201,EU-2020-1201:7(1)(c),2020-08-20,,EU-2020-1201 Article 38 entry into force,INITIAL,INITIAL,Member State concerned,shall,Member of the point-(c) baseline removal population; not an independent post-exception removal command.,-,-,species identity of the infected plant and of each plant in the zone,DETERMINISTIC_RULE,NO,-,-,https://eur-lex.europa.eu/legal-content/EN/TXT/HTML/?uri=CELEX:02020R1201-20200817,regulation/source/consolidations/02020R1201-20200817.txt;regulation/source/consolidations/02020R1201-20211011.txt;regulation/source/consolidations/02020R1201-20211223.txt;regulation/source/consolidations/02020R1201-20230928.txt;regulation/source/consolidations/02020R1201-20240605.txt;regulation/source/consolidations/02020R1201-20241017.txt;regulation/source/consolidations/02020R1201-20250701.txt;regulation/source/consolidations/02020R1201-20251124.txt,0c2f2f5a1c9f3aa6029968316919fd1c3302849388c0d8c92632e2533719a4b1;45e3ac62539f5f05dccfcb2980038efbaedf9961518a7232e565a63f08db99ae;7399f07ef01d86355316157be4a6a7fc1fb91d27785179b775cdbb1494a167ad;bc99293b1ca38ecc84d0751ec8c66f624f8d31fab2b2f521e48b57bf609c08bf;dd0488e1db242996cfa0fa99bb54197fd3b73a311661cc3f8b95571553c4990e;0b48eb0200b1547987dc8ef6353101b3a1f4aec1378632643e60cdab0688110c;12618f62fc97c09c8f913c103ff58d04537c7f386de1c74c12a12921a366f9fa;d00d33c426a1e12b81470a4c0c5c5000fdd91caece26057c028e886a07109273,2020-08-17;2021-10-11;2021-12-23;2023-09-28;2024-06-05;2024-10-17;2025-07-01;2025-11-24,"plants which belong to the same species as that of the infected plant, regardless of their health status;",bcb4d40ff069147e5b509d399a8257171317e9ecc8b6ff7070bf5e905e36916e,CURRENT
EU-2020-1201:7(1)(d):v1,EU-2020-1201,EU-2020-1201:7(1)(d),2020-08-20,,EU-2020-1201 Article 38 entry into force,INITIAL,INITIAL,Member State concerned,shall,Member of the point-(d) baseline removal population; not an independent post-exception removal command.,-,-,the demarcated area's species-level finding history,DETERMINISTIC_RULE,NO,-,-,https://eur-lex.europa.eu/legal-content/EN/TXT/HTML/?uri=CELEX:02020R1201-20200817,regulation/source/consolidations/02020R1201-20200817.txt;regulation/source/consolidations/02020R1201-20211011.txt;regulation/source/consolidations/02020R1201-20211223.txt;regulation/source/consolidations/02020R1201-20230928.txt;regulation/source/consolidations/02020R1201-20240605.txt;regulation/source/consolidations/02020R1201-20241017.txt;regulation/source/consolidations/02020R1201-20250701.txt;regulation/source/consolidations/02020R1201-20251124.txt,0c2f2f5a1c9f3aa6029968316919fd1c3302849388c0d8c92632e2533719a4b1;45e3ac62539f5f05dccfcb2980038efbaedf9961518a7232e565a63f08db99ae;7399f07ef01d86355316157be4a6a7fc1fb91d27785179b775cdbb1494a167ad;bc99293b1ca38ecc84d0751ec8c66f624f8d31fab2b2f521e48b57bf609c08bf;dd0488e1db242996cfa0fa99bb54197fd3b73a311661cc3f8b95571553c4990e;0b48eb0200b1547987dc8ef6353101b3a1f4aec1378632643e60cdab0688110c;12618f62fc97c09c8f913c103ff58d04537c7f386de1c74c12a12921a366f9fa;d00d33c426a1e12b81470a4c0c5c5000fdd91caece26057c028e886a07109273,2020-08-17;2021-10-11;2021-12-23;2023-09-28;2024-06-05;2024-10-17;2025-07-01;2025-11-24,"plants of other species than that of the infected plant, which have been found infected in other parts of the demarcated area;",87d691698cd706b77c68d4434f1c90f2ebed497277d11121d4598e36a47cd75d,CURRENT
EU-2020-1201:7(1)(e):v1,EU-2020-1201,EU-2020-1201:7(1)(e),2020-08-20,2024-10-17,EU-2020-1201 Article 38 entry into force,INITIAL,INITIAL,Member State concerned,shall,Member of the operative point-(e) removal population; the parent resolves the eradication removal duty.,-,-,sampling status per specified plant in the zone,DETERMINISTIC_RULE__EVIDENCE_OR_POLICY_REQUIRED,NO,-,The 2020 text carries the additional not-found-free limb; M5 removed it and restructured the exemption as the separate negative-test subparagraph (e)-sub1.,https://eur-lex.europa.eu/legal-content/EN/TXT/HTML/?uri=CELEX:02020R1201-20200817,regulation/source/consolidations/02020R1201-20200817.txt;regulation/source/consolidations/02020R1201-20211011.txt;regulation/source/consolidations/02020R1201-20211223.txt;regulation/source/consolidations/02020R1201-20230928.txt;regulation/source/consolidations/02020R1201-20240605.txt,0c2f2f5a1c9f3aa6029968316919fd1c3302849388c0d8c92632e2533719a4b1;45e3ac62539f5f05dccfcb2980038efbaedf9961518a7232e565a63f08db99ae;7399f07ef01d86355316157be4a6a7fc1fb91d27785179b775cdbb1494a167ad;bc99293b1ca38ecc84d0751ec8c66f624f8d31fab2b2f521e48b57bf609c08bf;dd0488e1db242996cfa0fa99bb54197fd3b73a311661cc3f8b95571553c4990e,2020-08-17;2021-10-11;2021-12-23;2023-09-28;2024-06-05,"specified plants, other than the ones referred to in points (c) and (d), which have not been immediately subjected to sampling and molecular testing and have not been found free from the specified pest.",b301f2cb5fecc921daffc4cf0c8bc38aff275071b3a19aaaef927f0286a66d50,SUPERSEDED
EU-2020-1201:7(1)(e):v2,EU-2020-1201,EU-2020-1201:7(1)(e),2024-10-17,,effective amending act reflected by dated consolidation,TEXT_CHANGED,YES,Member State concerned,shall,Member of the operative point-(e) removal population; the parent resolves the eradication removal duty.,No point-(e) removal ground where the negative-test exemption or lawful immediate-sampling deferral applies; independent points (a) to (d) are unaffected.,-,sampling status per specified plant in the zone,DETERMINISTIC_RULE__EVIDENCE_OR_POLICY_REQUIRED,NO,-,-,https://eur-lex.europa.eu/legal-content/EN/TXT/HTML/?uri=CELEX:02020R1201-20241017,regulation/source/consolidations/02020R1201-20241017.txt;regulation/source/consolidations/02020R1201-20250701.txt;regulation/source/consolidations/02020R1201-20251124.txt,0b48eb0200b1547987dc8ef6353101b3a1f4aec1378632643e60cdab0688110c;12618f62fc97c09c8f913c103ff58d04537c7f386de1c74c12a12921a366f9fa;d00d33c426a1e12b81470a4c0c5c5000fdd91caece26057c028e886a07109273,2024-10-17;2025-07-01;2025-11-24,"specified plants, other than the ones referred to in points (c) and (d), which have not been immediately subject to sampling and molecular testing.",7863589a9e6e437af31a28c2576530616a212049a78788c9e939263c760791fa,CURRENT
EU-2020-1201:7(1)(e)-sub1:v1,EU-2020-1201,EU-2020-1201:7(1)(e)-sub1,2024-10-17,,effective amending act reflected by dated consolidation,INITIAL,INTRODUCED,Member State concerned,-,exempt from removal. Need not be removed,removal under (e) stands,-,negative test result,DETERMINISTIC_RULE,NO,-,The point-(e) class is identified before applying its exemption; do not require membership in the post-exception removal population.,https://eur-lex.europa.eu/legal-content/EN/TXT/HTML/?uri=CELEX:02020R1201-20241017,regulation/source/consolidations/02020R1201-20241017.txt;regulation/source/consolidations/02020R1201-20250701.txt;regulation/source/consolidations/02020R1201-20251124.txt,0b48eb0200b1547987dc8ef6353101b3a1f4aec1378632643e60cdab0688110c;12618f62fc97c09c8f913c103ff58d04537c7f386de1c74c12a12921a366f9fa;d00d33c426a1e12b81470a4c0c5c5000fdd91caece26057c028e886a07109273,2024-10-17;2025-07-01;2025-11-24,"The specified plants referred to in the first subparagraph, point (e), which have been tested negative for the presence of the specified pest do not have to be removed.",9f07aba7c928f6ddec0361b255e2af94a887492850a1ac8ce8a00f2bde4331f8,CURRENT
EU-2020-1201:7(1)(e)-sub2:v1,EU-2020-1201,EU-2020-1201:7(1)(e)-sub2,2024-10-17,,effective amending act reflected by dated consolidation,INITIAL,INTRODUCED,Member States,may,defer sampling; the plants remain subject to Art. 10 annual surveys. Need not immediately sample and test those plants,(e) applies in full,Member States,"the referenced plants/cohort, demarcated area, point-(e) results and Art. 10 surveys over the prior two years",DETERMINISTIC_RULE,YES,-,-,https://eur-lex.europa.eu/legal-content/EN/TXT/HTML/?uri=CELEX:02020R1201-20241017,regulation/source/consolidations/02020R1201-20241017.txt;regulation/source/consolidations/02020R1201-20250701.txt;regulation/source/consolidations/02020R1201-20251124.txt,0b48eb0200b1547987dc8ef6353101b3a1f4aec1378632643e60cdab0688110c;12618f62fc97c09c8f913c103ff58d04537c7f386de1c74c12a12921a366f9fa;d00d33c426a1e12b81470a4c0c5c5000fdd91caece26057c028e886a07109273,2024-10-17;2025-07-01;2025-11-24,"By way of derogation from point (e), Member States may decide to not immediately sample and test those specified plants that have not been found infected by the specified pest in that demarcated area in the last 2 years, on the basis of the results of the sampling and testing carried out in line with point (e) and the surveys under Article 10. However, those plants shall be subjected to the annual surveys carried out in accordance with Article 10.",e511d5c476c1ebb56a7e6dd1eaa00d42b03466fa8d8c403f94be3c738dd63e6e,CURRENT
EU-2020-1201:7(2):v1,EU-2020-1201,EU-2020-1201:7(2),2020-08-20,,EU-2020-1201 Article 38 entry into force,INITIAL,INITIAL,Member State concerned,shall,take all necessary precautions and organise removal by the level of risk posed,-,-,the risk basis actually used,AUTHORITY_JUDGMENT_REQUIRED,YES,-,-,https://eur-lex.europa.eu/legal-content/EN/TXT/HTML/?uri=CELEX:02020R1201-20200817,regulation/source/consolidations/02020R1201-20200817.txt;regulation/source/consolidations/02020R1201-20211011.txt;regulation/source/consolidations/02020R1201-20211223.txt;regulation/source/consolidations/02020R1201-20230928.txt;regulation/source/consolidations/02020R1201-20240605.txt;regulation/source/consolidations/02020R1201-20241017.txt;regulation/source/consolidations/02020R1201-20250701.txt;regulation/source/consolidations/02020R1201-20251124.txt,0c2f2f5a1c9f3aa6029968316919fd1c3302849388c0d8c92632e2533719a4b1;45e3ac62539f5f05dccfcb2980038efbaedf9961518a7232e565a63f08db99ae;7399f07ef01d86355316157be4a6a7fc1fb91d27785179b775cdbb1494a167ad;bc99293b1ca38ecc84d0751ec8c66f624f8d31fab2b2f521e48b57bf609c08bf;dd0488e1db242996cfa0fa99bb54197fd3b73a311661cc3f8b95571553c4990e;0b48eb0200b1547987dc8ef6353101b3a1f4aec1378632643e60cdab0688110c;12618f62fc97c09c8f913c103ff58d04537c7f386de1c74c12a12921a366f9fa;d00d33c426a1e12b81470a4c0c5c5000fdd91caece26057c028e886a07109273,2020-08-17;2021-10-11;2021-12-23;2023-09-28;2024-06-05;2024-10-17;2025-07-01;2025-11-24,"2. When removing the plants referred to in paragraph 1, the Member State concerned shall take all necessary precautions into account, and shall organise the removal on the basis of the level of risk posed by those plants",d362a11129ae77cbb16b37083cdd92299ae3a7647ab6d29cbb67c657c679e4a4,CURRENT
EU-2020-1201:7(3):v1,EU-2020-1201,EU-2020-1201:7(3),2020-08-20,2021-10-11,EU-2020-1201 Article 38 entry into force,INITIAL,INITIAL,Member States,may,grant a heritage derogation. Need not remove those individual plants,"removal under (b), (c) and (d) stands",Member States,the official designation and the two ongoing conditions,DETERMINISTIC_RULE__EVIDENCE_OR_POLICY_REQUIRED,YES,-,-,https://eur-lex.europa.eu/legal-content/EN/TXT/HTML/?uri=CELEX:02020R1201-20200817,regulation/source/consolidations/02020R1201-20200817.txt,0c2f2f5a1c9f3aa6029968316919fd1c3302849388c0d8c92632e2533719a4b1,2020-08-17,"3. By way of derogation from points (b), (c) and (d) of paragraph 1, Member States may decide that individual specified plants officially designated as plants with historic value do not need to be removed, provided that all of the following conditions have been fulfilled:",6a81c5be347bd932ca649d5ddd5b0423b1b391ab787452a93ce213fdbc24a850,SUPERSEDED
EU-2020-1201:7(3):v2,EU-2020-1201,EU-2020-1201:7(3),2021-10-11,2024-10-17,effective amending act reflected by dated consolidation,TEXT_CHANGED,NO,Member States,may,grant a heritage derogation. Need not remove those individual plants,"removal under (b), (c) and (d) stands",Member States,the official designation and the two ongoing conditions,DETERMINISTIC_RULE__EVIDENCE_OR_POLICY_REQUIRED,YES,-,-,https://eur-lex.europa.eu/legal-content/EN/TXT/HTML/?uri=CELEX:02020R1201-20211011,regulation/source/consolidations/02020R1201-20211011.txt;regulation/source/consolidations/02020R1201-20211223.txt;regulation/source/consolidations/02020R1201-20230928.txt;regulation/source/consolidations/02020R1201-20240605.txt,45e3ac62539f5f05dccfcb2980038efbaedf9961518a7232e565a63f08db99ae;7399f07ef01d86355316157be4a6a7fc1fb91d27785179b775cdbb1494a167ad;bc99293b1ca38ecc84d0751ec8c66f624f8d31fab2b2f521e48b57bf609c08bf;dd0488e1db242996cfa0fa99bb54197fd3b73a311661cc3f8b95571553c4990e,2021-10-11;2021-12-23;2023-09-28;2024-06-05,"By way of derogation from points (b), (c) and (d) of paragraph 1, Member States may decide that individual specified plants officially designated as plants with historic value do not need to be removed, provided that all of the following conditions have been fulfilled:",04b97f8aa0e75d9b0053ce7a8545a930cdba7088f6716d97d468656cd6224955,SUPERSEDED
EU-2020-1201:7(3):v3,EU-2020-1201,EU-2020-1201:7(3),2024-10-17,,effective amending act reflected by dated consolidation,TEXT_CHANGED,YES,Member States,may,The Member State may retain eligible individual specified plants under any of the three grounds when the source safeguards hold and it exercises the derogation.,"removal under (b), (c) and (d) stands",Member States,"Individual specified-plant eligibility under the applicable ground: official historic-value designation, particular social/cultural/environmental value with unacceptable felling impact, or specific national/Union protective rules; both Article 7(3)(a)/(b) safeguards and the exercised competent retention choice, which an applicable policy covering the individual may supply.",DETERMINISTIC_RULE__EVIDENCE_OR_POLICY_REQUIRED,YES,-,"M5 widens eligibility to three alternative grounds, all within individual specified plants. Earlier versions reach only officially designated historic-value specified plants.",https://eur-lex.europa.eu/legal-content/EN/TXT/HTML/?uri=CELEX:02020R1201-20241017,regulation/source/consolidations/02020R1201-20241017.txt;regulation/source/consolidations/02020R1201-20250701.txt;regulation/source/consolidations/02020R1201-20251124.txt,0b48eb0200b1547987dc8ef6353101b3a1f4aec1378632643e60cdab0688110c;12618f62fc97c09c8f913c103ff58d04537c7f386de1c74c12a12921a366f9fa;d00d33c426a1e12b81470a4c0c5c5000fdd91caece26057c028e886a07109273,2024-10-17;2025-07-01;2025-11-24,"By way of derogation from points (b), (c) and (d) of paragraph 1, Member States may decide not to remove individual specified plants officially designated as plants with historic value or trees with a particular social, cultural or environmental value whose felling would have an unacceptable impact or are subject to specific national or Union rules for their protection, provided that all of the following conditions have been fulfilled:",585bc5e7ce5837d1d217d680028ddc7e685b7c2606c4ec9755e8ba4b6f6565f5,CURRENT
EU-2020-1201:7(3)(a):v1,EU-2020-1201,EU-2020-1201:7(3)(a),2020-08-20,,EU-2020-1201 Article 38 entry into force,INITIAL,INITIAL,Member State concerned,-,derogation continues,derogation falls,-,"Annual inspection, sampling and Annex IV test evidence confirming that the individual plant concerned is not infected.",DETERMINISTIC_RULE,NO,-,-,https://eur-lex.europa.eu/legal-content/EN/TXT/HTML/?uri=CELEX:02020R1201-20200817,regulation/source/consolidations/02020R1201-20200817.txt;regulation/source/consolidations/02020R1201-20211011.txt;regulation/source/consolidations/02020R1201-20211223.txt;regulation/source/consolidations/02020R1201-20230928.txt;regulation/source/consolidations/02020R1201-20240605.txt;regulation/source/consolidations/02020R1201-20241017.txt;regulation/source/consolidations/02020R1201-20250701.txt;regulation/source/consolidations/02020R1201-20251124.txt,0c2f2f5a1c9f3aa6029968316919fd1c3302849388c0d8c92632e2533719a4b1;45e3ac62539f5f05dccfcb2980038efbaedf9961518a7232e565a63f08db99ae;7399f07ef01d86355316157be4a6a7fc1fb91d27785179b775cdbb1494a167ad;bc99293b1ca38ecc84d0751ec8c66f624f8d31fab2b2f521e48b57bf609c08bf;dd0488e1db242996cfa0fa99bb54197fd3b73a311661cc3f8b95571553c4990e;0b48eb0200b1547987dc8ef6353101b3a1f4aec1378632643e60cdab0688110c;12618f62fc97c09c8f913c103ff58d04537c7f386de1c74c12a12921a366f9fa;d00d33c426a1e12b81470a4c0c5c5000fdd91caece26057c028e886a07109273,2020-08-17;2021-10-11;2021-12-23;2023-09-28;2024-06-05;2024-10-17;2025-07-01;2025-11-24,"the specified plants concerned are subject to annual inspection, sampling and testing by one of the molecular tests listed in Annex IV and it is confirmed that they are not infected by the specified pest;",0ab35d8138159437a46cd63cec93f41acba630f50617d25a3d43bf38314e36c6,CURRENT
EU-2020-1201:7(3)(b):v1,EU-2020-1201,EU-2020-1201:7(3)(b),2020-08-20,,EU-2020-1201 Article 38 entry into force,INITIAL,INITIAL,Member State concerned,-,derogation continues,derogation falls,-,treatment records,DETERMINISTIC_RULE__EVIDENCE_OR_POLICY_REQUIRED,NO,-,-,https://eur-lex.europa.eu/legal-content/EN/TXT/HTML/?uri=CELEX:02020R1201-20200817,regulation/source/consolidations/02020R1201-20200817.txt;regulation/source/consolidations/02020R1201-20211011.txt;regulation/source/consolidations/02020R1201-20211223.txt;regulation/source/consolidations/02020R1201-20230928.txt;regulation/source/consolidations/02020R1201-20240605.txt;regulation/source/consolidations/02020R1201-20241017.txt;regulation/source/consolidations/02020R1201-20250701.txt;regulation/source/consolidations/02020R1201-20251124.txt,0c2f2f5a1c9f3aa6029968316919fd1c3302849388c0d8c92632e2533719a4b1;45e3ac62539f5f05dccfcb2980038efbaedf9961518a7232e565a63f08db99ae;7399f07ef01d86355316157be4a6a7fc1fb91d27785179b775cdbb1494a167ad;bc99293b1ca38ecc84d0751ec8c66f624f8d31fab2b2f521e48b57bf609c08bf;dd0488e1db242996cfa0fa99bb54197fd3b73a311661cc3f8b95571553c4990e;0b48eb0200b1547987dc8ef6353101b3a1f4aec1378632643e60cdab0688110c;12618f62fc97c09c8f913c103ff58d04537c7f386de1c74c12a12921a366f9fa;d00d33c426a1e12b81470a4c0c5c5000fdd91caece26057c028e886a07109273,2020-08-17;2021-10-11;2021-12-23;2023-09-28;2024-06-05;2024-10-17;2025-07-01;2025-11-24,"the individual specified plants or the area concerned are subject to appropriate phytosanitary treatments against the vector population of the specified pest, in all its stages. Those treatments may include chemical, biological or mechanical methods, taking into account the local conditions.",7f7c6ec368584c47ae214e94936f050f4bd7b514b7f496e36184bd1f21f13284,CURRENT
EU-2020-1201:8(1):v1,EU-2020-1201,EU-2020-1201:8(1),2020-08-20,2024-10-17,EU-2020-1201 Article 38 entry into force,INITIAL,INITIAL,Member State concerned,shall,"apply treatment against all vector stages in the infected zone, including before and during removal",-,-,treatment records tied to the removal,DETERMINISTIC_RULE__EVIDENCE_OR_POLICY_REQUIRED,NO,ES permissive treatment classes versus EN/IT/FR/DE mandatory; compile mandatory for Puglia,-,https://eur-lex.europa.eu/legal-content/EN/TXT/HTML/?uri=CELEX:02020R1201-20200817,regulation/source/consolidations/02020R1201-20200817.txt;regulation/source/consolidations/02020R1201-20211011.txt;regulation/source/consolidations/02020R1201-20211223.txt;regulation/source/consolidations/02020R1201-20230928.txt;regulation/source/consolidations/02020R1201-20240605.txt,0c2f2f5a1c9f3aa6029968316919fd1c3302849388c0d8c92632e2533719a4b1;45e3ac62539f5f05dccfcb2980038efbaedf9961518a7232e565a63f08db99ae;7399f07ef01d86355316157be4a6a7fc1fb91d27785179b775cdbb1494a167ad;bc99293b1ca38ecc84d0751ec8c66f624f8d31fab2b2f521e48b57bf609c08bf;dd0488e1db242996cfa0fa99bb54197fd3b73a311661cc3f8b95571553c4990e,2020-08-17;2021-10-11;2021-12-23;2023-09-28;2024-06-05,"1. The Member State concerned shall apply appropriate phytosanitary treatments, in the infected zone, against the vector population of the specified pest, in all its stages. It shall apply those treatments prior to and during the removal of the plants referred to in Article 7(1). Those treatments shall include efficient chemical, biological or mechanical treatments against the vectors, taking into account the local conditions.",1e43f6c14f8a7334594c6a3852ff1b9718e288e91e4b049d882938ca197bcaee,SUPERSEDED
EU-2020-1201:8(1):v2,EU-2020-1201,EU-2020-1201:8(1),2024-10-17,,effective amending act reflected by dated consolidation,TEXT_CHANGED,YES,Member State concerned,shall,"apply phytosanitary treatment against all vector stages, in particular before and during removal in the flight season; treatments include efficient chemical, biological or mechanical methods",-,-,treatment records tied to the removal,DETERMINISTIC_RULE__EVIDENCE_OR_POLICY_REQUIRED,NO,ES permissive treatment classes versus EN/IT/FR/DE mandatory; compile mandatory for Puglia,-,https://eur-lex.europa.eu/legal-content/EN/TXT/HTML/?uri=CELEX:02020R1201-20241017,regulation/source/consolidations/02020R1201-20241017.txt;regulation/source/consolidations/02020R1201-20250701.txt;regulation/source/consolidations/02020R1201-20251124.txt,0b48eb0200b1547987dc8ef6353101b3a1f4aec1378632643e60cdab0688110c;12618f62fc97c09c8f913c103ff58d04537c7f386de1c74c12a12921a366f9fa;d00d33c426a1e12b81470a4c0c5c5000fdd91caece26057c028e886a07109273,2024-10-17;2025-07-01;2025-11-24,"1. In the infected zone, the Member State concerned shall apply appropriate phytosanitary treatments against all the stages of the vector population of the specified pest. In particular, it shall apply those treatments prior and during the removal of the plants referred to in Article 7(1), during the flight season of the vectors. Those practices shall include efficient chemical, biological or mechanical treatments against the vectors, taking into account the local conditions.",37b98b88e6d479a1c8e68533573a4216a1b876d5cc1e9bc3dbb4ebbdd0095990,CURRENT
EU-2020-1201:8(2):v1,EU-2020-1201,EU-2020-1201:8(2),2020-08-20,2024-10-17,EU-2020-1201 Article 38 entry into force,INITIAL,INITIAL,Member State concerned,shall,"apply agricultural practices controlling all vector stages throughout infected and buffer zones at the most appropriate time, regardless of removal, including efficient treatment methods",-,-,-,DETERMINISTIC_RULE,NO,-,-,https://eur-lex.europa.eu/legal-content/EN/TXT/HTML/?uri=CELEX:02020R1201-20200817,regulation/source/consolidations/02020R1201-20200817.txt;regulation/source/consolidations/02020R1201-20211011.txt;regulation/source/consolidations/02020R1201-20211223.txt;regulation/source/consolidations/02020R1201-20230928.txt;regulation/source/consolidations/02020R1201-20240605.txt,0c2f2f5a1c9f3aa6029968316919fd1c3302849388c0d8c92632e2533719a4b1;45e3ac62539f5f05dccfcb2980038efbaedf9961518a7232e565a63f08db99ae;7399f07ef01d86355316157be4a6a7fc1fb91d27785179b775cdbb1494a167ad;bc99293b1ca38ecc84d0751ec8c66f624f8d31fab2b2f521e48b57bf609c08bf;dd0488e1db242996cfa0fa99bb54197fd3b73a311661cc3f8b95571553c4990e,2020-08-17;2021-10-11;2021-12-23;2023-09-28;2024-06-05,"2. The Member State concerned shall apply agricultural practices for the control of the vector population of the specified pest, in all its stages, in the infected zone and in the buffer zone. It shall apply those practices at the most appropriate time of the year, regardless of the removal of the plants concerned. Those practices shall include efficient chemical, biological or mechanical treatments against the vectors, as appropriate, taking into account the local conditions.",5da54b526604dd4057cda2639d391b821e43d606753df0cfbd2a9d4a788133cc,SUPERSEDED
EU-2020-1201:8(2):v2,EU-2020-1201,EU-2020-1201:8(2),2024-10-17,,effective amending act reflected by dated consolidation,TEXT_CHANGED,YES,Member State concerned,shall,apply the measures at (a) and (b),-,-,-,DETERMINISTIC_RULE,NO,-,-,https://eur-lex.europa.eu/legal-content/EN/TXT/HTML/?uri=CELEX:02020R1201-20241017,regulation/source/consolidations/02020R1201-20241017.txt;regulation/source/consolidations/02020R1201-20250701.txt;regulation/source/consolidations/02020R1201-20251124.txt,0b48eb0200b1547987dc8ef6353101b3a1f4aec1378632643e60cdab0688110c;12618f62fc97c09c8f913c103ff58d04537c7f386de1c74c12a12921a366f9fa;d00d33c426a1e12b81470a4c0c5c5000fdd91caece26057c028e886a07109273,2024-10-17;2025-07-01;2025-11-24,The Member State concerned shall apply:,b2def9bdd3144a0cc71fbcade83a3456a447505d9414bedb0f461edbc68d9170,CURRENT
EU-2020-1201:8(2)(a):v1,EU-2020-1201,EU-2020-1201:8(2)(a),2024-10-17,,effective amending act reflected by dated consolidation,INITIAL,INTRODUCED,Member State concerned,shall,"agricultural practices controlling the vector in all stages, at the most appropriate time, regardless of removal",-,-,compliance inspection records,DETERMINISTIC_RULE__EVIDENCE_OR_POLICY_REQUIRED,YES,-,-,https://eur-lex.europa.eu/legal-content/EN/TXT/HTML/?uri=CELEX:02020R1201-20241017,regulation/source/consolidations/02020R1201-20241017.txt;regulation/source/consolidations/02020R1201-20250701.txt;regulation/source/consolidations/02020R1201-20251124.txt,0b48eb0200b1547987dc8ef6353101b3a1f4aec1378632643e60cdab0688110c;12618f62fc97c09c8f913c103ff58d04537c7f386de1c74c12a12921a366f9fa;d00d33c426a1e12b81470a4c0c5c5000fdd91caece26057c028e886a07109273,2024-10-17;2025-07-01;2025-11-24,"in agricultural areas, in the infected zone and buffer zone, agricultural practices for the control of the vector population of the specified pest, in all its stages, at the most appropriate time of the year, regardless of the removal of the plants concerned;",44a43e603e79abea43efae08f366b2838ac83072324bc5e0344b71ba6456f30b,CURRENT
EU-2020-1201:8(2)(b):v1,EU-2020-1201,EU-2020-1201:8(2)(b),2024-10-17,,effective amending act reflected by dated consolidation,INITIAL,INTRODUCED,Member State concerned,shall,"measures controlling the vector in all stages, at the most appropriate time, regardless of removal",-,-,compliance inspection records,DETERMINISTIC_RULE__EVIDENCE_OR_POLICY_REQUIRED,YES,-,-,https://eur-lex.europa.eu/legal-content/EN/TXT/HTML/?uri=CELEX:02020R1201-20241017,regulation/source/consolidations/02020R1201-20241017.txt;regulation/source/consolidations/02020R1201-20250701.txt;regulation/source/consolidations/02020R1201-20251124.txt,0b48eb0200b1547987dc8ef6353101b3a1f4aec1378632643e60cdab0688110c;12618f62fc97c09c8f913c103ff58d04537c7f386de1c74c12a12921a366f9fa;d00d33c426a1e12b81470a4c0c5c5000fdd91caece26057c028e886a07109273,2024-10-17;2025-07-01;2025-11-24,"in areas other than agricultural areas, at least in the infected zones, measures for the control of the vector population of the specified pest, in all its stages, at the most appropriate time of the year, regardless of the removal of the plants concerned.",fd4d21bef495e6647192c82895fe9127cef702b5e3cfc3dbaf497d46df4a9a74,CURRENT
EU-2020-1201:8(2)-sub1:v1,EU-2020-1201,EU-2020-1201:8(2)-sub1,2024-10-17,,effective amending act reflected by dated consolidation,INITIAL,INTRODUCED,Member State concerned,shall,"those practices and measures include effective chemical, biological or mechanical treatment as appropriate",-,-,method used,DETERMINISTIC_RULE__EVIDENCE_OR_POLICY_REQUIRED,NO,-,-,https://eur-lex.europa.eu/legal-content/EN/TXT/HTML/?uri=CELEX:02020R1201-20241017,regulation/source/consolidations/02020R1201-20241017.txt;regulation/source/consolidations/02020R1201-20250701.txt;regulation/source/consolidations/02020R1201-20251124.txt,0b48eb0200b1547987dc8ef6353101b3a1f4aec1378632643e60cdab0688110c;12618f62fc97c09c8f913c103ff58d04537c7f386de1c74c12a12921a366f9fa;d00d33c426a1e12b81470a4c0c5c5000fdd91caece26057c028e886a07109273,2024-10-17;2025-07-01;2025-11-24,"The agricultural practices referred to in point (a) of the first subparagraph and measures referred to in point (b) of the first subparagraph shall include efficient chemical, biological or mechanical treatments against the vectors, as appropriate, taking into account the local conditions.",7ca9303acb59a5c57f42519c3ccf92759803fae9726485b1737116ba788608e9,CURRENT
EU-2020-1201:9(1):v1,EU-2020-1201,EU-2020-1201:9(1),2020-08-20,,EU-2020-1201 Article 38 entry into force,INITIAL,INITIAL,Member State concerned,shall,"destroy the plants and parts in a manner preventing spread, in situ or at a designated nearby location within the infected zone, or netted at the shortest possible distance from that designated location",-,-,"designated location, actual destruction location, route, net and transport evidence",DETERMINISTIC_RULE__EVIDENCE_OR_POLICY_REQUIRED,YES,-,-,https://eur-lex.europa.eu/legal-content/EN/TXT/HTML/?uri=CELEX:02020R1201-20200817,regulation/source/consolidations/02020R1201-20200817.txt;regulation/source/consolidations/02020R1201-20211011.txt;regulation/source/consolidations/02020R1201-20211223.txt;regulation/source/consolidations/02020R1201-20230928.txt;regulation/source/consolidations/02020R1201-20240605.txt;regulation/source/consolidations/02020R1201-20241017.txt;regulation/source/consolidations/02020R1201-20250701.txt;regulation/source/consolidations/02020R1201-20251124.txt,0c2f2f5a1c9f3aa6029968316919fd1c3302849388c0d8c92632e2533719a4b1;45e3ac62539f5f05dccfcb2980038efbaedf9961518a7232e565a63f08db99ae;7399f07ef01d86355316157be4a6a7fc1fb91d27785179b775cdbb1494a167ad;bc99293b1ca38ecc84d0751ec8c66f624f8d31fab2b2f521e48b57bf609c08bf;dd0488e1db242996cfa0fa99bb54197fd3b73a311661cc3f8b95571553c4990e;0b48eb0200b1547987dc8ef6353101b3a1f4aec1378632643e60cdab0688110c;12618f62fc97c09c8f913c103ff58d04537c7f386de1c74c12a12921a366f9fa;d00d33c426a1e12b81470a4c0c5c5000fdd91caece26057c028e886a07109273,2020-08-17;2021-10-11;2021-12-23;2023-09-28;2024-06-05;2024-10-17;2025-07-01;2025-11-24,"1. The Member State concerned shall destroy the plants and parts of plants referred to in Article 7(1), in a manner ensuring that the specified pest is not spread, in situ or in a nearby location designated for this purpose within the infected zone or, provided that those plants or parts of plants are covered by net against the vectors, at the shortest distance from that location.",9f85d67972ab3bb43067f4dc8aab0b22fee7df4cbd2deddecd7f28996342e35d,CURRENT
EU-2020-1201:9(2):v1,EU-2020-1201,EU-2020-1201:9(2),2020-08-20,,EU-2020-1201 Article 38 entry into force,INITIAL,INITIAL,Member State concerned,may,"Within the applicable destruction population, the competent risk-based decision permits destruction limited to branches and foliage, treatment of retained wood, and removal or devitalisation of roots.",Full destruction remains only within the applicable destruction population; no destruction route arises for a living plant lawfully retained outside it.,Member State concerned,the risk basis and the root treatment,DETERMINISTIC_RULE__EVIDENCE_OR_POLICY_REQUIRED,YES,-,-,https://eur-lex.europa.eu/legal-content/EN/TXT/HTML/?uri=CELEX:02020R1201-20200817,regulation/source/consolidations/02020R1201-20200817.txt;regulation/source/consolidations/02020R1201-20211011.txt;regulation/source/consolidations/02020R1201-20211223.txt;regulation/source/consolidations/02020R1201-20230928.txt;regulation/source/consolidations/02020R1201-20240605.txt;regulation/source/consolidations/02020R1201-20241017.txt;regulation/source/consolidations/02020R1201-20250701.txt;regulation/source/consolidations/02020R1201-20251124.txt,0c2f2f5a1c9f3aa6029968316919fd1c3302849388c0d8c92632e2533719a4b1;45e3ac62539f5f05dccfcb2980038efbaedf9961518a7232e565a63f08db99ae;7399f07ef01d86355316157be4a6a7fc1fb91d27785179b775cdbb1494a167ad;bc99293b1ca38ecc84d0751ec8c66f624f8d31fab2b2f521e48b57bf609c08bf;dd0488e1db242996cfa0fa99bb54197fd3b73a311661cc3f8b95571553c4990e;0b48eb0200b1547987dc8ef6353101b3a1f4aec1378632643e60cdab0688110c;12618f62fc97c09c8f913c103ff58d04537c7f386de1c74c12a12921a366f9fa;d00d33c426a1e12b81470a4c0c5c5000fdd91caece26057c028e886a07109273,2020-08-17;2021-10-11;2021-12-23;2023-09-28;2024-06-05;2024-10-17;2025-07-01;2025-11-24,"2. The Member State concerned may decide, on the basis of the risk level, to limit the destruction to the branches and foliage only and subject the related wood to phytosanitary treatment as referred to in Article 8(1). The root system of those plants shall be either removed or devitalised, with an appropriate phytosanitary treatment to avoid resprouting.",33f7532d0fe5ed5dd36afc1946d36a6f26cd832c274651376d0f94f146a4f280,CURRENT
EU-2020-1201:9(3):v1,EU-2020-1201,EU-2020-1201:9(3),2024-10-17,,effective amending act reflected by dated consolidation,INITIAL,INTRODUCED,competent authority,shall,verify the wood is free from leaves and branches,-,-,verification record,DETERMINISTIC_RULE__EVIDENCE_OR_POLICY_REQUIRED,NO,-,-,https://eur-lex.europa.eu/legal-content/EN/TXT/HTML/?uri=CELEX:02020R1201-20241017,regulation/source/consolidations/02020R1201-20241017.txt;regulation/source/consolidations/02020R1201-20250701.txt;regulation/source/consolidations/02020R1201-20251124.txt,0b48eb0200b1547987dc8ef6353101b3a1f4aec1378632643e60cdab0688110c;12618f62fc97c09c8f913c103ff58d04537c7f386de1c74c12a12921a366f9fa;d00d33c426a1e12b81470a4c0c5c5000fdd91caece26057c028e886a07109273,2024-10-17;2025-07-01;2025-11-24,"3. When the competent authority of the Member State concerned decides not to destroy the wood referred to in paragraph 2, it shall verify that it is free from leaves and branches.",42b5160c729f7cd3b2b4d8644e547c6df6079f97735092616eee8f4f3525ce8a,CURRENT
EU-2020-1201:10:v1,EU-2020-1201,EU-2020-1201:10,2020-08-20,,EU-2020-1201 Article 38 entry into force,INITIAL,INITIAL,Member State concerned,shall,monitor the entire demarcated area by annual surveys at the most appropriate times,-,-,survey records,DETERMINISTIC_RULE,NO,-,-,https://eur-lex.europa.eu/legal-content/EN/TXT/HTML/?uri=CELEX:02020R1201-20200817,regulation/source/consolidations/02020R1201-20200817.txt;regulation/source/consolidations/02020R1201-20211011.txt;regulation/source/consolidations/02020R1201-20211223.txt;regulation/source/consolidations/02020R1201-20230928.txt;regulation/source/consolidations/02020R1201-20240605.txt;regulation/source/consolidations/02020R1201-20241017.txt;regulation/source/consolidations/02020R1201-20250701.txt;regulation/source/consolidations/02020R1201-20251124.txt,0c2f2f5a1c9f3aa6029968316919fd1c3302849388c0d8c92632e2533719a4b1;45e3ac62539f5f05dccfcb2980038efbaedf9961518a7232e565a63f08db99ae;7399f07ef01d86355316157be4a6a7fc1fb91d27785179b775cdbb1494a167ad;bc99293b1ca38ecc84d0751ec8c66f624f8d31fab2b2f521e48b57bf609c08bf;dd0488e1db242996cfa0fa99bb54197fd3b73a311661cc3f8b95571553c4990e;0b48eb0200b1547987dc8ef6353101b3a1f4aec1378632643e60cdab0688110c;12618f62fc97c09c8f913c103ff58d04537c7f386de1c74c12a12921a366f9fa;d00d33c426a1e12b81470a4c0c5c5000fdd91caece26057c028e886a07109273,2020-08-17;2021-10-11;2021-12-23;2023-09-28;2024-06-05;2024-10-17;2025-07-01;2025-11-24,"In the entire demarcated area, the Member State concerned shall monitor, at the most appropriate times, the presence of the specified pest by annual surveys, in accordance with Article 2(5) and (6), and taking into account the information referred to in the Authority’s Pest Survey Card on Xylella fastidiosa.",c11d527bce42261e797ccc0d2f1b64b39c90eda1e1337a5d94bf8d4940a81128,CURRENT
EU-2020-1201:10-sub1:v1,EU-2020-1201,EU-2020-1201:10-sub1,2020-08-20,,EU-2020-1201 Article 38 entry into force,INITIAL,INITIAL,Member State concerned,shall,"Sample and test host plants, including specified plants not removed under Art. 7(1), with the survey design and sampling scheme able to identify, with at least 90 % confidence, a 0,5 % level of presence of infected plants.",-,-,survey design and results,DETERMINISTIC_RULE,NO,-,-,https://eur-lex.europa.eu/legal-content/EN/TXT/HTML/?uri=CELEX:02020R1201-20200817,regulation/source/consolidations/02020R1201-20200817.txt;regulation/source/consolidations/02020R1201-20211011.txt;regulation/source/consolidations/02020R1201-20211223.txt;regulation/source/consolidations/02020R1201-20230928.txt;regulation/source/consolidations/02020R1201-20240605.txt;regulation/source/consolidations/02020R1201-20241017.txt;regulation/source/consolidations/02020R1201-20250701.txt;regulation/source/consolidations/02020R1201-20251124.txt,0c2f2f5a1c9f3aa6029968316919fd1c3302849388c0d8c92632e2533719a4b1;45e3ac62539f5f05dccfcb2980038efbaedf9961518a7232e565a63f08db99ae;7399f07ef01d86355316157be4a6a7fc1fb91d27785179b775cdbb1494a167ad;bc99293b1ca38ecc84d0751ec8c66f624f8d31fab2b2f521e48b57bf609c08bf;dd0488e1db242996cfa0fa99bb54197fd3b73a311661cc3f8b95571553c4990e;0b48eb0200b1547987dc8ef6353101b3a1f4aec1378632643e60cdab0688110c;12618f62fc97c09c8f913c103ff58d04537c7f386de1c74c12a12921a366f9fa;d00d33c426a1e12b81470a4c0c5c5000fdd91caece26057c028e886a07109273,2020-08-17;2021-10-11;2021-12-23;2023-09-28;2024-06-05;2024-10-17;2025-07-01;2025-11-24,"In the infected zones, the Member State concerned shall sample and test the host plants, including the specified plants which have not been removed pursuant to Article 7(1). For that purpose, and taking into account the Authority’s Guidelines for statistically sound and risk-based surveys of Xylella fastidiosa, the survey design and sampling scheme shall be able to identify with at least 90 % confidence a level of presence of infected plants of 0,5 %.",4711d61a713fabb1f8cc8419a11e2cdadb18ecbde8952e53567deea1fcf5228f,CURRENT
EU-2020-1201:10-sub2:v1,EU-2020-1201,EU-2020-1201:10-sub2,2020-08-20,,EU-2020-1201 Article 38 entry into force,INITIAL,INITIAL,Member State concerned,shall,"Sample and test host plants and any showing symptoms or suspected, with the survey design and sampling scheme able to identify, with at least 90 % confidence, a 1 % level of presence of infected plants.",-,-,survey design and results,DETERMINISTIC_RULE,NO,-,-,https://eur-lex.europa.eu/legal-content/EN/TXT/HTML/?uri=CELEX:02020R1201-20200817,regulation/source/consolidations/02020R1201-20200817.txt;regulation/source/consolidations/02020R1201-20211011.txt;regulation/source/consolidations/02020R1201-20211223.txt;regulation/source/consolidations/02020R1201-20230928.txt;regulation/source/consolidations/02020R1201-20240605.txt;regulation/source/consolidations/02020R1201-20241017.txt;regulation/source/consolidations/02020R1201-20250701.txt;regulation/source/consolidations/02020R1201-20251124.txt,0c2f2f5a1c9f3aa6029968316919fd1c3302849388c0d8c92632e2533719a4b1;45e3ac62539f5f05dccfcb2980038efbaedf9961518a7232e565a63f08db99ae;7399f07ef01d86355316157be4a6a7fc1fb91d27785179b775cdbb1494a167ad;bc99293b1ca38ecc84d0751ec8c66f624f8d31fab2b2f521e48b57bf609c08bf;dd0488e1db242996cfa0fa99bb54197fd3b73a311661cc3f8b95571553c4990e;0b48eb0200b1547987dc8ef6353101b3a1f4aec1378632643e60cdab0688110c;12618f62fc97c09c8f913c103ff58d04537c7f386de1c74c12a12921a366f9fa;d00d33c426a1e12b81470a4c0c5c5000fdd91caece26057c028e886a07109273,2020-08-17;2021-10-11;2021-12-23;2023-09-28;2024-06-05;2024-10-17;2025-07-01;2025-11-24,"In buffer zones, the Member State concerned shall sample and test the host plants, as well as other plants showing symptoms indicating possible infection or suspected to be infected by that pest. For that purpose, and taking into account the Authority’s Guidelines for statistically sound and risk-based surveys of Xylella fastidiosa, the survey design and sampling scheme shall be able to identify with at least 90 % confidence a level of presence of infected plants of 1 %, taking into account that the first 400 m surrounding the infected zones has a higher risk.",774e5f6db110a93be39fa02b4e680576db25e94874d20aaad04cc3c06ead205f,CURRENT
EU-2020-1201:10-sub3:v1,EU-2020-1201,EU-2020-1201:10-sub3,2020-08-20,,EU-2020-1201 Article 38 entry into force,INITIAL,INITIAL,Member State concerned,shall,monitor the pest in vectors to determine spread risk and evaluate the Art. 8 measures,-,-,vector monitoring records,DETERMINISTIC_RULE__EVIDENCE_OR_POLICY_REQUIRED,NO,-,-,https://eur-lex.europa.eu/legal-content/EN/TXT/HTML/?uri=CELEX:02020R1201-20200817,regulation/source/consolidations/02020R1201-20200817.txt;regulation/source/consolidations/02020R1201-20211011.txt;regulation/source/consolidations/02020R1201-20211223.txt;regulation/source/consolidations/02020R1201-20230928.txt;regulation/source/consolidations/02020R1201-20240605.txt;regulation/source/consolidations/02020R1201-20241017.txt;regulation/source/consolidations/02020R1201-20250701.txt;regulation/source/consolidations/02020R1201-20251124.txt,0c2f2f5a1c9f3aa6029968316919fd1c3302849388c0d8c92632e2533719a4b1;45e3ac62539f5f05dccfcb2980038efbaedf9961518a7232e565a63f08db99ae;7399f07ef01d86355316157be4a6a7fc1fb91d27785179b775cdbb1494a167ad;bc99293b1ca38ecc84d0751ec8c66f624f8d31fab2b2f521e48b57bf609c08bf;dd0488e1db242996cfa0fa99bb54197fd3b73a311661cc3f8b95571553c4990e;0b48eb0200b1547987dc8ef6353101b3a1f4aec1378632643e60cdab0688110c;12618f62fc97c09c8f913c103ff58d04537c7f386de1c74c12a12921a366f9fa;d00d33c426a1e12b81470a4c0c5c5000fdd91caece26057c028e886a07109273,2020-08-17;2021-10-11;2021-12-23;2023-09-28;2024-06-05;2024-10-17;2025-07-01;2025-11-24,The Member State concerned shall also monitor the presence of the specified pest in the vectors located in the demarcated area in order to determine the risk of further spreading posed by vectors and to evaluate the effectiveness of the phytosanitary control measures applied in accordance with Article 8.,0d66bdec1199acd6c7757b0bc05868e0abcc96e31b75fad366511af149589d73,CURRENT
EU-2020-1201:11(1):v1,EU-2020-1201,EU-2020-1201:11(1),2020-08-20,2021-10-11,EU-2020-1201 Article 38 entry into force,INITIAL,INITIAL,Member State concerned,shall,take any other measure contributing to eradication under ISPM 9 and apply an integrated approach under ISPM 14,-,-,-,AUTHORITY_JUDGMENT_REQUIRED,YES,-,-,https://eur-lex.europa.eu/legal-content/EN/TXT/HTML/?uri=CELEX:02020R1201-20200817,regulation/source/consolidations/02020R1201-20200817.txt,0c2f2f5a1c9f3aa6029968316919fd1c3302849388c0d8c92632e2533719a4b1,2020-08-17,"1. The Member State concerned shall take any other measure which may contribute to the eradication of the specified pest, in accordance with International Standard for Phytosanitary Measure (‘ISPM’) No 9 ( 9 ) and to contributing to applying an integrated approach in accordance with the principles set out in ISPM No 14 ( 10 ) .",696f76fa8b522540d7720a609294b5b0e612b322082aab026ec2b96e93786748,SUPERSEDED
EU-2020-1201:11(1):v2,EU-2020-1201,EU-2020-1201:11(1),2021-10-11,,effective amending act reflected by dated consolidation,TEXT_CHANGED,NO,Member State concerned,shall,take any other measure contributing to eradication under ISPM 9 and apply an integrated approach under ISPM 14,-,-,-,AUTHORITY_JUDGMENT_REQUIRED,YES,-,-,https://eur-lex.europa.eu/legal-content/EN/TXT/HTML/?uri=CELEX:02020R1201-20211011,regulation/source/consolidations/02020R1201-20211011.txt;regulation/source/consolidations/02020R1201-20211223.txt;regulation/source/consolidations/02020R1201-20230928.txt;regulation/source/consolidations/02020R1201-20240605.txt;regulation/source/consolidations/02020R1201-20241017.txt;regulation/source/consolidations/02020R1201-20250701.txt;regulation/source/consolidations/02020R1201-20251124.txt,45e3ac62539f5f05dccfcb2980038efbaedf9961518a7232e565a63f08db99ae;7399f07ef01d86355316157be4a6a7fc1fb91d27785179b775cdbb1494a167ad;bc99293b1ca38ecc84d0751ec8c66f624f8d31fab2b2f521e48b57bf609c08bf;dd0488e1db242996cfa0fa99bb54197fd3b73a311661cc3f8b95571553c4990e;0b48eb0200b1547987dc8ef6353101b3a1f4aec1378632643e60cdab0688110c;12618f62fc97c09c8f913c103ff58d04537c7f386de1c74c12a12921a366f9fa;d00d33c426a1e12b81470a4c0c5c5000fdd91caece26057c028e886a07109273,2021-10-11;2021-12-23;2023-09-28;2024-06-05;2024-10-17;2025-07-01;2025-11-24,"1. The Member State concerned shall take any other measure which may contribute to the eradication of the specified pest, in accordance with International Standard for Phytosanitary Measure (‘ISPM’) No 9 ( 1 ) and to contributing to applying an integrated approach in accordance with the principles set out in ISPM No 14 ( 2 ).",76ebe43494555108ff603c264264a95ba3294353b9f8f20b488dc870508b1cbf,CURRENT
EU-2020-1201:11(2):v1,EU-2020-1201,EU-2020-1201:11(2),2020-08-20,,EU-2020-1201 Article 38 entry into force,INITIAL,INITIAL,Member State concerned,shall,"take measures addressing it, in particular destruction, accessibility, ownership, and the person responsible",-,-,-,AUTHORITY_JUDGMENT_REQUIRED,YES,-,-,https://eur-lex.europa.eu/legal-content/EN/TXT/HTML/?uri=CELEX:02020R1201-20200817,regulation/source/consolidations/02020R1201-20200817.txt;regulation/source/consolidations/02020R1201-20211011.txt;regulation/source/consolidations/02020R1201-20211223.txt;regulation/source/consolidations/02020R1201-20230928.txt;regulation/source/consolidations/02020R1201-20240605.txt;regulation/source/consolidations/02020R1201-20241017.txt;regulation/source/consolidations/02020R1201-20250701.txt;regulation/source/consolidations/02020R1201-20251124.txt,0c2f2f5a1c9f3aa6029968316919fd1c3302849388c0d8c92632e2533719a4b1;45e3ac62539f5f05dccfcb2980038efbaedf9961518a7232e565a63f08db99ae;7399f07ef01d86355316157be4a6a7fc1fb91d27785179b775cdbb1494a167ad;bc99293b1ca38ecc84d0751ec8c66f624f8d31fab2b2f521e48b57bf609c08bf;dd0488e1db242996cfa0fa99bb54197fd3b73a311661cc3f8b95571553c4990e;0b48eb0200b1547987dc8ef6353101b3a1f4aec1378632643e60cdab0688110c;12618f62fc97c09c8f913c103ff58d04537c7f386de1c74c12a12921a366f9fa;d00d33c426a1e12b81470a4c0c5c5000fdd91caece26057c028e886a07109273,2020-08-17;2021-10-11;2021-12-23;2023-09-28;2024-06-05;2024-10-17;2025-07-01;2025-11-24,"2. The Member State concerned shall take measures addressing any particularity or complication that could reasonably be expected to prevent, hinder or delay eradication, in particular those related to the adequate destruction of all plants that are infected or suspected of infection, or to the accessibility of their location, public or private ownership or the person or entity responsible for them.",b641327b30d75c925c33e26e2c5dbd6e734bfe5f0c34bfe8a88a319247c4dec4,CURRENT
EU-2020-1201:11(3):v1,EU-2020-1201,EU-2020-1201:11(3),2020-08-20,,EU-2020-1201 Article 38 entry into force,INITIAL,INITIAL,Member State concerned,shall,"investigate the origin, trace associated host plants including those moved before demarcation, and communicate results to the Commission and affected Member States",-,-,traceback records and the communication,DETERMINISTIC_RULE__EVIDENCE_OR_POLICY_REQUIRED,NO,-,-,https://eur-lex.europa.eu/legal-content/EN/TXT/HTML/?uri=CELEX:02020R1201-20200817,regulation/source/consolidations/02020R1201-20200817.txt;regulation/source/consolidations/02020R1201-20211011.txt;regulation/source/consolidations/02020R1201-20211223.txt;regulation/source/consolidations/02020R1201-20230928.txt;regulation/source/consolidations/02020R1201-20240605.txt;regulation/source/consolidations/02020R1201-20241017.txt;regulation/source/consolidations/02020R1201-20250701.txt;regulation/source/consolidations/02020R1201-20251124.txt,0c2f2f5a1c9f3aa6029968316919fd1c3302849388c0d8c92632e2533719a4b1;45e3ac62539f5f05dccfcb2980038efbaedf9961518a7232e565a63f08db99ae;7399f07ef01d86355316157be4a6a7fc1fb91d27785179b775cdbb1494a167ad;bc99293b1ca38ecc84d0751ec8c66f624f8d31fab2b2f521e48b57bf609c08bf;dd0488e1db242996cfa0fa99bb54197fd3b73a311661cc3f8b95571553c4990e;0b48eb0200b1547987dc8ef6353101b3a1f4aec1378632643e60cdab0688110c;12618f62fc97c09c8f913c103ff58d04537c7f386de1c74c12a12921a366f9fa;d00d33c426a1e12b81470a4c0c5c5000fdd91caece26057c028e886a07109273,2020-08-17;2021-10-11;2021-12-23;2023-09-28;2024-06-05;2024-10-17;2025-07-01;2025-11-24,"3. The Member State concerned shall carry out appropriate investigations to identify the origin of the infection. It shall trace the host plants associated with the case of infection concerned, including those which were moved before a demarcated area was established. The results of such investigations shall be communicated to the Commission and the Member States in which those plants concerned originate, to the Member States through which those plants have moved and to the Member States where those plants have moved into.",2340f97dafb10d1ea3bed0859027bba0aad685f51ad5cfff59bd8611b20d2a33,CURRENT
EU-2020-1201:12:v1,EU-2020-1201,EU-2020-1201:12,2020-08-20,,EU-2020-1201 Article 38 entry into force,INITIAL,INITIAL,competent authority,may,elect containment. Containment measures of Arts. 13-17 apply INSTEAD of eradication,eradication measures of Arts. 7-11 apply,competent authority,the zone's Annex III listing at the decision date,DETERMINISTIC_RULE,YES,-,-,https://eur-lex.europa.eu/legal-content/EN/TXT/HTML/?uri=CELEX:02020R1201-20200817,regulation/source/consolidations/02020R1201-20200817.txt;regulation/source/consolidations/02020R1201-20211011.txt;regulation/source/consolidations/02020R1201-20211223.txt;regulation/source/consolidations/02020R1201-20230928.txt;regulation/source/consolidations/02020R1201-20240605.txt;regulation/source/consolidations/02020R1201-20241017.txt;regulation/source/consolidations/02020R1201-20250701.txt;regulation/source/consolidations/02020R1201-20251124.txt,0c2f2f5a1c9f3aa6029968316919fd1c3302849388c0d8c92632e2533719a4b1;45e3ac62539f5f05dccfcb2980038efbaedf9961518a7232e565a63f08db99ae;7399f07ef01d86355316157be4a6a7fc1fb91d27785179b775cdbb1494a167ad;bc99293b1ca38ecc84d0751ec8c66f624f8d31fab2b2f521e48b57bf609c08bf;dd0488e1db242996cfa0fa99bb54197fd3b73a311661cc3f8b95571553c4990e;0b48eb0200b1547987dc8ef6353101b3a1f4aec1378632643e60cdab0688110c;12618f62fc97c09c8f913c103ff58d04537c7f386de1c74c12a12921a366f9fa;d00d33c426a1e12b81470a4c0c5c5000fdd91caece26057c028e886a07109273,2020-08-17;2021-10-11;2021-12-23;2023-09-28;2024-06-05;2024-10-17;2025-07-01;2025-11-24,"The competent authority of the Member State concerned may decide to apply the containment measures set out in Articles 13 to 17, instead of eradication measures, in an infected zone listed in Annex III.",63f7bdb4bd59ca8d14b54e59e32c22cd561dc8672d59cabcdcd194745045cc75,CURRENT
EU-2020-1201:13(1):v1,EU-2020-1201,EU-2020-1201:13(1),2020-08-20,,EU-2020-1201 Article 38 entry into force,INITIAL,INITIAL,Member State concerned,shall,"Remove all plants found infected through Article 15(2) monitoring, subject to the scientific non-removal derogation in Article 13(2).",-,-,confirmed test result per plant,DETERMINISTIC_RULE,NO,-,"This is the baseline removal population, not a post-exception instruction to remove. Article 13(2) determines whether removal stands; timing and execution consume that outcome together with this baseline.",https://eur-lex.europa.eu/legal-content/EN/TXT/HTML/?uri=CELEX:02020R1201-20200817,regulation/source/consolidations/02020R1201-20200817.txt;regulation/source/consolidations/02020R1201-20211011.txt;regulation/source/consolidations/02020R1201-20211223.txt;regulation/source/consolidations/02020R1201-20230928.txt;regulation/source/consolidations/02020R1201-20240605.txt;regulation/source/consolidations/02020R1201-20241017.txt;regulation/source/consolidations/02020R1201-20250701.txt;regulation/source/consolidations/02020R1201-20251124.txt,0c2f2f5a1c9f3aa6029968316919fd1c3302849388c0d8c92632e2533719a4b1;45e3ac62539f5f05dccfcb2980038efbaedf9961518a7232e565a63f08db99ae;7399f07ef01d86355316157be4a6a7fc1fb91d27785179b775cdbb1494a167ad;bc99293b1ca38ecc84d0751ec8c66f624f8d31fab2b2f521e48b57bf609c08bf;dd0488e1db242996cfa0fa99bb54197fd3b73a311661cc3f8b95571553c4990e;0b48eb0200b1547987dc8ef6353101b3a1f4aec1378632643e60cdab0688110c;12618f62fc97c09c8f913c103ff58d04537c7f386de1c74c12a12921a366f9fa;d00d33c426a1e12b81470a4c0c5c5000fdd91caece26057c028e886a07109273,2020-08-17;2021-10-11;2021-12-23;2023-09-28;2024-06-05;2024-10-17;2025-07-01;2025-11-24,1. The Member State concerned shall remove all plants which have been found to be infected by the specified pest on the basis of the monitoring referred to in Article 15(2).,002ad35189fc2e9398f94664eeab6cf59ae4f6c340edfb5a450bbf5ecc69a15f,CURRENT
EU-2020-1201:13(1)-sub1:v1,EU-2020-1201,EU-2020-1201:13(1)-sub1,2020-08-20,,EU-2020-1201 Article 38 entry into force,INITIAL,INITIAL,Member State concerned,shall,"Where Article 13 removal stands after the scientific non-removal exception, remove immediately after official identification or, for detection outside the vector flight season, before the next flight season; take precautions during and after removal.","An exercised Article 13(2) scientific non-removal derogation displaces these removal timings, without displacing Article 14 treatment around retained plants.",-,identification date and removal date against the flight season,DETERMINISTIC_RULE,NO,-,-,https://eur-lex.europa.eu/legal-content/EN/TXT/HTML/?uri=CELEX:02020R1201-20200817,regulation/source/consolidations/02020R1201-20200817.txt;regulation/source/consolidations/02020R1201-20211011.txt;regulation/source/consolidations/02020R1201-20211223.txt;regulation/source/consolidations/02020R1201-20230928.txt;regulation/source/consolidations/02020R1201-20240605.txt;regulation/source/consolidations/02020R1201-20241017.txt;regulation/source/consolidations/02020R1201-20250701.txt;regulation/source/consolidations/02020R1201-20251124.txt,0c2f2f5a1c9f3aa6029968316919fd1c3302849388c0d8c92632e2533719a4b1;45e3ac62539f5f05dccfcb2980038efbaedf9961518a7232e565a63f08db99ae;7399f07ef01d86355316157be4a6a7fc1fb91d27785179b775cdbb1494a167ad;bc99293b1ca38ecc84d0751ec8c66f624f8d31fab2b2f521e48b57bf609c08bf;dd0488e1db242996cfa0fa99bb54197fd3b73a311661cc3f8b95571553c4990e;0b48eb0200b1547987dc8ef6353101b3a1f4aec1378632643e60cdab0688110c;12618f62fc97c09c8f913c103ff58d04537c7f386de1c74c12a12921a366f9fa;d00d33c426a1e12b81470a4c0c5c5000fdd91caece26057c028e886a07109273,2020-08-17;2021-10-11;2021-12-23;2023-09-28;2024-06-05;2024-10-17;2025-07-01;2025-11-24,"That removal shall take place immediately after the official identification of the presence of the specified pest or, if the specified pest is detected outside the flight season of the vector, that removal shall take place before the next flight season of the vector. All necessary precautions shall be taken to avoid spreading of the specified pest and its vectors during and after removal.",39b63596743cdbb89ecf0f9d5013d7641883479ec306d4ddbf7c624ec3b7a271,CURRENT
EU-2020-1201:13(2):v1,EU-2020-1201,EU-2020-1201:13(2),2020-08-20,,EU-2020-1201 Article 38 entry into force,INITIAL,INITIAL,Member State concerned,may,grant a scientific derogation. Need not remove those infected plants,"Within the Article 13(1) baseline population, removal stands unless the qualifying scientific non-removal discretion is exercised.",Member State concerned,the site designation,DETERMINISTIC_RULE__EVIDENCE_OR_POLICY_REQUIRED,YES,-,The residual removal-stands result is conditional on the Article 13(1) baseline population; it is not independent removal authority outside that population.,https://eur-lex.europa.eu/legal-content/EN/TXT/HTML/?uri=CELEX:02020R1201-20200817,regulation/source/consolidations/02020R1201-20200817.txt;regulation/source/consolidations/02020R1201-20211011.txt;regulation/source/consolidations/02020R1201-20211223.txt;regulation/source/consolidations/02020R1201-20230928.txt;regulation/source/consolidations/02020R1201-20240605.txt;regulation/source/consolidations/02020R1201-20241017.txt;regulation/source/consolidations/02020R1201-20250701.txt;regulation/source/consolidations/02020R1201-20251124.txt,0c2f2f5a1c9f3aa6029968316919fd1c3302849388c0d8c92632e2533719a4b1;45e3ac62539f5f05dccfcb2980038efbaedf9961518a7232e565a63f08db99ae;7399f07ef01d86355316157be4a6a7fc1fb91d27785179b775cdbb1494a167ad;bc99293b1ca38ecc84d0751ec8c66f624f8d31fab2b2f521e48b57bf609c08bf;dd0488e1db242996cfa0fa99bb54197fd3b73a311661cc3f8b95571553c4990e;0b48eb0200b1547987dc8ef6353101b3a1f4aec1378632643e60cdab0688110c;12618f62fc97c09c8f913c103ff58d04537c7f386de1c74c12a12921a366f9fa;d00d33c426a1e12b81470a4c0c5c5000fdd91caece26057c028e886a07109273,2020-08-17;2021-10-11;2021-12-23;2023-09-28;2024-06-05;2024-10-17;2025-07-01;2025-11-24,"2. By way of derogation from paragraph 1, the Member State concerned may decide, for scientific purposes, not to remove plants which have been found to be infected by the specified pest in the sites of plants with particular cultural and social value, referred to in Article 15(2)(b).",2d4df9d9569c5f2476a57dfba417d39f4943feda5cc9edf822bd6b40d1ff2acc,CURRENT
EU-2020-1201:14(1):v1,EU-2020-1201,EU-2020-1201:14(1),2020-08-20,2024-10-17,EU-2020-1201 Article 38 entry into force,INITIAL,INITIAL,Member State concerned,shall,apply all-stage vector treatment on Article 13(1) plants before removal and around Article 13(2) retained plants,-,-,treatment records,DETERMINISTIC_RULE__EVIDENCE_OR_POLICY_REQUIRED,NO,-,-,https://eur-lex.europa.eu/legal-content/EN/TXT/HTML/?uri=CELEX:02020R1201-20200817,regulation/source/consolidations/02020R1201-20200817.txt;regulation/source/consolidations/02020R1201-20211011.txt;regulation/source/consolidations/02020R1201-20211223.txt;regulation/source/consolidations/02020R1201-20230928.txt;regulation/source/consolidations/02020R1201-20240605.txt,0c2f2f5a1c9f3aa6029968316919fd1c3302849388c0d8c92632e2533719a4b1;45e3ac62539f5f05dccfcb2980038efbaedf9961518a7232e565a63f08db99ae;7399f07ef01d86355316157be4a6a7fc1fb91d27785179b775cdbb1494a167ad;bc99293b1ca38ecc84d0751ec8c66f624f8d31fab2b2f521e48b57bf609c08bf;dd0488e1db242996cfa0fa99bb54197fd3b73a311661cc3f8b95571553c4990e,2020-08-17;2021-10-11;2021-12-23;2023-09-28;2024-06-05,"1. The Member State concerned shall apply appropriate phytosanitary treatments against the vector population of the specified pest, in all its stages, on the plants referred to in Article 13(1) prior to their removal and around the plants referred to in Article 13(2). Those treatments shall include efficient chemical, biological or mechanical treatments against the vectors, taking into account the local conditions.",1da66a9e43b97314116756fb12320c6633b0e85a4a16a062b5635c62034ef960,SUPERSEDED
EU-2020-1201:14(1):v2,EU-2020-1201,EU-2020-1201:14(1),2024-10-17,,effective amending act reflected by dated consolidation,TEXT_CHANGED,YES,Member State concerned,shall,"phytosanitary treatment against all vector stages before removal, and around retained plants",-,-,treatment records,DETERMINISTIC_RULE__EVIDENCE_OR_POLICY_REQUIRED,NO,-,-,https://eur-lex.europa.eu/legal-content/EN/TXT/HTML/?uri=CELEX:02020R1201-20241017,regulation/source/consolidations/02020R1201-20241017.txt;regulation/source/consolidations/02020R1201-20250701.txt;regulation/source/consolidations/02020R1201-20251124.txt,0b48eb0200b1547987dc8ef6353101b3a1f4aec1378632643e60cdab0688110c;12618f62fc97c09c8f913c103ff58d04537c7f386de1c74c12a12921a366f9fa;d00d33c426a1e12b81470a4c0c5c5000fdd91caece26057c028e886a07109273,2024-10-17;2025-07-01;2025-11-24,"1. The Member State concerned shall apply appropriate phytosanitary treatments against all the stages of the vector population of the specified pest on the plants referred to in Article 13(1) prior to their removal, in particular during the flight season of the vectors, and around the plants referred to in Article 13(2). Those treatments shall include efficient chemical, biological or mechanical treatments against the vectors, taking into account the local conditions.",58dc78648f0962788e5ccf41da019916a7a909c660632ed48ef820309bd1fdae,CURRENT
EU-2020-1201:14(2):v1,EU-2020-1201,EU-2020-1201:14(2),2020-08-20,,EU-2020-1201 Article 38 entry into force,INITIAL,INITIAL,Member State concerned,shall,"agricultural practices controlling the vector in all stages at the most appropriate time each year, including efficient chemical, biological or mechanical treatments",-,-,compliance records,DETERMINISTIC_RULE__EVIDENCE_OR_POLICY_REQUIRED,NO,ES permissive treatment classes versus EN/IT/FR/DE mandatory; compile mandatory for Puglia,-,https://eur-lex.europa.eu/legal-content/EN/TXT/HTML/?uri=CELEX:02020R1201-20200817,regulation/source/consolidations/02020R1201-20200817.txt;regulation/source/consolidations/02020R1201-20211011.txt;regulation/source/consolidations/02020R1201-20211223.txt;regulation/source/consolidations/02020R1201-20230928.txt;regulation/source/consolidations/02020R1201-20240605.txt;regulation/source/consolidations/02020R1201-20241017.txt;regulation/source/consolidations/02020R1201-20250701.txt;regulation/source/consolidations/02020R1201-20251124.txt,0c2f2f5a1c9f3aa6029968316919fd1c3302849388c0d8c92632e2533719a4b1;45e3ac62539f5f05dccfcb2980038efbaedf9961518a7232e565a63f08db99ae;7399f07ef01d86355316157be4a6a7fc1fb91d27785179b775cdbb1494a167ad;bc99293b1ca38ecc84d0751ec8c66f624f8d31fab2b2f521e48b57bf609c08bf;dd0488e1db242996cfa0fa99bb54197fd3b73a311661cc3f8b95571553c4990e;0b48eb0200b1547987dc8ef6353101b3a1f4aec1378632643e60cdab0688110c;12618f62fc97c09c8f913c103ff58d04537c7f386de1c74c12a12921a366f9fa;d00d33c426a1e12b81470a4c0c5c5000fdd91caece26057c028e886a07109273,2020-08-17;2021-10-11;2021-12-23;2023-09-28;2024-06-05;2024-10-17;2025-07-01;2025-11-24,"2. In the areas referred to in points (a) and (b) of Article 15(2), the Member State concerned shall apply agricultural practices for the control of the vector population of the specified pest, in all its stages, at the most appropriate time of each year. Those practices shall include efficient chemical, biological or mechanical treatments against the vectors, taking into account the local conditions.",f76c820e4be07c0b1892774968ffd2573bb5437b2d04bcd730f92e9383115fc5,CURRENT
EU-2020-1201:15(1):v1,EU-2020-1201,EU-2020-1201:15(1),2020-08-20,2021-10-11,EU-2020-1201 Article 38 entry into force,INITIAL,INITIAL,Member State concerned,shall,"immediately sample and test within a 50 m radius, at least in the Art. 15(2) parts",-,-,sampling records within the radius,DETERMINISTIC_RULE,NO,-,-,https://eur-lex.europa.eu/legal-content/EN/TXT/HTML/?uri=CELEX:02020R1201-20200817,regulation/source/consolidations/02020R1201-20200817.txt,0c2f2f5a1c9f3aa6029968316919fd1c3302849388c0d8c92632e2533719a4b1,2020-08-17,"1. The Member State concerned shall, at least in the parts of the infected zone referred to in paragraph 2, immediately sample and test, within a radius of 50 m around the plants which have been found to be infected by the specified pest, the following plants:",12487b88e4b99453fc78fe53150119e1c975e9b6e567ed9333022d56d817d4d2,SUPERSEDED
EU-2020-1201:15(1):v2,EU-2020-1201,EU-2020-1201:15(1),2021-10-11,,effective amending act reflected by dated consolidation,TEXT_CHANGED,NO,Member State concerned,shall,"immediately sample and test within a 50 m radius, at least in the Art. 15(2) parts",-,-,sampling records within the radius,DETERMINISTIC_RULE,NO,-,-,https://eur-lex.europa.eu/legal-content/EN/TXT/HTML/?uri=CELEX:02020R1201-20211011,regulation/source/consolidations/02020R1201-20211011.txt;regulation/source/consolidations/02020R1201-20211223.txt;regulation/source/consolidations/02020R1201-20230928.txt;regulation/source/consolidations/02020R1201-20240605.txt;regulation/source/consolidations/02020R1201-20241017.txt;regulation/source/consolidations/02020R1201-20250701.txt;regulation/source/consolidations/02020R1201-20251124.txt,45e3ac62539f5f05dccfcb2980038efbaedf9961518a7232e565a63f08db99ae;7399f07ef01d86355316157be4a6a7fc1fb91d27785179b775cdbb1494a167ad;bc99293b1ca38ecc84d0751ec8c66f624f8d31fab2b2f521e48b57bf609c08bf;dd0488e1db242996cfa0fa99bb54197fd3b73a311661cc3f8b95571553c4990e;0b48eb0200b1547987dc8ef6353101b3a1f4aec1378632643e60cdab0688110c;12618f62fc97c09c8f913c103ff58d04537c7f386de1c74c12a12921a366f9fa;d00d33c426a1e12b81470a4c0c5c5000fdd91caece26057c028e886a07109273,2021-10-11;2021-12-23;2023-09-28;2024-06-05;2024-10-17;2025-07-01;2025-11-24,"The Member State concerned shall, at least in the parts of the infected zone referred to in paragraph 2, immediately sample and test, within a radius of 50 m around the plants which have been found to be infected by the specified pest, the following plants:",350d99d0eef269eccab30b3745cc53e56a4a28c673c0267e4f18d82a1c6863f4,CURRENT
EU-2020-1201:15(1)(a):v1,EU-2020-1201,EU-2020-1201:15(1)(a),2020-08-20,,EU-2020-1201 Article 38 entry into force,INITIAL,INITIAL,Member State concerned,shall,sample and test. Must be sampled and tested,-,-,species-level finding history,DETERMINISTIC_RULE,NO,-,-,https://eur-lex.europa.eu/legal-content/EN/TXT/HTML/?uri=CELEX:02020R1201-20200817,regulation/source/consolidations/02020R1201-20200817.txt;regulation/source/consolidations/02020R1201-20211011.txt;regulation/source/consolidations/02020R1201-20211223.txt;regulation/source/consolidations/02020R1201-20230928.txt;regulation/source/consolidations/02020R1201-20240605.txt;regulation/source/consolidations/02020R1201-20241017.txt;regulation/source/consolidations/02020R1201-20250701.txt;regulation/source/consolidations/02020R1201-20251124.txt,0c2f2f5a1c9f3aa6029968316919fd1c3302849388c0d8c92632e2533719a4b1;45e3ac62539f5f05dccfcb2980038efbaedf9961518a7232e565a63f08db99ae;7399f07ef01d86355316157be4a6a7fc1fb91d27785179b775cdbb1494a167ad;bc99293b1ca38ecc84d0751ec8c66f624f8d31fab2b2f521e48b57bf609c08bf;dd0488e1db242996cfa0fa99bb54197fd3b73a311661cc3f8b95571553c4990e;0b48eb0200b1547987dc8ef6353101b3a1f4aec1378632643e60cdab0688110c;12618f62fc97c09c8f913c103ff58d04537c7f386de1c74c12a12921a366f9fa;d00d33c426a1e12b81470a4c0c5c5000fdd91caece26057c028e886a07109273,2020-08-17;2021-10-11;2021-12-23;2023-09-28;2024-06-05;2024-10-17;2025-07-01;2025-11-24,all specified plants which belong to the species of the specified plants which have been found infected in the same demarcated area; and,c70b7c312e308faf98fb18118855262a5d8d4dc348ed0db43b50e1a59375f383,CURRENT
EU-2020-1201:15(1)(b):v1,EU-2020-1201,EU-2020-1201:15(1)(b),2020-08-20,,EU-2020-1201 Article 38 entry into force,INITIAL,INITIAL,Member State concerned,shall,sample and test. Must be sampled and tested,-,-,symptom observation records,DETERMINISTIC_RULE__EVIDENCE_OR_POLICY_REQUIRED,NO,-,-,https://eur-lex.europa.eu/legal-content/EN/TXT/HTML/?uri=CELEX:02020R1201-20200817,regulation/source/consolidations/02020R1201-20200817.txt;regulation/source/consolidations/02020R1201-20211011.txt;regulation/source/consolidations/02020R1201-20211223.txt;regulation/source/consolidations/02020R1201-20230928.txt;regulation/source/consolidations/02020R1201-20240605.txt;regulation/source/consolidations/02020R1201-20241017.txt;regulation/source/consolidations/02020R1201-20250701.txt;regulation/source/consolidations/02020R1201-20251124.txt,0c2f2f5a1c9f3aa6029968316919fd1c3302849388c0d8c92632e2533719a4b1;45e3ac62539f5f05dccfcb2980038efbaedf9961518a7232e565a63f08db99ae;7399f07ef01d86355316157be4a6a7fc1fb91d27785179b775cdbb1494a167ad;bc99293b1ca38ecc84d0751ec8c66f624f8d31fab2b2f521e48b57bf609c08bf;dd0488e1db242996cfa0fa99bb54197fd3b73a311661cc3f8b95571553c4990e;0b48eb0200b1547987dc8ef6353101b3a1f4aec1378632643e60cdab0688110c;12618f62fc97c09c8f913c103ff58d04537c7f386de1c74c12a12921a366f9fa;d00d33c426a1e12b81470a4c0c5c5000fdd91caece26057c028e886a07109273,2020-08-17;2021-10-11;2021-12-23;2023-09-28;2024-06-05;2024-10-17;2025-07-01;2025-11-24,all other plants showing symptoms indicating possible infection by that pest or suspected to be infected by that pest.,3c07b0ac80e5c58ebc2872c1de573edc7ab9bee5346b4c13a34cfda05fd58b78,CURRENT
EU-2020-1201:15(2):v1,EU-2020-1201,EU-2020-1201:15(2),2020-08-20,2021-10-11,EU-2020-1201 Article 38 entry into force,INITIAL,INITIAL,Member State concerned,shall,"annual surveys at the most appropriate times, at least in (a) and (b)",-,-,survey records,DETERMINISTIC_RULE,YES,-,-,https://eur-lex.europa.eu/legal-content/EN/TXT/HTML/?uri=CELEX:02020R1201-20200817,regulation/source/consolidations/02020R1201-20200817.txt,0c2f2f5a1c9f3aa6029968316919fd1c3302849388c0d8c92632e2533719a4b1,2020-08-17,"2. The Member State concerned shall monitor, at the most appropriate times, the presence of the specified pest by annual surveys, taking into account the information referred to in the Authority’s Pest Survey Card on Xylella fastidiosa . That monitoring shall take place at least in the following parts of the infected zone listed in Annex III:",826f06384b936d481f0d2cb7ca6fea15d07c341b301579f12a55035012399293,SUPERSEDED
EU-2020-1201:15(2):v2,EU-2020-1201,EU-2020-1201:15(2),2021-10-11,,effective amending act reflected by dated consolidation,TEXT_CHANGED,NO,Member State concerned,shall,"annual surveys at the most appropriate times, at least in (a) and (b)",-,-,survey records,DETERMINISTIC_RULE,YES,-,-,https://eur-lex.europa.eu/legal-content/EN/TXT/HTML/?uri=CELEX:02020R1201-20211011,regulation/source/consolidations/02020R1201-20211011.txt;regulation/source/consolidations/02020R1201-20211223.txt;regulation/source/consolidations/02020R1201-20230928.txt;regulation/source/consolidations/02020R1201-20240605.txt;regulation/source/consolidations/02020R1201-20241017.txt;regulation/source/consolidations/02020R1201-20250701.txt;regulation/source/consolidations/02020R1201-20251124.txt,45e3ac62539f5f05dccfcb2980038efbaedf9961518a7232e565a63f08db99ae;7399f07ef01d86355316157be4a6a7fc1fb91d27785179b775cdbb1494a167ad;bc99293b1ca38ecc84d0751ec8c66f624f8d31fab2b2f521e48b57bf609c08bf;dd0488e1db242996cfa0fa99bb54197fd3b73a311661cc3f8b95571553c4990e;0b48eb0200b1547987dc8ef6353101b3a1f4aec1378632643e60cdab0688110c;12618f62fc97c09c8f913c103ff58d04537c7f386de1c74c12a12921a366f9fa;d00d33c426a1e12b81470a4c0c5c5000fdd91caece26057c028e886a07109273,2021-10-11;2021-12-23;2023-09-28;2024-06-05;2024-10-17;2025-07-01;2025-11-24,"The Member State concerned shall monitor, at the most appropriate times, the presence of the specified pest by annual surveys, taking into account the information referred to in the Authority’s Pest Survey Card on Xylella fastidiosa . That monitoring shall take place at least in the following parts of the infected zone listed in Annex III:",1758c13e4053006a373aec8dec137088fa1478e41ff7f1a81c4ca971358a5df6,CURRENT
EU-2020-1201:15(2)(a):v1,EU-2020-1201,EU-2020-1201:15(2)(a),2020-08-20,2024-10-17,EU-2020-1201 Article 38 entry into force,INITIAL,INITIAL,Member State concerned,shall,monitor within an inward band of at least 5 km from the infected/buffer boundary,-,-,published geometry,DETERMINISTIC_RULE,NO,-,-,https://eur-lex.europa.eu/legal-content/EN/TXT/HTML/?uri=CELEX:02020R1201-20200817,regulation/source/consolidations/02020R1201-20200817.txt;regulation/source/consolidations/02020R1201-20211011.txt;regulation/source/consolidations/02020R1201-20211223.txt;regulation/source/consolidations/02020R1201-20230928.txt;regulation/source/consolidations/02020R1201-20240605.txt,0c2f2f5a1c9f3aa6029968316919fd1c3302849388c0d8c92632e2533719a4b1;45e3ac62539f5f05dccfcb2980038efbaedf9961518a7232e565a63f08db99ae;7399f07ef01d86355316157be4a6a7fc1fb91d27785179b775cdbb1494a167ad;bc99293b1ca38ecc84d0751ec8c66f624f8d31fab2b2f521e48b57bf609c08bf;dd0488e1db242996cfa0fa99bb54197fd3b73a311661cc3f8b95571553c4990e,2020-08-17;2021-10-11;2021-12-23;2023-09-28;2024-06-05,within an area measuring at least 5 km from the border of the infected zone with the buffer zone;,9c93d83626d2000eb5482c5c69e01eebd203aced32184be4f9e8735498c9de41,SUPERSEDED
EU-2020-1201:15(2)(a):v2,EU-2020-1201,EU-2020-1201:15(2)(a),2024-10-17,,effective amending act reflected by dated consolidation,TEXT_CHANGED,YES,Member State concerned,shall,an area at least 2 km from the infected zone's border with the buffer zone,-,-,published geometry,DETERMINISTIC_RULE,NO,-,-,https://eur-lex.europa.eu/legal-content/EN/TXT/HTML/?uri=CELEX:02020R1201-20241017,regulation/source/consolidations/02020R1201-20241017.txt;regulation/source/consolidations/02020R1201-20250701.txt;regulation/source/consolidations/02020R1201-20251124.txt,0b48eb0200b1547987dc8ef6353101b3a1f4aec1378632643e60cdab0688110c;12618f62fc97c09c8f913c103ff58d04537c7f386de1c74c12a12921a366f9fa;d00d33c426a1e12b81470a4c0c5c5000fdd91caece26057c028e886a07109273,2024-10-17;2025-07-01;2025-11-24,within an area measuring at least 2 km from the border of the infected zone with the buffer zone;,633e2ca74d1baba9a23d1872efcdb9709593bc45ab839283e1c10e377c63c92c,CURRENT
EU-2020-1201:15(2)(b):v1,EU-2020-1201,EU-2020-1201:15(2)(b),2020-08-20,,EU-2020-1201 Article 38 entry into force,INITIAL,INITIAL,Member State concerned,shall,the proximity of sites of plants of particular cultural and social value designated by the Member State,-,-,the designation list,DETERMINISTIC_RULE__EVIDENCE_OR_POLICY_REQUIRED,YES,-,-,https://eur-lex.europa.eu/legal-content/EN/TXT/HTML/?uri=CELEX:02020R1201-20200817,regulation/source/consolidations/02020R1201-20200817.txt;regulation/source/consolidations/02020R1201-20211011.txt;regulation/source/consolidations/02020R1201-20211223.txt;regulation/source/consolidations/02020R1201-20230928.txt;regulation/source/consolidations/02020R1201-20240605.txt;regulation/source/consolidations/02020R1201-20241017.txt;regulation/source/consolidations/02020R1201-20250701.txt;regulation/source/consolidations/02020R1201-20251124.txt,0c2f2f5a1c9f3aa6029968316919fd1c3302849388c0d8c92632e2533719a4b1;45e3ac62539f5f05dccfcb2980038efbaedf9961518a7232e565a63f08db99ae;7399f07ef01d86355316157be4a6a7fc1fb91d27785179b775cdbb1494a167ad;bc99293b1ca38ecc84d0751ec8c66f624f8d31fab2b2f521e48b57bf609c08bf;dd0488e1db242996cfa0fa99bb54197fd3b73a311661cc3f8b95571553c4990e;0b48eb0200b1547987dc8ef6353101b3a1f4aec1378632643e60cdab0688110c;12618f62fc97c09c8f913c103ff58d04537c7f386de1c74c12a12921a366f9fa;d00d33c426a1e12b81470a4c0c5c5000fdd91caece26057c028e886a07109273,2020-08-17;2021-10-11;2021-12-23;2023-09-28;2024-06-05;2024-10-17;2025-07-01;2025-11-24,in the proximity of the sites of plants with particular cultural and social value located outside the area referred to in point (a) and designated accordingly by the Member State.,990176b075160bdc4064a71e9ac62606b79c7be89e9a2eacb022a4566eeb354f,CURRENT
EU-2020-1201:15(2)-final-subparagraph:v1,EU-2020-1201,EU-2020-1201:15(2)-final-subparagraph,2020-08-20,,EU-2020-1201 Article 38 entry into force,INITIAL,INITIAL,Member State concerned,shall,"Sample and test the host species found infected in the demarcated area, and sample the vector population, with the survey design and sampling scheme able to identify, with at least 90 % confidence, a 0,7 % level of presence of infected plants.",-,-,survey design and results,DETERMINISTIC_RULE,NO,-,"Applies in each applicable part: the 15(2)(b) sites lie outside the 15(2)(a) area by the text of 15(2)(b), so the parts are alternatives, not an intersection (refresh 2026-09-02).",https://eur-lex.europa.eu/legal-content/EN/TXT/HTML/?uri=CELEX:02020R1201-20200817,regulation/source/consolidations/02020R1201-20200817.txt;regulation/source/consolidations/02020R1201-20211011.txt;regulation/source/consolidations/02020R1201-20211223.txt;regulation/source/consolidations/02020R1201-20230928.txt;regulation/source/consolidations/02020R1201-20240605.txt;regulation/source/consolidations/02020R1201-20241017.txt;regulation/source/consolidations/02020R1201-20250701.txt;regulation/source/consolidations/02020R1201-20251124.txt,0c2f2f5a1c9f3aa6029968316919fd1c3302849388c0d8c92632e2533719a4b1;45e3ac62539f5f05dccfcb2980038efbaedf9961518a7232e565a63f08db99ae;7399f07ef01d86355316157be4a6a7fc1fb91d27785179b775cdbb1494a167ad;bc99293b1ca38ecc84d0751ec8c66f624f8d31fab2b2f521e48b57bf609c08bf;dd0488e1db242996cfa0fa99bb54197fd3b73a311661cc3f8b95571553c4990e;0b48eb0200b1547987dc8ef6353101b3a1f4aec1378632643e60cdab0688110c;12618f62fc97c09c8f913c103ff58d04537c7f386de1c74c12a12921a366f9fa;d00d33c426a1e12b81470a4c0c5c5000fdd91caece26057c028e886a07109273,2020-08-17;2021-10-11;2021-12-23;2023-09-28;2024-06-05;2024-10-17;2025-07-01;2025-11-24,"In those parts of the infected zone, the Member State concerned shall carry out sampling and testing of the species of host plants found infected in the demarcated area, in accordance with Article 2(6). For that purpose, taking into account the Authority’s Guidelines for statistically sound and risk-based surveys of Xylella fastidiosa, the survey design and sampling scheme shall be able to identify with at least 90 % confidence a level of presence of infected plants of 0,7 %. It shall also sample and test the vector population for the presence of the specified pest.",5b836c3df54428252b9a2a430a89c5c078664625079698bb3df7d0ac6950d4a5,CURRENT
EU-2020-1201:15(3):v1,EU-2020-1201,EU-2020-1201:15(3),2020-08-20,,EU-2020-1201 Article 38 entry into force,INITIAL,INITIAL,-,shall not,exemption. 15(2)(a) does not apply,15(2)(a) applies,-,geography,DETERMINISTIC_RULE,NO,-,-,https://eur-lex.europa.eu/legal-content/EN/TXT/HTML/?uri=CELEX:02020R1201-20200817,regulation/source/consolidations/02020R1201-20200817.txt;regulation/source/consolidations/02020R1201-20211011.txt;regulation/source/consolidations/02020R1201-20211223.txt;regulation/source/consolidations/02020R1201-20230928.txt;regulation/source/consolidations/02020R1201-20240605.txt;regulation/source/consolidations/02020R1201-20241017.txt;regulation/source/consolidations/02020R1201-20250701.txt;regulation/source/consolidations/02020R1201-20251124.txt,0c2f2f5a1c9f3aa6029968316919fd1c3302849388c0d8c92632e2533719a4b1;45e3ac62539f5f05dccfcb2980038efbaedf9961518a7232e565a63f08db99ae;7399f07ef01d86355316157be4a6a7fc1fb91d27785179b775cdbb1494a167ad;bc99293b1ca38ecc84d0751ec8c66f624f8d31fab2b2f521e48b57bf609c08bf;dd0488e1db242996cfa0fa99bb54197fd3b73a311661cc3f8b95571553c4990e;0b48eb0200b1547987dc8ef6353101b3a1f4aec1378632643e60cdab0688110c;12618f62fc97c09c8f913c103ff58d04537c7f386de1c74c12a12921a366f9fa;d00d33c426a1e12b81470a4c0c5c5000fdd91caece26057c028e886a07109273,2020-08-17;2021-10-11;2021-12-23;2023-09-28;2024-06-05;2024-10-17;2025-07-01;2025-11-24,3. Point (a) of paragraph 2 shall not apply in the case of islands which are entirely under containment measures and are situated more than 5 km to the nearest Union land territory.,e71cf9ec37ba51d3dce98c556791e1ad537639ad9c249ae6d03ff67a21df1448,CURRENT
EU-2020-1201:15(4):v1,EU-2020-1201,EU-2020-1201:15(4),2020-08-20,,EU-2020-1201 Article 38 entry into force,INITIAL,INITIAL,Member State concerned,shall,"Sample and test host plants and any showing symptoms or suspected, with the survey design and sampling scheme able to identify, with at least 90 % confidence, a 1 % level of presence of infected plants.",-,-,survey design and results,DETERMINISTIC_RULE,NO,-,-,https://eur-lex.europa.eu/legal-content/EN/TXT/HTML/?uri=CELEX:02020R1201-20200817,regulation/source/consolidations/02020R1201-20200817.txt;regulation/source/consolidations/02020R1201-20211011.txt;regulation/source/consolidations/02020R1201-20211223.txt;regulation/source/consolidations/02020R1201-20230928.txt;regulation/source/consolidations/02020R1201-20240605.txt;regulation/source/consolidations/02020R1201-20241017.txt;regulation/source/consolidations/02020R1201-20250701.txt;regulation/source/consolidations/02020R1201-20251124.txt,0c2f2f5a1c9f3aa6029968316919fd1c3302849388c0d8c92632e2533719a4b1;45e3ac62539f5f05dccfcb2980038efbaedf9961518a7232e565a63f08db99ae;7399f07ef01d86355316157be4a6a7fc1fb91d27785179b775cdbb1494a167ad;bc99293b1ca38ecc84d0751ec8c66f624f8d31fab2b2f521e48b57bf609c08bf;dd0488e1db242996cfa0fa99bb54197fd3b73a311661cc3f8b95571553c4990e;0b48eb0200b1547987dc8ef6353101b3a1f4aec1378632643e60cdab0688110c;12618f62fc97c09c8f913c103ff58d04537c7f386de1c74c12a12921a366f9fa;d00d33c426a1e12b81470a4c0c5c5000fdd91caece26057c028e886a07109273,2020-08-17;2021-10-11;2021-12-23;2023-09-28;2024-06-05;2024-10-17;2025-07-01;2025-11-24,"4. In buffer zones, the Member State concerned shall sample and test the host plants, as well as other plants showing symptoms indicating possible infection by that pest or suspected to be infected by that pest. For that purpose, taking into account the Authority’s Guidelines for statistically sound and risk-based surveys of Xylella fastidiosa, the survey design and sampling scheme shall be able to identify with at least 90 % confidence a level of presence of infected plants of 1 %, taking into account that the first 400 m adjacent to the infected zones pose a higher risk.",1af86183914b86f9ff72b33336514ca73648d056ac4710ec5ff9d6e996411aad,CURRENT
EU-2020-1201:15(5):v1,EU-2020-1201,EU-2020-1201:15(5),2020-08-20,,EU-2020-1201 Article 38 entry into force,INITIAL,INITIAL,Member State,shall,"monitor the pest in vectors in the 15(2) parts and the buffer zone, to determine spread risk and evaluate Art. 14",-,-,vector monitoring records,DETERMINISTIC_RULE__EVIDENCE_OR_POLICY_REQUIRED,NO,-,-,https://eur-lex.europa.eu/legal-content/EN/TXT/HTML/?uri=CELEX:02020R1201-20200817,regulation/source/consolidations/02020R1201-20200817.txt;regulation/source/consolidations/02020R1201-20211011.txt;regulation/source/consolidations/02020R1201-20211223.txt;regulation/source/consolidations/02020R1201-20230928.txt;regulation/source/consolidations/02020R1201-20240605.txt;regulation/source/consolidations/02020R1201-20241017.txt;regulation/source/consolidations/02020R1201-20250701.txt;regulation/source/consolidations/02020R1201-20251124.txt,0c2f2f5a1c9f3aa6029968316919fd1c3302849388c0d8c92632e2533719a4b1;45e3ac62539f5f05dccfcb2980038efbaedf9961518a7232e565a63f08db99ae;7399f07ef01d86355316157be4a6a7fc1fb91d27785179b775cdbb1494a167ad;bc99293b1ca38ecc84d0751ec8c66f624f8d31fab2b2f521e48b57bf609c08bf;dd0488e1db242996cfa0fa99bb54197fd3b73a311661cc3f8b95571553c4990e;0b48eb0200b1547987dc8ef6353101b3a1f4aec1378632643e60cdab0688110c;12618f62fc97c09c8f913c103ff58d04537c7f386de1c74c12a12921a366f9fa;d00d33c426a1e12b81470a4c0c5c5000fdd91caece26057c028e886a07109273,2020-08-17;2021-10-11;2021-12-23;2023-09-28;2024-06-05;2024-10-17;2025-07-01;2025-11-24,5. The Member State shall monitor the presence of the specified pests in vectors in the parts of the infected zone referred to in paragraph 2 and in the buffer zone in order to determine the risk of further spreading posed by vectors and to evaluate the effectiveness of the phytosanitary control measures applied in accordance with Article 14.,effa551e66b36e5bea34bbd6b48f38fa7aff9be0c222373c393ee416a094d720,CURRENT
EU-2020-1201:16(1):v1,EU-2020-1201,EU-2020-1201:16(1),2020-08-20,,EU-2020-1201 Article 38 entry into force,INITIAL,INITIAL,Member State concerned,shall,"Destroy infected plants and parts in situ or nearby within the Annex III infected zone, preventing spread; do not destroy the living plant lawfully retained under Article 13(2). Infected material actually removed remains subject to destruction.",No destruction duty for the living scientifically retained plant; its Article 14 treatment and applicable surveillance remain.,-,destruction record and location,DETERMINISTIC_RULE__EVIDENCE_OR_POLICY_REQUIRED,NO,-,"Articles 13–16 read together: destruction cannot defeat lawful scientific retention, but retention does not exempt removed infected material.",https://eur-lex.europa.eu/legal-content/EN/TXT/HTML/?uri=CELEX:02020R1201-20200817,regulation/source/consolidations/02020R1201-20200817.txt;regulation/source/consolidations/02020R1201-20211011.txt;regulation/source/consolidations/02020R1201-20211223.txt;regulation/source/consolidations/02020R1201-20230928.txt;regulation/source/consolidations/02020R1201-20240605.txt;regulation/source/consolidations/02020R1201-20241017.txt;regulation/source/consolidations/02020R1201-20250701.txt;regulation/source/consolidations/02020R1201-20251124.txt,0c2f2f5a1c9f3aa6029968316919fd1c3302849388c0d8c92632e2533719a4b1;45e3ac62539f5f05dccfcb2980038efbaedf9961518a7232e565a63f08db99ae;7399f07ef01d86355316157be4a6a7fc1fb91d27785179b775cdbb1494a167ad;bc99293b1ca38ecc84d0751ec8c66f624f8d31fab2b2f521e48b57bf609c08bf;dd0488e1db242996cfa0fa99bb54197fd3b73a311661cc3f8b95571553c4990e;0b48eb0200b1547987dc8ef6353101b3a1f4aec1378632643e60cdab0688110c;12618f62fc97c09c8f913c103ff58d04537c7f386de1c74c12a12921a366f9fa;d00d33c426a1e12b81470a4c0c5c5000fdd91caece26057c028e886a07109273,2020-08-17;2021-10-11;2021-12-23;2023-09-28;2024-06-05;2024-10-17;2025-07-01;2025-11-24,"1. The Member State concerned shall, in situ or in a nearby location designated for this purpose within the infected zone listed in Annex III, destroy plants and parts of plants which have been found to be infected by the specified pest, in a manner ensuring that the specified pest is not spread.",f203e0b76d1d584fd5020d63a9783c4441b0d9dd01df0ac26dec6111b3d68e3a,CURRENT
EU-2020-1201:16(2):v1,EU-2020-1201,EU-2020-1201:16(2),2020-08-20,,EU-2020-1201 Article 38 entry into force,INITIAL,INITIAL,Member State concerned,may,"Within the applicable destruction population, the competent risk-based decision permits destruction limited to branches and foliage, treatment of retained wood, and removal or devitalisation of roots.",Full destruction remains only within the applicable destruction population; no destruction route arises for a living plant lawfully retained outside it.,Member State concerned,the conclusion and the root treatment,DETERMINISTIC_RULE__EVIDENCE_OR_POLICY_REQUIRED,YES,-,-,https://eur-lex.europa.eu/legal-content/EN/TXT/HTML/?uri=CELEX:02020R1201-20200817,regulation/source/consolidations/02020R1201-20200817.txt;regulation/source/consolidations/02020R1201-20211011.txt;regulation/source/consolidations/02020R1201-20211223.txt;regulation/source/consolidations/02020R1201-20230928.txt;regulation/source/consolidations/02020R1201-20240605.txt;regulation/source/consolidations/02020R1201-20241017.txt;regulation/source/consolidations/02020R1201-20250701.txt;regulation/source/consolidations/02020R1201-20251124.txt,0c2f2f5a1c9f3aa6029968316919fd1c3302849388c0d8c92632e2533719a4b1;45e3ac62539f5f05dccfcb2980038efbaedf9961518a7232e565a63f08db99ae;7399f07ef01d86355316157be4a6a7fc1fb91d27785179b775cdbb1494a167ad;bc99293b1ca38ecc84d0751ec8c66f624f8d31fab2b2f521e48b57bf609c08bf;dd0488e1db242996cfa0fa99bb54197fd3b73a311661cc3f8b95571553c4990e;0b48eb0200b1547987dc8ef6353101b3a1f4aec1378632643e60cdab0688110c;12618f62fc97c09c8f913c103ff58d04537c7f386de1c74c12a12921a366f9fa;d00d33c426a1e12b81470a4c0c5c5000fdd91caece26057c028e886a07109273,2020-08-17;2021-10-11;2021-12-23;2023-09-28;2024-06-05;2024-10-17;2025-07-01;2025-11-24,"2. The Member State concerned may decide to limit the destruction to branches and foliage only and subject the related wood to appropriate phytosanitary treatments in accordance with Article 14(1), where it concludes that those plants do not pose any risk for further spreading of the specified pest. The root system of those plants shall be either removed or devitalised with an appropriate phytosanitary treatment to avoid resprouting.",91a993bfb9547e2977d592ee47a8217a51864b4746fa69a9ad0b20eb705541c5,CURRENT
EU-2020-1201:16(3):v1,EU-2020-1201,EU-2020-1201:16(3),2024-10-17,,effective amending act reflected by dated consolidation,INITIAL,INTRODUCED,competent authority,shall,verify the wood is free from leaves and branches,-,-,verification record,DETERMINISTIC_RULE__EVIDENCE_OR_POLICY_REQUIRED,NO,-,-,https://eur-lex.europa.eu/legal-content/EN/TXT/HTML/?uri=CELEX:02020R1201-20241017,regulation/source/consolidations/02020R1201-20241017.txt;regulation/source/consolidations/02020R1201-20250701.txt;regulation/source/consolidations/02020R1201-20251124.txt,0b48eb0200b1547987dc8ef6353101b3a1f4aec1378632643e60cdab0688110c;12618f62fc97c09c8f913c103ff58d04537c7f386de1c74c12a12921a366f9fa;d00d33c426a1e12b81470a4c0c5c5000fdd91caece26057c028e886a07109273,2024-10-17;2025-07-01;2025-11-24,"3. When the competent authority of the Member State concerned decides not to destroy the wood referred to in paragraph 2, it shall verify that it is free from leaves and branches.",42b5160c729f7cd3b2b4d8644e547c6df6079f97735092616eee8f4f3525ce8a,CURRENT
EU-2020-1201:17:v1,EU-2020-1201,EU-2020-1201:17,2020-08-20,,EU-2020-1201 Article 38 entry into force,INITIAL,INITIAL,Member State concerned,shall,"take measures addressing it, in particular destruction, accessibility, ownership, and the person responsible",-,-,-,AUTHORITY_JUDGMENT_REQUIRED,YES,-,-,https://eur-lex.europa.eu/legal-content/EN/TXT/HTML/?uri=CELEX:02020R1201-20200817,regulation/source/consolidations/02020R1201-20200817.txt;regulation/source/consolidations/02020R1201-20211011.txt;regulation/source/consolidations/02020R1201-20211223.txt;regulation/source/consolidations/02020R1201-20230928.txt;regulation/source/consolidations/02020R1201-20240605.txt;regulation/source/consolidations/02020R1201-20241017.txt;regulation/source/consolidations/02020R1201-20250701.txt;regulation/source/consolidations/02020R1201-20251124.txt,0c2f2f5a1c9f3aa6029968316919fd1c3302849388c0d8c92632e2533719a4b1;45e3ac62539f5f05dccfcb2980038efbaedf9961518a7232e565a63f08db99ae;7399f07ef01d86355316157be4a6a7fc1fb91d27785179b775cdbb1494a167ad;bc99293b1ca38ecc84d0751ec8c66f624f8d31fab2b2f521e48b57bf609c08bf;dd0488e1db242996cfa0fa99bb54197fd3b73a311661cc3f8b95571553c4990e;0b48eb0200b1547987dc8ef6353101b3a1f4aec1378632643e60cdab0688110c;12618f62fc97c09c8f913c103ff58d04537c7f386de1c74c12a12921a366f9fa;d00d33c426a1e12b81470a4c0c5c5000fdd91caece26057c028e886a07109273,2020-08-17;2021-10-11;2021-12-23;2023-09-28;2024-06-05;2024-10-17;2025-07-01;2025-11-24,"The Member State concerned shall take measures addressing any particularity or complication that could reasonably be expected to prevent, hinder or delay containment, in particular those related to the adequate destruction of all plants that are infected or suspected of infection, or to the accessibility of their location, public or private ownership or the person or entity responsible for them.",32ab4216633e66828fb8a5c6240634d53fc136d6b32af8760d80564a14a192f2,CURRENT
